OFF
5015 10026 0

85386.53750877684797160327 446432.6767148830695077777 -0.9071555301087635969636835
85386.86651815821824129671 446431.87689254927681759 -0.9269075379398991065826863
85386.28484874546120408922 446433.2893478568294085562 -0.1797903495512787053201009
85347.47051633098453748971 446455.3561207056045532227 15.59678740005448283056921
85345.54548893458559177816 446459.3792187179205939174 15.58920202380893904603454
85344.34916434303158894181 446455.2586579497437924147 15.0281010232594258724248
85394.22044046010705642402 446432.0046253287000581622 7.623390892980292044001089
85394.59436887400806881487 446432.1340783560299314559 6.382290230387510199250301
85396.76472895267943385988 446433.1333987326943315566 9.058971108869634747406963
85419.17420289704750757664 446442.3287559506134130061 6.006730417988573655918572
85416.3079815357195911929 446441.1399685075739398599 4.454468250743363277877052
85418.02772616187576204538 446441.8532458714325912297 1.526726435773017032104804
85405.41276762106281239539 446443.8228150844224728644 12.17715113465118648150565
85405.01328605714661534876 446445.0613436212879605591 12.28666691262733046130506
85402.16410708604962565005 446443.7457786323502659798 12.18156145959663483324675
85434.88539555040188133717 446457.1486646587727591395 17.97481938997815120728774
85428.33348379729432053864 446454.5152766395476646721 18.01109839099271425766347
85434.29417051796917803586 446454.0306490042712539434 13.64510413576114444822451
85447.8384949077881174162 446456.9749611194129101932 4.859103664895129348622049
85448.70216622436419129372 446454.5782426904770545661 2.459210955486363037181263
85447.41834363005182240158 446458.6581828335765749216 0.5500573125938454932537525
85429.37916539964498952031 446446.5614097470534034073 -0.9182772585813239185625889
85431.08960381895303726196 446447.2707604959141463041 3.253434295629224148882486
85427.95151739113498479128 446445.9692149170441552997 6.301939474844845179291042
85444.0465159319865051657 446477.4890614000032655895 -1.012316363923604356500618
85447.59148013405501842499 446468.9069387495983392 -1.023000401045628393603693
85442.50078981982369441539 446468.067000000097323209 -1.062293660687192886626917
85450.26246407380676828325 446462.5835625719046220183 3.894138397304409249244372
85448.0486360632348805666 446467.9283708454458974302 3.791803979636583665779881
85450.16780449473299086094 446462.812021483201533556 7.106398328236483763475917
85367.87946039634698536247 446478.6278983849915675819 12.42797656421736540721668
85366.39064137906825635582 446477.2573046729085035622 13.6845458972469309344433
85369.25522447713592555374 446478.4558729449636302888 13.66144503616496130860014
85424.98769399791490286589 446453.3364896374987438321 -1.062293660687197771608226
85420.42012256573070771992 446449.3211020174203440547 -1.062293660687181784396671
85421.67265011531708296388 446452.5018694597529247403 -1.062293660687179341906017
85398.23256215406581759453 446441.0142737571732141078 -1.062293660687180008039832
85403.96543248361558653414 446444.6125043861102312803 -1.062293660687181784396671
85402.94872211503388825804 446439.8663204994518309832 -1.062293660687179785995227
85333.98373296245699748397 446453.8197397076874040067 9.791711703301315239400537
85336.51310110501071903855 446453.0946807436412200332 9.889863653637341656121862
85334.91735924163367599249 446455.0798712261021137238 9.873764076398302336201596
85451.18595724011538550258 446460.3021359777776524425 3.883517695746489195585127
85449.67139615502674132586 446459.5937642960925586522 3.199597060647397128718694
85451.15361022799334023148 446460.3364101028419099748 -1.006993840529290862306766
85427.03240852429007645696 446507.2490092943189665675 5.592924604424023726778614
85426.56198110425611957908 446508.3883483834215439856 -0.9410257831983104281903252
85425.37031720479717478156 446511.191620009602047503 -0.6627683531489456658647441
85411.87547289785288739949 446446.1172508492600172758 12.17193298866632744648086
85414.44931999266555067152 446445.3017064665327779949 12.16877981777706274613138
85413.70995311587466858327 446446.8464065981679596007 12.17132805827109010010645
85448.88199305413581896573 446464.2675340124987997115 9.576049401277533235088413
85448.35145278612617403269 446465.4238445801311172545 11.00225008420341765713601
85449.23290392366470769048 446463.4995299589936621487 11.58319235635230448622224
85413.34344694536412134767 446506.2564764551352709532 4.224593065066154728981473
85421.16073926248645875603 446509.3607921312795951962 -1.060863000381414122941237
85411.29305064640357159078 446505.4041805919841863215 -0.93608989436886536061877
85420.42105243541300296783 446509.1922682465519756079 3.874108787590656355348528
85446.54103914828738197684 446469.8445701118325814605 17.67223270454050165767512
85445.84767653288145083934 446471.1322231197264045477 17.94440361902213254552407
85446.41733309649862349033 446470.0156274617183953524 17.87634169620695701041768
85404.55066733257262967527 446446.6976078639272600412 16.22383316669982988855736
85406.16252736253954935819 446447.501151138567365706 16.27839996281566925517836
85404.97728638371336273849 446447.2428119427058845758 16.07111291036556721678608
85405.36546360269130673259 446446.9923496450064703822 15.45390850682750283340283
85380.12968926165194716305 446437.6656766130472533405 -1.062293660687174901013918
85383.45778200184577144682 446443.3428364898427389562 -1.062293660687182894619696
85386.98376712764729745686 446435.6799150870647281408 -1.062293660687190000047053
85384.78066725636017508805 446447.917758213123306632 -1.06229366068716912785419
85394.34040031788754276931 446449.6895239945151843131 -1.062293660687177121459968
85388.21784618339734151959 446443.4902242709649726748 -1.062293660687174901013918
85334.80469642566458787769 446459.2590014978777617216 9.874432183730339929184083
85335.70904042202164418995 446461.4977990148472599685 9.874794342486392650926064
85333.14768737330450676382 446460.6920792823657393456 9.750566347316786064425287
85423.56585631298366934061 446505.1962639412959106266 13.36597568181933581854537
85427.82175485460902564228 446506.0296252405969426036 14.76676612660117093867029
85426.49320715137582737952 446507.0652584644267335534 12.38618864466327273987645
85403.78552795056020841002 446455.0938682006672024727 -1.062293660687229746031335
85391.16703648478141985834 446458.6078041748842224479 -1.062293660687188445734819
85399.19941611702961381525 446463.0385842181858606637 -1.062293660687146257259883
85413.79446606265264563262 446450.426637220021802932 14.90929814217986404401017
85415.03756234161846805364 446450.984318024362437427 16.11477561684883497150622
85413.81082329596392810345 446450.5896712521789595485 16.30441879292668971856983
85395.91086358710890635848 446435.5966279488638974726 9.167929862846268207476896
85396.9883541797025827691 446434.3191645071492530406 9.40629983895953003525392
85421.72383574700506869704 446467.2634811915340833366 17.42131456054477567363392
85421.31288201607821974903 446468.9644055683165788651 17.57277050818361274764356
85418.84476916451239958405 446466.901827620342373848 16.14683467171033015574722
85402.39929939438297878951 446447.2991848617675714195 14.72656226130387224770857
85400.19209999384474940598 446446.7131316974991932511 14.33044102230894800698024
85401.27291607909137383103 446445.7986757393809966743 15.7356478748028898451139
85448.74946039453789126128 446454.6272051609121263027 9.471000000000000085265128
85441.46784924461098853499 446451.6636632955633103848 12.12841450527804099124296
85439.85891109656949993223 446450.907898407313041389 9.470999999999996532551449
85370.40765102804289199412 446462.0603541567688807845 15.00434648045803598392922
85368.53392394100956153125 446461.7802743008942343295 14.27472897147735508838196
85368.99492931540589779615 446460.8078313959413208067 15.99620173430632164013332
85432.74520752525131683797 446475.7902510188869200647 -1.062293660687152918598031
85429.60151256545213982463 446471.8438955565798096359 -1.062293660687178675772202
85429.22862848940712865442 446478.5728036434738896787 -1.062293660687180674173646
85433.19299563732056412846 446499.4663487797952257097 17.88278506730208405883786
85432.68664389013429172337 446500.1196766108041629195 17.90741398672026463145812
85432.88705101674713660032 446499.8470992554211989045 17.77327687532205402476393
85433.8306390096404356882 446502.2424458860186859965 17.86736749544577307347026
85394.12499614532862324268 446432.6268140518805012107 -1.062293660687180230084437
85391.73319284315221011639 446439.1244948190287686884 -1.062293660687180230084437
85385.78417527723649982363 446445.1488598985597491264 -1.062293660687181118262856
85426.53184077749028801918 446508.3290700833313167095 12.11158793074847750403933
85426.03972065787820611149 446508.00223457848187536 12.14703112140996488221845
85426.71048999988124705851 446507.7622442290303297341 12.13807555339791477422295
85353.19614069136150646955 446425.6725404263124801219 0.9534573052248436209055171
85349.49970867887896019965 446425.2935258705983869731 9.75634472410910191797484
85346.02025163373036775738 446424.9301386456354521215 2.939801911399624767540217
85367.41275357305130455643 446469.8620101085980422795 13.73026913122316727822181
85368.06210882443701848388 446470.7824734845198690891 13.84522450980930941000224
85366.0779531726730056107 446470.0250022244290448725 13.94671716822109530653506
85332.47010666747519280761 446457.5061411131755448878 9.815603330015122196527955
85331.9052253768895752728 446458.8873546633985824883 9.823347592765681923765442
85331.86774638910719659179 446458.9305323666194453835 9.471000000000005414335646
85332.24406916717998683453 446457.9734919051988981664 6.893775901100769765150744
85372.07738017880183178931 446456.0733070193673484027 13.71630144248186233824072
85371.15701285995601210743 446455.9558296828763559461 13.91429440913550763525564
85372.2134855174517724663 446456.3911154517554678023 14.59247102732635070765355
85371.11483972665155306458 446455.9419090257142670453 14.45012916655881873850831
85370.06017476116539910436 446455.722671721363440156 14.16762172268002117903052
85369.49806043728312943131 446456.1245867902180179954 14.98441844671825151635858
85366.2501503638195572421 446454.6868771665613166988 15.02900344051873027240163
85368.81777094127028249204 446456.1461170597467571497 15.4472997732442784979412
85360.25392754811036866158 446468.3877952264156192541 15.13842968514273223945565
85357.66960224650392774493 446467.3501026310259476304 15.70795577461191783186223
85360.02645209590264130384 446466.2223202271852642298 15.32087145269377082001938
85357.4638094775436911732 446468.2492278799181804061 16.68699198574039854747753
85364.83464791681035421789 446426.8864092178409919143 9.470999999999998308908289
85360.38307241079746745527 446426.435818336671218276 -0.9760894339044380307868209
85373.26751888522994704545 446427.7666647269506938756 -0.9280003848654242437632433
85424.67562690659542568028 446496.6120466333231888711 16.98827158854790653208511
85425.63081757341569755226 446497.2915687003405764699 17.2341508010101520653734
85423.93402384058572351933 446496.5883268591715022922 17.83933556304869227915333
85354.6625320988823659718 446470.0901362720760516822 16.95877440610927777697725
85352.69357480740291066468 446467.5637015391839668155 18.25235541392781257741262
85354.84607335529290139675 446468.8353724406333640218 18.82562990755141640875081
85353.81363219127524644136 446467.8881791988969780505 18.44178887328853733151846
85353.32946166118199471384 446461.2048923919792287052 17.56507965853251107546384
85354.06240306783001869917 446461.80800924840150401 17.23948243046741168882363
85351.28813054796773940325 446462.0985280695022083819 15.0690670853322004063557
85332.21620088382042013109 446459.9424024116597138345 9.470999999999996532551449
85332.2182969299319665879 446459.9452053052373230457 6.182515284623081974757497
85332.11593088480003643781 446459.1831643093028105795 7.683796210577668261976214
85333.27956824825378134847 446460.800052451784722507 6.201794239533340302727993
85343.67342532413022127002 446462.0266092324745841324 15.9135704920724236899332
85342.17970940742816310376 446460.9876180522842332721 15.37568665263654388297709
85342.43684462814417202026 446460.7591170478262938559 14.80612085083792095474564
85339.66345004060713108629 446445.5572678770404309034 9.913634065711818266208866
85339.79338657540210988373 446445.1276016891351900995 12.76521595312889090223507
85339.37109024278470315039 446446.2018769723363220692 11.62140373626678524487943
85344.52424593828618526459 446465.1770478106336668134 9.873644357120733516808286
85343.12394309908268041909 446463.947038499522022903 12.82026820779161901953103
85345.21515351338894106448 446465.6029043553280644119 12.14209828505687127631063
85378.82338352281658444554 446444.439324021979700774 -1.062293660687180896218251
85348.17556100674846675247 446441.602268516318872571 14.61874097920300386022063
85350.83810568864282686263 446440.5443862733663991094 15.1111529122717946904686
85348.81620088081399444491 446445.1069242785451933742 14.97240460670852790769914
85430.75881062430562451482 446489.0773311044322326779 17.85209868525886278689541
85431.88548059914319310337 446488.1623498384142294526 17.84749282227275557488611
85433.21428698148520197719 446489.9557710840017534792 17.99448670657460169763908
85432.08986556930176448077 446489.7023418177850544453 17.309355934071387395079
85337.71422497867024503648 446459.6059054448851384223 13.91828866725204072452016
85338.27240100750350393355 446458.1082553342566825449 13.94539229350197295786984
85338.69245216257695574313 446458.9463016540976241231 14.11574579599050949241246
85338.98951429514272604138 446459.2169492085813544691 14.79840441634066294795957
85335.04983562038978561759 446457.4126356250490061939 10.93868143458571573489735
85335.04434001662593800575 446457.4271064120694063604 10.37307086956229262852958
85335.38070363746373914182 446456.9201372656971216202 10.86742958245769585801099
85359.8426807934301905334 446437.3632917215581983328 16.81269404040100212682773
85357.41097569640260189772 446439.7581974240019917488 16.34970632133339307756614
85357.8674469411198515445 446436.0198385751573368907 16.13884253835652060615757
85359.03436675782722886652 446435.526004896848462522 14.66514291850280571338772
85336.11950868672283831984 446454.1785997816477902234 13.06389954035774714213858
85335.08207862173730973154 446457.458527559763751924 13.15327292159451211261967
85335.44177235614915844053 446455.856331018207129091 12.79727802357598243077064
85337.92660550268192309886 446456.5903090459178201854 13.72779681897461045991804
85386.1015353466646047309 446441.9973945660167373717 16.9549259515072883175435
85385.67848660760500933975 446443.1922522372915409505 16.75081624480500863683119
85384.79110597215185407549 446442.3721027893479913473 17.43885495345124780897095
85384.16593256659689359367 446442.6688761758268810809 16.59287845088273982696592
85363.69192302586452569813 446466.9578596505452878773 15.47788699696624981072546
85363.32218014112731907517 446467.1842076400644145906 14.90642904105829735783573
85362.66641441841784399003 446466.8795164041803218424 14.95694692315787044378794
85332.43459428587811999023 446459.7146199085400439799 9.87527822507322916578687
85338.52910439799597952515 446460.1863393334788270295 13.1604566425060749423892
85342.32307588636467698961 446439.1425747686298564076 10.95222013015443884853539
85341.51024403225164860487 446441.0665698996162973344 10.14404593268779919412736
85342.23499021369207184762 446439.1378718114574439824 9.868029140494286366447341
85340.4346151939535047859 446460.0925835317466408014 15.14672797496311140719172
85337.33076618115592282265 446463.6254351107054390013 9.875745405141211463728723
85336.77976021674112416804 446463.6011832631775178015 9.644203225780664467947645
85336.0101511946995742619 446462.6378384512499906123 9.874913914147676052834868
85425.25918237185396719724 446511.1987093440257012844 9.471000000000000085265128
85332.23669518096721731126 446459.9651342940051108599 2.904462792520777991711611
85335.11842291036737151444 446462.0944562081131152809 -1.061959631450503538374619
85332.23654263648495543748 446459.9642682596459053457 -0.9266368538163776147342787
85379.14960056704876478761 446454.9081254379125311971 19.02190064012929227033055
85376.82120620214845985174 446452.9404358337051235139 17.67956813026798101873283
85380.03824264224385842681 446454.0874044055235572159 17.38973019951239962210821
85347.14817042146751191467 446463.9358695957926101983 16.6541756149041049184234
85348.48645156376005616039 446464.4637649667565710843 16.60948346416877186015881
85348.4157553537079365924 446465.0165681103826500475 17.13347475988864587748139
85353.26801762946706730872 446448.3937388945487327874 14.52218430695647377604018
85349.96904247076599858701 446447.4496221367153339088 14.08584960764844851155431
85349.46786738433002028614 446446.0876558127929456532 13.89762472082608901757794
85418.85334651629091240466 446450.6179326524725183845 14.14064725134400646311406
85419.78484982754162047058 446451.7803357013617642224 13.61287520048345278667057
85416.72595839507994242013 446450.1098266111803241074 13.62497843957341991938392
85359.14351047384843695909 446474.9916202970780432224 11.88781584889869513688154
85359.38572459894930943847 446475.0931392235797829926 9.915861569029996047675013
85358.15027360366366337985 446474.5787263461388647556 10.9953248228183966261895
85359.27255536761367693543 446467.3082646863767877221 -1.062293660687178897816807
85357.73069623918854631484 446478.4468361361068673432 -1.050463187845134260811619
85365.35192520597775001079 446475.6729256495600566268 -1.062293660687146257259883
85400.91229586779081728309 446448.7465457602520473301 14.37041336005437131007056
85402.39565512906119693071 446449.5854624488856643438 14.6502179417768534364086
85401.67591351988085079938 446449.5791141974041238427 15.01924010437281609142701
85332.02830465808801818639 446459.1141024527605623007 5.677364582738368525838268
85331.86824491003062576056 446458.8916938186157494783 4.255075781392392286761606
85331.86884146000375039876 446458.8879262889386154711 6.879204791750807679306945
85334.46517452069383580238 446456.0373755079344846308 9.873638333476160156010337
85333.82848934171488508582 446456.9009363919030874968 9.87458248329911292273664
85333.45217592999688349664 446455.8256430485052987933 9.874071090853444587764898
85335.72880322310084011406 446455.1172937565133906901 9.919496307925422584617081
85334.79614679519727360457 446456.4293847348308190703 9.873517755298033549138381
85335.32827891584020107985 446456.1475397651665844023 10.18667430737531809370466
85332.34745874883083160967 446459.3677592119784094393 6.686459482061693826437931
85332.22484982224705163389 446459.2713484307751059532 9.500617032468712253034937
85355.43448603987053502351 446461.9102892414666712284 17.94031715422100603518629
85351.57538829582335893065 446474.3024334573419764638 9.874307030841801946507985
85353.84108559068408794701 446474.5380446348572149873 9.873293916340550424592948
85353.12226716642908286303 446476.5934356203651987016 9.834303186557017184554752
85352.11320522210735362023 446466.3587783780531026423 17.19622347215395308239749
85353.75550184154417365789 446466.4036477413028478622 16.22780917979818227081523
85353.50414150069991592318 446467.1401373015833087265 17.50261256319942759773767
85348.9114454492082586512 446468.4190155879477970302 13.12540278716329211761149
85350.47645071460283361375 446466.6606303468579426408 17.11940767844889421667176
85352.46038389076420571655 446471.3438481763005256653 12.83474488255643386480642
85355.94411369365116115659 446460.4287414469290524721 17.94421934551665742674231
85356.68024278464145027101 446461.1035892905783839524 18.2987795156915780125928
85356.26199191887280903757 446461.5756824268028140068 18.24998774271470836083608
85355.37646626602509059012 446460.7336265646736137569 17.97700353369353720722756
85346.04197274518082849681 446425.0186313490266911685 -1.050654946463703387493638
85427.96978120414132717997 446496.3310773468110710382 17.05947198168506417914614
85429.7807133483438519761 446497.5188729134388267994 17.06434138100858532993698
85428.89819653599988669157 446498.6190302328323014081 17.01810242298180497755311
85414.26854224075214006007 446447.8246039169025607407 12.19227268533772523539938
85415.55122824317368213087 446446.181505569547880441 12.16951313779821575167261
85415.59686370479175820947 446446.4076181445270776749 12.62767584852701396869179
85402.3753785422450164333 446445.8581363801495172083 16.25249755686569841373057
85403.68862740414624568075 446445.8066242316854186356 14.25477840763929826550793
85384.71901210915530100465 446432.676523218338843435 7.710502804554661970826146
85382.17872448549314867705 446431.5854114028043113649 7.539183437688950384369946
85384.19352425581018906087 446432.4509129106882028282 5.837059496849308359855968
85436.68361725081922486424 446495.3584885605378076434 10.48292456435790143132181
85434.2396758335962658748 446501.2562352490494959056 4.479589691018133201794171
85434.52213372035475913435 446500.5745124594541266561 10.00315965707374132875884
85345.12683042792195919901 446428.3851685280678793788 9.863506114375898192747627
85346.17466084576153662056 446429.9167979683843441308 9.864634511760296931015546
85344.52260549407219514251 446428.3648421374964527786 9.716736688436599322926668
85363.65955106847104616463 446451.1259930523228831589 15.86349581902916661135805
85365.32048220153956208378 446452.293871844420209527 15.42368404170637496974905
85363.07932435125985648483 446453.8581136060529388487 15.74926254325884222851073
85421.58672736195148900151 446501.3192332640755921602 18.26605180751442603082069
85419.57340566659695468843 446502.7710770107223652303 14.51540080485464834225695
85420.24018674784747418016 446500.5863398197689093649 18.52300269765957807521772
85392.7224653278972255066 446489.2608909474802203476 12.16736911472840532155715
85393.24468602346314582974 446490.4737460978212766349 12.16693075363211029582544
85392.33956207054143305868 446490.0297837011166848242 12.16774127284742590404676
85337.98366816277848556638 446461.3859175720135681331 9.874019198694412580152857
85355.94854335514537524432 446466.633041897788643837 15.96853651576985910764961
85357.73893362903618253767 446465.8254681910038925707 16.05851045164587276303791
85357.24713611889455933124 446466.8985592669923789799 16.08184971109542615863575
85354.41101681996951811016 446463.5251918080030009151 15.55465776102303365746593
85362.92617299171979539096 446446.7364131736685521901 17.07225998453253978937028
85361.9241834791173459962 446447.2466413591173477471 18.22167044696936599734727
85360.19443193274491932243 446446.1550865169847384095 17.75921960473379357381418
85364.56151640333700925112 446456.7559676493983715773 19.02941436509834360890636
85361.69556622282834723592 446457.3341372780269011855 16.68632109178830802420634
85360.4019730590662220493 446455.0712063107057474554 19.05118746757512582234995
85342.33031565794954076409 446463.3190393157419748604 11.94778154247427615075594
85420.97506134331342764199 446479.8255516348872333765 -1.062293660687107399454021
85422.40725027589360252023 446489.170911138819064945 -1.06229366068715513904408
85428.81464482501905877143 446483.5088081990834325552 -1.062293660687180896218251
85431.60971775293000973761 446507.226290276856161654 -1.062242213315954808550146
85434.25692446406173985451 446501.1933148193056695163 -0.9624828205710505013570355
85427.64621317270211875439 446500.469784564571455121 -1.062293660687180230084437
85370.85106757769244723022 446479.8652462943573482335 12.41754777187964364770778
85408.2983414932677987963 446489.6389122313121333718 15.40123381196268503856572
85408.50246425856312271208 446489.8707772538182325661 14.82842938291538281703197
85407.68369081499986350536 446489.3204184289206750691 15.16464286561364005478936
85413.91676885115157347172 446461.4301089601358398795 13.44367145977122746103305
85412.82063585596915800124 446460.4314109053811989725 13.80930465835615450487239
85413.68139715919096488506 446459.1777103942004032433 15.62334999174398220134208
85404.98918396497901994735 446495.9021299692685715854 15.73352517429154318051587
85407.83963713630510028452 446496.4954830855713225901 16.62016402999019959452198
85406.39655215578386560082 446497.236356577486731112 14.61268796068446107483396
85415.52309370407601818442 446467.8749344666721299291 15.45281628676897334173646
85414.56743095062847714871 446466.8587601945619098842 14.96580382105654472013612
85416.73804149894567672163 446466.5090866488171741366 13.55956348705263181386727
85401.75146736153692472726 446440.5840375169063918293 12.17864332025505191836601
85402.29863716068211942911 446439.8456938948947936296 12.17654394468886280833431
85402.5055966212967177853 446439.6992142940289340913 12.67008126234153131406401
85408.61332643318746704608 446497.9119310674723237753 14.98037329300976239210286
85412.7958227363124024123 446500.0094393877661786973 14.43667724852519107514581
85409.5999782481521833688 446500.1372477277182042599 12.25685723289751294373673
85426.8325450167030794546 446473.1861216395627707243 17.89558949551758360030362
85428.67129375885997433215 446474.8396976041840389371 17.96029792103670175151819
85425.60371361808211077005 446474.8475894878502003849 18.0394336782921271833402
85356.79380491853225976229 446467.5964391858433373272 16.125852883953491812008
85448.72195018941420130432 446454.6075322460383176804 -0.9677296696472068582295378
85447.304889544757315889 446453.9961754678515717387 3.893472351170351064553188
85441.00237950247537810355 446451.5210980088450014591 -1.060944631130008808383991
85431.05572446176665835083 446508.8464343459927476943 0.8826172830474272590350893
85428.28587008241447620094 446507.7609570962958969176 -0.9210659202240869536382206
85417.6789072428218787536 446507.9651726511656306684 12.13816857577074159735275
85420.00977975496789440513 446504.4853986389352940023 12.21636488386732644073618
85421.25075732344703283161 446507.0106479204259812832 12.15123729669407914855128
85446.17336427750706207007 446472.4538838446023873985 8.312176577717321990235178
85447.16656424434040673077 446470.0562724087503738701 8.822108736742480417092338
85447.51843238329456653446 446469.2079402126255445182 7.20518615293696385037947
85446.67707113901269622147 446470.8026820189552381635 8.960275392746110512121049
85405.82549114011635538191 446446.5205125017091631889 13.99280186726557317911102
85406.15928060359146911651 446447.2591087978216819465 14.90753069569315591991199
85435.93055519755580462515 446497.1754367618705146015 16.31985878395429168108421
85435.4118810975196538493 446498.4270735227619297802 13.85247181152148421290349
85435.34268497658194974065 446498.2318805941613391042 17.98692677438137721424027
85419.63547517688130028546 446497.697944950545206666 16.86391977742330539058457
85418.47260751477733720094 446498.5290523517760448158 17.69016307252209685429989
85418.11549917911179363728 446497.3500582143315114081 17.03116571985101757036318
85435.43729359243297949433 446449.1381309585995040834 12.11862695191604188948986
85437.65340285679849330336 446452.4657312374329194427 12.15040527277442983233868
85382.30089462237083353102 446438.4804645636468194425 16.59998120174125446624203
85386.39605414950347039849 446440.6865206475486047566 17.10801921696267768879807
85383.58275226595287676901 446440.7275028369040228426 19.05884361807729021620617
85442.99012574281368870288 446477.8192025023163296282 9.717095076858319302459677
85443.53482690548116806895 446476.4752375241369009018 12.51911682412218596027742
85443.98042301781242713332 446475.622752022638451308 10.43907208893065252652832
85444.48313364459318108857 446463.6947159047704190016 16.88266716395498434621913
85444.16602808450988959521 446464.707278016023337841 17.31050796329595087286179
85443.42871762042341288179 446464.7383229268598370254 17.83785873521262033136736
85436.57070465266588144004 446491.5163057646132074296 17.78883454892591942098079
85435.42510511839645914733 446491.4443580438382923603 17.32988842798128814592928
85436.41433989183860830963 446491.4509243590291589499 17.85025965501963440829059
85395.63339407381135970354 446437.7615423062234185636 10.37398133017946832978851
85396.15249529479478951544 446436.4702482256689108908 9.99139139669087938955272
85395.81131435753195546567 446437.3234338750480674207 12.04856864980643749163391
85403.70257878964184783399 446435.9117803775006905198 1.444617508497575197878859
85397.62380275434406939894 446433.3905610754154622555 4.580113373218930306052243
85397.72667799133341759443 446433.4332293744082562625 0.8395747215167189692053284
85427.88948055366927292198 446507.476356897852383554 8.841762501031364962500447
85427.3813807948463363573 446507.2592257683863863349 8.842668591413067602502451
85429.99729027345892973244 446506.4091269703349098563 8.90179813916270390450336
85425.67379760589392390102 446509.4951916912104934454 12.14862356087608219468166
85423.50477984218741767108 446508.5240215879748575389 12.14872194340092192987868
85398.51808524252555798739 446443.8632249406073242426 15.04657299906385681254051
85399.2140202267182758078 446444.3322951595764607191 14.83473627167317232533605
85399.1446946770156500861 446444.7521997584262862802 15.5181797989229046663695
85356.87019596774189267308 446461.9376148421433754265 18.41753561793741766905441
85357.12269494675274472684 446461.5236942402552813292 18.56483368505666220471539
85357.14205609180498868227 446461.7675747376633808017 19.06930176880052840715507
85437.16649018977477680892 446490.5176052741007879376 17.99731659233669844866199
85435.38949357782257720828 446491.0186293033184483647 17.87224015570873092428883
85425.01765408672508783638 446499.8010166424792259932 16.82743185548569542220321
85422.23927962394373025745 446499.7300051749916747212 17.49216851319603094339072
85421.2058638264425098896 446498.2009339975193142891 16.78292469977893119903456
85407.81430274188460316509 446499.4679553052992559969 12.15902076132780074146922
85407.91228959427098743618 446498.8683756925165653229 13.10693381370812993225172
85426.0410286346887005493 446475.4187373172608204186 -1.062293660687178897816807
85417.07031440742139238864 446470.8315576543682254851 -1.062293660687178675772202
85423.77642529853619635105 446444.2375632308539934456 0.4629627237696304908887157
85423.71595045957656111568 446444.29143458855105564 -1.041715650741519727517925
85431.38759351236512884498 446498.4607726006070151925 -1.062293660687181118262856
85445.77161386316583957523 446462.6845886167720891535 -1.062293660687180008039832
85391.529438841636874713 446450.6158895430853590369 14.99340073406741602468628
85390.00740418297937139869 446450.8052110791904851794 14.008097735732915722906
85390.12298290131730027497 446450.0457326642936095595 14.97716490564987878997272
85411.74212758014618884772 446504.4595435185474343598 -1.062293660687190000047053
85413.99178574477264191955 446499.6357421175925992429 -1.062293660687180452129041
85409.07947054352553095669 446497.5865517464117147028 -1.062293660687179341906017
85428.36852344106591772288 446501.2490626135258935392 16.89329316987106111014327
85428.01715835044160485268 446499.9792309405165724456 17.85388691355025514440058
85429.63422115432331338525 446500.6385161153739318252 17.87626246719239730964546
85425.2915140179538866505 446511.1182588160736486316 -1.04872208881402162461427
85439.87580815755063667893 446477.7538086646236479282 17.05197907741583662755147
85439.58301934548944700509 446478.333345180784817785 17.05834030001457790604036
85439.17582521829172037542 446477.7743494508322328329 17.04927926812064598038887
85434.81880190545052755624 446490.7806629772530868649 17.34531837681750587876195
85435.22923424445616547018 446492.0521507117664441466 17.30931688653993560933486
85417.63490586292755324394 446454.7108336879755370319 13.45588409564456533473731
85416.5801719672599574551 446453.8502107400563545525 13.95587524878359886315593
85416.78529745215200819075 446453.421080730389803648 14.5694828906004563151555
85434.56562835921067744493 446448.7124685163726098835 8.222901818634063886293006
85437.93101876811124384403 446450.1082901766058057547 3.626997892267861178794419
85402.22590307630889583379 446454.4257298552547581494 15.62094793513333357282136
85402.83318083944323007017 446453.4877403423306532204 14.27201188863701197817591
85403.99144655036798212677 446454.9680427462444640696 15.46414017065562518382649
85433.73491579605615697801 446490.6373691798071376979 -1.062293660687179119861412
85437.70707656671584118158 446482.9160390740144066513 -1.062293660687184226887325
85433.10218896064907312393 446480.8321080717723816633 -1.062293660687176233281548
85423.29689050879096612334 446450.1272583629470318556 14.61455840850554110943449
85422.76295316721370909363 446450.3161522713489830494 15.08150429750344478918578
85422.50350400459137745202 446449.2421490121050737798 13.77362333261021021257875
85422.04385040496708825231 446449.9970486851525492966 15.08268075110413519723807
85421.04696341750968713313 446452.1934765750193037093 13.61927446673841046731468
85422.21157986590696964413 446452.4268366586184129119 13.62704724282592749773357
85422.14102305966662243009 446453.0012396211386658251 13.62643754906960680273187
85400.96232316331588663161 446465.9436264974065124989 15.11135226182182478282812
85401.13440724776592105627 446466.79165519995149225 14.95731186291887304662396
85400.01042853030958212912 446466.351516749884467572 14.91879931988891527794294
85403.73228201216261368245 446478.8403689634869806468 -1.062293660687146257259883
85412.04998391662957146764 446477.5817170192603953183 -1.062293660687173568746289
85407.26674016527249477804 446470.6615328523912467062 -1.062293660687196883429806
85413.40330973161326255649 446440.0780733013525605202 -1.061389328062717352096911
85410.64356953476089984179 446438.7906098884996026754 9.470999999999998308908289
85407.05787011896609328687 446437.4109916573506779969 -1.053991106657343967967222
85414.57145671063335612416 446440.5054349968559108675 12.14552695547328120539987
85410.46789784550492186099 446438.7189506309223361313 12.03527390046392930855745
85393.92078994207258801907 446498.1999554921640083194 3.095701047231822933269996
85393.92562095803441479802 446498.1224768884130753577 -1.042001952467897174514633
85386.24785475264070555568 446494.9668070794432424009 -1.021900941760101488853252
85415.8698653792089316994 446501.2434668370988219976 14.5006436813241030847621
85417.12109711286029778421 446502.5240903485100716352 13.35959384340847755368031
85431.8784616577613633126 446501.5702330153435468674 17.90126042039439724362637
85431.70180792473547626287 446499.9551497721113264561 17.99749393643238448703414
85400.69697221780370455235 446434.7724858971778303385 -1.053902323080416536527082
85417.63219064059376250952 446498.1439936658716760576 -1.062293660687178897816807
85416.56914692661666776985 446500.7108978232718072832 -1.062293660687178897816807
85419.13330590748228132725 446501.7805461822426877916 -1.062293660687182228485881
85440.42845509508333634585 446486.2756811052095144987 -0.9820373972312798072081819
85411.06584606223623268306 446445.6815680915024131536 12.67578417513031041607974
85409.73105896003835368901 446445.305840448709204793 12.17400877695207128681432
85409.93996695672103669494 446445.2436895333812572062 13.68730397002146226270725
85410.73117898411874193698 446446.2514416066696867347 12.17457929603276411967272
85410.10396144943661056459 446446.839873112621717155 12.1754020281051182905685
85404.22496919096738565713 446502.394460385839920491 12.14226956299864568222802
85409.05397294214344583452 446502.0465871929773129523 12.15866625695969638343286
85412.38448209875787142664 446505.8015468271332792938 12.12211632309408493313185
85426.84550655659404583275 446497.5291414872626774013 17.00644062345419627035881
85426.59899069089442491531 446497.693351644673384726 17.86079937831090447275528
85431.07745775360672269017 446490.5479995199711993337 17.26774701524772126504104
85430.73154226323822513223 446489.2626463808701373637 17.29352901203760950465949
85405.55885879811830818653 446491.1109783098218031228 -1.062293660687202656589534
85396.88957228044455405325 446493.5599466555286198854 -1.062293660687146257259883
85401.60817354255414102226 446501.2338489746325649321 -1.062199810073955585920658
85420.1039071466657333076 446462.4642604830441996455 15.64815475815609069343282
85419.99916275436407886446 446462.650778653216548264 14.7162584641228111337341
85419.30806816977565176785 446462.0912821315578185022 15.04547226008200766500522
85424.35620177852979395539 446497.4965163810411468148 -1.062293660687173568746289
85415.83703475368383806199 446494.643239948432892561 -1.062293660687215313132015
85427.75977374111243989319 446492.3088510115048848093 -1.06229366068718444893193
85428.1091704115824541077 446496.2484427740564569831 -1.062293660687178453727597
85436.75142059175414033234 446495.1947650170186534524 14.49829537693237568873883
85436.704846338921925053 446495.3072270521661266685 16.47395999850107628503793
85418.80653926267405040562 446508.5225679465802386403 10.99013052440892046490717
85432.95861461761523969471 446499.7563869896694086492 17.23773777388631600615554
85432.54700288639287464321 446500.0794602068490348756 17.05287968776670481929614
85411.94084200618090108037 446467.180295214697252959 14.96028421928706286792021
85412.71763472734892275184 446467.5280595055082812905 14.92616211832051398289423
85411.77053066286316607147 446467.5591943762847222388 14.36629040355972364295667
85427.60407839903200510889 446507.1016213171533308923 11.7473445518919170638128
85427.01334904652321711183 446507.291954830929171294 11.76323626316382409129346
85427.10473767398798372597 446507.2641322663403116167 12.44072182780096902376954
85426.77072006011439952999 446507.8848860618309117854 11.80582477432562527042137
85427.17234112121514044702 446507.2598444262403063476 9.838249927137148631572927
85448.49232085476978681982 446464.7789530602749437094 17.47383472803220172409056
85448.02663660410325974226 446464.0359678720124065876 17.99129616319218172293404
85448.6385122716601472348 446464.4580845599994063377 17.85790112242711202839018
85368.84659618581645190716 446457.8469497281475923955 18.31716786495104187793004
85367.74094169009185861796 446456.8598873410373926163 17.21505849096043050394655
85369.58889799231837969273 446457.3638584811706095934 16.81871764247165046413102
85430.30148850991099607199 446499.2266844157711602747 17.17852620103410643537245
85429.72599746614287141711 446498.9895440785330720246 17.17756435230396405700048
85429.79447647034248802811 446498.3860530835227109492 17.04141865421219748100157
85436.80785334932443220168 446495.0553160345298238099 -0.9329628047901203924396896
85427.22005625360179692507 446506.7063400867627933621 -1.062293660687176677370758
85431.04284296407422516495 446508.8277234804700128734 -0.9924787551149971687181051
85410.87952040464733727276 446496.8296321643865667284 18.41269783186538333552562
85416.03035507902677636594 446498.9602231899625621736 18.45575887622731059423131
85446.77141139203740749508 446458.9190487980376929045 13.24079568813368368296324
85447.41811170749133452773 446459.0318076509283855557 12.7356682314531859390172
85447.24143826347426511347 446459.7419747596140950918 12.95573796098572572077501
85396.89342912283609621227 446484.5513973933411762118 -1.062293660687178675772202
85432.55886456028383690864 446503.6255135371466167271 13.26459546488225704763408
85433.22324120385746937245 446503.2867973507381975651 12.28372114965957528909257
85431.92634427631855942309 446505.4806715535232797265 12.97808508807114158400964
85426.23574739540345035493 446509.1869272865587845445 11.89604062442726650772329
85370.05472938655293546617 446455.7692074067890644073 16.83248483367122005915917
85370.08976831843028776348 446455.6419723206199705601 18.27894897801203555331995
85369.89392400113865733147 446457.0384995327331125736 18.21331180315979736406007
85370.40778456369298510253 446455.6531238009920343757 18.20539334019380106610697
85427.57257714515435509384 446507.0966615211800672114 12.98078551363939325824504
85371.22077527266810648143 446455.9858566847397014499 19.18357756609443853790253
85370.49853908983641304076 446455.6905875355587340891 19.62400045443394347444155
85431.13727402876247651875 446499.5738278223434463143 17.3901300351213912165349
85430.70871989782608579844 446499.3958362847333773971 17.85881872467672693005625
85428.64998379445751197636 446506.6998389094951562583 14.24813955866969727992455
85428.98426476023450959474 446506.590926298638805747 13.69234406663221825795063
85425.27016137730970513076 446511.1462667424930259585 12.11364675579324412524329
85425.86961630287987645715 446509.8890643868362531066 12.12704438327651779161442
85426.6722020362940384075 446500.7652725469088181853 17.01714890964240112225525
85426.91131470863183494657 446502.2703134599141776562 17.91413071615782115486581
85368.89964935372699983418 446457.9719161258544772863 20.0029377981077978176927
85367.93513924647413659841 446458.1545540965744294226 19.03708803196835930293673
85381.85421541852701921016 446485.5257784158457070589 12.17392003304894565474115
85382.99630425265058875084 446487.0300824399455450475 12.1748583015504117099681
85380.85001785894564818591 446486.6459183006663806736 12.17604050161251549866392
85420.84086608902725856751 446487.3608743214863352478 17.98390169067792143664519
85420.62494866865745279938 446487.018196471908595413 17.63478832057140976985465
85421.76001417252700775862 446487.4297547283349558711 17.81922718070041611326815
85428.89234674735052976757 446505.2010918193846009672 16.67702829916471429783087
85429.65317019663052633405 446504.6594183025299571455 18.05734081873643148696829
85431.87175762063998263329 446505.5128952526720240712 18.52130697677434412184994
85370.07819528835534583777 446455.6621348640765063465 19.61220955494387041539994
85369.94975761251407675445 446456.6620580611051991582 19.65795143331759931015768
85429.02191164986288640648 446507.9648014511913061142 8.839773853399922387552579
85414.14423935872036963701 446470.953966767352540046 15.09202322681689878436373
85414.27220862879767082632 446471.3905589903588406742 15.09211942314220245009437
85413.97635560460912529379 446471.8534132693312130868 15.09319139626306416346324
85374.35241072865028399974 446432.2653271037852391601 9.94126783843197614487508
85376.68523200690106023103 446432.7920757337706163526 9.854881891483714184687415
85375.66562999702000524849 446432.8121989641222171485 10.2039946179132314796334
85436.59732348780380561948 446468.520219322934281081 16.84244715947895798535683
85436.92123438679846003652 446467.4250500626512803137 17.88675784046683858719007
85438.38077993877232074738 446468.5707959073479287326 17.43300836025255051708882
85414.18047525834117550403 446501.5938479875912889838 12.92232831795019265541669
85391.52700000000186264515 446468.067000000097323209 -1.062293660687170682166425
85447.74811884519294835627 446466.5546137022320181131 17.83647667528774150014215
85448.43689635177724994719 446466.9866439459146931767 17.49276581653730744392305
85448.40017199763678945601 446466.978038181085139513 17.92776815291778902405895
85379.83228354486345779151 446477.8053112722700461745 14.98875287985683613101173
85381.39863650582265108824 446478.3123361505568027496 15.13248792391316044358973
85380.54719227933674119413 446478.1038494837703183293 14.31530816932015781617338
85380.98531215533148497343 446477.0928389831678941846 15.1340486026684057918601
85440.47087821512832306325 446486.2164640189148485661 4.814943270434554278836004
85441.76636871548544149846 446483.0891790074529126287 8.714887869486236837701654
85442.10508506247424520552 446482.2716809491976164281 5.757852607619079243761462
85429.95012789747852366418 446499.4738882326055318117 17.99676740277811148871479
85429.84829326510953251272 446499.038968608423601836 17.7858630943388504874747
85423.73390884076070506126 446500.8801654007402248681 17.84197979060861172229124
85376.48975492491445038468 446431.9043506247107870877 9.854716231505490142694725
85428.39812089373299386352 446503.6072735443594865501 18.38577426270396131258167
85401.15983715988113544881 446498.7583719866815954447 12.16410380593826978667948
85396.0556124359427485615 446499.0574635152006521821 12.10335060487191150002673
85399.2310298611264443025 446496.1427165519562549889 12.164322576095315753264
85408.15281677590974140912 446445.4321259656571783125 12.17582012460144902377124
85408.94180467589467298239 446446.759063521574717015 12.39003318882277149270976
85437.20694030514277983457 446482.5702164749382063746 12.68431846502640425455866
85437.71282564278226345778 446482.7772911714273504913 10.66505101138703537344554
85437.16886604219325818121 446482.554381693247705698 10.04499615967191950005599
85425.6425375135731883347 446468.716107844200450927 -1.062293660687189778002448
85446.71352668976760469377 446469.7271972785820253193 9.643678264708416492112519
85446.75205739460943732411 446469.6593745762365870178 8.955914202148813174630959
85445.87716438622737769037 446471.2523349510156549513 9.366414670400683206707981
85394.485005947295576334 446432.0931721325032413006 -0.9486843608016457540799138
85402.12191444405470974743 446437.3433945808792486787 12.17451787861181067285088
85401.76494283865031320602 446439.6939117141882888973 12.1762033996618797004885
85399.34444212321250233799 446439.084674017212819308 12.17886891443191821338132
85410.56079101614886894822 446460.4318621036945842206 13.93572998559804432261444
85410.04278772369434591383 446459.6418328097206540406 13.37343241580891373132545
85411.51314262572850566357 446460.3772473795688711107 13.37780894606570925020606
85393.96443910349626094103 446432.8905640534358099103 7.756110490394473089281746
85443.42862792093364987522 446456.0322159830247983336 -1.062293660687180230084437
85417.14055444048426579684 446444.3575323474942706525 12.16416479753693558052419
85419.28445271794043947011 446443.8485346971428953111 12.16192399898955223136454
85418.06727899338875431567 446446.2157822450390085578 12.16621849056605952910104
85447.83603440401202533394 446466.5505339121446013451 9.180413048065606318459686
85447.88068916134943719953 446466.6097967386594973505 9.82774570836409111507237
85447.86655771090590860695 446466.485853395948652178 10.83653887502395463116045
85448.09144467260921373963 446465.9953296916792169213 9.878323032220349020349204
85429.40393572760513052344 446446.6180010671960189939 12.10845314353203683310767
85432.88334415142890065908 446448.0147281503304839134 5.692482027714142134300346
85384.33443786493444349617 446432.51481029880233109 -0.9442711700922957751558329
85387.98296325851697474718 446429.4801082285703159869 -1.044217455237850256111187
85448.66036486180382780731 446462.0646048403577879071 9.700090397870186009754434
85449.35607735216035507619 446461.9097343201283365488 9.83431610535081546231595
85449.14972957772260997444 446462.491672584495972842 9.685655693473099958623607
85449.59387673420133069158 446462.1625358196906745434 9.324162268691328137037999
85422.03764705182402394712 446443.5163915258017368615 9.471000000000007190692486
85400.16138215138926170766 446500.7885540524730458856 6.176882086434150487264105
85392.07562128487916197628 446497.4345792634994722903 8.42879699172924468086876
85440.10532770707504823804 446459.9347079977742396295 -1.062293660687180674173646
85432.08319357487198431045 446462.6765642868122085929 -1.062293660687206431347818
85388.51405883637198712677 446489.4316487720352597535 13.7892042791153457415021
85388.11175290962273720652 446491.8178764350595884025 13.81698299906965843319995
85384.80877188558224588633 446487.9005513865267857909 13.75397437974600478582943
85387.31820688069274183363 446488.8583448675344698131 13.54006519772036654103431
85412.2399340352276340127 446466.629255564184859395 -1.062293660687182672575091
85378.85863018757663667202 446434.139509212167467922 10.18392528966481158647639
85377.12472624993824865669 446432.2900416195625439286 9.854631128448817278808747
85377.94325553695671260357 446431.4561600309098139405 9.855488990068796084642599
85406.89442324619449209422 446453.1154372699675150216 14.98850552052672746583539
85408.68058575692703016102 446454.1110511748702265322 14.59880201693949075547607
85407.82660849926469381899 446454.0150450058863498271 14.20677800311904981356292
85409.00223472711513750255 446453.6766229795175604522 15.10575893122282842284676
85423.00495261220203246921 446448.3844462698325514793 12.16707398985880672626081
85420.79631807388796005398 446449.2557967317989096045 14.85705138033583949663807
85423.81097253490588627756 446446.4026845406042411923 12.15986913377599520913463
85360.75128069739730563015 446464.7004366905312053859 17.0470035141995985839003
85357.84629999109893105924 446463.6932288889074698091 16.75456992431446678892826
85360.70758542745898012072 446463.5356431416585110128 18.77530291775270043785895
85402.94126263253565412015 446441.9532968028215691447 12.17881358857274065599086
85431.99024719161388929933 446465.9612119830562733114 17.37718313217250809543657
85432.16062807454727590084 446465.5016045987140387297 17.82724661604493476829703
85433.97620609794103074819 446467.7947157453163526952 17.02370152491470278732777
85397.92870358579966705292 446443.1671554699423722923 13.8731470539505927774826
85397.82507575189811177552 446443.2616492878296412528 14.9643498977670201810497
85397.57847961049992591143 446443.4341898486018180847 14.50041521490101281699481
85397.09659048327011987567 446443.1419237459194846451 14.36094168521347036460156
85433.10829844734689686447 446452.4638933313544839621 12.1548633875507814394723
85436.03688301253714598715 446453.5996832683449611068 12.1531379020750378572302
85433.5886632559122517705 446453.0573037568246945739 12.61702691337867321408339
85390.46648594819998834282 446434.5724290647776797414 6.680607813636376235422176
85390.76626179671438876539 446431.7725640571443364024 6.677103816737449903939705
85392.14312450455327052623 446432.8851952119148336351 6.930856721113384466548268
85432.94217989183380268514 446451.7774524707347154617 12.15500687726013318012974
85428.16620976041303947568 446450.5781246286351233721 12.25833081449329320378183
85417.82402062712935730815 446444.0065688954200595617 -1.062293660687179341906017
85418.56212631474772933871 446442.1055153199122287333 -1.001116382329109377735676
85393.77459450179594568908 446444.2249377604457549751 -1.062293660687181784396671
85447.82844413975544739515 446459.1539885341189801693 12.60437641583236256792588
85447.59333137626526877284 446458.9956821921514347196 12.76609063427829937609204
85424.06042930173862259835 446454.2264648283598944545 16.14197539234776357375267
85424.19948439272411633283 446453.542835009575355798 15.0389196084984977375143
85424.4893186517438152805 446453.1155150124686770141 16.12847564899495367285454
85426.36705305351642891765 446452.9687863908475264907 16.90373366681187050630797
85428.93806232645874843001 446488.3082788969040848315 17.88311950117191528875082
85427.26612086506793275476 446487.6500813009333796799 17.85451308466148390152739
85428.44899317093950230628 446486.8105519057717174292 17.86224944743775466804436
85438.34655016953183803707 446470.6587697207578457892 17.68450952272581844226806
85438.97648566601856146008 446471.9883874246734194458 18.3312521934352545827096
85437.27040269935969263315 446471.5773286373005248606 18.4787150168850189402292
85447.81468872303958050907 446468.0344153307960368693 13.56757040253212132085991
85447.82303920428967103362 446468.0374375308165326715 15.21262422171240658030911
85448.27281023169052787125 446467.3862872140016406775 14.11203489001914945788485
85447.58800630015321075916 446468.0244808063143864274 13.57176807406784213583251
85449.25668080363539047539 446461.1642529222299344838 10.46412013760468440182194
85448.64949078984500374645 446459.1739887727308087051 9.175088005073419594737061
85449.48206107891746796668 446461.6690061897970736027 8.957034302601604380811295
85451.18678216067200992256 446460.334263493015896529 8.825024464813111535477219
85437.03760968486312776804 446449.7925327523844316602 -1.025575079981471349199751
85421.49890358292032033205 446451.7348405696102418005 14.14079172049601140770392
85441.47506521113973576576 446455.3579879603930748999 12.14972001058208128654314
85448.69308211626776028425 446454.5728526121820323169 5.944006697623254176221508
85448.70782406948274001479 446454.8833078661700710654 4.606354702043618409845749
85447.75633969780756160617 446457.1703275712789036334 8.739820086483010896927226
85447.44320465107739437371 446457.9230661995243281126 6.582721656313519353886932
85411.09381132393900770694 446443.0685578515403904021 12.96447528067671051132947
85411.5180959754652576521 446443.3018238315125927329 12.50616730479059235392469
85411.45568457945773843676 446443.2410537704126909375 13.0063631570013651383988
85411.3205681164690759033 446442.8117709066718816757 12.16896323554570003011577
85414.83940375762176699936 446440.5308645333861932158 7.538334326349221292673519
85410.83828042053210083395 446447.2875661696307361126 12.17625364303415658184804
85412.53909187339013442397 446447.8137139544705860317 12.17338234576787669993791
85434.52472785692953038961 446448.6955047172377817333 3.130773830211143859969525
85434.90544297847372945398 446463.9772614379180595279 16.76178602481055435191593
85438.45512470637913793325 446464.1296292258193716407 17.83693964607983062364838
85438.81055213902436662465 446464.6614109987276606262 17.53531242986877458633899
85415.11214492058206815273 446447.0949196502915583551 15.08855925947097276207387
85415.94938213696877937764 446446.311721678008325398 13.43847292056238273971758
85416.74629714888578746468 446446.7642514039180241525 13.62275914307443613893156
85445.77913223412178922445 446460.582188454398419708 16.36936878605458645097315
85447.95171265241515357047 446460.9064335727598518133 15.44382122307580296194374
85449.39208405905810650438 446462.6144763711490668356 17.02641888111389434357079
85441.17703576460189651698 446461.1813320469809696078 17.98607893308378891106258
85441.06640555268677417189 446462.2335017404402606189 16.91915038509493385276983
85438.28466516759363003075 446461.1162029618863016367 16.87409351628149778434818
85423.6224852456507505849 446466.6578228414291515946 17.22696125827630453386519
85422.88073078161687590182 446466.6468419077573344111 17.29247182003279093009951
85422.65431714443548116833 446466.5601992225856520236 17.72298915270071617555914
85423.49364195346424821764 446465.8261886779218912125 18.37240878433642521372349
85440.89726587203040253371 446457.7705711254384368658 15.1709000816990453586186
85420.34494568544323556125 446451.1409389837644994259 14.28229502820267704521484
85448.36383297493739519268 446454.4976955300662666559 12.10849727971077349764073
85448.76329364698904100806 446454.6600285731838084757 12.00443769341308808407121
85438.59043844547704793513 446467.835047202417626977 18.00004321833610632097589
85447.73337724241719115525 446459.64490961201954633 12.11889562761587768591198
85445.1459538222843548283 446456.0598698520916514099 12.1448877445076917069855
85431.36892470947350375354 446508.1841530839446932077 8.735231308009888451238112
85425.10283564447308890522 446461.9608801111462526023 17.98476983902424919392615
85425.80354465017444454134 446461.5893792988499626517 17.87612921266812904264043
85425.41607768058020155877 446462.6287204534164629877 17.86802610023584492182636
85441.43867252547352109104 446459.8645453965873457491 17.98371117095884841319275
85395.12782400194555521011 446432.3553332818555645645 1.99120460975626034638708
85447.67166312810149975121 446456.6796680282568559051 12.14264209695567586777543
85409.41118145342625211924 446438.7491330602206289768 12.16786908868349570411738
85406.62643116575782187283 446440.0134632134577259421 12.17209250339452175637689
85406.07045389979612082243 446436.9223492720047943294 12.10448102466013864386696
85442.63372257052105851471 446462.4230749467969872057 17.38630203460812140292546
85441.59904027701122686267 446461.5635878979810513556 17.81515967733182748133913
85444.84899121949274558574 446462.8727170195779763162 17.86188925840025021329893
85446.14056081518356222659 446457.9443057921598665416 12.16340600955372153180178
85443.7816660064272582531 446456.779665001027751714 12.14780137550922312072998
85448.47088335191074293107 446465.1644115006783977151 9.716564798458616536436239
85343.70551686589897144586 446435.8702993280603550375 10.02668098906096538769361
85344.58767290029209107161 446433.7785696464707143605 11.11560900753164915499838
85343.77521311849704943597 446435.7026979238144122064 11.82178829615389048512952
85411.66289361487724818289 446458.6144123190897516906 15.41456482288926466139856
85412.49711587451747618616 446459.4968614759272895753 14.76879044250243389058141
85448.18921442553983069956 446456.1323196596931666136 10.67295078306556455061127
85447.49402010331687051803 446460.1546370344585739076 12.48770999083286703523754
85447.36926247377414256334 446457.7360318974824622273 12.14392504372069403473233
85447.15532239076856058091 446458.3541188020026311278 12.13684681275020871282777
85447.22744620736921206117 446458.5781120775500312448 10.39519004636504995175983
85405.33656764590705279261 446443.0677079603774473071 13.69490765278818322769894
85407.50228207233885768801 446444.0948705598129890859 12.32689018613684339698011
85405.68260339685366488993 446443.2354132921318523586 12.69930084769277200962279
85430.1548369907250162214 446467.0741129866801202297 -1.062293660687179785995227
85420.40220441663404926658 446461.6099804941914044321 -1.062293660687235075101853
85384.92012223310302942991 446477.3036925164633430541 13.11610454196766539780583
85386.03717299700656440109 446478.0512539074989035726 12.68810334975009368463361
85385.36487852038408163935 446477.7910289512947201729 13.5208293784141471149951
85447.7248368241562275216 446457.2443017555051483214 11.38533588018462161528532
85447.72248199462774209678 446457.2297770166769623756 12.04366503562306967012319
85417.25751938550092745572 446451.9005063570803031325 16.11314571959741570594815
85418.81075116751890163869 446452.7557850105222314596 16.32507682616316913026822
85416.24318063940154388547 446451.6847739986260421574 16.3172619207915623462668
85401.62586088030366227031 446452.2342411860590800643 13.37242781165601890336347
85403.31202353317348752171 446452.8421283629140816629 13.26404545876297547124523
85424.55116617689782287925 446452.7296157738892361522 14.58983568454812917991603
85423.17933613495551981032 446452.6519384384155273438 13.86763602899945091451173
85422.95188458397751674056 446452.3501123418100178242 14.13846996124186894405739
85436.53183049167273566127 446469.5784116159775294363 17.4755361739588686020852
85448.43918171987752430141 446459.8295679654693230987 11.92346413097631696587086
85447.43960468232398852706 446460.0642596743418835104 11.76312578930698293788737
85434.09991877413995098323 446471.2494153946754522622 16.99290461197389134895275
85431.96868184485356323421 446470.7201578352251090109 16.88721415395276537196878
85432.90186120712314732373 446470.305578762898221612 17.46990302400968531060244
85362.82843030095682479441 446434.550573635206092149 15.5271662554983524984209
85361.14433788352471310645 446434.7095836960361339152 14.83797736732345917687326
85359.54714478623645845801 446432.319826982100494206 16.68369685450220885059025
85384.18847229331731796265 446432.4487439265940338373 9.422067952226182541153321
85382.04858888851595111191 446431.6318597114877775311 9.842491400571088178139689
85408.92234998178901150823 446440.7624637836706824601 12.16956352501300919755067
85433.19031143879692535847 446448.6253928677178919315 -1.062293660687179785995227
85372.09551656291296239942 446456.3438622424728237092 18.36880443314432298507199
85372.24798275127250235528 446456.4062621124903671443 19.22512916953195727387538
85431.93610391661059111357 446478.3811047408380545676 -1.062293660687179341906017
85383.98571591274230740964 446452.6664038207964040339 13.750753537348883170921
85383.06524553023336920887 446451.6228247166145592928 14.47426648790324499316284
85385.29199675412382930517 446451.7616931906086392701 15.40288529594672084499507
85398.10327986895572394133 446444.5897087943158112466 15.75139583395635689555547
85400.17783878112095408142 446445.3486075199907645583 15.73699692377238257279259
85398.74991444830084219575 446445.9912305021425709128 14.47516457999074290796671
85345.96521783684147521853 446447.5125059149577282369 -1.062293660687179341906017
85353.4942562541546067223 446456.4735807283432222903 -1.062293660687146257259883
85358.59144253296835813671 446450.944050719088409096 -1.062293660687166685363536
85337.75596455761115066707 446449.9536311277188360691 10.46528290507462521929938
85337.23645840551762375981 446450.0561712321359664202 9.871435502146923113286903
85338.12027332696015946567 446449.0894716231850907207 9.927770442180285925815042
85384.22551595840195659548 446432.4650842623086646199 9.71522826727192168050351
85406.97788534140272531658 446498.9002221097471192479 12.4776516901284377780712
85414.97741751195280812681 446457.7630659537971951067 13.36930522082753824975043
85412.80624680621258448809 446457.5895537849282845855 14.23481887337094242695912
85391.2912038713984657079 446430.7639958384679630399 4.836184441787952259517169
85391.00613684093696065247 446430.6461412329808808863 6.540742730156721584933166
85388.21669223665958270431 446430.0336946535389870405 9.52285397460478577613685
85387.85793173110869247466 446429.7535457175690680742 9.789418009487780736321838
85388.2238215441902866587 446430.0051437854417599738 8.230073466709907137328628
85419.30905472338781692088 446484.2748626473476178944 17.55299306531197345293549
85420.64502291609824169427 446485.3370923628099262714 17.19849052862523208773382
85419.17295737005770206451 446485.3180510328966192901 17.16901166217772001232333
85400.54813516588183119893 446449.7960749795893207192 -1.062293660687178897816807
85407.18741795457026455551 446449.91003315249690786 -1.062293660687176455326153
85353.80132380097347777337 446466.0440696770674549043 15.65334053016277415792956
85353.92317206102597992867 446465.1984933099593035877 15.59784381600201186302002
85400.96776146341289859265 446484.3825071054743602872 13.71439880002936284597581
85401.47482560818025376648 446484.4020569366402924061 12.73934687565833812072924
85401.8231674210837809369 446484.8108911220915615559 13.82348971118468128338463
85401.9597989376779878512 446441.7280189750599674881 12.17875933883050620920585
85402.59742882344289682806 446441.7067186292842961848 13.76842747207870587544676
85401.87340396521904040128 446442.5550250678206793964 12.18079119281998501378439
85410.61048698033846449107 446441.9635687549016438425 12.1696180492809187256853
85408.9453545541618950665 446441.3176925855805166066 12.17055087154977854879689
85420.38961839715193491429 446453.1951756130438297987 14.98909093472216014220066
85418.96500153322995174676 446452.4439623602665960789 14.71736441932737626814287
85420.45722093820222653449 446452.4499100798275321722 13.78352395740741798135787
85413.40711231368186417967 446448.6787244780571199954 12.49286676485304070638449
85412.95223460262059234083 446448.4938513488159514964 12.49857291064930109314446
85413.25498078376404009759 446448.2379098857054486871 12.17304131715561688054095
85428.16621633636532351375 446473.5402015643194317818 17.49732920269483571473756
85427.16625022763037122786 446473.1207894356339238584 17.0044035598657465868655
85429.06596765830181539059 446473.6918640555231831968 16.96514608152669723040162
85403.68485034984769299626 446498.0261988156125880778 12.16111815967190779019802
85401.27314734956598840654 446497.721873098926153034 12.16326747814277453585419
85401.57041066110832616687 446497.1265156798763200641 12.162754675053477626534
85401.74479598956531845033 446496.6115297458600252867 12.65096004305774179954369
85421.98724050381861161441 446443.5693987793638370931 12.13410875708584057974804
85422.78228308577672578394 446450.5470046848058700562 15.08479497017702897210256
85423.03766048992110881954 446451.2529171901405788958 15.09248198895478587644448
85422.31797406371333636343 446451.1406128595699556172 15.09628797337096450803529
85424.83053523900161962956 446452.0866053012432530522 16.01414138844397783145723
85375.27995326492236927152 446472.7814641641452908516 -1.06229366068712671733465
85372.55254716819035820663 446481.9067391183343715966 -1.062293660687173124657079
85383.38237097414094023407 446483.6324538345215842128 -1.062293660687178231682992
85406.73108383172075264156 446441.0095361281419172883 13.46300336898180383116141
85408.71772364775824826211 446442.0332492583547718823 13.79304497595532730258583
85406.14170963606738951057 446440.8691022527636960149 13.79929294359961211569043
85396.32788112788693979383 446443.2270407348987646401 14.97393178006003111590871
85397.07691705285105854273 446443.4654280122485943139 14.96717470404708016928907
85423.51588987928698770702 446454.9033736642450094223 15.58701681641469072303607
85423.1519068698980845511 446454.8798752312432043254 15.7834676641006996788974
85423.15975484775844961405 446454.293318310403265059 14.88485134921742769620323
85410.71737744932761415839 446461.1579827893292531371 14.75393636636348659862961
85409.51494702739000786096 446460.8479427574784494936 14.98878009793542176453229
85415.49290101166116073728 446503.272294633905403316 -1.062293660687177121459968
85376.58550190865935292095 446429.184522923780605197 6.537882272529790483872603
85373.2658484026906080544 446427.7860757065354846418 9.780583296086044597927867
85385.8443353222100995481 446433.1587778568500652909 3.593659349065210673046522
85384.97178117092698812485 446432.784352055168710649 2.743192497185847233964751
85416.99575907134567387402 446507.7714560587191954255 6.735926733890661211034967
85381.81000668779597617686 446457.1753402936737984419 -1.062293660687188223690214
85400.33221287270134780556 446444.9451410186593420804 15.06097903057684561645146
85428.201921409199712798 446504.0237091308226808906 18.52921653059035023147771
85411.29255524810287170112 446448.9731741377036087215 14.27567067753956919773373
85409.52868022178881801665 446447.97813361173029989 13.87425935882021654776963
85410.23825751480762846768 446447.5041604450671002269 12.70487446045693857854531
85397.38199592748424038291 446433.4152735628304071724 9.623562470726644946239503
85397.39238819445017725229 446433.402227340848185122 10.51044028078120362579284
85390.18362787108344491571 446474.2197748708422295749 14.84218634229223710008227
85390.00328349739720579237 446474.9732683160691522062 13.84497386739724156257125
85388.61291770129173528403 446474.8325605726568028331 13.32398982283475064036793
85392.4314596274052746594 446431.2369927322724834085 1.142020123058982372654668
85401.23445527328294701874 446435.0043122818460687995 12.16598213921989568575555
85385.16914455557707697153 446433.313308140030130744 9.853959157652356637413504
85385.06968065002001821995 446432.8270774830598384142 9.682142384752825847726854
85414.76143197475175838917 446451.5493899976718239486 -1.062293660687179341906017
85410.17814585480664391071 446448.6902223651995882392 -1.062293660687178453727597
85379.9098001019301591441 446430.7669214501511305571 -1.062183397405310980587956
85378.52826360629114788026 446430.0186184438061900437 2.714496676073095304815297
85386.2010296736698364839 446433.3119510633405297995 1.821132408966089410995437
85387.01347138380515389144 446431.5175054221181198955 1.467882323166113334167449
85386.59730196466261986643 446432.5296346812974661589 2.868078340280918681060029
85331.86772673299128655344 446458.8956335200928151608 1.638905253546652174279075
85332.35244579178106505424 446459.3728811453329399228 2.383594017662128194956495
85332.1273953492782311514 446459.1924453823012299836 1.047340866067977493969465
85441.287169176313909702 446483.6374668843345716596 8.871004613378435266213273
85440.70698855951195582747 446482.7674705156241543591 8.873335845274045396990914
85433.34850429552898276597 446502.9001164932269603014 17.16764020660116329963785
85433.41367363356403075159 446503.240190973796416074 16.48668051457173078233609
85346.35346100722381379455 446445.8851773288333788514 13.98052237188966095970954
85346.37960456105065532029 446445.5936821401701308787 13.52215150924164177581588
85347.39176642570237163454 446446.8362576765939593315 14.77755290772554097600278
85402.74930006223439704627 446450.0178465385688468814 15.01055443433091518556921
85403.50022757743136025965 446449.6292072375654242933 14.1267920873622578881168
85404.32068807115138042718 446450.5099577588844113052 14.80834814374470909115189
85406.0928796025546034798 446453.9657826318871229887 13.22918420939021366677935
85404.88654259619943331927 446453.524504409113433212 13.29960882640017238998098
85405.49456061508681159467 446453.3202125505777075887 13.79444959770933998299824
85353.70736917997419368476 446431.0702076071174815297 -1.062293660687182006441276
85353.25621478773246053606 446425.7993258744827471673 -1.059544102165093981682276
85360.26613736286526545882 446433.2285817762021906674 -1.062293660687178675772202
85369.17107927057077176869 446454.5206059632473625243 14.44310209491344210164243
85361.78184593813784886152 446466.6078605958609841764 14.92762272825914671159353
85362.93517122890625614673 446467.3785991867771372199 14.62480621331637387072533
85361.83186361750995274633 446467.9845131854526698589 14.79957391857910664612064
85366.9953027426527114585 446434.7759512931806966662 -1.062293660687165797185116
85353.88866600378241855651 446442.37451636150944978 15.95580335565886009874248
85357.23640249477466568351 446444.1800473350449465215 16.72257514244602916164695
85356.14533615809341426939 446446.9737263736315071583 16.7430384403272078941427
85332.353830616848426871 446459.3742516851634718478 9.012088457458416357326314
85349.83547974593238905072 446473.9717913333442993462 -1.033583915101705663630582
85353.03904014037107117474 446476.6102140857256017625 1.369535078755345969270252
85353.04442818248935509473 446476.6001570427906699479 -0.9710406136689125888850072
85377.93548341358837205917 446479.2160609776037745178 14.15069968764586860743293
85378.34216576673497911543 446480.0244013189221732318 14.34395604380233280039647
85377.65737798789632506669 446479.7084656389197334647 14.99429232112934862186648
85368.89828890841454267502 446458.7113398557994514704 -1.062293660687183116664301
85368.37744973867665976286 446466.4205366037786006927 -1.062293660687178675772202
85372.51284110748383682221 446465.5542189918924123049 -1.062293660687182228485881
85370.50686606258386746049 446467.4997047875076532364 18.90954205460212378397955
85369.39365973089297767729 446466.8580668727518059313 19.06042439117370079770808
85371.30691093674977310002 446467.6356882098480127752 19.05741455355641988944626
85399.08825077700021211058 446471.2365062309545464814 -1.062293660687173346701684
85403.48114447815169114619 446492.5349864434683695436 13.76831481214410146662885
85403.10523544953321106732 446491.7756800424540415406 14.67934902546073949736183
85404.46253812273789662868 446492.1187097227084450424 15.00765341972346789134463
85429.94533311427221633494 446485.6985108567751012743 16.89264887057179365115189
85430.45032005083339754492 446484.9051638396340422332 17.85427819061320064975007
85430.73142901435494422913 446485.886230764037463814 17.02708806958968423828082
85407.16746068857901263982 446491.2503102686023339629 14.21461914318372876664398
85406.43765638512559235096 446491.4856990197440609336 14.87742901394111250112928
85406.37759515621291939169 446490.9160344696138054132 14.20572292517341494999528
85389.97013833092933055013 446489.9481254399288445711 13.71832731574061092771899
85388.91437677806243300438 446489.5074939844780601561 13.21040875572685635574999
85416.52326462866039946675 446464.4484251823741942644 -1.062293660687179119861412
85415.50763882148021366447 446467.7504747282946482301 -1.062293660687178897816807
85417.97647099749883636832 446466.7026092216256074607 -1.062293660687179341906017
85425.52637404936831444502 446504.1495043920003809035 -1.062293660687189333913238
85412.82221024754107929766 446465.4777276386739686131 13.99794993218337957330277
85412.48062346606457140297 446466.0059027185197919607 15.00519147668152264429864
85411.01686464335944037884 446465.3968974360614083707 15.00237814206433206720703
85445.51819180131133180112 446458.829034529160708189 13.88760479879152498483563
85435.16405292021227069199 446451.5430221734568476677 12.15142099747442827606392
85447.68926879641367122531 446458.7700636304798536003 6.172624164162249016385431
85442.81117611267836764455 446457.4136586340609937906 13.43894333455643064212381
85407.37790550531644839793 446462.4636108396225608885 -1.062293660687186447333374
85405.37416474150086287409 446452.4864690134418196976 14.99220383729653249815783
85404.85575962981965858489 446452.7703541459632106125 14.23097970919011423518441
85404.1678330882714362815 446451.9712783119757659733 15.01685653138054021837888
85375.53430216992273926735 446446.2730453717522323132 17.85883359526994595967153
85373.21589972822403069586 446446.4193935383227653801 16.177319430717332693348
85371.58957129757618531585 446443.7450918725808151066 19.07616443722479360189936
85377.86449357155652251095 446436.0272879896801896393 15.66593404832492986145098
85378.8613869012042414397 446434.395525143772829324 12.55631243591498247269556
85380.1468942243664059788 446434.6760227055638097227 12.05181737035759326204243
85394.83816012652823701501 446443.9086964579182676971 15.012517642785971005992
85395.4460235445003490895 446443.2210007053217850626 15.12756953892934497218903
85396.07901730445155408233 446444.4000164995668455958 15.04316934615984280299017
85385.98008957417914643884 446457.2858557896106503904 13.83702002492485227946872
85386.01193581330880988389 446457.8447409910731948912 13.67592807826127021542106
85385.45437026039871852845 446457.8038207637146115303 13.8395240924557132444761
85385.32520019613730255514 446457.1477103433571755886 13.67883693971879566220196
85375.74550116011232603341 446433.9961183753330260515 13.91218027336245910419166
85375.60940801231481600553 446432.7915973251219838858 12.14809811869776368098428
85377.04517555756319779903 446433.3859531755442731082 12.0497930963889370303832
85394.79135461935948114842 446439.8638923793914727867 10.34155047050615117143479
85394.94035445962799713016 446439.4916086909361183643 9.065116675817510127899368
85395.47756570292403921485 446438.1531732395524159074 9.70103946811759776380768
85399.08326226694043725729 446442.8877754990244284272 12.71967157794294855932549
85398.82883596561441663653 446443.8618596233427524567 14.36291910113594738618303
85398.43907964919344522059 446443.2299638603581115603 14.93504412680503712351765
85394.69297498598461970687 446446.8914332318236120045 -1.062293660687179563950622
85397.49819466136978007853 446446.6009794737910851836 -1.062293660687180452129041
85387.60010539398354012519 446435.4500176153378561139 9.852423114623100275366596
85389.96890392052591778338 446435.2176850528921931982 9.704005600721869129188235
85389.20000438651186414063 446436.7696081639151088893 9.852294433326989064880763
85383.12599368080554995686 446471.7069661457207985222 14.35200512307599751693488
85380.36654063576133921742 446470.1111872212495654821 14.90020701584150586427313
85381.58049065482919104397 446469.8371966897393576801 15.80024915505596716513992
85385.83207443745050113648 446433.3134254004689864814 -1.062277834226287964725088
85381.09679989686992485076 446434.9975583832710981369 9.854169964513896928792747
85381.19704135600477457047 446434.4015990219777449965 9.854486192540498734615539
85382.08207989420043304563 446434.9135860671522095799 9.853867305045342916969275
85394.30022610328160226345 446438.2185265598236583173 8.903766268013580287288278
85393.86837682602345012128 446439.5420333533547818661 8.891338794175275950237847
85393.48897750655305571854 446438.602594855532515794 9.20534308711341608955081
85374.06571083638118579984 446440.0090163496206514537 -1.062293660687180008039832
85377.2486546473519410938 446436.7368287488352507353 -1.062293660687179785995227
85386.41028287536755669862 446433.2284574272925965488 -1.052206296850966005251848
85411.13974657148355618119 446449.3751856408198364079 15.15368554802963352301504
85410.01496526981645729393 446448.9111602446064352989 15.02058952008637504604849
85410.95830660573847126216 446449.3014010164770297706 16.1132640110824745249829
85388.01838388391479384154 446429.4078828970668837428 6.42593145027476619901563
85371.92588099892600439489 446462.2061191742541268468 15.7138373170832181813239
85370.81133613284328021109 446461.6189896599971689284 15.90132742947151989199028
85332.11479700841300655156 446459.1822409385349601507 3.495421545240948280053317
85388.11984579966519959271 446469.5434830987942405045 14.72773860157693093242415
85386.31414434709586203098 446470.0058684386312961578 13.60228129001910879480874
85387.17994548198475968093 446468.9431691113277338445 15.0544242653164896950102
85418.22741625281923916191 446461.2276499422150664032 15.54375903456820395831528
85362.36328483701799996197 446476.3313052058219909668 12.53660622167777205504535
85358.89156368984549771994 446472.2578328017261810601 16.55332298234520038704431
85365.36302834398520644754 446473.1719554648734629154 19.05463379073114893458296
85348.45023142297577578574 446462.7514649084187112749 14.69169481341602256918577
85345.09136268451402429491 446461.7848191210068762302 14.68795118224920059901706
85345.05573687826108653098 446461.2805216311244294047 14.13269950807922903379676
85391.50748158352507743984 446470.7306940053822472692 15.05735049159970095900007
85391.54013194385333918035 446469.3563354045036248863 14.9826023801456411632671
85393.18280999101989436895 446470.2151989529957063496 15.11564744178116725947802
85422.92995041757239960134 446451.3898681646096520126 15.12660924342107904294608
85423.70322218512592371553 446451.6844004439190030098 15.43166237678557628498766
85432.18791257501288782805 446504.1270983105059713125 17.74671050231736657565307
85430.17874423909233883023 446504.347586792369838804 18.40015719510484260013072
85430.95896535800420679152 446502.4869047818938270211 17.01893732343634368930907
85389.94494605297222733498 446435.0551609232206828892 6.664998516207615075757076
85390.84945557806349825114 446435.1765806442126631737 6.795640044628557419059689
85356.05352830520132556558 446442.8506998191005550325 15.47697457770147444477971
85386.47653604373044800013 446432.8243587021133862436 5.604993605298641767831214
85386.27343578380532562733 446433.3198660621419548988 4.584610912286778194868475
85386.41316160612041130662 446432.976136716257315129 3.358506518797180984137185
85390.68758556901593692601 446439.0603502686717547476 11.84507496558474493042468
85391.97982077729830052704 446439.5977618276374414563 11.16183183383264498900189
85391.98626227345084771514 446439.5999456342542544007 12.13887091926774530747934
85387.14985599969804752618 446433.5939972987398505211 9.66868884256696325962821
85386.21798552255495451391 446433.3188000162481330335 5.83500540007623413885085
85385.55249618717061821371 446433.0343670735019259155 6.481866215986305412855017
85391.2331951796222710982 446435.7458931186120025814 7.169429051059723612127073
85386.48379851714707911015 446432.8075265061925165355 6.548016770423624954844399
85386.16114730523258913308 446433.2956822782289236784 6.864270790768365770873061
85399.63917721180769149214 446448.2457071880926378071 14.4060257604963446453894
85398.40554001201235223562 446446.8183565651415847242 13.31884443071827739402124
85401.4374947442120173946 446448.1143713831552304327 13.2982997068179802369059
85424.02573594503337517381 446486.521636087098158896 17.89586410969815943872163
85422.13484798723948188126 446485.3676266662077978253 18.53120534205450198328435
85424.08529536380956415087 446485.1202996610663831234 17.89811155029988753994985
85422.71554235400981269777 446485.8462168890982866287 17.58038105852578070198433
85396.60253930400358512998 446435.3464578036218881607 10.17643907976965067518904
85397.52123524276248645037 446433.4137593155610375106 12.14452235528464463243381
85391.87177610567596275359 446451.2051868513226509094 14.45583201174383169984594
85399.37781600178277585655 446452.2594967943732626736 14.51556295120965422995596
85399.44097712055372539908 446451.7435490730567835271 13.86788624625365962117485
85366.05833935046393889934 446462.3693091749446466565 14.51170660110995136449219
85365.17423683393280953169 446462.3217323266435414553 14.99457141549515704070927
85364.1124674042803235352 446461.9717111011850647628 15.13563286430858489950424
85427.36018107394920662045 446452.3647864249651320279 15.45806500476410327848953
85425.66676394532260019332 446451.4439390586339868605 15.12482906121218917405713
85441.57206689639133401215 446455.9931138146785087883 12.14942614253298636128875
85423.69408234319416806102 446454.7116369706927798688 15.97941234466533089175755
85423.93736869748681783676 446454.15147848502965644 15.77887261739706481478152
85425.59549727596458978951 446498.9643831663997843862 17.84943683264419078682295
85428.36486978702305350453 446498.583393716427963227 17.99368129087233114660194
85375.8139927877055015415 446460.7038604107219725847 17.98036417533050368433578
85376.14419857849134132266 446459.865407261997461319 16.49500057057467827803521
85377.01085553670418448746 446460.8576908427057787776 17.46768107001146930201685
85411.45559659134596586227 446458.2844208695460110903 15.62363602437975984571494
85410.6983612223993986845 446457.5555577910272404552 15.23708761406677680838584
85411.19472925484296865761 446457.0047151961480267346 14.33333951341213108321426
85401.2774400350172072649 446441.4742294216994196177 12.18020169994943913138741
85401.84505310779786668718 446441.3997546139871701598 13.69294331594870328672187
85419.00579448847565799952 446465.5084996408550068736 15.96831699336710208569912
85418.76511002953338902444 446464.9422486632829532027 15.76497733898929709539516
85419.49769287022354546934 446464.5416270645800977945 15.94627491155720733218004
85405.12862354464596137404 446497.8356995955109596252 12.92184044187159841499124
85404.12131491591571830213 446496.8850374030298553407 13.72232132142188731904753
85401.84644638421013951302 446441.4150920254760421813 12.63048986633409676016981
85386.6532507872034329921 446458.4021914026816375554 13.77519695360463636291115
85386.03926296258578076959 446458.0345546900643967092 14.22596576174082727561654
85419.98114262770104687661 446450.4334829445579089224 15.00806076800863841924638
85420.40255336361587978899 446449.3768915050313808024 15.08806149559878662103074
85421.37301132077118381858 446450.5111493096919730306 15.09592205450979207626006
85396.99386887892615050077 446442.5057168875355273485 13.45583471689208643340407
85421.78959888916870113462 446453.1683344661141745746 14.0374004550555930848077
85420.87276395976368803531 446452.9208513871417380869 14.23893383902630915827103
85410.30944302407442592084 446442.6992306563770398498 12.17183753665882228744977
85403.77836871508043259382 446455.097219591960310936 15.62252010581103078834531
85401.50710890720074530691 446444.1130613323184661567 13.05474180012425478025762
85423.51405905841966159642 446450.7378992532612755895 15.50853831943297400641768
85423.61961401150620076805 446450.7851743757491931319 16.38783030927079309435612
85423.85198185274202842265 446450.822507013042923063 16.19487698189265501014233
85415.96320945577463135123 446451.3661971097462810576 15.37888654024376755558023
85416.49803026778681669384 446451.5876574883586727083 15.93159984501000181467134
85421.99272236744582187384 446457.3707064434420317411 15.71995569886779975377067
85422.43016801732301246375 446457.5474868051242083311 15.53144563257985488746726
85422.58346165361581370234 446457.284391350403893739 15.93817389660101468962239
85422.6055738800932886079 446457.2332181818783283234 15.17281761676277085371112
85421.73915285008843056858 446458.7866746719228103757 15.95085146569277689820865
85409.80998491329955868423 446463.1115412802901118994 13.88427387243435617847354
85409.25978760041471105069 446463.3947692865040153265 13.26107701102985814145541
85408.64914656811743043363 446462.7747396215563639998 13.70678424079251200851104
85402.44625274656573310494 446465.3918221514322794974 14.32428173261083514944403
85403.82093763630837202072 446464.9933897558366879821 13.40953195828766020269995
85403.73511299349775072187 446466.256188961851876229 14.73086283222363768175001
85417.5916841972793918103 446448.0696463501080870628 15.05512312472684222086627
85415.78584694243909325451 446448.6185686443350277841 15.06336258567027464039256
85401.07476117330952547491 446449.8310142288100905716 15.1177445559398364594017
85401.10965203859086614102 446450.7056165794492699206 15.01754203400107101629146
85410.99237977383018005639 446445.710151951527222991 13.7052115134982859245838
85411.14540553296683356166 446445.2249158606864511967 13.68769955212738231864478
85414.43474941188469529152 446449.3420237254467792809 13.12186444542113861189137
85414.41596644275705330074 446449.5853024187381379306 13.58484543504987662743133
85413.76973174797603860497 446449.6482939256820827723 13.74020481202057020198026
85413.67044357852137181908 446449.2754828438628464937 13.23568604534996850929929
85368.9959754456504015252 446470.1924640333745628595 13.91095239150611106992983
85370.74588910302554722875 446470.4029256667708978057 14.68250066173445844697198
85371.01797815979807637632 446470.853196228388696909 14.17344469012181562561636
85369.49074791709426790476 446471.0625297508086077869 13.72988269451243326102485
85386.9590052550338441506 446437.5095184139208868146 12.10232932955680595910053
85389.64088766016357112676 446438.8254168784478679299 12.49659441863224884627925
85385.53557953173003625125 446437.9988405063049867749 13.82681974566619231836739
85406.08080631974735297263 446443.4479607061366550624 12.17693914492792117698627
85379.53306037998117972165 446461.0798051512683741748 16.20446954434276420897731
85380.0837792590755270794 446463.3937657500500790775 15.49181477903594128520126
85377.36780419411661569029 446461.9483548111747950315 17.15898337986766009066741
85406.78350188856711611152 446454.8838437843369320035 13.98551927010058371081413
85405.37278201883600559086 446454.1296455960255116224 13.78208545837915544041152
85395.14211560136754997075 446438.989447853819001466 11.6376028761712557724195
85395.31271717321942560375 446438.5828991744201630354 12.07933843299999132625544
85394.55751319311093539 446440.4775387313566170633 12.09456732032823111921971
85395.49400415885611437261 446439.1255393162136897445 12.18413518089669089761173
85395.98379129731620196253 446445.8621373734204098582 13.3124101490159798544255
85397.30131783393153455108 446445.5639346337993629277 14.26532089529033342500952
85408.99746250390307977796 446455.9079762374167330563 14.11186040420804488348949
85409.8558519901562249288 446457.3748368046944960952 15.43783665333153543031131
85397.55397371549042873085 446449.4905235965852625668 14.63083612152816392892873
85397.69470133699360303581 446449.3092491831630468369 14.99595264881505585208288
85398.81635630709934048355 446449.755082213319838047 15.02395940140667995876811
85414.74531165056396275759 446455.0012739625526592135 15.01470631127243926528081
85416.4864001542009646073 446454.9083300976781174541 13.98663662338977964338937
85416.49624879166367463768 446455.7020730216754600406 14.98177095330567354380946
85416.89419749160879291594 446451.3115017741802148521 14.30153450288141492308114
85416.42445906238572206348 446450.8798495660885237157 13.93896255956909691064993
85403.25657958348165266216 446446.6859929041238501668 15.88240233297261561062896
85403.66171613738697487861 446448.4218871158082038164 14.01603065918931356748089
85412.65854463209689129144 446448.9426170866354368627 13.3669032804972847117142
85394.52257740891946014017 446448.0452870408771559596 14.92456981658452086492161
85393.82983951145433820784 446447.7393719790270552039 14.95441174215778445955038
85393.59929387678857892752 446447.4376007341779768467 15.13107133673902282566814
85408.13692147632536944002 446448.1365688910591416061 15.51705598781206951741751
85408.0550103288987884298 446448.2898367596790194511 16.28544029805400583654773
85406.56537384171679150313 446447.4866959472419694066 16.03832390809839480994015
85388.70203687562025152147 446430.985850247903726995 6.600982873811577889000546
85388.91415672264702152461 446432.6280177515000104904 6.617371637286598939908799
85396.30307663982966914773 446440.8227706265752203763 12.18506097831282453114454
85387.60419139648729469627 446430.0757652599131688476 7.968675450118539949073693
85371.36077685767668299377 446454.4537158479215577245 14.96271504280285746801837
85372.53660663677146658301 446455.5596823189407587051 14.02446358604373166656387
85371.24136010787333361804 446455.4303354753646999598 13.94103128920259671019721
85377.15693830665259156376 446451.5483019123785197735 -1.062293660687180896218251
85379.4073845331440679729 446438.8587550926022231579 19.00076042061830960960833
85396.62742764365975745022 446449.2156164817279204726 14.94617821300003335238671
85396.30712976556969806552 446447.4132032530615106225 15.0931093281996027144487
85396.57527400883554946631 446449.6611967725330032408 15.01568520090991931681401
85375.36904758791206404567 446434.3640253212652169168 -1.062293660687178231682992
85397.17416149831842631102 446444.6288760841125622392 15.14193931810365256751538
85394.9008497511240420863 446442.6454012065660208464 14.9892766051709749319798
85402.47786123902187682688 446451.2735209540696814656 15.01600749248818900127844
85376.75883790881198365241 446429.5902714878902770579 9.853818403371111145361283
85376.35748599749058485031 446429.0866277212626300752 9.685093933545600108914186
85378.91769650983042083681 446430.2562188392621465027 9.827621562722868020500755
85392.00339575156976934522 446444.16694487608037889 13.30198573693522945404766
85391.56278720288537442684 446443.8807429357548244298 13.50500521228408246088293
85391.96146016227430664003 446443.721365914330817759 13.81031288372253307272786
85407.46232629122096113861 446451.5897743935347534716 14.52561681573200225159326
85408.01051161607028916478 446452.216320009611081332 15.02857909423596360909414
85406.07254792180901858956 446451.6230585788143798709 15.11049343276712697559105
85402.8222440324752824381 446439.2766679113847203553 13.77648213967448853622955
85402.62690979395119938999 446439.4285215823911130428 12.33801194661910827221618
85402.33376126761140767485 446439.0091080887941643596 12.1751661667411550382667
85397.05809975614829454571 446449.1224638326093554497 14.88014579414474347629493
85410.13936691849085036665 446451.7325486985500901937 13.30428577284376423506274
85407.65746315446449443698 446450.6744428853271529078 13.31362372749728173459971
85409.0969785186171066016 446450.0578503191936761141 14.76112888050029070541314
85391.40353002714982721955 446444.7019959049066528678 14.24764621923736562791873
85390.58550668267707806081 446444.9074177578440867364 14.93404109675457647199437
85390.47478367257281206548 446444.4653421262628398836 14.43639370750742578763948
85398.6120147529145469889 446443.5977035406976938248 15.0471190108278953800891
85398.0135568006953690201 446443.6912462332984432578 15.12408144435539369965227
85406.38850448789889924228 446448.7807145342812873423 14.940420408556034814751
85404.24207590142032131553 446453.048722319770604372 13.42036704147788128693719
85404.76695613331685308367 446454.0085012137424200773 13.93814984680020074847562
85403.55604129585844930261 446453.4382329110521823168 13.85401489659649776342576
85384.53441774785460438579 446474.3216958271223120391 -1.062293660687146257259883
85395.80605473526520654559 446437.3304910003789700568 9.780080571422233859379958
85411.90348670640378259122 446440.8256663860520347953 12.16608757791111550261576
85398.08740165001654531807 446447.4257453230093233287 14.18189522555931958436304
85411.15675658932013902813 446459.513032340444624424 14.08340918011420583866311
85395.72313269802543800324 446458.4312700586742721498 14.12505524139701940100622
85397.61648056677950080484 446459.1610076181241311133 14.03464420981611304739545
85396.37075958175410050899 446459.2748077914584428072 14.9775801685206104707504
85408.58505680559028405696 446444.5805874778307043016 13.74468362338249782794719
85400.16214989266882184893 446450.3231347755063325167 15.00512528609235474164052
85400.33627182252530474216 446449.0138945150538347661 15.00779761720264815494374
85401.15680218671332113445 446456.0403235741541720927 13.34047955433369203603888
85401.11120460716483648866 446457.3431778057129122317 14.97519934417816678262625
85398.99417921440908685327 446456.0602839695638976991 14.47568265549684696225086
85424.61600932221335824579 446451.1848219334497116506 15.38749917851228765641736
85378.62896170253225136548 446441.2119373836321756244 15.32536683539342625692825
85377.00494400796014815569 446440.7276028067572042346 15.04041714238625537802818
85376.83390832068107556552 446439.7791706967982463539 16.38025827965492453586194
85383.06517065157822798938 446490.183622947777621448 12.17628846797229869025614
85381.87276991824910510331 446490.6579985335702076554 12.17741025453903880304551
85382.25051922208513133228 446490.0595377275603823364 12.17565695957566518359272
85400.01683238704572431743 446450.3508332910132594407 14.87143318395108160245854
85397.90707236164598725736 446444.5415742683107964694 15.1225824424121295663781
85391.50147630217543337494 446444.3431939751608297229 13.74272436833979149639617
85399.14352675482223276049 446448.5479108053841628134 15.04462221549241540685671
85373.28222139288845937699 446451.521629458584357053 17.76456717625733006116207
85372.46714741703181061894 446451.7928403278347104788 18.67241134702080529450541
85370.71098226268077269197 446450.9222030950477346778 18.4694334934691433147691
85392.76776493788929656148 446439.9257757809828035533 9.288901964172911362993545
85393.56100141846400219947 446440.223975691944360733 8.909060646210615885820516
85396.56016230731620453298 446453.525064542016480118 14.00422124375084287351001
85395.11977355058479588479 446453.5944416160346008837 13.41921933602171534971603
85396.08564379006566014141 446451.8944275097455829382 15.61838467884664716223142
85393.59422424015065189451 446451.4412582307704724371 15.02964068484270043768447
85417.38673877545807044953 446505.2027254145941697061 12.15396792349285703949135
85402.12348331675457302481 446451.2883807189646176994 14.77039409168433081731564
85403.73695286984730046242 446452.4892526655457913876 13.9557568850811044569582
85390.92830843079718761146 446439.112793938082177192 9.852935200071135213306661
85390.28831366717349737883 446438.6223677988164126873 9.853352634421050026958255
85390.56091971500427462161 446437.863554787531029433 9.85351510697777932534791
85373.52394075658230576664 446452.6761983506148681045 19.52880977485762059586705
85373.40923114707402419299 446452.9960051238304004073 18.51602340022614257009081
85373.15012039730208925903 446453.7052290408755652606 18.90487410434266379866131
85365.62840148671239148825 446483.1673884898773394525 5.102684816133167267082626
85364.8053558848041575402 446485.1261022441904060543 6.898608619867655278312668
85364.53423405524517875165 446485.9957118206075392663 6.559071560128889366581006
85370.96698710614873562008 446476.4626116884755901992 -1.062293660687179341906017
85368.9270493870135396719 446470.6097976608434692025 -1.062293660687177121459968
85405.48339302460954058915 446454.6842149019939824939 14.38764287905534366984739
85388.07481953247042838484 446430.5035043223761022091 9.658572497278024471256686
85376.09789432094839867204 446436.8568769373814575374 18.0431019857089083302526
85398.26079726290481630713 446465.5891785828280262649 14.97778429682250767029927
85398.78015577391488477588 446466.6635583803290501237 13.67704761373495614407148
85397.72874958701140712947 446466.6530452042352408171 13.21611857785308075108333
85396.89824888459406793118 446446.8229705661069601774 14.04509196060939046901694
85414.11294813455606345087 446463.3418741193017922342 15.70902504578482350439117
85413.03911069133027922362 446463.3015698694507591426 16.11652506612266577690207
85412.83991193758265580982 446462.7269581837463192642 15.3896145850698058410444
85428.46966781580704264343 446473.6800726856454275548 17.7998017391939136189194
85427.44331770406279247254 446473.23711784603074193 17.62662385018407462666801
85402.64766023684933315963 446448.9349087708396837115 13.69863197652439978924122
85403.07783693350211251527 446448.7375196635839529335 13.35078805285664493851527
85384.16992356510309036821 446458.9859168630791828036 15.13682407680719421705362
85383.48468846599280368537 446457.6178529367316514254 15.13662225242686965032135
85384.71326438734831754118 446457.0834843941265717149 15.13533972557679341264247
85389.7468092884955694899 446442.2132506518973968923 14.90208925999739442147529
85390.24218245752854272723 446441.8678178269183263183 14.71469677649272078667764
85390.37172357337840367109 446442.5197260286076925695 14.4862680258347360506832
85403.59027658888953737915 446439.6227497141226194799 13.7771689257237515136012
85393.84522372834908310324 446440.3752563849557191133 9.603006559181421764037623
85394.14807897103310097009 446440.5012250717263668776 8.90567498805209289969298
85394.23667449281492736191 446440.5380752230994403362 9.374525303137478005055527
85389.18883523250406142324 446450.647190641553606838 13.79085948416391715909413
85389.74717810633592307568 446451.455131448688916862 13.53404169697535941452315
85393.02027890387398656458 446436.5017192036029882729 9.709766914472087506737807
85391.20318690425483509898 446436.7308305835467763245 9.852102546746397848664856
85399.69215168571099638939 446450.9632942965254187584 13.73450591159088496340246
85374.02164080756483599544 446447.5823247895459644496 14.92152856465420995846216
85389.13454303296748548746 446438.2980089455377310514 9.853323905210721989078593
85387.98638843542721588165 446437.3125574418227188289 9.852776747584426786374934
85343.76664655109925661236 446458.9793529829476028681 15.08312777051185982202242
85345.33441294862132053822 446460.2525210533640347421 14.14072824205431366806351
85377.05497382218891289085 446447.4644413368077948689 17.00468276544481227574579
85359.19909891120914835483 446474.6322271845419891179 13.16017257780764992958211
85360.54228646076808217913 446475.5754527408862486482 12.40660479511789127116117
85347.97668597698793746531 446454.6602176094893366098 14.22333114425340916398
85351.1875237570347962901 446457.5700592417852021754 16.61024374924354773952473
85348.75118529501196462661 446458.1180346460314467549 16.26675342770131393876909
85340.79011926788371056318 446466.8096124646253883839 9.741204536608259800800624
85384.41267578964470885694 446469.4218079270794987679 13.63265696143899496917129
85382.68388787424191832542 446469.2892842644359916449 14.51920320453576174202226
85381.07426387422310654074 446467.8652583170332945883 13.66845358746925143123008
85363.08272796297387685627 446454.5216307285008952022 16.59153096343275635149439
85372.05900751991430297494 446448.6958609257126227021 14.32471159688594575243314
85370.6877789791178656742 446448.9234457563143223524 15.5115334917187812635575
85370.99835881272156257182 446448.421075427089817822 14.57433624694354179496258
85337.5914664216834353283 446450.3428933398681692779 11.18532711075874885864323
85338.07134714572748634964 446449.2050135663012042642 12.26109862617531121031789
85337.48954286081425379962 446450.6315054494771175086 13.03261959219434906742663
85392.17179017433954868466 446439.6774309476022608578 10.07662853598333541071952
85393.10728288264363072813 446440.0681578452931717038 9.978852715200357437197454
85380.45365889011009130627 446434.8041346243699081242 10.84040141445959015698008
85381.15473214577650651336 446435.095223674550652504 11.35493523548621475072196
85360.55647811824746895581 446459.0585434798267669976 -1.062293660687146257259883
85388.2156441303959582001 446430.0165220318012870848 9.739115701302946348505429
85387.68640732017229311168 446431.316016527998726815 9.850665898049735247354874
85388.16703507673810236156 446472.2887060363427735865 15.60964781233850651176454
85389.47540583460067864507 446473.0300839372212067246 15.79936652175520350738225
85387.9857583350531058386 446472.405933820700738579 15.8008282413847780389915
85378.97374583336932118982 446434.2494246393907815218 -1.062293660687180896218251
85383.06557542197697330266 446435.8896605413174256682 9.997945539878804410705015
85381.34657424759643618017 446435.1758929135976359248 10.19584121294231060517177
85378.94323631087900139391 446443.8799709303420968354 14.80889980587467391615064
85381.48064359558338765055 446443.9163095992989838123 13.79233031062886993822758
85380.67801531418808735907 446445.5764682628796435893 16.27764979691616176182833
85372.53547387883008923382 446430.9166903982404619455 9.856629158503171339589244
85374.16743348569434601814 446429.6518392405123449862 9.854815717147390685681785
85372.15988082195690367371 446446.2243914323626086116 -1.062293660687179785995227
85367.55511493529775179923 446441.412543656537309289 -1.062293660687172680567869
85335.04779436078388243914 446457.4146347760688513517 11.74542706075089881778695
85335.4981230397243052721 446455.7108894676202908158 11.95205560134457911658501
85420.21624341036658734083 446470.4763166031334549189 17.10771909559680636903067
85420.52781110096839256585 446470.8613265060703270137 17.46753870296068456013927
85420.20321086487092543393 446470.3495183690683916211 17.26398013520716290258861
85420.52595357551763299853 446470.8334637441439554095 16.9767337281582619823439
85445.14964532952581066638 446472.7332296786480583251 17.27833443413924996434616
85445.21592475018405821174 446472.3173531624488532543 17.01350651720707318759196
85445.66203181968012358993 446471.9016230685519985855 16.90990046543550917590437
85368.65694143157452344894 446431.1277144739287905395 11.67971407634754044124747
85365.3265090022177901119 446430.7390868017682805657 9.881105974721073437194718
85367.68171445507323369384 446430.7763949001673609018 9.858333675573879517628484
85366.34864150136127136648 446430.8591182196978479624 12.82574847148386965045574
85352.31102386867860332131 446438.4935594330891035497 15.06526254636613515458521
85353.44622736297606024891 446439.2613587416126392782 14.61122031892630523941534
85352.54405111889354884624 446439.1119948249543085694 14.27287640578275329517055
85441.50600256885809358209 446473.7352037917007692158 17.64263153664790806374185
85439.38585287470777984709 446473.1437370611820369959 17.3278503519690367795647
85441.12546425394248217344 446473.1520197500940412283 18.50118974730008858387009
85366.11450784215412568301 446438.1921553369611501694 -1.062293660687180896218251
85364.14784909294394310564 446435.8634455297724343836 -1.062293660687179119861412
85365.01661258003150578588 446484.6262325762072578073 9.589355394404888599524384
85364.59891128944582305849 446485.9795862925820983946 9.837891833221737769576976
85351.31470459460979327559 446463.9869581818347796798 15.16299688516426869000497
85360.74410474766045808792 446458.4544366906047798693 16.1396051578975097129387
85359.84547748607292305678 446457.0663007662515155971 15.95420693328433259239318
85360.90854780049994587898 446457.2550235333037562668 16.32296036908426373202019
85361.32103305819327943027 446457.7694891044520772994 15.81209839022310603695587
85376.61666300609067548066 446467.7065257603535428643 15.94505453482508094964487
85375.17626132378063630313 446467.6813920915010385215 16.81776882730554589784333
85375.83231306416564621031 446466.897680263442452997 15.21461417743522126500011
85355.97694665643211919814 446456.9196913029300048947 15.40687657220120598822177
85354.78899476795049849898 446457.6959214466623961926 15.28599529961611125372656
85355.39315218193223699927 446456.2021363085368648171 15.28441317832392520870144
85342.11217817896977066994 446458.5478308651363477111 14.70233537514480381958037
85342.1513019371050177142 446457.8653894861927255988 14.78134313731708893158157
85341.97801905150117818266 446458.6390533468802459538 14.48112765797464973616115
85346.07485510951664764434 446445.5179048472782596946 13.96615866213633694314922
85346.09441330289700999856 446446.0565137382363900542 14.40500184087014901024304
85346.32181715979822911322 446444.5282771895872429013 14.32648941763137173666109
85364.81630262460384983569 446468.4965100102708674967 14.14442408804505824093667
85363.61045379901770502329 446467.8214170205174013972 14.44860299729802122215006
85364.55559381119383033365 446467.906207225052639842 14.588091627213518819417
85363.68503116967622190714 446468.5720302845002152026 14.36958153820160255520477
85360.33816269993258174509 446475.4888859351631253958 11.03855874382506030428885
85354.95117674024368170649 446467.8045746264397166669 17.59912283117941456112021
85381.31873198797984514385 446466.4648436211282387376 15.12494919315922636826599
85379.99078034190461039543 446466.619293809519149363 14.09774297805069309674764
85379.93958341875986661762 446466.3041234334232285619 14.5346862747824108197392
85370.91256754013011232018 446468.2186303568305447698 -1.062293660687179341906017
85359.77423682373773772269 446460.707909762451890856 15.95324519751314085169724
85360.35284464016149286181 446461.3080806696088984609 16.50033094254380117149594
85345.630548415458179079 446451.8708902489161118865 14.84932737891708676158942
85344.40666373625572305173 446451.5568821750930510461 14.55681732788643678588869
85347.24962309269176330417 446450.7169141109916381538 15.25298993577870731996882
85345.38627159452880732715 446451.8417479309136979282 14.73976853823246280228432
85364.93884078212431631982 446463.9653509851777926087 -1.062293660687178453727597
85399.47584263489989098161 446467.3454189110198058188 13.16873855232709189522211
85399.08962623729894403368 446467.0710370458546094596 13.25456825119966453030429
85399.36463516960793640465 446466.9379592191544361413 13.62669138953121716895112
85348.85624343075323849916 446473.2056435670237988234 9.833638560221565683150402
85353.29388302155712153763 446472.1397622529184445739 9.873917569239369029787667
85357.50369729519297834486 446464.821373378683347255 16.06116053863636494725142
85366.64374035714718047529 446472.2207817697199061513 16.92214820348559811691302
85364.668914498106460087 446469.6104229263728484511 14.20737368895606245189356
85408.34814581008686218411 446481.7912163804285228252 14.76979357637505074762885
85408.92584328551311045885 446482.5817303478834219277 14.10642456284431389690326
85407.76181735951104201376 446482.3048525133053772151 13.86148747976415229743452
85408.13998565780639182776 446483.4535455628647468984 13.96126543012858789438724
85381.26653979789989534765 446482.3814865181921049953 15.13018596841065388503011
85378.71898350057017523795 446481.3627910179784521461 15.12455013628080813248289
85380.07676880309008993208 446480.7472400874830782413 14.98404443281097897511245
85382.01963676059676799923 446481.696195706317666918 15.13037330094699584037699
85417.06989559442445170134 446496.469383677002042532 16.74314392663715622688869
85418.34203181024349760264 446496.8722989094676449895 16.87824630362890587775837
85415.0737924366258084774 446503.5979388167033903301 12.15508035951591736534283
85366.09578818942827638239 446468.7672777795232832432 14.24982420688626660876253
85361.00209020610782317817 446469.3311962569714523852 16.09867202528099028313591
85343.08842368214391171932 446462.2947791587794199586 15.15328431291290911531178
85342.04621120613592211157 446461.2064940041163936257 15.4995215590155286378149
85341.19989453065500129014 446459.3328005147632211447 13.47956618128847949833471
85341.57577435046550817788 446460.6189236167119815946 15.2377780783570013767303
85365.05033156914578285068 446465.0838622462470084429 19.06404456026036342564112
85360.48376486069173552096 446463.1282661285367794335 19.07394893796323387391567
85351.08485670563823077828 446464.4788513354724273086 15.16391345917306665569413
85362.6975080188421998173 446458.5530418588314205408 15.49421482111184644736568
85363.70195150472864042968 446460.1137798639829270542 15.07003986888817870237745
85360.35753945763281080872 446459.9413577715749852359 15.75964466234349892204136
85349.40663628029869869351 446465.0578193406690843403 16.9290781208374738753264
85349.2766544641344808042 446464.3054663635557517409 15.87016686473666915446756
85386.16582254924287553877 446483.22457976418081671 14.99607371444635894874864
85386.96757062041433528066 446482.1763338625896722078 13.2905224482208588199228
85388.82148243948176968843 446483.5372077024658210576 14.02932029553848991554332
85351.33296733681345358491 446436.9645900532486848533 14.89090891089749746356574
85354.3835735876637045294 446435.7819358652923256159 15.45809785959878901451248
85353.42072859565087128431 446437.9536610586801543832 15.44465345363435559988829
85338.92002097873773891479 446447.3382088499492965639 13.08014498642676315398603
85368.18191159938578493893 446471.436123044288251549 14.76202293707737212002939
85352.12630220555001869798 446471.077765437716152519 12.08913323660466154763071
85348.46396546431060414761 446468.1966904817381873727 9.872975319755866507875908
85350.78775186713028233498 446465.1386414216831326485 16.18070206621078099828992
85350.35379970361827872694 446465.8440004510339349508 17.52558690957665277210253
85348.25475684553384780884 446461.1526563393999822438 14.60414530401651589386347
85350.85810339379531797022 446460.7430011898395605385 16.84586173008732501443774
85363.14614780098781920969 446471.1736344883101992309 17.53933559510055673058559
85356.88653279680875129998 446469.9124376910040155053 19.41990427048550671429439
85357.60765131951484363526 446463.0668409098288975656 17.54952784931870368723139
85346.1001090413483325392 446466.3055090360576286912 12.78358184922821649820435
85348.2691143992415163666 446465.8086031502461992204 15.92855327137447218888155
85358.7456619323929771781 446464.5598903253558091819 16.01133454392148181000266
85358.01105956293758936226 446464.4837269501877017319 16.10986098828777812741464
85338.90657393627043347806 446465.303228034928906709 5.853302053150356343280691
85352.47438490124477539212 446467.0546464447397738695 18.02320696507299047084416
85340.13357431338226888329 446458.8713167252135463059 13.39812685674463743623619
85340.27715586064732633531 446458.0491484795929864049 14.31264568362614397756261
85340.77683417570369783789 446458.508044369169510901 13.92977647032109622671214
85339.67525549000129103661 446458.7160881028976291418 14.31093556355505924670979
85345.9674404711986426264 446463.997236028197221458 15.91768379004521527519955
85345.34005796274868771434 446465.3833838654099963605 13.40983524342252763972283
85350.88387333510036114603 446464.6921358565450645983 15.44452950221304554645485
85374.48574417053896468133 446454.1562832985655404627 -1.062293660687176677370758
85375.33606818174303043634 446457.7913615782163105905 -1.062293660687181118262856
85365.61863056200672872365 446483.1902352414326742291 8.586838715012923728409078
85365.9271790956991026178 446482.458866169152315706 9.702587513185264356252446
85365.6088627221470233053 446483.2177843217505142093 9.734649613432940995494391
85360.46886818406346719712 446465.2013653228641487658 16.11763952036669778067335
85360.41116848385718185455 446465.6685474847326986492 15.37645672399351681747248
85360.31971949429134838283 446465.4213170382427051663 15.69201403691553231567468
85353.76756848009245004505 446457.7278883561957627535 15.22288703501717677113447
85345.48887595908308867365 446454.1702576783136464655 15.04637945947316524097914
85345.72980427405855152756 446453.5056450783158652484 13.88893761004414173498844
85346.39112310504424385726 446454.0266627981327474117 14.26021278290592597670638
85377.13431724379188381135 446442.5968057159334421158 14.00501800785195527510041
85373.61120207625208422542 446441.5829661890747956932 14.68052066274579203764006
85376.81289049285987857729 446442.0111413314007222652 13.83421628830437022372735
85365.71328154578804969788 446456.0181208953144960105 17.21366994866204080949501
85357.28517622113577090204 446447.9955372800468467176 15.90991626667329583710853
85358.15071561759395990521 446448.4696440821862779558 15.73469348357641450775191
85356.5777412563911639154 446448.0718568583251908422 15.35081496646121479443536
85354.07477210050274152309 446442.6183458887389861047 -1.062293660687189333913238
85352.0392782368726329878 446439.3719667139812372625 -1.062293660687174901013918
85348.89189239867846481502 446443.1961758247343823314 -1.062293660687178675772202
85393.94367114338092505932 446443.5644453643471933901 14.98132081158329498293824
85393.66719737935636658221 446444.0125882106367498636 14.30910534880280415848119
85392.11958666265127249062 446442.7717587172519415617 15.02557212005695674861272
85343.5235052642528899014 446443.8000267283641733229 13.7897482246900366931186
85343.83795057075622025877 446448.8045661631622351706 14.32077994484347094328314
85341.33802874306275043637 446445.7692051396588794887 13.48740612023485141435231
85347.8884577040298609063 446461.4867666115751489997 -1.062293660687187779601004
85342.45701080407889094204 446468.0551251716096885502 -1.039837698723129477684779
85358.38272016945120412856 446448.7241947202710434794 15.49484108294443451825373
85357.44868335603678133339 446448.8436590359779074788 15.12485559657158518120923
85349.02565057779429480433 446440.0989817312802188098 -1.062293660687179119861412
85344.05315934694954194129 446441.2512357504456304014 -1.062293660687179341906017
85354.68080288992496207356 446426.7110968416673131287 9.861119106516419208219304
85357.88563086610520258546 446426.1938177059637382627 9.802538124829025534268112
85355.99330899352207779884 446427.2256066273548640311 9.860586501329931863324418
85354.44046523141150828451 446431.2112249123747460544 15.33348184862217067347956
85354.99627606393187306821 446432.2739130712579935789 14.06254960314184820902028
85353.5104916085401782766 446431.7504247561446391046 13.92463831384234573818048
85369.87055112091184128076 446469.4201697733951732516 15.61772745865335032533494
85363.93365271073707845062 446438.1114478731760755181 15.49902702999296266739293
85364.31291718089778441936 446436.4220488794380798936 15.36461289721044032319242
85366.08807618381979409605 446439.1638500692788511515 15.75589425814129285186027
85352.98778850339294876903 446454.8849549784208647907 14.93118430103288041266296
85353.90009845932945609093 446453.8008680134080350399 17.00758511260332284109609
85355.05445955843606498092 446455.2085920681711286306 15.72768133423415548577395
85362.06206660912721417844 446451.9002091393922455609 16.12532468816803188360609
85351.27841897647886071354 446433.6526873965049162507 14.57497832975721685500048
85363.56726054442697204649 446448.4404339955071918666 19.07283322216353482758677
85362.85508036969986278564 446439.166962205374147743 17.64638219700999144379239
85359.69055832884623669088 446439.3947896778117865324 16.96683905197273389831025
85360.71208122148527763784 446437.52405214321333915 16.62840881037608653514326
85433.3271591364755295217 446496.460070765926502645 17.19839172370177848847561
85434.74771713180234655738 446496.730576593428850174 17.20681896360951412816576
85434.53839511745900381356 446497.0227587660192511976 17.83690745295802315695255
85423.72231764576281420887 446496.1446120701730251312 16.98101517972712670712099
85424.13571066531585529447 446495.6039800225989893079 17.00260994391360469535357
85436.53358348301844671369 446488.7030237445724196732 16.99390573699545470276462
85438.04257133232022169977 446488.1049463624367490411 17.87486172380472027043652
85438.01054865095647983253 446489.0967710439581423998 16.88908720879835811956582
85420.23066664859652519226 446490.6218881368986330926 17.08421401198841493851432
85419.78444131065043620765 446490.9299388779327273369 17.09701194594575923701996
85419.68329424651165027171 446490.2575856833718717098 17.07808681808489836839726
85417.2822040268947603181 446460.4597710319794714451 15.44646186790270370181588
85417.5947931336413603276 446459.800916066684294492 14.50534633612113921685705
85418.33879985434759873897 446460.6557135296170599759 15.15669777348181312959241
85418.80786411963345017284 446466.7223712627310305834 14.99512137084084528737549
85418.30315541877644136548 446467.9035616117180325091 15.98833429640046333020109
85445.72399219231738243252 446471.7718727138126268983 8.95184144937277537223963
85445.35218493390129879117 446472.8362053083837963641 9.219135298201390327221816
85445.62132269504945725203 446472.0228469856083393097 10.70746995932690381891916
85428.97968684160150587559 446472.1691646117833442986 18.37423587062917107459725
85426.94332965092326048762 446471.3666274230345152318 18.35516628203698985544179
85427.61349987899302504957 446470.2365987151279114187 17.60826786160372847689359
85424.44016651532729156315 446467.5379656503791920841 16.79742721700070262613735
85426.24439095942943822592 446466.9747020133072510362 18.39498288472170273166739
85427.3960115093068452552 446467.990764498827047646 17.48861007537383116527963
85427.03451777418376877904 446478.2477582592982798815 13.86112458992419504966165
85428.38714891893323510885 446477.309315674880053848 16.12721681468740086984326
85429.20466150250285863876 446478.7052174966665916145 14.52965684468475693336131
85432.73026869902969338 446503.1118675378384068608 12.06611780105654929684533
85433.12613502917520236224 446503.2455230921041220427 10.83486101494344744367027
85432.97451312710472848266 446503.1804833096684888005 16.69356015185504915621095
85431.92625335813499987125 446499.9013380430405959487 17.101157625080180224586
85423.51337889058049768209 446496.9142431080108508468 17.9888969061903232216082
85424.73402376986632589251 446502.4385750002693384886 18.55773455682052386350733
85433.60758325095230247825 446498.9342620242387056351 17.85406823060711900552633
85433.30033673692378215492 446498.3427053031628020108 17.84847685102803538370608
85433.45191236975369974971 446503.157857701531611383 13.52539926487296106927261
85427.63661102081823628396 446494.0478531718836165965 17.14956746482490501648499
85428.25213879426883067936 446494.42718404287006706 17.61318035912223223249384
85427.58454496022022794932 446494.1568715683533810079 17.86371109473029505920749
85432.35267032637784723192 446502.5035326976794749498 17.1462834929294771768582
85432.6241457616415573284 446503.4310750794247724116 16.87019897419704506091875
85431.89406753118964843452 446505.5114682054845616221 15.42933826709706757185359
85431.28041676346038002521 446505.7442317091627046466 12.98230227352925858497201
85432.1493837796151638031 446504.8446716755861416459 14.47696448366674992769276
85431.73292454698821529746 446505.577080161776393652 9.980550549589855435783647
85416.49842348703532479703 446474.0590863222605548799 13.64969978631248537226384
85418.47340652067214250565 446474.6936498514842242002 13.86938354427190134288139
85418.82089188478130381554 446475.2794966735527850688 13.6738381504433483826233
85432.69019478737027384341 446503.2346175875281915069 15.0462124589444510291969
85432.66975373770401347429 446503.2938797293463721871 16.27512460937192173560106
85416.28326549848134163767 446495.4889751102891750634 17.40126867739555649450267
85416.98785644034796860069 446495.8417129055014811456 17.34489868990007721549773
85416.20885184551298152655 446496.0251526028732769191 16.82721261358894793147556
85429.79496047669090330601 446496.6976159397163428366 17.84546580258408710051299
85429.76650409519788809121 446495.5883330641663633287 17.97851239236070597371508
85431.19659915693046059459 446495.6435492743621580303 17.85003501988171947800765
85421.62634657457238063216 446484.1190763620543293655 17.88607868446128890127511
85422.83940136294404510409 446483.3471822032588534057 17.07469175989684728733664
85423.30098591590649448335 446483.7821939876303076744 17.23518508120420023033148
85432.43167082531726919115 446505.5210779869230464101 8.907240504481235277012274
85432.37103028989804442972 446505.0082247334066778421 8.968498116300153810698248
85433.02486748546652961522 446504.0351814571768045425 8.970851123286507800003164
85432.45958780391083564609 446503.7701508852187544107 17.40759308650426007147871
85432.42153115490509662777 446504.0339072444476187229 16.76288472393117956471542
85414.64238180972461123019 446496.5901878112345002592 17.43504295677039550582776
85410.78612245990370865911 446496.6629009742173366249 18.30341120356793638279669
85411.82102542949724011123 446494.7469387621385976672 16.98205420194629766683647
85366.70499410601041745394 446481.3856015330529771745 -1.062293660687186669377979
85364.28384992589417379349 446481.2448211308801546693 -0.9145991401546337273842369
85365.53246752178529277444 446481.7601009676000103354 -0.9127257335585260422661236
85428.92668856332602445036 446494.0675077171763405204 17.15560257624445128499246
85428.49629335380450356752 446494.5280223586014471948 17.300084639006303888209
85427.44040692040289286524 446500.2105842041200958192 17.37295128823015133434637
85427.17156327617703936994 446500.3090245122439227998 17.15872145373275969859606
85357.22726918870466761291 446474.2069291360094211996 9.918613422695441883547574
85357.80047543848922941834 446475.3333452948136255145 9.872056104914548768647364
85428.49224488953768741339 446496.1562785501591861248 17.85219218299556942497475
85426.95896856494073290378 446500.5442988591967150569 16.82993698563175755111843
85441.55538839274959173054 446482.1267269740346819162 10.11869695074849673233075
85441.36887176871823612601 446482.1330996624892577529 9.376319843501132567098466
85440.85201326865353621542 446482.1513642832287587225 10.04247599785126254801071
85441.75359096868487540632 446481.8275251600425690413 9.591497777549724546020116
85417.49840196559671312571 446491.5975421068724244833 17.82824427493073216055564
85418.81347919376275967807 446490.5293189618969336152 17.82454926087838842363453
85418.88467948223114944994 446491.3738071638508699834 17.96722184085172457912449
85448.02716409748245496303 446467.9770602547796443105 17.83882701266252723826256
85447.82248694611189421266 446468.0359951473656110466 17.8390178819339837446023
85436.4581200422253459692 446495.6113504595123231411 17.85168675161271778506489
85436.31279873845051042736 446495.8741857369313947856 17.20635242865559177971591
85439.41419808909995481372 446486.8950615319772623479 10.43005857695957949715648
85439.57981246148119680583 446487.2086768076405860484 11.1100510307498137052562
85438.99124630838923621923 446486.0847622740548104048 12.29352532244104345693358
85444.23494734804262407124 446475.6822848793235607445 16.77267954444442921158043
85443.39527562721923459321 446475.0318443986470811069 17.09541811254481658011173
85444.29240435782412532717 446475.1274361039395444095 17.39564660093755321668141
85422.47843957807344850153 446501.5421196078532375395 18.54068994568935480060645
85422.93007710653182584792 446501.2761523191584274173 18.29860039584794506595244
85416.11220214251079596579 446480.9263829224510118365 17.24870986717035492574723
85417.21994567000365350395 446483.3003941457136534154 18.45347107473642012109849
85415.91247076822037342936 446480.7968708581174723804 17.21590507583592000173667
85433.04409231375029776245 446503.2906055712956003845 9.019470380261854103309815
85432.59851486039406154305 446503.5087266796035692096 9.329722737874279303582625
85438.09046079595282208174 446491.9466946952161379158 14.94969023008269637387002
85437.85843836145068053156 446492.5225109964958392084 16.57695104428380616923278
85405.56429022416705265641 446498.3109004607540555298 12.48018689777420497932781
85433.27601502927427645773 446474.1222475002286955714 16.99243114692805178833623
85432.1731909499503672123 446473.663400741817895323 16.98521455362524434917759
85432.466629253831342794 446473.7848683070624247193 17.58455456918129300447617
85436.96651504572946578264 446493.0373000124818645418 17.31906833128044809200219
85436.05446312612912151963 446491.9828926008776761591 17.32717569126561940606734
85436.87422978451650124043 446491.8399250158108770847 17.3473415020445074219424
85437.81710719455440994352 446491.0199126651277765632 16.15441991178483505109398
85437.72425957416999153793 446491.2462203291361220181 17.27601313621202905324026
85438.12833615249837748706 446490.1899037387920543551 17.47277163315650483355057
85445.50359212257899343967 446471.6417815331369638443 17.35523525826771518154601
85437.83134160192275885493 446483.8673657531035132706 9.659267728872009683982469
85438.23068146158766467124 446482.9898742703953757882 9.278498890253823461193861
85437.37126282839744817466 446482.7623557205661199987 8.934088666443008364126399
85438.27217161137377843261 446483.7069949263241142035 8.926119399885148908424526
85438.07472630473785102367 446491.9630299280397593975 17.27711051610956616286785
85437.94466140630538575351 446491.7703997116186656058 15.78238845990785854667138
85412.20311117777600884438 446479.2977777449414134026 15.41082852267803104950872
85413.30951928558351937681 446479.8509601937839761376 14.93343784355125691831745
85412.39960060549492482096 446479.923000384820625186 14.1692975492338693044303
85428.71161390356428455561 446492.8686948696267791092 17.14394603528216265431183
85418.7454834267555270344 446496.271947576489765197 17.657766350752979178651
85418.54663945238280575722 446495.9849278722540475428 17.86384164911956418109185
85420.60648401224170811474 446496.8344372123829089105 17.88233763001794685010282
85385.66752082240418531001 446494.7764982553198933601 9.471000000000001861621968
85380.24207317127729766071 446492.5260217769537121058 3.670977209829753729053436
85378.39396663379739038646 446491.7594269151450134814 9.471000000000000085265128
85376.99900643323780968785 446475.6419652507174760103 15.14026183307449002768408
85376.51105529593769460917 446474.962690464046318084 14.85258735734646862169939
85377.81552013201871886849 446475.5956291200709529221 14.99131990442106321381743
85377.72965795038908254355 446475.3413556373561732471 14.65914414065791859798082
85417.18834875416359864175 446503.1573524420382454991 12.45130460917979675627976
85416.45973906434664968401 446503.2969520639162510633 12.15246714599311772531109
85416.26509652560343965888 446502.6356045692227780819 12.65792826899038203691816
85357.18977465848729480058 446470.3159594647586345673 18.42376637386915660954401
85392.54532387809013016522 446476.241566455690190196 -1.062293660687146257259883
85420.92497346880554687232 446495.3424937899690121412 17.85336324145065134416654
85370.39551591400231700391 446475.091160770389251411 18.90577696073961178058198
85370.12542574883264023811 446464.1615483324858359993 14.66326476838023573634473
85371.56092471770534757525 446463.8989751053159125149 13.36089087720038115492116
85372.79613770059950184077 446466.0455507943406701088 15.83710844268345141472309
85370.43252532494079787284 446467.0867467122152447701 18.9047430145714017157843
85369.84073771169641986489 446454.3614752381108701229 14.31977283726159910770548
85370.75663276207342278212 446455.3436457727802917361 14.04826647137706352452824
85407.17157909802335780114 446500.4689796888851560652 12.16045887306886008616402
85372.96710488809912931174 446471.9362607354414649308 13.75718226866881899184136
85371.12194275141519028693 446472.0537879227194935083 13.84252920773560546763292
85333.19462199501867871732 446455.7581589543260633945 -1.002679546874981397763804
85337.50821325107244774699 446454.5325706826406531036 -1.062293660687179341906017
85334.62280552528682164848 446453.6468524785013869405 -1.062293660687178453727597
85337.14147060085088014603 446457.5284969683852978051 -1.062293660687177343504572
85357.02935269134468398988 446456.2659381296834908426 15.51604042968988395045926
85357.63239349762443453074 446457.309959787642583251 15.65989549167673722251948
85335.13959090127900708467 446456.6438334354315884411 10.67228248051066330504
85335.30349526781355962157 446456.2154664253466762602 10.97379038457001776407651
85332.24847688207228202373 446459.9328175646369345486 9.817967797930014839380419
85336.51512760593323037028 446447.7190461708814837039 -0.9832887211259799808971138
85372.51087546117196325213 446458.2774895523907616735 16.36524589226419834631088
85372.06720457537448965013 446458.4483443218632601202 16.90840655030335781816575
85371.86322984647995326668 446457.4769891970208846033 15.57711603883807427450847
85356.09790567825257312506 446432.5591586006339639425 14.32276814783407559161788
85355.8794837357709184289 446432.7960810383083298802 14.01183540689104845000656
85355.83058713063655886799 446432.1467518832650966942 14.78079061752501210946775
85357.1288957309297984466 446426.0827174803707748652 7.818011290430263215966988
85341.83154481337987817824 446435.1057884502806700766 -1.052923136401659354177696
85340.84471536627097520977 446437.2337494993698783219 4.379558220336430274244321
85334.51438665718887932599 446452.5319629933219403028 -0.974043731302106641223304
85336.85432358378602657467 446448.8124413596815429628 9.872559350793133958745784
85337.63125128341198433191 446444.983468135935254395 9.730694476732260511653294
85338.39503504025924485177 446445.1497638222645036876 9.871079957335194166034853
85336.43373060211888514459 446448.5433290051878429949 9.871777023550617258251805
85349.03082495900162030011 446436.9989050017902627587 -1.062293660687178009638387
85355.79963055286498274654 446448.7016510397079400718 14.89004132458491547197355
85355.73352121115021873266 446450.4964399113086983562 15.09355489905624203572643
85353.06579484524263534695 446448.8320798809872940183 14.52069673228316126767368
85345.91678193806728813797 446425.0192592223756946623 9.756599886144611488703049
85344.51391064609924796969 446428.3857904997421428561 6.183689056264324968026358
85341.26780155034794006497 446436.2150012882775627077 9.731294795774513062269762
85342.10503037464513909072 446434.7984962978516705334 9.866991724913606987001913
85342.27861885284073650837 446435.2754414351074956357 9.86610511162553471820047
85346.89128367998637259007 446452.6711904248222708702 14.4419016441014829155165
85346.75116109754890203476 446452.151997071341611445 15.12433620712079651582371
85341.03030166884127538651 446458.7723955961409956217 13.68959035861460193927996
85353.66944703740591648966 446459.0724268652847968042 17.32443961131855658663881
85363.24980202590813860297 446449.0345591625664383173 18.07885957242530139410519
85366.84819382037676405162 446449.7969076101435348392 19.0538840931520958577039
85357.42417193439905531704 446429.7292446682695299387 9.880184899043731761025811
85361.51159349540830589831 446430.2948114866740070283 10.14882528174916132002181
85360.7570742475800216198 446430.2080440052086487412 12.83387976531419916170762
85357.15928921829618047923 446427.5725141643197275698 9.859924990641026454341045
85341.21942980594758410007 446442.1848724177107214928 12.37671371027670552678046
85339.15564945105870719999 446441.3073589109117165208 9.728284820617581374335714
85343.70774971757782623172 446451.9943863378139212728 13.48216648992666399919926
85372.77580163635138887912 446436.1447580130188725889 19.03839951740303249039243
85376.17932759998075198382 446437.7486343413474969566 19.0392635864824946168028
85373.8052260371478041634 446437.2970938272192142904 18.2539895054908285487727
85345.24435006722342222929 446432.2259590286412276328 9.931163725196949343398956
85342.78158964694011956453 446433.1673799916752614081 9.865381425641281509797409
85343.18883481755619868636 446431.6571942400769330561 9.804837940673769125510262
85352.39677310425031464547 446446.0399759619031101465 15.80515772528501905469511
85354.25896230655780527741 446447.7949675180134363472 14.6229801706219184609381
85391.99013780910172499716 446438.7005302166799083352 9.852928721408936496573006
85351.79011192337202373892 446438.3366863342234864831 14.97344354661469090217452
85351.06409356309450231493 446439.2747222909238189459 13.67250009108850150596481
85350.34707307843200396746 446438.3743554507382214069 14.00917201719427751527292
85350.87468828874989412725 446438.105476577824447304 14.74884767652809358651211
85363.73124918283428996801 446426.8092358356225304306 9.80759975073425671610039
85348.17042882471287157387 446428.7711411394993774593 13.37982606995034906560704
85351.72962021015700884163 446429.1566453553969040513 13.16827309228125741924487
85352.01723028277046978474 446429.2263954852824099362 14.27750436616583407101189
85350.5925795375369489193 446430.0540561433299444616 14.56639094873528783580241
85370.57979066553525626659 446430.6973331721965223551 10.59085337758492428861246
85371.17672909803513903171 446430.9451658191392198205 10.12736997284974549415892
85372.45163268985925242305 446431.4756070485454984009 12.07536669305492971204785
85341.81628710967197548598 446440.3389302031137049198 12.77636300580983608199404
85341.8676353672199184075 446440.460255220124963671 13.11412944791982226888649
85354.89080264950462151319 446436.8124703691573813558 -1.062293660687179341906017
85356.4550779940327629447 446429.3280281279003247619 10.16002157755935364491506
85355.96421393548371270299 446429.1257898235926404595 11.1068998635473565883558
85355.53592699543514754623 446428.9471794615383259952 10.26129944718193520714067
85354.53215948457363992929 446439.0316836911370046437 15.642499684328965869895
85353.83197486969584133476 446439.8066064757877029479 14.08673795145068829981483
85352.62057601998094469309 446427.9038719320087693632 9.862039691111883499274882
85348.62843299147789366543 446428.7946316173183731735 9.863212465893511193826271
85344.35179610266641248018 446434.3920596368843689561 13.05992939967810606560761
85345.90459599217865616083 446430.7216329739312641323 13.06873864581929822747952
85353.25331390496285166591 446432.427213404153008014 13.62976983156031884902859
85354.04132347437553107738 446433.1102882246486842632 14.14833983733103295321598
85353.07927489325811620802 446433.1456664437428116798 14.80383663517419456923108
85364.48557686309504788369 446429.5572262309142388403 9.857817082850360179691052
85365.09765698772389441729 446427.9527730645495466888 9.857660520943941406812883
85353.7944746235734783113 446425.7350181007641367614 9.716361389781356550088276
85352.74026034044800326228 446425.8850975533714517951 9.861254899389891193095536
85382.81440804160956759006 446433.4300068754237145185 9.853970799001878333456261
85369.68409687577513977885 446430.3983106015366502106 11.61003162759229745404355
85369.97431292774854227901 446430.4457868652534671128 12.0678691371050597069825
85369.7235414134047459811 446430.379845734394621104 12.00796025225607621678137
85364.98544646622030995786 446434.3969410692807286978 17.11729196682027875908716
85363.662801393773406744 446435.2193120795418508351 15.21122435064110156588413
85342.82605104216781910509 446438.0562111034523695707 13.08188553840670742545171
85366.34654309834877494723 446451.3753854045644402504 -1.062293660687146257259883
85362.76232177876227069646 446445.88586533407215029 -1.062293660687174901013918
85363.76755904119636397809 446433.4401349280960857868 17.68660599578977965506965
85371.74926062673330307007 446451.6168930493295192719 -1.062293660687180674173646
85391.1134278760728193447 446435.6960587764624506235 8.35626442844739081294847
85393.70766497425211127847 446436.7563401879160664976 8.399558335313624723994508
85386.89912210518377833068 446431.7960036984295584261 8.931079418695473393086104
85386.97681471967371180654 446431.6067829225794412196 9.689629137758794641399618
85376.06042067140515428036 446442.9270486367167904973 15.1725397154030154922566
85377.45456407737219706178 446443.2634631972177885473 14.80736739985920280560094
85389.54088288074126467109 446435.0382737974287010729 7.678893534781035867808896
85387.06309298747510183603 446431.3946160988416522741 6.653553558827379532658597
85380.67526045958220493048 446434.8957606099429540336 10.19523354043635166021886
85387.54537079192232340574 446432.2725012135342694819 7.279314202124345989375342
85387.35244349500862881541 446432.9199689727392978966 7.064678321415374995240199
85388.05660263619211036712 446431.7558600148768164217 6.581906226457233444193662
85388.22493060646229423583 446430.4308092072606086731 6.58203140988761070673263
85382.23577186731563415378 446435.5451137684285640717 12.08598234170524676756031
85383.68097589610260911286 446436.9642469281679950655 13.42381609343017601077008
85386.00282182487717363983 446433.2264074019039981067 7.959756124616013117645252
85386.69632844872830901295 446437.4010356526705436409 10.16192827150932487256796
85386.52749265510647092015 446432.6982174643198959529 9.697709059165310563344065
85385.76970393900410272181 446433.1276219554129056633 9.424241184507543778181571
85385.25858839844295289367 446432.9081821840954944491 8.909132816485158201658123
85386.41980932847945950925 446432.9633725155727006495 8.88416723463340929356491
85379.80533930835372302681 446434.2672610119334422052 9.855492161167727971360364
85385.81850526072958018631 446437.0351962008280679584 11.9985464688541973998781
85366.73848560628539416939 446457.6494578244164586067 19.02813934295479114666705
85388.14585256240388844162 446430.2700379022862762213 7.161302718301032932401995
85387.92766298771311994642 446430.9951845365576446056 6.85767609594269433870295
85387.94710186234442517161 446430.9344289703876711428 7.671042156723528293582604
85379.89173499646130949259 446448.5875188287463970482 17.08498335787416877451506
85379.04297988352482207119 446446.8744301007827743888 19.08030872946094547160101
85385.65588442432635929435 446435.1826464156620204449 9.853888191412933039714517
85386.74478534611989744008 446434.6441598155070096254 9.852753453143717976558946
85386.55747478958801366389 446432.6280875526717863977 7.90486359398102944595621
85375.50182404622319154441 446432.7438498706324025989 11.58396297066292035538027
85382.13051729947619605809 446435.5016651894547976553 10.67034421698935986455581
85387.42633805042714811862 446432.6752735755871981382 6.658213285354034560725722
85387.32875727779173757881 446433.1358547246782109141 6.563910230386741595509648
85387.8677364944014698267 446432.8477604396757669747 6.580974929495493341846668
85382.16782449254242237657 446434.24933665432035923 9.853677275868625073940166
85369.68128853077359963208 446428.9119320837198756635 9.856561160520193709544401
85368.5117780883883824572 446427.3251340527203865349 9.82259428126966938066289
85380.0260757797077530995 446432.1597099141799844801 9.854901882759079967399884
85380.42388321633916348219 446433.569926595373544842 9.854867752196401653463909
85379.09086042609123978764 446434.2367439960944466293 11.44811103897864512646265
85379.56282921700039878488 446434.4330837766756303608 10.67820509082305413528502
85374.63964360445970669389 446428.7396792943472974002 9.854537354962348061349076
85368.42095731296285521239 446445.0282357584219425917 15.4208095309051937960021
85368.51722284204151947051 446444.4121870907256379724 16.27110539839386049720815
85370.53317669870739337057 446446.1528998456778936088 14.8981519815376106663507
85390.98446235340088605881 446440.4121118622715584934 14.062082427860142175291
85367.51476981698942836374 446452.7948661127593368292 15.06184961167950042693064
85360.76029553811531513929 446440.6024215697543695569 17.1740572115420206955605
85358.8803056282049510628 446440.5266214206931181252 16.10719508964588086996628
85372.38096871123707387596 446456.5975530586438253522 17.31406200098647119034467
85371.11862378532532602549 446455.9440491233835928142 16.77288508636093666837041
85371.87936755476403050125 446456.2545773775782436132 16.21059679436149636444497
85378.43230876584129873663 446441.6265218705520965159 14.56980482910032925758514
85380.07955501462856773287 446441.5648703272454440594 15.70304362429618194596515
85379.95673219786840490997 446442.5208403478027321398 14.16808982813940964717858
85370.756596227569389157 446431.7370658826548606157 13.62507945379904761296075
85362.59906813234556466341 446438.4886909541091881692 -1.062293660687182228485881
85391.95108714487287215889 446441.7868816767004318535 15.13218692101605178379486
85390.53850582113955169916 446442.1028549703187309206 15.03766843400495289984065
85373.68264227197505533695 446458.6475220128777436912 16.19206745052834506282124
85373.68948914903739932925 446459.7181594102294184268 17.81906147011767416188377
85386.34117481384600978345 446433.1548872942803427577 9.481881051797614645693102
85385.9537038197013316676 446433.205550860206130892 9.660311435083873021767431
85386.72082015227351803333 446433.6290831940132193267 9.85263203452824143369071
85383.50476452213479205966 446432.539216509263496846 9.853830912608906089644734
85382.69890476256841793656 446434.7346801748499274254 9.854406644223073996613493
85367.04928766799275763333 446444.3934632253949530423 15.76996654771564543295881
85365.90643773622286971658 446444.3360920892446301877 16.01855372536388344428815
85366.23161069161142222583 446443.7492224576999433339 16.00331177316750341788065
85367.00060178506828378886 446461.8355551643180660903 14.25359797991351840096286
85365.30815231858287006617 446461.3884541367297060788 14.63663607437342761841137
85366.43790524466021452099 446460.7108904813067056239 14.58097242322852515883369
85387.09379254930536262691 446434.0114562925882637501 6.750155811684312112674888
85375.87093869135424029082 446431.1599426880711689591 9.85465256752717166932598
85383.49314770841738209128 446454.3090110332705080509 15.57794115054735861747304
85383.8748863070213701576 446453.6053781934315338731 14.29519386307010009318219
85385.22168023852282203734 446454.6384848975576460361 14.99710391259264952168451
85397.82106626126915216446 446444.8853701247135177255 15.13506942392982068668061
85377.62574794750253204256 446441.3041311566485092044 14.5529967197294904934779
85378.51396256977750454098 446442.8942001365358009934 13.82456579690187759013043
85357.11615102141513489187 446459.4434059152845293283 15.7108135148598169195111
85359.09698666092299390584 446458.7665605745278298855 15.94707980066571550992194
85376.92988713193335570395 446433.3388441638671793044 11.07417977815189580326205
85351.76489897831925190985 446432.2935424608294852078 14.34186007754935587854561
85377.85131399698730092496 446439.0953850913210771978 18.06200477587804797963145
85369.311118711470044218 446431.463694200327154249 13.70686280491428910011109
85368.61862569364893715829 446432.7327069628518074751 15.69429930442495724207674
85368.11215984451700933278 446432.6717045142431743443 15.69139979340304336119516
85389.47852021988364867866 446441.0628201005747541785 15.72504072673346620092616
85381.30717934633139520884 446439.9624618866946548223 18.92046516770504283044829
85381.47743327172065619379 446439.784636913682334125 19.05052940742984546318439
85392.91028390201972797513 446440.2749925588723272085 12.63798765655515587980062
85393.0952481953427195549 446440.0631469112122431397 11.67935642420369291016868
85380.72538088659348431975 446454.7552912060054950416 17.02496207959462282133245
85381.49387588333047460765 446454.1612881076871417463 16.59741137601919547250873
85382.17267477890709415078 446456.6225310825975611806 15.90046107870103675452356
85389.17529792585992254317 446438.4312248911592178047 11.36278182605811615246694
85388.30659758845285978168 446438.0698880702839232981 10.89756105324713963966587
85388.89016262757650110871 446450.1178190908976830542 14.27650279958125700829896
85393.62606778883491642773 446450.1174739673151634634 14.88828471955674181970153
85395.07433839639998041093 446448.5841208295314572752 15.12460358692247552880872
85391.96954316349001601338 446449.591951297945342958 15.12829326670327034776165
85414.62836602727475110441 446448.9842695354018360376 13.93978184444496015714776
85413.90803470287937670946 446448.798225042293779552 13.78395450831332702534837
85414.05271172315406147391 446448.0934549567755311728 14.61317272054145455228991
85391.29662270926928613335 446430.9555116288247518241 6.691787078438713010086758
85384.67905405117198824883 446436.561983369174413383 10.6150981694771893160123
85384.68856954615330323577 446444.686110073933377862 13.84815275463895645202683
85386.04333613217750098556 446444.3006509945844300091 15.28980557817518182162075
85387.19784848627750761807 446444.9908731245086528361 14.96406614424100034455023
85379.66716440230084117502 446440.0444249265128746629 17.76062915622628679557238
85379.91403752597398124635 446439.3849130924209021032 18.92141910718700970051032
85377.79246369312750175595 446441.670613693306222558 14.10141689937230324858319
85378.51330345682799816132 446442.0595823063049465418 13.96097367871099947933544
85375.16145601397147402167 446448.7956071574590168893 13.83336864871082561023741
85374.69272708508651703596 446448.2392069240449927747 14.34622114868460229786251
85373.91746361460536718369 446432.0855733898933976889 10.87078867090274414408668
85352.6208511976437876001 446439.4315047503332607448 13.89636068707024207924405
85351.99733322139945812523 446439.485782001749612391 13.8136923766257808665614
85370.37394744335324503481 446429.5994235796970315278 9.855802003264500399382086
85358.11156108109571505338 446451.6586360008222982287 15.38616834420868251243064
85355.89648342366854194552 446452.0783204757608473301 17.29282302373086110947042
85357.81319338288449216634 446449.9463763183448463678 15.2410983912958517549896
85346.79570392750611063093 446428.6689008616376668215 13.09337244193732274766262
85366.19576034233614336699 446441.5133040715008974075 19.06729412414031088474076
85364.78753268523723818362 446430.6769191420753486454 10.4258071486127938953814
85365.58895232071517966688 446439.8025614439975470304 17.01057805345386952922127
85341.00846839815494604409 446442.8580151970381848514 13.14334656210301766066095
85343.17928748422127682716 446440.8870617111097089946 13.44515674898776858015026
85352.90880461031338199973 446428.6934192043263465166 11.92851298193110309853182
85351.65231356910953763872 446429.1481844175723381341 11.91138537550521547814242
85352.4857935742475092411 446429.3454251700895838439 13.17481214889056850836369
85369.16518630084465257823 446449.2309380744118243456 16.91196148286955036610379
85370.2927555886417394504 446448.4036942808888852596 14.98565809268335335957545
85356.06258248143421951681 446477.4425753030809573829 9.873581459076937960617215
85356.29113070154562592506 446474.986342757532838732 9.872138879496207053421131
85358.07221973341074772179 446452.4348514944431371987 16.57084335405335906443725
85372.44859898526920005679 446457.2752214034553617239 14.8772582916776592298902
85373.13076385245949495584 446457.7301713867927901447 15.13877210842434628546016
85367.45665841033041942865 446460.0208662626100704074 16.22183162771295528159499
85364.38111121233669109643 446458.7563661870663054287 16.21934593275272362689066
85365.29420737850887235254 446458.0252775685512460768 17.85522125458526687680205
85370.70318475856038276106 446453.313537932001054287 16.27718640928938853562613
85369.5425469758192775771 446453.2031654249294660985 15.71500230405821163515157
85369.6560186114365933463 446452.3220513794221915305 17.12091383789140763838077
85361.94342443956702481955 446453.9180933094467036426 16.38909411374915592318757
85356.70167365265660919249 446460.5046494159032590687 17.58159985618271647922484
85372.24735329872055444866 446456.5592583604156970978 19.6519063974884602430393
85372.35524705586431082338 446456.6532209701836109161 19.49107209400757767525647
85371.45823623542673885822 446452.96279918123036623 17.31123962579555808360965
85371.2600232033000793308 446453.632464677095413208 16.14241928368694445339315
85375.99502641233266331255 446453.7378207779838703573 18.95214175583464921714949
85377.96851214797061402351 446456.1596395325032062829 16.52220918790892412175708
85375.03888217342318966985 446454.5210254694102331996 17.16517878511086081516623
85369.96810745175753254443 446456.4490465291310101748 16.10622776563287672502156
85356.70439859450561925769 446461.2688303028116934001 18.3194399717419891260306
85354.14760582194139715284 446472.6789980255416594446 12.74998287259423790374058
85354.64379605316207744181 446472.861006043734960258 13.22151910377601602419873
85354.97941195867315400392 446473.3181880083284340799 12.26068099473440042856964
85393.34527427973807789385 446466.1693652821704745293 15.12119894679919696045545
85392.94672740397800225765 446464.6993458279757760465 13.25571502359269437931744
85393.91929485480068251491 446466.1250724503770470619 14.81775906261834663268928
85356.82824790716404095292 446463.8290335769997909665 15.91560603662441408800987
85358.67900153611844871193 446461.3822215768741443753 17.66531514979356032313262
85362.16692920135392341763 446449.9250731670181266963 16.05133037222973513280522
85364.48246045249106828123 446450.4394854515558108687 16.72541968262380152054902
85365.65202260190562810749 446462.939780344779137522 15.63237753995119483363396
85368.29939426349301356822 446465.4125109698507003486 17.71090559073758896602158
85364.81877501799317542464 446481.4652501455857418478 9.327347925240793813372875
85365.55637274515174794942 446481.7698901885305531323 9.668487065499592247874716
85366.11502009184914641082 446482.0000985919614322484 9.260069433390219373336549
85371.09295515755366068333 446475.0361397553351707757 18.05970510573799359121949
85370.94826470078260172158 446473.8969731451361440122 16.74783193157193039724007
85364.55538872651231940836 446486.0149077458190731704 3.166461364148693391484812
85369.97493837830552365631 446479.5017210956430062652 9.889472879678217864807266
85367.13650843912910204381 446481.1449505334603600204 9.870837505380958276646197
85365.69939700454415287822 446479.7190810738247819245 9.871569529289240918501491
85370.26396711909910663962 446466.843386879307217896 18.64441734344267587175636
85376.55485000344924628735 446462.4751407067524269223 17.45358206186466887288589
85376.49274656140187289566 446461.261635923117864877 17.82608396940414152709309
85355.24869689754268620163 446477.5214698044583201408 9.732233173754066157812304
85355.43582760720164515078 446475.3382552072289399803 9.872030398027213493605814
85368.47149304297636263072 446467.4615129237063229084 17.69709415845573019510084
85368.46041544487525243312 446469.7820776146836578846 14.19549547305241432582079
85378.84285318077309057117 446468.8370857999543659389 15.63739872653126283807978
85378.92144987783103715628 446468.5039809233276173472 15.69281527591559033396607
85379.66681908872851636261 446469.1300537672941572964 15.72997026075397464239813
85371.2842704493086785078 446480.0459739475627429783 10.14932462482407160564435
85372.07878809445537626743 446460.2029586323187686503 18.77026281093914761299857
85373.48405961313983425498 446460.7116156505653634667 18.87256635195217313594185
85373.06597432207490783185 446461.6407702398719266057 17.24591416676484456615981
85393.56678720092168077826 446474.8241259127971716225 15.77536183519537438257885
85394.53237795198219828308 446473.5469807245535776019 13.50578533265635350346656
85395.75494903615617658943 446475.0219506133580580354 14.97228726831280454234729
85377.33540504668781068176 446486.7360885372036136687 -1.062293660687179563950622
85418.16987296935985796154 446486.2788612993317656219 17.12603679077645324468904
85419.39532018279714975506 446486.5700388242257758975 17.7669115801626951167691
85418.72421260680130217224 446486.3382075100089423358 17.89111930340645528758614
85367.66375401092227548361 446463.4212084590108133852 15.09435023354329707956367
85368.77026129935984499753 446463.2365126035874709487 14.11593722613120505116058
85369.16008840345602948219 446464.1345852831727825105 15.23092621743111507726098
85415.11151992027589585632 446465.7657024570507928729 13.33309265324229109239695
85416.45478156978788319975 446465.2318704216158948839 14.66469835218844686153261
85375.5986409293400356546 446484.6601764393271878362 12.17929723082110093912434
85375.74828451630310155451 446483.5390439043403603137 12.07416569641188175410207
85380.98607682788860984147 446484.2971751875011250377 12.17422206705436948936949
85416.63630771530733909458 446503.9909216603264212608 12.15262211444632534096399
85382.02555041566665749997 446493.2594349465216509998 12.07045585951764010701481
85380.72323316585971042514 446491.2306342200608924031 12.17817138665752807469289
85359.52336646999174263328 446465.1003208893816918135 15.67950140976114425939159
85386.87917115393793210387 446474.6865153189864940941 13.98699217565422792119989
85385.77055972321250010282 446474.4147708796663209796 14.21604566365449606735183
85385.66882430121768265963 446473.6274095690459944308 13.3090662471625389429164
85370.55736031904234550893 446466.0814995061955414712 17.30329926515132399345021
85368.74980611114006023854 446466.3722825173172168434 18.88339603057825399901049
85371.28049364619073458016 446453.9209033403312787414 19.60164304740638741009207
85372.71710953283763956279 446454.5198240584577433765 19.23980496893619829279487
85371.36945764193660579622 446453.810357208363711834 19.77115452007231510833662
85371.22408879830618388951 446453.7986732409335672855 19.29899358379783436134858
85367.12947389202599879354 446435.7115985756390728056 16.46550430014313803894765
85369.54654948848474305123 446437.0580515997717157006 15.93728843221964375231892
85367.13194239776930771768 446436.3137803572462871671 15.74751446649415242973191
85361.98759321436227764934 446479.6115883478196337819 9.871092391702342538906123
85363.25340252857131417841 446480.4889359953231178224 9.871900851521582254122222
85361.8553297642502002418 446480.1395275622489862144 9.862031266209328350669239
85420.86927147088863421232 446483.0307962720980867743 17.37983727477599771304995
85421.67879684823856223375 446483.143971268436871469 17.24321522576387977210288
85375.11528096058464143425 446480.9142433388042263687 13.6088512499069125283313
85376.55614193735527805984 446480.7727663580444641411 14.72349569755679432603301
85376.44786990364082157612 446482.2085662293247878551 12.4542021859397546990067
85398.51089093934569973499 446488.2225691265775822103 14.88370932977427685273142
85398.60022728359035681933 446487.7188494779402390122 14.21375716509917985774791
85400.01891906175296753645 446489.0975014975992962718 15.10488858556136904098821
85420.4887306138698477298 446461.3485187184996902943 15.09619594499796058073571
85421.08340776819386519492 446461.4243855785462073982 16.12180000136881830030688
85420.13523274529143236578 446461.497407867107540369 16.09527157421004162074496
85421.66227083957346621901 446475.6061409729300066829 14.49015001453785167484511
85421.10918980489077512175 446472.9662372007151134312 18.04444946013268946671815
85423.59787137509556487203 446472.580293015344068408 17.94856957698590704808339
85403.25608403330261353403 446482.2135820792755112052 14.91711261750135797399253
85403.78063234507862944156 446482.9738978789537213743 15.58484342875365236125162
85402.1457335473969578743 446482.3848911664681509137 15.69162436131264826144616
85423.21184546462609432638 446487.0102120600058697164 17.20469022726079444396419
85424.4504424194892635569 446486.7574444794445298612 17.25177633622033823712627
85423.97985560234519653022 446487.8984364070347510278 17.19672349360204322010759
85362.59808546044223476201 446476.430878446321003139 9.876414178631472751135334
85361.02216864954971242696 446476.0178898223675787449 9.870666715353753062345277
85361.65056348763755522668 446476.0359587827115319669 10.2828854114034662359245
85361.07841556511993985623 446477.4711005097487941384 9.870862150987877114971525
85404.56369573238771408796 446500.0251801813137717545 12.16153200764889241725086
85404.88470694926218129694 446498.4026399507420137525 12.16025320625459471557406
85405.40128284695674665272 446499.245072418765630573 12.16100760971915661912135
85417.11813987005734816194 446495.3699311154196038842 17.87740087411304656939137
85418.59471057151677086949 446494.5348222260363399982 17.98098015006943839466658
85415.72738751610449980944 446496.6141306003555655479 17.1734524192080257876114
85407.70882770277967210859 446494.4210571792791597545 16.18805725709676579526786
85410.96055377063748892397 446493.3607125537237152457 17.38680100402616801602562
85410.69613668178499210626 446494.8147793918033130467 17.54797726759470677393438
85395.21483847593481186777 446491.7645448402035981417 12.16659286747080415125311
85394.4366294938517967239 446492.6924399725976400077 12.16766082724635822387427
85408.82072359661106020212 446484.3541692205471917987 -1.062293660687179341906017
85375.44901231679250486195 446479.7061832481413148344 15.14071419309840749178875
85374.9219350669882260263 446478.8084571936633437872 15.09819551773072454636804
85375.90567764328443445265 446479.0235968100605532527 15.06048511012849111523337
85418.96908501432335469872 446486.1091458577429875731 17.14579921064747480841106
85420.01402861988754011691 446485.956973170512355864 17.16943948684985343788867
85412.16444987493741791695 446493.2997837779694236815 17.86306651169078918428568
85415.12850241873820777982 446492.939196731720585376 17.83496688079293690520899
85415.15199901547748595476 446494.5454504477675072849 17.87438703362402492302863
85388.01055005948001053184 446495.747480949794407934 12.04079213642592094402062
85416.47881436896568629891 446484.4274011127417907119 17.13922699177231123712772
85416.03471279359655454755 446485.150048513722140342 17.11330447258761111584136
85415.90563457421376369894 446484.4750488665886223316 17.24790584171555352099858
85414.51889070705510675907 446495.3951538950204849243 16.74312239897132315036288
85412.11350505915470421314 446493.9254230237565934658 17.20633440848095929709416
85407.9937406094977632165 446491.0281388116418384016 14.15454961945608047813039
85408.00808344951656181365 446491.1981746081146411598 14.86748953921162375024778
85407.80747781407262664288 446491.5176839791820384562 14.71919459803276808429473
85413.99288483808049932122 446474.1229625081177800894 14.33904370999034227907032
85412.85844043597171548754 446473.3735150119755417109 13.9124253546448031215732
85413.95588893551030196249 446473.1697557224542833865 13.63360717655101694845143
85391.72675439031445421278 446479.8354086399776861072 13.54543674548722975714554
85391.30859115257044322789 446480.3327792428899556398 13.66637536750797465856522
85390.54145601761410944164 446480.0874060480273328722 13.77748318938315641446479
85402.73611366240947972983 446484.9974405667744576931 13.53164133505065258589184
85404.09334510868939105421 446485.5243327823700383306 12.77034228629460876902613
85403.58894589581177569926 446485.4335214386228471994 13.65433048247818348386318
85375.06936193048022687435 446481.6334096714854240417 11.02948576325188589919435
85374.56944093487982172519 446481.4247048176475800574 12.45531168426055579345757
85406.32315722227212972939 446499.317464304156601429 12.15942113721367867640311
85341.19065582993789575994 446455.2890915363095700741 -1.062293660687174234880104
85402.36557503459334839135 446495.2516573483007960021 15.06457397590095403927535
85406.76382027375802863389 446495.020470518444199115 15.07306251281292830412895
85406.80353996164922136813 446494.8968282177811488509 15.89256400505126443079007
85406.53278712640167213976 446495.8685278085176832974 15.99470162222472779944837
85415.01235479475872125477 446496.1805475476430729032 17.07889895296457183349048
85414.96300796071591321379 446495.8043809668160974979 16.85214769179788873998405
85405.51499412479461170733 446498.7611509913112968206 12.15995464010114446296029
85396.61180776715627871454 446494.0080034097190946341 13.35875836488195034235105
85397.99116098933154717088 446495.2107519347919151187 12.41365373697968799149294
85396.62871522345812991261 446494.4732228024513460696 12.67402118606642957843178
85406.03355638989887665957 446498.6326699940836988389 12.28971833194423624036062
85410.90050284293829463422 446493.768688599462620914 17.32366797131611946269913
85410.91709210512635763735 446493.7132868854096159339 16.91216642320364016427447
85410.93443170437240041792 446494.1149463622132316232 16.80706132995993229428677
85407.04623420049028936774 446492.8469958691857755184 15.52231132486074471898974
85406.86591363427578471601 446493.2677587163052521646 14.77346943198519113593647
85406.25835378080955706537 446492.5119388355524279177 15.30431745633230100622768
85407.69613107293844223022 446491.8953401841572485864 15.72437897040221876920896
85407.56054841828881762922 446492.3509354036068543792 15.55350838974504767975304
85395.56856725126272067428 446493.9014264811994507909 12.65410497169385628524196
85395.51644928555469959974 446493.5315032372018322349 12.46310511801506848428289
85395.62443339986202772707 446493.3215552245383150876 13.12243997507383141964965
85395.91136556213314179331 446493.2912941933027468622 12.74941305076380082539345
85392.0494989642029395327 446497.4231920670135878026 12.0346233334272518789021
85396.58398523426149040461 446495.8639143453910946846 12.16619837869124509666108
85394.83456747944001108408 446494.3522602212033234537 12.16806511071297514092748
85394.95969835668802261353 446493.3854224830283783376 12.1671928470300834135287
85370.1742517615930410102 446477.026871511887293309 16.39374453390452401890798
85362.22389384153939317912 446466.3018288176972419024 15.55354631093569572897195
85383.36894044282962568104 446485.0945481687667779624 12.21985414647996925907592
85383.46219257843040395528 446485.9118387088528834283 12.17412557568870212776346
85389.78910573823668528348 446488.3999099693028256297 12.16832757719359392467595
85391.38301106772269122303 446488.870877777982968837 12.16686855384756071885022
85390.58348413495696149766 446490.0141202306258492172 12.16813988197702300908531
85389.37740426370874047279 446487.7119659141753800213 12.16955062598051107158881
85388.46265702240634709597 446488.2180560417473316193 12.16915155678464266486571
85373.30146694774157367647 446471.4501100163324736059 14.69679481993865799438481
85380.43082818495167884976 446487.9192525584367103875 12.17629409893510938900363
85377.72629161569057032466 446491.0451639631646685302 12.18017789703154107883165
85332.35027820484538096935 446459.3711716080433689058 5.282936590390831632646496
85332.2647245710832066834 446459.6349994405754841864 4.073184620106970577069205
85364.57581649566418491304 446485.6719858461292460561 2.457933095679075030659533
85364.52553613480995409191 446485.9796991010662168264 -0.9448509792868273748922547
85408.08574188950296957046 446489.533643301110714674 15.47227835913205318263408
85378.31602436841058079153 446465.9177591893239878118 14.11698315615376486675814
85378.4465869718260364607 446466.4787184418528340757 13.69822691492623611964063
85360.29261869605397805572 446475.4707398097962141037 10.13631713615932383731888
85360.91460991928761359304 446475.7295411826926283538 10.51477234664051074730651
85360.67933408907265402377 446476.3499703977140597999 9.871291074660950570773821
85366.01384953304659575224 446481.9577070099767297506 9.687913495622055393141636
85381.66060671414015814662 446493.1144075217307545245 -0.9164647125129251614694681
85385.36726250260835513473 446489.2411872331867925823 -1.062293660687178675772202
85344.7987376259989105165 446469.9572772103711031377 9.834919950484124484546555
85342.90450176621379796416 446468.5026865009567700326 5.370520113175442311614916
85342.86713684575806837529 446468.4727841324056498706 8.367187516439846817206671
85363.96463016548659652472 446481.1132781227352097631 9.723390966697255777262399
85366.29035709149320609868 446481.583341735415160656 9.870330048920811449875146
85353.03749106910254340619 446476.6093578939908184111 9.471000000000000085265128
85357.51079222938278689981 446478.4538343357853591442 7.592759914205767124428803
85374.4464439289877191186 446485.4475288339890539646 9.061672641064284050571587
85374.70556966980802826583 446485.8958002562285400927 9.570235361762101433669159
85374.64614934916608035564 446486.0318970597581937909 8.766868613165884838167585
85375.01240476639941334724 446485.1984541570418514311 9.165803453001590384019437
85388.88783193110430147499 446492.6571306927362456918 12.17243083995661478979855
85389.13385689925053156912 446495.7827219069586135447 12.1739043361585839164718
85395.55097066622693091631 446465.7446507994318380952 13.20587738663041932341002
85396.20429109755787067115 446464.56555451505118981 15.11748544066472987879024
85397.03841169156657997519 446465.4397774083772674203 14.43602247953010042635924
85391.81269148131832480431 446469.0807937115314416587 14.45865286182737463605008
85398.68306334388034883887 446464.5480993842938914895 15.11455596044957871981751
85355.81772882655786816031 446474.2030626513878814876 9.872814361873674116054644
85372.74062969414808321744 446489.2666594389011152089 8.599600422821135126127956
85374.02381751117354724556 446487.2627676126430742443 8.722537522246485153232243
85373.50909874496574047953 446488.6215308092068880796 9.182968887553016656966065
85332.64352700950985308737 446457.0102325686602853239 4.2597490258707528809623
85376.97968628990929573774 446491.1727832218748517334 -0.5476970693114195931627819
85376.33014041825663298368 446490.7553989306325092912 -1.061836781810147289917268
85369.34055408157291822135 446484.880175412748940289 -1.062293660687180452129041
85369.58127946051536127925 446481.9574849737691693008 -1.062293660687179341906017
85366.87688603390415664762 446465.7355584516772069037 19.05072614278818576849517
85353.62318065250292420387 446471.5007799456361681223 13.981352142934699855914
85356.40386122404015623033 446474.4589079568395391107 11.63573288818244755304931
85355.19827057179645635188 446473.512805627251509577 10.41225083506212278905423
85356.20273492189880926162 446474.3066650282707996666 10.48026743998342524832879
85355.43265757890185341239 446473.6978154524113051593 10.06977371458012804339432
85361.87627965264255180955 446476.1291163646965287626 11.14143474778995468454923
85359.9904769018612569198 446479.4756432045833207667 4.480854756789128146010626
85337.29798243270488455892 446451.0734127989853732288 10.67024558570534331636281
85340.31810380735259968787 446438.5041279973229393363 9.726704468610376963511044
85334.98371196172956842929 446451.3670713494648225605 7.492808305578924077394731
85335.04537431558128446341 446451.218687720422167331 9.729999153383619869828181
85333.75194320689479354769 446454.3373791713966056705 0.006474661412691032000288338
85335.03144636233628261834 446451.251963815710041672 3.918783228963142128975505
85385.53358097502496093512 446436.568332577240653336 9.853690782858160801538361
85352.30089425932965241373 446465.396711313514970243 15.61915951773439559246981
85343.07620651731849648058 446468.1881830585189163685 9.875548861527017052708288
85381.09551803958311211318 446466.4114974439144134521 -1.062293660687146257259883
85335.92704063026758376509 446458.2445921711041592062 11.48042927035237781296928
85343.67857865645783022046 446460.7757995262509211898 14.0486035982106756137
85336.26579823778592981398 446451.7400717757409438491 9.872196474209463445959045
85337.4766514496150193736 446450.6110196601366624236 10.26084067453222559151982
85336.12495064182439818978 446448.6150692671653814614 9.470999999999998308908289
85332.24869740437134169042 446457.9623312964686192572 1.620187246118307111686363
85363.86939658831397537142 446478.4758769143954850733 9.870414905816883077704915
85364.71433361855451948941 446477.3117953541222959757 11.40757244127586034210253
85348.31618780527787748724 446460.1125113460584543645 16.21357819085444518236727
85359.84349385912355501205 446476.3186655057943426073 9.871307966442506298676562
85352.37772937517729587853 446456.5437532052164897323 14.88385471549574212701827
85350.57370795283350162208 446466.2753630012739449739 17.71921786185193781193448
85368.65269945940235629678 446462.2019791313796304166 13.72486066496028911387839
85367.50580164977873209864 446461.8642706116661429405 13.523628114739230099417
85354.94141197687713429332 446468.4915076859761029482 18.64544296267266787481276
85358.51183202087122481316 446465.3483820848632603884 15.70535843281608023858098
85358.07640269232797436416 446465.1087491060025058687 16.00494151554723742947317
85369.15916829564957879484 446463.0861740032560192049 13.59475071959514913544353
85369.80729450988292228431 446463.5699775642133317888 13.96770198170846910556975
85345.0206128064455697313 446465.4872529529384337366 12.75186849912997111289314
85343.26511500566266477108 446452.1232460741885006428 13.72250857131365187058236
85343.31471690771286375821 446452.2497574490844272077 13.63421888474486998177326
85343.37759223798639141023 446452.4077292930451221764 13.96522854698482341007093
85370.35961587421479634941 446454.2174781419453211129 14.69101845991080601550038
85371.3421833232423523441 446454.0339210676029324532 15.58542984503499795323478
85338.96952878589218016714 446461.334313661209307611 9.873839757008814999039714
85339.96297595821670256555 446461.4434343302273191512 10.29221240647926194355932
85348.20211552063119597733 446452.514666327740997076 15.48394132483007012979215
85343.4243935814592987299 446452.5601100516505539417 14.46089219420162841345245
85344.04199520505790133029 446452.7461257867398671806 13.80197530162210384219179
85351.65371761759161017835 446449.5457374568213708699 16.11820023610650665091271
85350.50541856260679196566 446453.5219742503250017762 15.41280720869050924193289
85348.28124730575655121356 446453.5222025222610682249 14.13990691529013865590514
85361.68293209682451561093 446462.1187616485403850675 16.88787128809595472489491
85374.56626495113596320152 446460.9442980221356265247 19.02577571215415019878492
85366.09145590726984664798 446469.3669638780993409455 13.80819031725689072231944
85360.73346840590238571167 446463.3108593807555735111 -1.062293660687177343504572
85381.61148610812961123884 446469.5805240319459699094 15.63636395713554883002416
85380.52228706890309695154 446469.1066863532178103924 15.60745170315679963835009
85380.63414868677500635386 446468.9360930005204863846 15.27559315008082485576324
85371.94772976866806857288 446480.3212870726711116731 10.77186530659199270587578
85356.23656588018639013171 446456.2048589962068945169 15.40208147957254958271278
85355.88295978623500559479 446455.678504087554756552 15.54269609335292123830641
85356.36195230761950369924 446455.601911497360561043 15.952580936339154860093
85371.80243733312818221748 446487.6218621067819185555 7.974161009125862342727942
85369.78394727075647097081 446488.0331307071028277278 7.308795179663408525527757
85370.99096509012451861054 446485.9032082280609756708 7.382455440748884711865685
85358.81985827675089240074 446453.5469675216590985656 17.79744781813076315302169
85357.77291639767645392567 446453.2126921659801155329 17.81459157895625011747143
85357.66080733318813145161 446454.8851866240729577839 17.84895271819270590185624
85359.87202876403171103448 446459.7442864066688343883 16.11319096618550261723612
85358.68222557072294875979 446460.398616879538167268 16.17306496922406111593773
85357.42043153103440999985 446466.7552859335555694997 15.80989909034251184039022
85358.42734406916133593768 446461.7968149061198346317 -1.062293660687178897816807
85357.44423498731339350343 446464.3744177965563721955 -1.062293660687178231682992
85365.95662444618938025087 446485.5449425731785595417 7.746352613641019679846522
85365.51774434711842332035 446486.4184010304743424058 7.868750164341586028626807
85365.74492895662842784077 446486.1935549922636710107 9.771869996890469423078684
85360.64195849421957973391 446453.3044506260193884373 16.27539202431103149137925
85353.61136016623640898615 446458.1217482173815369606 15.91933297843072558919175
85358.69867743919894564897 446456.1593456175178289413 16.59693556757292043357666
85372.57139652190380729735 446460.0839909095084294677 19.02065389942220363650449
85363.43244329291337635368 446469.2520090028992854059 14.44547102041323149990149
85363.45007811470713932067 446469.5340055087581276894 14.86019556223876847411702
85357.19905663211829960346 446474.2185426217038184404 12.37507149239695003473116
85367.03917676981654949486 446466.0950184058165177703 18.86627119612351677346851
85360.27790036177611909807 446479.4466376805794425309 9.871180203729723601213664
85357.51145007868763059378 446478.4525826375465840101 9.744373320219184009260971
85374.0161494343337835744 446479.2639129608869552612 15.11813405977782842626311
85372.86060772876953706145 446470.0118902823305688798 16.58933005583588382592097
85365.89366696825891267508 446482.5357848246349021792 3.846144513429443190233314
85365.45278605789644643664 446483.5866513286018744111 1.424707152481808014599096
85422.05233056467841379344 446489.4745140278828330338 17.98043647462025163008548
85421.75438905110058840364 446489.5636378342169336975 17.71456366404031967931587
85421.13075701324851252139 446489.3068712593521922827 17.83916844908038967787434
85374.91851744821178726852 446478.1470693974406458437 14.8351750144319716184782
85374.23421133823285344988 446476.5262649755459278822 15.58976092628012466434484
85375.38620667194481939077 446475.7275983968866057694 15.13000775101312456172309
85371.22605534165631979704 446453.8249568830360658467 17.34506755016431256422038
85371.24873787195247132331 446453.7001538115437142551 16.64953294411741424596585
85369.47121999617957044393 446459.6229859403101727366 18.03791579916440568354119
85373.12574082624632865191 446472.9386181614827364683 13.9200925556520633818991
85372.29547840803570579737 446473.7074753857450559735 15.61024202889647227721071
85367.57448448361537884921 446458.9357319998671300709 17.89984432068959208095293
85369.49856938494485802948 446473.0253899770323187113 16.33969270718451483048739
85356.39351430807437282056 446474.4549035744275897741 9.99079956159062199105847
85366.82771211359067820013 446470.506238989531993866 14.20331430564530528215528
85369.81067847792292013764 446462.7275430827285163105 13.65363081729334382430352
85370.19924944690137635916 446462.5201090204645879567 14.19675571350194864805871
85370.32390863739419728518 446462.8463693813537247479 13.78803251376419680696017
85373.85001909284619614482 446470.0558341011637821794 17.13969690972027493103269
85375.47824218144523911178 446471.5159118549199774861 15.95492265722816149775554
85358.50992631484405137599 446449.2975020638550631702 15.29850823906990520129057
85359.37277849395468365401 446450.562490070762578398 15.49277180593275815567722
85363.89538067125249654055 446446.8516170009970664978 16.6425698742975995969573
85363.81916605299920774996 446446.3022522843675687909 15.87345990411235518990907
85371.71513639031036291271 446456.1873956761555746198 19.54764435243200892955429
85365.78237174570676870644 446481.86304374790051952 2.266671497750370356527583
85365.98733846907271072268 446482.3135338182328268886 0.4949001794660736752717867
85364.54024695587577298284 446481.351824935816694051 -0.3521490753946272533880801
85371.65383954939898103476 446459.6396355870529077947 18.98162901940393254562878
85371.36990062224504072219 446459.1754928053705953062 18.45682664778957615681065
85372.85757598199415951967 446480.7000041988212615252 11.71340377642082053455397
85372.33276715561805758625 446480.4829778845305554569 10.2819033201614828954007
85385.74324144456477370113 446480.3164057054091244936 14.96076066525141712304503
85386.98573584802215918899 446480.8178299724240787327 14.97729706626450685291729
85385.51413479373150039464 446481.015846163674723357 13.95751460496844131853322
85386.59996092734218109399 446479.8410676521598361433 15.12691546834366107532333
85374.15745226429135072976 446468.73215805011568591 17.42034796636416160708904
85373.71469788870308548212 446467.9990249222028069198 17.8968302333995659125776
85374.64208807330578565598 446467.9739773909677751362 17.34773391295402689138427
85369.8049028071400243789 446463.2656822182470932603 13.49364500181264858724717
85370.67614700461854226887 446463.7065670511801727116 13.62615349256649466269664
85355.48281167900131549686 446471.7847744101309217513 15.54900092165549274625391
85358.30849931795091833919 446464.5933902112301439047 15.82547330099228766187025
85358.49634952003543730825 446477.8785895300679840147 9.872345641187225240287262
85357.41775439539924263954 446470.9757695754524320364 17.56966411434107300237883
85361.78167767268314491957 446478.2051658370764926076 9.872145468644859533924318
85391.7718971485155634582 446494.228550948086194694 12.17063110057811492481505
85391.31036146024416666478 446493.6091774901142343879 12.17066805324889777750741
85362.82065136350865941495 446467.8278051994857378304 14.61171058677161305183745
85373.66794689925154671073 446460.3653636329690925777 18.81975257229204956388458
85372.14077661187911871821 446456.361552612332161516 15.50951964438519503630687
85370.75349619527696631849 446455.7933326562051661313 15.31298015403785583998797
85371.47020523477112874389 446476.9911471277591772377 17.02425432124794468791151
85372.89508986186410766095 446478.4376620542025193572 15.88528139113253168090978
85372.37216614604403730482 446456.5009989937534555793 16.15767818848282644239589
85372.34675996325677260756 446456.4622815951588563621 15.53769465206657507394539
85350.26752948068315163255 446452.8579639376257546246 16.11897628726915598917913
85370.4484060449613025412 446475.3557693065376952291 19.03177374159700008249274
85381.06409381082630716264 446476.4342333177919499576 14.2124634698361251849974
85379.01701632904587313533 446476.2790721703786402941 15.13679800019762922147493
85380.89009141501446720213 446476.1636732689221389592 13.91170224499564689324416
85371.84400944464141502976 446457.5091692835558205843 17.75248640380885944978218
85372.23363493668148294091 446456.8573324535973370075 19.12427282480335222203394
85378.51416840171441435814 446475.8510593221290037036 14.93683199539978900816095
85369.84009813498414587229 446457.4014549675048328936 17.84469658833232230676913
85369.58112548370263539255 446464.8334431753028184175 16.0263751187360945493765
85370.9801738240203121677 446460.9463774877367541194 16.99953427720063459105404
85384.33941192879865411669 446473.287786683242302388 13.55924418682103826938601
85384.63718951893679331988 446472.829351806256454438 13.75592671972065517138617
85368.15580227597092743963 446462.4784148929757066071 13.01044396022087035191817
85369.04314939735922962427 446462.6381880603148601949 13.31689583454986625099536
85369.3080998443765565753 446462.455180864199064672 13.7500987358930242265842
85371.10733794588304590434 446463.5279811075306497514 13.25685306606397340090098
85374.15142609288159292191 446464.2711112944525666535 14.01275334499944591470921
85371.08533405099296942353 446462.8245771366055123508 14.28431918386004539911482
85384.68490189324074890465 446471.7847790479427203536 15.03459306643645021495104
85384.1392638775723753497 446472.2804593736073002219 14.16648657982405801192272
85404.40565066506678704172 446454.4028871672344394028 14.58595468038241449448833
85405.34125195296655874699 446455.7622162963962182403 15.62135601084194114207548
85375.97411535958235617727 446465.1149084462667815387 13.87798418231106545306375
85375.79487723612692207098 446464.3102488330914638937 14.95845685041228989575757
85354.92362709835288114846 446447.2608432472334243357 15.54099920837170145659911
85366.43048554801498539746 446443.3716746167046949267 16.53681563969734824581792
85393.19384681450901553035 446447.6165757029666565359 14.73978269179872135907772
85392.8751856853486970067 446448.2468717143055982888 13.57659884978902198326978
85391.75778636042377911508 446447.5231938402284868062 13.97633975241068604589145
85369.80895754018274601549 446456.6281217230134643614 15.55653035550447427226572
85369.53175222598656546324 446456.8210751505685038865 16.02670230827496666847765
85368.58571838938223663718 446462.901702317816670984 13.71076311207003151082517
85372.78760659905674401671 446454.3912620558403432369 19.68025359696139275911264
85384.31746015453245490789 446461.0495438654324971139 13.13928521848092323409674
85385.04027475614566355944 446462.8541168241645209491 15.2568977404253693919145
85382.47133823932381346822 446461.9099655895843170583 15.36616111858315036897693
85371.97652699140598997474 446476.0797440055757761002 16.9503558739332333971106
85372.74778708312078379095 446454.5232878570095635951 16.73489161304064865021246
85365.51610271284880582243 446486.4177732471143826842 4.455401057692967015100294
85384.14388890104601159692 446472.7307606164249591529 13.62976288291931048490824
85375.77581665973411872983 446468.0525146176805719733 16.68489205977919453971481
85375.20994574148789979517 446469.5592056855093687773 16.64337657235023115731565
85370.91900540543429087847 446459.3785872587468475103 19.01323855792457351299163
85370.00182930994196794927 446456.1871715078596025705 14.84752822519248738331044
85383.41859988850774243474 446470.5497998636565171182 15.80898345673482374706964
85377.00635649045580066741 446445.9947865736321546137 19.08028562147475071242297
85377.95363755944708827883 446446.5824432300869375467 18.90794518604069551770408
85372.80158066483272705227 446458.9939510813564993441 17.27464622128593063621338
85355.69869790553639177233 446461.3905757628963328898 -1.062293660687180008039832
85362.02642443573859054595 446480.3146003789152018726 8.536302895923249423049128
85371.12897001992678269744 446480.4656383958645164967 9.868794964400336766630062
85370.58545341122953686863 446481.5941424953634850681 9.869342725595590337661633
85359.81211778744182083756 446477.5165659816702827811 9.872209956597014723911343
85370.15976327106181997806 446475.6577819497906602919 18.24541393428521018904576
85370.67659529314551036805 446475.3196739170234650373 18.241535490048661927176
85370.54731385473860427737 446475.6613136851228773594 17.84324263908787955301705
85382.23532156024884898216 446483.6076716017560102046 13.98621401036900024905663
85381.47637291187129449099 446482.6558945825090631843 14.94982424763218809005139
85384.64723154655075632036 446483.7925112312659621239 15.12355389331809263353534
85366.73264563936390914023 446482.7543586394167505205 9.859117602534269053649041
85366.94504858583968598396 446482.3363796136691235006 9.775024897060635709067355
85377.53565996365796308964 446491.4025318339699879289 12.04751863768563602263839
85372.1670505813235649839 446479.081921506323851645 14.53383364248705511556636
85370.96059097143006511033 446476.0619324460276402533 17.5203398458091719191998
85370.60237606494047213346 446476.1755306902923621237 17.6946890809804457944665
85371.78750856214901432395 446480.4881293150247074664 9.869653775744458457097608
85374.36961360891291406006 446486.6597594821942038834 10.57340005272286731496933
85372.44559580709028523415 446481.0878723988425917923 9.86866170483241056388124
85374.60640779818641021848 446490.1883469567401334643 4.317492532955361284052742
85370.91286071042122785002 446488.6559433664660900831 -0.9140000000000062518878963
85424.57302879302005749196 446462.5204418339999392629 17.66162942216583786603223
85423.83842616516631096601 446460.7038151163724251091 17.19425104550228766697728
85423.39292776190268341452 446462.7417800867697224021 17.23073826889473281198661
85428.78007349322433583438 446472.2550296610570512712 17.61400939883824179332805
85428.18732147071568761021 446472.0095634694444015622 17.77322160806752293638056
85365.70063367903640028089 446477.7209769947221502662 12.43734969846495275191955
85412.89461318538815248758 446467.512170482543297112 15.04398493956862203901892
85412.84846418509550858289 446468.0590233024558983743 14.29806961997064895797394
85410.6504922599415294826 446478.665222548006568104 14.98506492840641612929176
85412.67263582228042650968 446478.0565733416588045657 15.36002548391940614180839
85427.57650001780712045729 446472.1960149988299235702 16.94292163208758594805659
85426.35878366779070347548 446471.2498757581925019622 17.62894700654980439935571
85408.32691392982087563723 446491.3160639578709378839 15.48796732773593909371357
85408.53768984040652867407 446490.2202312492299824953 15.04968225380394564183462
85408.55001237841497641057 446490.3432989511638879776 15.75926693920977683660567
85408.62665079440921545029 446491.1192090641125105321 15.92287739156595094414115
85391.69272664950403850526 446492.2903647348284721375 13.73221599786131186249349
85390.24399462946166750044 446492.605953699559904635 13.8301468494989627799896
85392.13369970499479677528 446490.8677344666793942451 13.76596224443814087123883
85391.06227052790927700698 446491.5770446266978979111 -1.062293660687180674173646
85395.63784974771260749549 446490.2127794479019939899 12.34645351823273529134894
85396.20711769630725029856 446490.737881303473841399 12.17530618243169548975402
85395.46113904635421931744 446493.8426202466362155974 12.16597221602615341851106
85401.79289642222283873707 446488.411722594581078738 13.44512499781196623871438
85403.21826119300385471433 446488.4476850201026536524 13.84065504824680559181616
85403.74996676463342737406 446489.1178560430998913944 13.32081624101458316999924
85405.31360666074033360928 446495.3444891918334178627 15.21630812554475298270518
85405.24038597806065808982 446495.6620682989014312625 15.62320178071617959858486
85404.81726585239812266082 446495.3116862792521715164 15.15459667072421900968493
85373.08612866015755571425 446484.8925004364573396742 8.393416988665135747282875
85373.97936323571775574237 446485.2582450509653426707 9.291027818986126618483468
85374.23785926391428802162 446485.4614064555498771369 8.490659401023805230579455
85407.20209569114376790822 446493.7484413955244235694 15.11976728201041986210384
85407.27298163982050027698 446493.3160630532656796277 15.23343527033136446391381
85407.25535554037196561694 446493.7954494121368043125 15.63065826273181535555068
85377.30223855841904878616 446491.3065779499593190849 2.747762669565825710549234
85364.37626432342221960425 446481.2829038347699679434 4.179286110830430445162165
85363.18292973503412213176 446480.7911639456287957728 1.448757901610975284967253
85365.54008161024830769747 446486.4249142488115467131 9.729909608698452672115309
85384.34285051978076808155 446477.650645421352237463 13.99240806045578544569707
85384.26486120492336340249 446477.082663030072581023 14.33560518105112358000497
85384.26217959678615443408 446477.0700951479957439005 13.67574367520968081635147
85372.98972612245415803045 446480.6282252903329208493 12.71194563813979883093452
85383.82455957212368957698 446480.8327688890276476741 13.30589640475451318479827
85385.17877478640002664179 446482.1014405635069124401 14.108448331448753876316
85383.9853119576582685113 446481.7437712571700103581 14.27480439934761591302959
85373.24924243893474340439 446489.5778887985507026315 12.14022547962847475844228
85373.53394517257402185351 446483.5974805627483874559 9.8539795042562143834175
85372.34761436317057814449 446482.000817834516055882 9.868934115219524016993091
85373.45745304177398793399 446482.067524922254960984 9.86942167040746021200448
85371.12287664716131985188 446484.0459310711594298482 7.110751622066581845160727
85372.11816135492699686438 446484.9837612357805483043 7.634224670137840895733916
85371.67393493979761842638 446484.2202347245183773339 8.495242888673507408725527
85372.47580274767824448645 446484.5675989623414352536 9.811918654867934463936763
85378.69618480259669013321 446478.2298151591676287353 13.96653195680590542337995
85377.72681011570966802537 446478.2905550703871995211 13.94113896915889405647704
85394.99137352965772151947 446480.9322932735085487366 13.92616773238279215263447
85395.1615353109227726236 446481.8359605342266149819 13.08302758668721388346512
85393.2419515671645058319 446481.043388293357565999 12.99760781534155107408424
85371.5001317960413871333 446457.902537686750292778 16.75025153002436795190988
85372.29784204589668661356 446456.7498584500863216817 15.37622570543140732013399
85369.00252921624633017927 446456.7500190160353668034 16.25033036622395599124502
85346.78804378588392864913 446454.539396749809384346 14.78696517290966738755742
85364.65922923473408445716 446445.8930981997400522232 16.10305405418223756441876
85365.13449290793505497277 446446.3719344379496760666 15.99219335341041769993353
85364.41461557942966464907 446446.5470238003181293607 16.07906908820139335603017
85346.79832977127807680517 446445.2477237473940476775 13.49497124174486550884922
85371.03781381896988023072 446458.7386102052987553179 18.80501059083342596522925
85370.88842296732764225453 446458.4539020010852254927 18.12872458314368273590844
85371.33523534992127679288 446453.9513117976021021605 16.5337919522222343005069
85385.35701529722427949309 446475.2385823197546415031 15.12956057576617219240234
85384.79696052800863981247 446474.994281040271744132 15.13050824252795756308387
85385.85289373897830955684 446474.9812457782099954784 14.87061079925671158719069
85385.86007340675860177726 446475.609348425583448261 15.63987995749602610828788
85391.48752423684345558286 446482.6867124187992885709 14.97326829444265605673081
85393.54399313690373674035 446482.1615165750845335424 15.02883621542025061046388
85393.89155480312183499336 446483.6587340833502821624 15.00519548508018985444323
85392.25249392731348052621 446484.4553488034289330244 13.41579208859488403504656
85384.69246340077370405197 446466.7231512879952788353 15.13823095706858978815035
85382.38416270073503255844 446465.6061614734935574234 15.01888345373683542050003
85383.2304900262679439038 446464.6673618296044878662 13.64680871883205171002373
85396.21722389508795458823 446476.0422169280354864895 16.16132747658284074532276
85397.34540937734709586948 446476.1408732863492332399 15.66384784354702297548556
85397.86559357680380344391 446477.1098961915704421699 16.62265563003905910477442
85397.02127025222580414265 446476.7494476680876687169 16.21661076723326644355438
85386.87895039602881297469 446455.2195335050928406417 14.83344162273677291352669
85387.64245731860864907503 446454.3713529193191789091 13.31627546641413850636582
85388.05553024826804175973 446455.8096727183437906206 14.98110006934591176275262
85371.8390443422831594944 446454.1585697988630272448 16.25669777599485499308685
85360.5296443206025287509 446451.3330378248356282711 15.69959106204161258801832
85374.27538764133350923657 446457.6051157215842977166 14.22693010415729730766543
85375.17812143058108631521 446453.0806434580590575933 18.90766218965121936435025
85376.75825482631626073271 446453.7291443300782702863 18.89231360719954011528898
85371.92877462116302922368 446451.8713327586301602423 19.79514879588798237364244
85370.10353004703938495368 446451.6457108866889029741 18.42474598325718204705481
85378.47700188269664067775 446446.1708259088918566704 18.5507594735929828289045
85380.16940974225872196257 446446.4658177687088027596 17.93760060810286560695204
85374.60566009863396175206 446455.4083801321685314178 15.55062861079310465584058
85373.87170843339117709547 446454.2693484239862300456 16.81567509195765453000604
85372.56257130720769055188 446456.6445644022896885872 13.84367607883074846597538
85374.29496061400277540088 446456.9692862565279938281 13.24373384839069700547043
85373.45530673499160911888 446457.090781896491535008 13.95831157203523353871333
85370.81247456803976092488 446452.6337385999504476786 17.37319814595251088462646
85363.5664272652065847069 446463.5866298241307958961 17.9261733891804091456379
85385.12639828046667389572 446454.1512022289098240435 14.33237270182569389476157
85384.43328702154394704849 446453.2992786779068410397 13.74505742016183873488444
85383.27084830850071739405 446455.2565866095246747136 15.64630322671126450018164
85377.3308398732915520668 446458.1211286774487234652 13.15668189163557855181352
85374.14258430138579569757 446453.2677310995059087873 18.49996633227725695292065
85371.42295523823122493923 446457.970438643591478467 18.80260275340337372540489
85390.74181025387952104211 446447.9495454190764576197 13.64068795895299857079408
85391.34271180555515456945 446447.8086279600975103676 13.28113461395624383953873
85391.7513519706844817847 446448.7782872640527784824 14.13014191289632215386973
85343.29849514670786447823 446451.2798157971119508147 14.28426241380432060168459
85373.44780710162012837827 446455.3919243438867852092 14.8496309675530344662775
85372.80949830851750448346 446454.6210598554462194443 15.61836810707228551109438
85373.28495700308121740818 446454.0731349826673977077 16.74348058123313975897872
85370.33614943544671405107 446455.6238056764705106616 16.03633149553131076459067
85371.52653548654052428901 446451.7922079062554985285 19.04389942045303740769668
85371.04043470474425703287 446451.8591551132267341018 18.68898305314152707978792
85391.6035698506748303771 446489.8763219236861914396 12.1671635748056896630942
85392.30136220894928555936 446490.4787405923125334084 12.1668528772277646510247
85364.79922523109416943043 446442.8878071083454415202 16.24570617054101262510812
85374.66834142031439114362 446449.4595867809257470071 13.84373202163805416375908
85371.74231245144619606435 446449.70305481250397861 16.0188842476588320096198
85373.12385056706261821091 446452.2306325424578972161 19.53598072886674330561618
85370.43206325244682375342 446455.662056588742416352 16.71181512487092035712521
85370.04834484875027555972 446455.8158956936676986516 16.13967351139683970018268
85370.125842072389787063 446455.609216577373445034 15.11783597069794815581645
85362.15835217005223967135 446436.8526269751600921154 15.09247387843890919612022
85372.67118206660961732268 446456.2495253296801820397 13.17241984341581684248013
85372.55773718771524727345 446456.0412691510864533484 13.6193586609527415021148
85371.50681651091144885868 446452.7949541845009662211 18.44049189658986165341048
85370.27774425565439742059 446455.6002006001654081047 19.63727963058799375062335
85371.66533407745009753853 446452.2428273044060915709 18.87916745087220604659706
85402.54644474582164548337 446439.6514855391578748822 13.71191531237225369466159
85380.18940830667270347476 446452.9241493745357729495 15.56890210371147098555866
85382.50423616505577228963 446453.4238346944330260158 14.87672839973536831337242
85381.41858628725458402187 446453.8775966705870814621 16.2235325645445591646876
85386.32201425380480941385 446458.1996361907222308218 15.00579274580952215956131
85385.24247095909959170967 446457.7209238234208896756 14.5415935797706481480418
85383.35937046617618761957 446459.0449087563902139664 15.1378667317057225005783
85384.39548675603873562068 446459.8095130243455059826 15.02875431082399160231944
85383.17124771433009300381 446459.4093005637405440211 14.8677097956904642472864
85380.78924305505643133074 446458.0948419825290329754 15.36497940298431785777211
85380.81448188635113183409 446459.6041600310709327459 13.14491147103755075420395
85371.35326053269091062248 446452.4581809774390421808 17.97611523715355019703566
85366.85801820873166434467 446462.2557779059861786664 13.83557892679463918739202
85361.46282075789349619299 446452.7323992347228340805 16.13141160524151018762495
85360.40711315377848222852 446449.4612183914869092405 15.65113651998906973972225
85359.0997485985717503354 446448.7543990701087750494 15.89878369989841999654345
85361.34751022604177705944 446447.7431198445847257972 18.10424499802767783762647
85384.63659338241268415004 446463.7700453118304722011 15.02667059709458108329727
85383.44624198133533354849 446464.2547829556278884411 13.84932282684313165077583
85382.18836564157390967011 446462.6906232080655172467 15.10858360794846255714674
85361.24877921424922533333 446445.0115090105100534856 15.54887711155399188101001
85364.05711381256696768105 446444.3053301684558391571 15.76300703249164847363772
85365.03393625949684064835 446451.1232166217523626983 16.03421978662127855841391
85382.5034505702496971935 446449.7457905875635333359 16.96779195538917051067074
85383.10494520654901862144 446448.7224649636191315949 17.02182483453703554232561
85383.51476508718042168766 446450.6394524447969160974 16.24834455085749240765836
85381.86646972699963953346 446450.3080726243206299841 15.71413114607825889379455
85416.33039965416537597775 446469.6818067062995396554 14.05599616091485692948027
85417.05185543157858774066 446468.956468404910992831 15.408815576418199100317
85417.3944834749709116295 446469.6291086695855483413 14.70905278683995653921102
85373.98638187252799980342 446438.437801166030112654 16.62922710973345985507876
85373.70206230203621089458 446456.4403975444729439914 13.42364533607400822745603
85373.29994210813310928643 446456.1758854023064486682 13.57353354497459818617244
85379.4247819438751321286 446492.1870092564495280385 0.8239376127206170519201578
85379.02790485751756932586 446469.3336297788773663342 15.08445554860472981317798
85378.77450444204441737384 446468.9852747736731544137 14.78660416292043322528116
85372.08185014854825567454 446436.3279616506770253181 18.64635623298932998181954
85369.8754803386254934594 446436.1591197018278762698 17.51257620532078362884931
85370.30002826766576617956 446435.4042494980385527015 18.93091419790694018843169
85365.02394612396892625839 446447.4937585630686953664 16.89717807510733749154497
85365.10832819901406764984 446446.9393336214707233012 16.02214836615647541862018
85366.79577971842081751674 446447.8561453981092199683 16.34008681875898361113286
85367.21149780973792076111 446445.9260070993914268911 15.59298759359475639030279
85369.14035040118324104697 446446.6407508610282093287 15.11855986304951038334821
85377.30002334443270228803 446449.6229462184710428119 13.88351714971292771849676
85379.34809108881745487452 446450.0940423986758105457 14.4583444640218807819565
85374.75762911385390907526 446453.223496162099763751 18.95403840633137804161379
85415.96957228878454770893 446460.3258347578812390566 15.50422759675050166094934
85375.88089872431010007858 446450.9942919737077318132 15.37101448691622529452161
85376.81682202720548957586 446450.3814335719798691571 13.88197861461914683900432
85378.19914678108762018383 446451.8265830614836886525 15.17059071493197208724268
85366.92482224914419930428 446439.9970996929332613945 16.47025616545477433305678
85367.95748047983215656132 446441.1017614828888326883 17.48711863560128776384772
85355.30244189435325097293 446441.7723586747306399047 14.40695923516144105747117
85355.29594264800834935158 446440.1466117123491130769 14.43215237485006419149158
85357.28821291122585535049 446441.2833995751570910215 14.65148284910132225888901
85373.11639369001204613596 446447.72666099265916273 14.17403255541262119265866
85371.86637583099945914 446447.7528536843019537628 14.43691087656795524196696
85369.55988350919506046921 446430.6883862267131917179 12.34791205608765451984254
85352.2966265535942511633 446449.1759136880864389241 15.24882376292820218566249
85352.76320888460031710565 446449.119799344683997333 14.86768093312974414743621
85366.36937751474033575505 446447.0949048739275895059 15.66367013358482651597114
85377.12767073178838472813 446444.2588916687527671456 16.51449846917918407029902
85375.76717035257024690509 446444.8656627224991098046 18.27735495057677894692461
85373.5176582176354713738 446452.4020254460046999156 19.54111440014481715365946
85337.25810025917598977685 446459.3004568034666590393 10.03379452534042570732709
85335.28862977196695283055 446456.822364858933724463 10.27263451355370982298609
85384.54732359439367428422 446475.2018558714771643281 15.13091547238323997248699
85384.6849562421120936051 446476.2540836355183273554 15.12983423326700993527538
85370.46917854038474615663 446463.1431306445738300681 13.43742665214948139862372
85335.23069154139375314116 446457.6928240371635183692 10.69378927532660128463249
85335.96447876153979450464 446458.2742571310955099761 9.986674533838776568472895
85334.53625985064718406647 446457.3169195331865921617 9.873924222086325031000342
85335.33467451392789371312 446456.9476808980689384043 9.875072816918413209918981
85335.0387169435853138566 446457.470730090921279043 9.962510894924164972508152
85334.97876602134783752263 446458.2822692281915806234 9.874369793059576849714176
85338.59468759680748917162 446451.7166076187277212739 -1.062293660687180008039832
85336.71104579379607457668 446450.1174248665338382125 9.871670918914604797578249
85335.94311103674408514053 446449.6619335972936823964 9.872663320093860050974399
85339.16276244453911203891 446460.8375813925522379577 9.874053296965845660793093
85354.68396318277518730611 446472.965507018961943686 9.888242738093863337667244
85354.52751467803318519145 446473.8937318071257323027 9.872522863820393013156718
85369.1366123814950697124 446479.1515112765482626855 11.79231678468799060510719
85359.16598515985242556781 446442.2648468427360057831 -1.062293660687182006441276
85364.26638275278673972934 446459.4722304146853275597 15.0881596520055296650753
85379.79865673909080214798 446467.2784824478439986706 13.68292381157192316720739
85378.73614273814018815756 446467.6613974435604177415 14.54131127941966283856345
85378.51719642867101356387 446467.0872287742095068097 13.80948058514819010156316
85375.44721243726962711662 446465.4647314253379590809 13.73636090720075664250999
85376.80918067862512543797 446466.4958233325160108507 13.98753033203499285264115
85379.88365228268958162516 446468.1852608276531100273 14.61311940352523564001785
85378.65637071272067259997 446468.1974662706488743424 15.2292249064056459673111
85396.36059635497804265469 446478.0477134508546441793 13.31102983422354490983253
85396.36444476566975936294 446479.74165334616554901 15.38004446902261079799246
85392.98531694999837782234 446478.8290561335743404925 15.78984488753806836314197
85388.20340221138030756265 446470.5729126526275649667 13.25541288565599273852058
85389.57238293664704542607 446471.7842316105379723012 13.96031884920552634810065
85387.9126589291263371706 446471.7307017563143745065 14.92616484772944929204641
85376.18344783841166645288 446482.0989535127300769091 9.790499764280426120421907
85381.23115997848799452186 446451.2788574546575546265 13.84322716088806082268547
85335.29261643059726338834 446451.2145038368180394173 9.872316184349132939246374
85348.17094466266280505806 446437.764079707907512784 14.26385192762821141343466
85339.92685611479100771248 446445.0678345922497101128 13.10907111433531291311283
85346.04008848240482620895 446452.7804769164649769664 13.78511735434033980141066
85336.14682037677266635001 446448.6236830499838106334 9.803176735030957544836383
85346.18198536087584216148 446445.0949312977027148008 13.35638552607334972321951
85334.07133079091727267951 446459.1540136244148015976 -1.062293660687178897816807
85331.87121946392289828509 446458.9278435963788069785 -0.9471335915948467798486377
85340.94308812958479393274 446436.9965317690512165427 7.95274550916678979461949
85332.32128293253481388092 446459.3469107706914655864 -0.9048782136211946935944184
85351.03027183568337932229 446431.1969192444230429828 14.13948026640759536576297
85351.22813765464525204152 446431.4653098363196477294 14.16573878231788263803992
85351.17197517849854193628 446431.2829311119276098907 14.22158710872521680812497
85351.90261770796496421099 446429.1765752765932120383 9.893687227448770826754298
85358.28605852046166546643 446474.6356525876326486468 12.45129366832555284361206
85342.18603607649856712669 446433.9992662558797746897 9.47099999999999475619461
85352.89199866834678687155 446430.5807810149271972477 15.10110141390733318189632
85355.21992825463530607522 446431.1671407648827880621 15.64631146905253800127866
85356.06339338660473003983 446428.2466242521768435836 9.859586821829145364404212
85355.42776505263464059681 446428.8860306639689952135 9.860714761228290825556542
85355.04643404071975965053 446428.2189006866537965834 9.860827098744346486114409
85349.51084784511476755142 446438.4579032458714209497 13.3998298726177740292087
85348.64575231427443213761 446437.8103028647601604462 13.79574013282600475349682
85349.0404503803001716733 446437.8593603943008929491 13.96943530462464799768441
85353.33061836176784709096 446441.2494769127224572003 14.76522692013400650523636
85349.11678968291380442679 446437.6653142768773250282 14.31173705055963552013054
85346.31528561600134707987 446429.6929056360386312008 11.04984983092148809191713
85354.824465827492531389 446428.7336007111589424312 11.68481278492069463936787
85358.44651064352365210652 446446.5758379581966437399 -1.062293660687180674173646
85361.21130705293035134673 446453.2626482908381149173 16.13909449821348829345879
85352.64889012789353728294 446428.7591266072122380137 9.860858473646958444192023
85353.16827471714350394905 446428.5576983210630714893 10.51041981594187646464889
85349.26421612512785941362 446447.9607102540321648121 15.30801477634897089785682
85349.72269902979314792901 446437.8202862184843979776 14.45745549083298087111871
85356.81747441105835605413 446428.3498244861257262528 9.859667093136177840051459
85348.57359402113070245832 446438.4454272596631199121 14.26072560880147754858172
85340.83303245689603500068 446437.8695903783082030714 9.868301433465628491603638
85348.61895786981040146202 446437.9733995249844156206 14.2272803775731979669672
85366.14125722169410437346 446427.0451452821143902838 9.78636492984410466533518
85366.26423204687307588756 446427.3503871644497849047 9.85707891087479382008496
85348.71959148430323693901 446438.345468841667752713 13.27861716648571643872856
85348.99134382588090375066 446438.7983658449375070632 13.77991237160491166946485
85351.23261368284875061363 446430.911064816580619663 13.77026021559986901365846
85350.6107484758977079764 446430.9778829380520619452 13.91291694124091726791903
85350.08763330885267350823 446430.6150104145053774118 13.50009372501525817256152
85346.67137303997878916562 446428.4436510382802225649 9.864091374818652724343337
85350.48759280188824050128 446429.0119145954959094524 11.55986117585493566650712
85343.36929441776010207832 446451.3868860761867836118 14.17088913221927803931521
85349.28182696392468642443 446439.4095947090536355972 14.50525091895258711360839
85352.24400974104355555028 446430.7844883587094955146 14.5984463769548451494984
85351.59926656242168974131 446430.6805480296025052667 14.35121779737422897937904
85351.49819756562646944076 446430.5292176056536845863 14.51854991710251674419396
85351.00040262598486151546 446431.8991759338532574475 14.22382492047895397035973
85351.71365832904120907187 446431.0599589167395606637 13.84377904483937626878287
85352.61995968392875511199 446431.3189352767076343298 14.02202525011124123466288
85352.52980800748628098518 446431.621211353107355535 13.50381987117902760076049
85350.23293287587875965983 446431.2449741504970006645 14.12157355458288776617337
85350.45442184634157456458 446430.3885253023472614586 14.07390347218442094856528
85354.57459653067053295672 446434.0654782535857520998 15.25252550471690504707567
85356.62443736671411897987 446429.3981636878452263772 12.30079634695291090906721
85350.61983550150762312114 446430.9969968009390868247 14.09116260599006587028725
85353.44308157464547548443 446428.4143116663326509297 10.05069772598836053134619
85353.70343526851502247155 446428.2792024223017506301 11.00706976397770908704388
85365.09976776799885556102 446431.9821173792006447911 15.1247224782640579121562
85358.60830356419319286942 446433.4889351949677802622 14.48702561201042016136853
85351.99508671864168718457 446429.7850428484380245209 14.01266276882037864481845
85354.2660064775263890624 446429.7006348830764181912 13.42266923138349810074033
85351.36986270692432299256 446431.3547154521802440286 13.31386646579392518674467
85393.22815032173821236938 446449.556352387648075819 14.33026714132969914317073
85393.01703182075289078057 446449.1043745342758484185 13.8933692941421025324189
85394.07645570467866491526 446449.8169210927444510162 14.21969560198711945986361
85351.56707040080800652504 446432.2808989332988858223 14.44398944207709867271205
85351.28107028169324621558 446431.6157701668562367558 13.62078511732728181016228
85388.86380600032862275839 446458.4320174523745663464 13.81421309658442098111664
85364.55159592573181726038 446430.2003870020853355527 9.85853535026504701477279
85365.17286405271443072706 446435.4740974153974093497 15.59443412997986833090636
85353.7833219570602523163 446432.0735976378782652318 13.68447241326885333023711
85376.50723017507698386908 446441.217091245693154633 13.98309315565181165652575
85377.26184587605530396104 446441.5540534323081374168 13.94301571305690323754334
85368.44644205061194952577 446434.4830437375348992646 19.06431245326891499303201
85369.11294583298149518669 446432.4644929890637286007 15.75455319556190403318396
85368.93200531622278504074 446434.5548015750828199089 19.0431751636064134913795
85365.58058613059984054416 446433.8642112278612330556 18.10941969064823453550162
85365.26986337575362995267 446433.9985710505861788988 17.90356084293513205807358
85367.92318562119908165187 446431.0416246077511459589 12.7589646066296324988798
85369.16341504188312683254 446431.2122882137773558497 12.61308557273489583394621
85372.48267744085751473904 446431.4891000482020899653 10.24359805600601092123725
85368.4201489513652632013 446428.9493753642891533673 9.856755672824535352560815
85369.28927852149354293942 446429.9995670334901660681 9.85629859689231935249154
85370.32653901922458317131 446430.5309403864666819572 9.856126382004706698580776
85372.5169168727588839829 446431.2853034212021157146 9.856352251939259900836987
85369.78177204547682777047 446430.3732573702000081539 10.8332465798174180093838
85404.56392549705924466252 446439.9879770823754370213 12.28866460512472968957809
85406.10152438281511422247 446440.7124217276577837765 12.31773638503204182370609
85367.11373806276242248714 446432.4417260649497620761 15.50213724550808969127047
85365.32072228546894621104 446433.5973035554052330554 17.79729517972719321505792
85389.85694792124559171498 446441.2356738428352400661 15.1203634058426050756907
85390.51341340815997682512 446441.2944761340040713549 15.13473580269658924635223
85355.87130747936316765845 446433.5147338747628964484 14.04807407405851371606786
85369.54561587216448970139 446431.2095584477647207677 13.58275679998462237563217
85369.40156152876443229616 446431.1842241974663920701 10.05874473644878008826709
85377.74629929635557346046 446442.3964089701767079532 13.82654799078546581370119
85370.87635281408438459039 446440.8407025752239860594 15.26979629510237934653105
85368.27503828943008556962 446440.180036240431945771 15.90300852473699677602781
85365.125425530961365439 446445.0347533489693887532 16.1183087398955606772688
85352.79271626808622386307 446440.6829899853910319507 14.25571067071700070982843
85354.09403693972853943706 446440.8282190796453505754 14.18398729209365427550438
85351.05027738079661503434 446430.5995909994235262275 14.12903027719875126422266
85369.37124173821939621121 446431.2764447685331106186 11.51652226004838297512833
85367.25647142628440633416 446439.1789781072875484824 15.91731390606894080974598
85367.06700249704590532929 446439.7020203165011480451 15.93568441604229235508683
85367.33198393818747717887 446438.0205649042618460953 15.86547263442122002174983
85368.43555164885765407234 446438.575305123464204371 16.00419859043968884293463
85437.30538941395934671164 446491.8244973351829685271 17.85390214122514507266715
85437.42942962357483338565 446491.9157745029660873115 17.35570457340392280798369
85393.23323533624352421612 446441.8654953624936752021 14.85631592439203174649265
85392.67869159640395082533 446441.0646763999247923493 13.98674886503665426573662
85392.43906709685688838363 446449.2635374645469710231 14.36906711823824522866744
85373.06112274069164413959 446447.3618157287128269672 14.64998049256280054919444
85371.6436581914167618379 446445.9373998976079747081 15.92043823674458380423857
85377.9180039889324689284 446438.571177711826749146 18.90313103438342778872538
85365.39170244085835292935 446443.303846338065341115 15.98702109742129628955354
85365.27778137160930782557 446443.8073493031552061439 15.90223157177417334651182
85392.48168959986651316285 446452.4132071063504554331 13.31441953925081556064924
85393.09384603820217307657 446454.0472833878011442721 15.01927080750619580840066
85393.36425616059568710625 446446.1170355895883403718 15.0055117195371927607539
85394.55908915182226337492 446440.4429284667130559683 9.083562715475359539141209
85394.668956856316071935 446440.1668860876234248281 9.531040858682105820776087
85394.4945822252775542438 446440.6037437558989040554 9.948779303831555509418649
85392.58098102733492851257 446445.1026925235637463629 14.13621796333001512380179
85375.09976437187287956476 446452.0697036671917885542 17.45439419519956203430411
85373.39080456123338080943 446452.6419502177159301937 19.70174783524468509199323
85376.5167045153648359701 446463.5716845220886170864 16.48960074371124306935599
85378.12699752085609361529 446464.4571494514821097255 16.16109391701719033562767
85371.16260998809593729675 446443.9970996501506306231 18.56235429968502970154987
85408.03453324016300030053 446461.4874615864828228951 14.96837593100131869050529
85408.25192689249524846673 446460.3460695359390228987 15.01603358023120016184748
85409.85393897333415225148 446461.9129341508960351348 15.10139306715839602190954
85404.22748943047190550715 446450.649036453221924603 15.03468685465896648167927
85402.88008579325105529279 446448.175168148591183126 13.92127107801494823036137
85402.662815327916177921 446448.4348241460975259542 13.50522828768138516863928
85409.50174677380709908903 446448.6993793903384357691 16.04352157951058188700699
85411.95345661061583086848 446442.2221110110986046493 12.16828208539528333176349
85417.72556277592957485467 446449.4715261951205320656 15.02187492032405025099706
85416.73507609055377542973 446449.1664605176774784923 14.87185714246498946522479
85411.43379825181909836829 446443.3245308769983239472 13.8064547999969153835309
85400.712074245311669074 446441.9329083500779233873 12.18043479190013833601824
85398.85787056220578961074 446441.2867669304832816124 12.18288670134149498380793
85407.75002226677315775305 446441.491259167727548629 12.47576009722802048429457
85379.83428740347153507173 446446.9906678838888183236 18.93727076168783085563518
85381.57422714898712001741 446447.1448451920296065509 18.07998034146795873766678
85381.99693239528278354555 446448.0722522485884837806 19.07660214459499314898494
85380.26680485303222667426 446447.5205823713331483305 18.93838268855513362609599
85399.26574765185068827122 446442.5765472945640794933 12.18283901009343672683372
85379.6347120444115716964 446442.687295521202031523 13.79648038970479184683882
85405.71016333666921127588 446452.8235957205179147422 14.68953741552999048280981
85410.66108665910724084824 446445.6488075245870277286 12.17388297240938044296854
85411.36080130549089517444 446445.8384359605261124671 12.17264909303117192962418
85413.72475671645952388644 446448.406320880982093513 12.85186404493232181778239
85414.35429439628205727786 446447.7345078011858277023 13.39326372582582180825739
85416.71641961911518592387 446445.9788275394821539521 12.42596103703681009733373
85413.49340316306916065514 446447.7765661809244193137 12.17217588016601581557552
85413.54172767109412234277 446448.3554436902049928904 12.17355239934684441038826
85413.83155126706697046757 446448.2928794606705196202 12.31985561079916280391444
85428.16913569549797102809 446472.6597030464326962829 16.95107626697985025998605
85413.34031217763549648225 446463.9924662456032820046 14.60028512554906043874325
85414.51454606128390878439 446463.8753058416186831892 15.72157333275217538925972
85415.05067323580442462116 446464.6086325537762604654 14.71402294144532696407168
85397.20566859529935754836 446455.2225920167984440923 14.35849271609458810416982
85397.90366231043299194425 446454.6764481213758699596 13.32437826302449579429776
85423.64727909825160168111 446454.3204073839006014168 14.61667732754335702338722
85423.23505262783146463335 446455.2897457987419329584 15.84843409890479115631479
85423.92119711561826989055 446455.7108331162016838789 16.34538060301647632854838
85411.05345350898278411478 446462.5267660943209193647 15.10335060717165589494471
85412.16112397605320438743 446462.2025222803349606693 15.09796324504729803095415
85412.25017400315846316516 446463.0744584957719780505 15.09975009988814420580638
85405.55672588931338395923 446463.0959954336285591125 14.96244646864492899851484
85404.09440446570806670934 446463.9307939780992455781 14.96443069980743878488738
85403.94270160983433015645 446462.4544056953163817525 15.00866662961241537743717
85404.54275548180157784373 446462.1949003968620672822 14.24977429768260428488702
85424.55035412534198258072 446449.9996147363563068211 13.63979566358257500269247
85420.15106639623991213739 446453.0967077308450825512 15.88143003647163098435158
85418.84691264951834455132 446452.5587590024806559086 16.19611018241040767406957
85415.07431811220885720104 446451.0007303216261789203 14.98416553706337062124021
85421.89522511328686960042 446454.5612629737006500363 15.74449784072615265984041
85422.64649732982798013836 446454.9627761140582151711 15.63996560486675591050698
85422.52304173598531633615 446455.2674541617161594331 15.21679674617996269603282
85357.22294105014589149505 446434.8268660771427676082 14.74667364808555625188546
85424.99731298754340969026 446451.6577798855141736567 15.86389700956724979619139
85420.78189800470136106014 446451.6308365188888274133 13.8782701754659036907924
85412.56228944379836320877 446449.7578382797655649483 14.66884331895279736102111
85411.44590604929544497281 446464.13443380082026124 13.46537535239746574688979
85412.33693167931050993502 446463.5085183926275931299 14.68127491214911728434345
85422.64667685492895543575 446455.6339672419708222151 -1.062293660687178897816807
85409.78839742820127867162 446458.6908938046544790268 14.38784005716191671808701
85408.30498135904781520367 446457.92397842719219625 14.57008643892739740977049
85409.68436096572258975357 446457.7185188464354723692 15.50600107315496778426223
85414.08218628531903959811 446466.4429714144207537174 14.64886640594432876127939
85413.27386128080252092332 446465.0531851788982748985 13.27192029305672527073057
85391.1781147482106462121 446473.5464129112078808248 15.62051134296997112471672
85392.34997116307204123586 446473.4538586023263633251 14.74087580528471086438458
85391.86125977682240772992 446474.0250304966466501355 15.79625265913896292602203
85408.95843028582748956978 446442.0622326441225595772 12.47870498897834501406123
85412.39027693356911186129 446449.8926017792546190321 16.11541441226936299813133
85410.99244822880427818745 446449.5162407444440759718 16.29520254557111869075925
85414.28065564938879106194 446448.0134729504934512079 15.0063196151736182315517
85417.01540643349289894104 446441.4333784467889927328 6.801069764355939462063816
85412.12562659515242557973 446443.0846317006507888436 12.1691408948509494081236
85419.41558834370516706258 446455.0693154560285620391 -1.062293660687178231682992
85420.58548761832935269922 446456.0761625144514255226 13.31439055402231907976329
85421.90982328641985077411 446455.6815346882794983685 14.41930309579076308068579
85422.5804420092172222212 446456.2573134844424203038 14.24170581013415848303794
85403.70071436639409512281 446455.2849315978237427771 15.44823530654018917118719
85403.24761681389645673335 446456.0039832254988141358 14.35838537135482440021406
85432.64771423042111564428 446475.4321172192576341331 17.79739698907726364041082
85433.61665783566422760487 446475.9375061060418374836 17.88539015183030755906657
85432.2558278502692701295 446475.7423758883960545063 17.91704029839642231536345
85414.53004854948085267097 446463.5310949737322516739 15.727508085576229035496
85446.9121527420065831393 446469.3386483088252134621 14.89320481195129630691554
85405.54583017395634669811 446455.6078001867281273007 15.46110283076501978882789
85407.86673557701578829437 446455.8887903419672511518 14.64755794431546043199432
85408.9664933757740072906 446456.9248693697154521942 15.33913695744979754920223
85407.75965563864156138152 446456.7826288108481094241 15.61840439527759372140281
85416.63495357621286530048 446457.3971643060795031488 14.6007032358784929471085
85417.66836622606206219643 446458.6087790739256888628 13.40539554602906768820958
85397.13267887133406475186 446477.1438561963150277734 14.77989039790601211166177
85448.66734142284258268774 446462.0752280754968523979 15.24046671128862051602937
85449.39630200914689339697 446462.6191750359139405191 14.15840955978843496154695
85421.86579203353903722018 446462.510202507022768259 16.66584040036251579408599
85423.79488142496848013252 446471.7198552077752538025 17.80366337664564468923345
85423.24501487525412812829 446472.056263710546772927 17.68329984655606068599809
85423.75289672169310506433 446471.687352476641535759 17.25800807158757521619918
85423.31587671555462293327 446467.8780628012609668076 17.24884687156590246104315
85422.5011722083727363497 446468.4817976837512105703 17.77832950238137854626075
85422.76892836163460742682 446467.453807258396409452 17.13086442968441858170081
85420.79758533784479368478 446465.5074165245750918984 16.73941372570621410886815
85411.2125549885822692886 446468.8650983637780882418 14.12663219363142275142309
85412.46722012525424361229 446468.6639225307735614479 13.28864401877676648666693
85411.89754214297863654792 446469.82198493363102898 14.95688446017365258455811
85396.66676388868654612452 446449.3032631533569656312 14.35804707190711582143194
85396.93534553670906461775 446450.1103807455510832369 13.29766459460569905104421
85422.08615210432617459446 446467.6632081635179929435 17.40723940797896673871037
85422.6882434664003085345 446466.8201215869630686939 16.78960886867100299468802
85418.39415104423824232072 446459.0990529741975478828 13.27242263742061822995311
85418.05389406450558453798 446459.3882048218511044979 13.78489423529140545099381
85421.01300319030997343361 446453.4525654467870481312 15.73875622807373453326818
85417.37784009029564913362 446462.1512303806375712156 14.01195696703726945031576
85418.07374364053248427808 446463.7578128812019713223 14.18614172501670722681411
85416.73575429990887641907 446462.9169809923623688519 13.83279227058378424430884
85418.32294886089221108705 446465.265429673541802913 15.57499953447193341560251
85419.09071083793241996318 446465.9541676326771266758 15.44398230020988549426875
85418.62253912712913006544 446465.7997549926512874663 15.07198000302030571617706
85422.33733583944558631629 446467.0013780666631646454 17.30451558779121867814865
85410.91542737704003229737 446450.7162345594260841608 14.88101606771443741195071
85413.49360059791069943458 446451.8962494086590595543 14.75200077667015463589451
85412.83845899287553038448 446480.8697393749607726932 14.77595411631656219242359
85413.1182483306183712557 446480.1674692463711835444 14.42562691383443684856047
85439.77438787436403799802 446470.1469024820835329592 17.0301042162110860544999
85440.46234348561847582459 446471.6604898833902552724 17.77179411156301114260714
85419.6637851552659412846 446472.8466495569446124136 17.41325909594733190033367
85421.33038975097588263452 446471.5509192938334308565 17.91986971744713130760829
85439.09945759529364295304 446468.4205954180215485394 17.81399967395011429971419
85429.77401338022900745273 446469.6532723509008064866 16.78222867724258549060323
85430.5585062153113540262 446468.962661605968605727 18.10395946528736388358993
85431.68909921502927318215 446470.2207140155369415879 17.01615107673158533430069
85431.56969909275358077139 446472.086680367065127939 17.75654061744646483589349
85444.41225369680614676327 446475.6596945091150701046 16.07193660962453662932603
85444.59436653454031329602 446474.6483190091676078737 18.53427417414408395757164
85400.02460625395178794861 446492.9784231871599331498 14.97697124209913077663714
85399.07033817733463365585 446491.4393724557012319565 13.62977571635823892393091
85400.23221704266325104982 446492.3946447292692027986 14.19246107141555057751248
85441.51676633143506478518 446482.0446573233930394053 17.19223396059587471995656
85441.67174927302403375506 446481.6432930971495807171 17.89931625185766961294576
85441.9188482347090030089 446481.3633528914069756866 17.94165359128405512478821
85449.09948154790617991239 446463.7923564325901679695 15.46126088027315148565322
85448.3166369459213456139 446465.5017378312768414617 16.33060064992526250193805
85435.04668635032430756837 446474.699380819161888212 18.42132877745499186517009
85433.39989490585867315531 446473.7423227339168079197 18.28205170129503542852945
85433.33749128939234651625 446472.8909682023804634809 17.81196712959624761651867
85443.66250638816563878208 446476.1577162756002508104 16.21385834434768824507955
85443.83046409511007368565 446475.7448353737127035856 16.04328432274267512980259
85443.85738315322669222951 446475.6788427915889769793 15.45383500344577143437164
85440.1121538952284026891 446464.836648370313923806 17.83456596144970873751845
85439.82402999624900985509 446463.2201457827468402684 17.83253796286380676860972
85441.94258086210174951702 446464.1817035055719316006 17.95085916654971214256875
85423.39182303559209685773 446463.1447724439785815775 16.79950673534259308894434
85424.0064752151956781745 446463.1179706542752683163 16.95529362060160138980791
85434.30470233494997955859 446462.15730494778836146 17.97097584874549625055806
85433.95408742176368832588 446463.1191819625673815608 17.12107636978435110108876
85432.84853289619786664844 446461.7537176429759711027 17.83516512090047001493076
85445.60499903910385910422 446471.0749554632930085063 17.87304365150433582698497
85444.03282234750804491341 446470.294255466025788337 17.9982205324248312194868
85445.74755575497692916542 446470.6312976918998174369 18.01003767548545297927376
85444.76453284885792527348 446471.1150602205889299512 17.54030608943760682905122
85445.92518827650928869843 446463.3331492707366123796 17.84979661907640036133671
85445.94898700996418483555 446464.3037538970820605755 16.88655676769214153409848
85441.33583415190514642745 446470.6830976058845408261 16.97218014370259808742958
85440.24121515690058004111 446470.0119145570206455886 16.87089217234327520600345
85400.95653215893253218383 446483.5458396747126244009 13.70519124849184322556539
85402.03039163428184110671 446483.136132046056445688 14.99213895989971234712357
85402.27371873919037170708 446484.0253266756772063673 13.80475836879168305415533
85392.65803952158603351563 446457.6354226192343048751 14.84179543209351592736311
85392.67175282869720831513 446456.5570943435304798186 13.23112516207194389039614
85393.98927667411044239998 446457.483047274115961045 13.78878474060975101167514
85409.77754971150716301054 446482.2519763934542424977 14.92681016518376146962055
85409.7155042262893402949 446482.0780206889612600207 16.56130304279627551977683
85410.16407502417860087007 446482.3104088532272726297 15.93956434583147974137773
85438.86894581239903345704 446485.9004248194978572428 16.5825657071109802132014
85438.52780295704724267125 446485.2472143890918232501 15.79878795836883575987031
85438.61621741346607450396 446485.3684653793461620808 15.08744966601826575924861
85444.87968175845162477344 446471.7747955092927441001 17.02155419484543585895153
85426.16145607878570444882 446484.2241747596999630332 16.78157417884589719392352
85427.66940542517113499343 446484.6099984045722521842 17.01572197041156542240969
85427.49868875330139417201 446485.2384067536913789809 17.09259365904081917619806
85438.69252390001202002168 446460.3029740219935774803 17.862808738456465107447
85436.73845598904881626368 446462.0723856671829707921 17.97454915397447550162724
85435.14344498452555853873 446461.3933411333127878606 17.97359828000554671234568
85436.29297723298077471554 446461.5108082800870761275 17.30849967367574038235034
85435.69439851545030251145 446462.9612800893373787403 17.83494574317795411388943
85438.34105837070092093199 446469.3310833649011328816 16.88832573987158980344248
85438.45205045769398566335 446472.4728650775505229831 17.62999643520792503181838
85437.88902649832016322762 446472.0145363510237075388 18.34550441363601791522342
85438.83330772124463692307 446472.2592667822609655559 18.49100174532586748910035
85420.92079266687505878508 446491.3993271719082258642 17.82913848723355343395269
85421.95530190803401637822 446491.804284765268675983 17.10274218279724678382081
85422.55197694523667450994 446492.0777508526807650924 17.85625471131908170718816
85420.42858468684426043183 446492.8121815084014087915 17.84385606121207246133054
85440.75302459146769251674 446467.8582877428852953017 18.00899656091937828250593
85439.96564492506149690598 446466.1764302262454293668 16.84819836555782046616514
85442.55074320566200185567 446467.2055671662092208862 16.82540132217688721993909
85441.43303259053209330887 446465.9136536411824636161 17.42388871797388105733262
85443.02335702239361125976 446455.42797123669879511 12.14788608376811929190353
85439.47437899962824303657 446467.1657137169968336821 17.86773888608999172333824
85437.03090274913120083511 446466.3367744314600713551 18.00494943096746069954861
85438.39032904776104260236 446466.2968808850855566561 17.50188743591485618367187
85440.34492942801443859935 446486.5170410832506604493 8.786696951698404589592428
85445.57713595638051629066 446466.0469601775985211134 17.97632550855262678624058
85432.39034554785757791251 446462.9599882061593234539 16.74464374614721862144506
85445.01821313836262561381 446473.8401701876427978277 14.50256293022741971299183
85444.99814180521934758872 446473.9033485227264463902 10.92691853412986446869581
85438.54260290737147442997 446484.9915962433442473412 8.932378901221811773325499
85438.14169491824577562511 446484.462658187432680279 11.0788606195176981827899
85441.7242795213678618893 446479.6708331897971220315 17.91727595362914726706549
85442.02077487537462729961 446479.369289772876072675 17.80660770092815781140416
85442.56150225269084330648 446479.7244618108379654586 17.77010907932839955947202
85447.84689937171060591936 446458.8362026706454344094 12.48471896746822018542389
85447.20681433497520629317 446458.5706486533163115382 12.86237022175895994280381
85427.14963567478116601706 446467.5424897659686394036 18.2539110288248345170814
85443.9483994012261973694 446471.5826172828674316406 16.8784402923053988843094
85423.90282549677067436278 446453.1085870663519017398 14.19624280414519823523278
85424.12841558246873319149 446453.5872719070175662637 14.37152385966675893769207
85422.92741648625815287232 446453.4963103184127248824 13.91820835490500307685124
85438.8212398320174543187 446475.9931273757829330862 18.32442092946213563209312
85440.67215029285580385476 446477.0179713840479962528 18.46439527629186727608612
85438.53781002119649201632 446476.1652082943473942578 18.4472028911291197061928
85431.1558706417417852208 446472.7809505410841666162 18.24794257899148064439032
85429.50342271557019557804 446491.0135142800281755626 17.84025752390649088852115
85428.7750228367222007364 446490.6518756767036393285 17.22019829105693133897148
85429.78040605343994684517 446490.7265753707033582032 17.23699323580774134256899
85429.08707238595525268465 446490.8423836085712537169 17.75388614164457834476707
85443.16175798869517166167 446472.7950534714036621153 17.79882818271567046508608
85442.81104300299193710089 446478.8866409853217191994 17.05332314310935615253584
85442.57192671905795577914 446479.4750618437537923455 17.06408184912358194651461
85442.5322272379562491551 446479.2900995331001468003 17.07950963502391772408373
85442.50171970999508630484 446479.8861194553319364786 15.31256167464931117194737
85443.20135347876930609345 446477.9722888793330639601 9.989438109060420956097914
85443.18605413845216389745 446478.1173068844946101308 10.82785461556744621702819
85442.99572241974237840623 446478.6064436403685249388 9.887138618055468342049608
85436.46891864539065863937 446472.4766935428488068283 16.85841729566899971359817
85437.2771062054525827989 446473.792795944435056299 17.42303177585987583597671
85441.81139561819145455956 446469.4693663789657875896 17.8941794075955726839311
85442.96409298363141715527 446468.7502704201615415514 18.01040463876402952791977
85424.14198397411382757127 446470.3589796256856061518 18.42434941564663120061596
85424.07479143937234766781 446470.4632837362587451935 17.46256320008896167905732
85422.21663065848406404257 446469.968139881151728332 17.48010487812016577890972
85446.96276270713133271784 446459.3595133956987410784 13.78675361481647065886591
85427.24069803216843865812 446468.6837754709995351732 16.80980847898501551185291
85443.83102603700535837561 446475.7433392651728354394 13.77524749107337420639396
85444.41807222233910579234 446475.6482086966861970723 12.95408667508897693210201
85423.0193268128641648218 446482.5659158431808464229 17.09815628519096009085843
85424.81153212717617861927 446483.4486036648158915341 16.97445976795059507935548
85423.27672058741154614836 446483.0929822977050207555 16.79800695007575228601127
85432.16412483424937818199 446471.1899515170371159911 17.11126474525742224841451
85421.29461592809821013361 446461.2983154479297809303 14.67290598601245399379422
85421.35493892512749880552 446459.0961486181477084756 14.2207784451761050092955
85421.42887475196039304137 446460.1173446887405589223 15.50759855550602495100065
85421.73004572496574837714 446453.7486023723613470793 16.19206402077551132379085
85421.92287088368902914226 446454.1322857498889788985 16.23918396052055612699405
85420.89336348233337048441 446453.6144345421344041824 16.33426095445229364599982
85418.6698372553801164031 446448.9504542194190435112 15.09757957278340612106149
85435.92616968949732836336 446471.2847209949977695942 17.77419572704273420526988
85437.2538110969471745193 446472.0658558165305294096 17.53037046434346990508857
85426.24150246114004403353 446485.9742551494273357093 17.89156696601614626729315
85420.45478857935813721269 446460.7948578394134528935 14.27661704912416951174237
85426.48849976470228284597 446464.1374223221209831536 16.97326791243753874027789
85425.56733336504839826375 446465.0680135614820756018 17.42617721255160034843357
85425.86555686697829514742 446464.3152062863809987903 16.9026555851978947941916
85426.33492535163532011211 446463.0589420493924990296 17.82940436511683302001074
85429.82021696085575968027 446468.472255587694235146 18.42291964678473092931199
85430.76209426550485659391 446466.1208131273742765188 16.80639952363623379483215
85431.08446279843337833881 446467.5860759161878377199 17.60177590362711441684951
85425.06525224300276022404 446463.5510861399816349149 16.96432390389546185360814
85424.16834462202677968889 446462.7697425555088557303 17.30728076377294399890161
85425.30591390440531540662 446462.8619305796455591917 17.63232505465635213681708
85414.14597569464240223169 446478.044992443872615695 14.66088441747121962066558
85413.23635469989676494151 446477.7301107054809108377 14.21119990705544999798349
85413.6492200751235941425 446477.2179619442322291434 14.12749908996636527547253
85411.05188553188054356724 446461.5299908156739547849 15.04109020540140129185147
85409.68642352719325572252 446464.0418061695527285337 13.8090043989159312332049
85408.62675920368928927928 446464.3908987541799433529 14.98112038198371287478494
85408.58298137111705727875 446463.6010567474295385182 13.83519385778524579677651
85423.19192249554907903075 446476.7954780251020565629 13.69977085197402644212161
85421.04512935088132508099 446476.4408701977226883173 13.69647814603414026635164
85420.24081555975135415792 446475.4260521871037781239 13.87190693883215075743465
85423.15591040918661747128 446455.9605402201996184886 15.97511546463579890087203
85423.23347608331823721528 446455.7800250642467290163 15.11539053388940878619451
85428.10371470823884010315 446458.2846870907815173268 17.82875104401609078763613
85429.3764533296343870461 446458.825678159948438406 17.86412452249036064699794
85428.03743766639672685415 446459.6805397465359419584 17.86008960434687864449188
85426.78082541399635374546 446458.5233080065809190273 18.3092832400055272046302
85421.32830610497330781072 446459.084388803516048938 15.24143377749730987602561
85421.4946760363964131102 446459.5446697105071507394 15.78065441345396635597353
85416.14113586825260426849 446458.6507259682985022664 13.85226569034638188782083
85399.48762258706847205758 446451.2140178793924860656 13.22269638736163877013041
85398.77375839922751765698 446451.2942454862059094012 13.66143538791818556887847
85423.30179816928284708411 446451.1259499836014583707 15.68810743717511968498002
85410.93301982004777528346 446453.4252929783542640507 15.02438585674994442342722
85413.73848964054195675999 446454.5581567203043960035 14.98435887836879842893723
85413.19514248837367631495 446454.997009867278393358 15.09866868174452569917321
85413.70266632786660920829 446454.1919046246912330389 14.53961102352375966972886
85411.56288554362254217267 446463.0174314609030261636 14.88897852491662554541563
85421.535913305968279019 446453.6684532017097808421 15.06372339155610085015269
85423.74214558569656219333 446458.3342033530934713781 16.73217068570843935049197
85427.74242889157903846353 446455.7231858762679621577 17.87563889160748331619288
85426.50145641081326175481 446456.0390325947082601488 17.38873184018916617787909
85420.19474462393554858863 446463.4390609579277224839 16.06911949332886990760016
85426.87520424026297405362 446460.6539658999536186457 16.69892050897680491061692
85422.71421529469080269337 446454.5202835737145505846 15.8574442096387446810013
85421.16396555722167249769 446451.0901474491111002862 14.80292238326878795362518
85418.90540624258574098349 446458.6017400369746610522 14.19390167538335489894052
85420.07065698537917342037 446458.7859800251899287105 14.64532785528296088273237
85419.68212375923758372664 446459.150635139609221369 13.84523451462383292209779
85400.04534228811098728329 446478.144650933041702956 16.43315217790421556287583
85401.00276273672352544963 446478.5401714459876529872 16.44316412827053497380803
85400.43216293305158615112 446478.3040322732995264232 15.96602789848889969448464
85426.76468852606194559485 446463.0180289273848757148 17.98711056242138539573716
85426.93994890357134863734 446462.050077659310773015 17.87171883172762321123628
85413.57745427278860006481 446466.4557138207601383328 14.98538453777671719535647
85413.10216723907797131687 446467.2352708315593190491 15.1022327626321750670968
85419.26031995718949474394 446460.6742132497020065784 14.7230846082173947309002
85418.98730756259465124458 446461.2574009968666359782 15.55512197947477304182939
85417.95303968076768796891 446464.5426228589494712651 15.7887004466653522172237
85427.93262871883052866906 446456.7903243945329450071 16.88060791203581700870018
85426.54712224716786295176 446456.0444895242690108716 17.09153663302755887798412
85422.50545617745956405997 446471.9782095719128847122 17.84504232249195609938397
85419.0763547322858357802 446464.5414609141880646348 15.4990617947610136440062
85419.25224277799134142697 446464.5353696827660314739 14.65593538411025598122706
85419.91580122603045310825 446464.1333978801849298179 14.87553842062911968469052
85422.02039321104530245066 446469.2204850880661979318 17.98603341871604399671014
85420.44987126049818471074 446469.9981663399375975132 16.93418349083734852911221
85421.95003104227362200618 446469.7447923572035506368 18.58917062667871888947957
85405.09174722642637789249 446457.6963527917978353798 13.36453071955982352392311
85416.54265772904909681529 446459.7005630533094517887 14.9068053147681176540118
85420.17532272959942929447 446463.3751655642408877611 14.94361984274280175100102
85420.47140616805700119585 446469.6455817894893698394 17.33142174862493334330793
85418.95556221269362140447 446466.3795932868961244822 15.88680029116582304027361
85414.51736045346478931606 446477.2441704208613373339 15.04287879567793240198625
85414.49313570701633580029 446477.0134178075823001564 15.74856593758346257061476
85414.44794653620920144022 446477.3941804365604184568 15.97633789633206546909605
85414.01539262468577362597 446476.6811409555375576019 15.70317192836935937805265
85415.33641024242388084531 446472.7211676609585992992 14.89048598935376332974556
85414.85749144574219826609 446472.054997646773699671 15.3309839792141904268874
85416.10564967199752572924 446472.5277545023709535599 15.66338233408777469435336
85415.4619044075661804527 446471.8744109825929626822 16.09288613838637260755604
85409.58342469013587106019 446485.8649357953108847141 15.72745631261343923767981
85410.21254526881966739893 446486.5434858882799744606 15.73441152957181543570186
85410.10149930851184763014 446486.2408660983783192933 15.34467228005357242182072
85409.38786860936670564115 446486.0495647467905655503 15.1880073389783802895181
85420.65026471973396837711 446466.9123270422569476068 -1.062293660687179563950622
85408.47713649536308366805 446462.2110484173172153533 14.30950673344141321763345
85387.45373490899510215968 446481.4721516792778857052 14.39753995816118781192472
85419.63495901317219249904 446461.2472332553588785231 15.22210679620608964057737
85420.16145664356008637697 446461.343361421546433121 15.93286313690754418814777
85411.24434623545676004142 446482.8268438800587318838 14.96387253437442232950616
85410.92500683540129102767 446482.3076027178904041648 15.42927378778781211110527
85411.45404327897995244712 446482.6633558275643736124 15.78910526858140883632586
85425.81097214391047600657 446476.8194750516558997333 15.25483430449792976446588
85421.34517341926402878016 446485.128185879613738507 17.61516313270404054946994
85421.04284289923089090735 446485.0024645805824548006 18.25867100206095727799038
85414.13309233337349724025 446467.5074128284468315542 15.29537517500817500604171
85411.71932764833036344498 446494.1101908739656209946 16.85288823886087072878581
85409.77989426082058344036 446475.5990931521519087255 13.27476232614417384070293
85410.75325004503247328103 446476.36386763775954023 13.74921469651305372394745
85410.03409058578836265951 446476.6959092918550595641 14.59607392130224035042829
85415.97946041147224605083 446464.4897218199330382049 15.33058689756296644191025
85416.41791426621784921736 446464.4373919434146955609 15.61761744565988863087114
85391.63252050336450338364 446471.2052785631967708468 14.40873238153550239815104
85390.41796332156809512526 446470.8481457705493085086 14.19727065031252344340373
85395.88855146203422918916 446476.0735096178250387311 15.96376866276251860199409
85398.94449868313677143306 446467.3955108594382181764 13.57932968400778328543765
85400.06601758151373360306 446467.7607144062058068812 13.42961671735123552196001
85400.09381100635800976306 446468.0573306949227117002 13.86518563472363041455537
85412.54145275449263863266 446473.9345323182642459869 14.97548797274395049328177
85411.40557516274566296488 446474.8683197191567160189 14.96466906763167514782253
85411.6159081063378835097 446473.5495540390256792307 14.96487094889490698790269
85411.65277604875154793262 446473.2179146880516782403 14.43549630527602545271293
85424.73489824020361993462 446478.2442464365740306675 13.83998256061634002378469
85399.15802744426764547825 446453.14349027891876176 15.61873435053515635217991
85391.62958330716355703771 446474.1666729421121999621 15.62304035149598213649824
85384.86380072047177236527 446443.8452091988292522728 15.24237228302243885025291
85412.43746386727434583008 446461.604801929381210357 14.4216717999933230487386
85407.00953553519502747804 446462.9561641024192795157 13.85208386317331985537749
85405.80950571196444798261 446462.0664780422230251133 13.27543472697661819381665
85407.01292716895113699138 446462.5294493461260572076 13.21662536138350318992707
85411.51259084328194148839 446458.8915044771856628358 15.00728736096992044224407
85416.10879140625183936208 446502.8191853711614385247 12.28762620177133690901883
85415.69471058037015609443 446503.1378906308673322201 12.15401067783246169540234
85430.009463144262554124 446496.7882824134430848062 17.08929126453712399325013
85422.83194030956656206399 446493.6505053671426139772 17.97412605028888066271975
85418.88655221165390685201 446459.8302273766603320837 13.90063960063191217386702
85438.65416251770511735231 446490.6018019813345745206 6.429234587789534494106647
85430.91284002676547970623 446472.9933635846828110516 18.38884942590108906301793
85419.73149301941157318652 446490.9080706951790489256 17.60269834909533059885689
85418.93224130255111958832 446490.5765798435313627124 17.11618492466173080401859
85443.87310713142505846918 446475.638670524291228503 12.30180342555932071491043
85444.7310221656080102548 446475.9283828949555754662 8.832141378908765716460039
85443.58757507671543862671 446476.1796281900606118143 17.30706877561348733252089
85443.42175756304641254246 446476.7526186717441305518 15.94447120041392906841793
85443.17885303265939000994 446477.9316962292068637908 16.80620593312793431550745
85436.08849466082756407559 446483.6271481328294612467 14.88334182835940922018381
85437.93527305289171636105 446484.1100007503991946578 14.43524429689559873679627
85438.16867289814399555326 446484.5926979954820126295 15.03802646138743526194048
85431.81724536711408291012 446495.4914575601578690112 17.1820498425608008119525
85431.83007455326151102781 446494.549622479360550642 17.1739497683251975956864
85432.77476580954680684954 446494.2956214153091423213 17.17562867205908361256661
85444.17663564963731914759 446466.7158610311453230679 17.71167684849070411701177
85444.91172787603863980621 446466.8438221248215995729 17.85688835805209961904438
85446.43004530589678324759 446468.9504547129035927355 16.96122992826289532786177
85439.71191099427232984453 446482.251890886458568275 15.73574164429082777871827
85440.51708838231570553035 446481.946362761955242604 16.71587238708334410830503
85434.10589539492502808571 446489.2908463011845014989 17.99559303596211989884068
85438.45606409666652325541 446482.9381178431212902069 9.905615666329493862463096
85438.47384081935160793364 446482.9288840469089336693 11.02271594227130790955016
85438.89546915411483496428 446482.7105509052635170519 9.372719578183190236586597
85430.71146656482596881688 446498.5305015838821418583 17.05643654882563708952148
85431.85703868071141187102 446499.0815643700771033764 17.06489838957395122065464
85430.91613249183865264058 446499.1119174391496926546 17.04539651566993185838328
85431.28888906911015510559 446494.9719692524522542953 17.17407036529841590777323
85431.14026476626168005168 446494.0790007573086768389 17.16506884708133284789255
85435.71495276084169745445 446497.3809964345418848097 17.21382771651715515304204
85435.09659588363138027489 446497.2540144189260900021 17.40908332097845345742826
85435.76237661483173724264 446496.9702202025800943375 17.21307084002371112774199
85435.56385652166500221938 446497.4461480085155926645 17.83495488712723897606338
85435.72858346870634704828 446497.6596589689143002033 17.84719569378405523707443
85431.08649055202840827405 446463.7344426379422657192 17.86447876837126003124467
85431.09160472419171128422 446464.9960204990929923952 17.87582160231067618383349
85429.51476786694547627121 446464.3338594475062564015 17.87801988518803497640874
85443.12639790271350648254 446477.4824671749374829233 8.94397693985153985352099
85443.61947927495930343866 446476.484345980454236269 8.94291288690941321704031
85443.88202320442360360175 446477.566180559282656759 8.95190843520562928858908
85422.60713538793788757175 446487.7481805282877758145 17.88921472944966950535672
85425.15288732529734261334 446488.6637832947308197618 17.84843082537001635046181
85434.12289090923150070012 446486.4521588097559288144 17.87403716088611105305972
85432.15230940394394565374 446485.6227598655968904495 17.85336458016522698244444
85434.06092622336291242391 446484.9450280316523276269 18.05068193989143310318468
85439.5452191042568301782 446487.1435241012368351221 14.90715278993359405035335
85437.41165061046194750816 446492.401003363193012774 17.34400948962077038117968
85419.33504380502563435584 446492.3604956322815269232 16.99326321507454906623025
85419.85202743865374941379 446493.4951256657368503511 16.97426574878467420148809
85441.85612185721402056515 446481.5588858629926107824 13.61297199670569213481031
85441.44727438283734954894 446482.1304010218009352684 13.85786308145337386577012
85435.34250607488502282649 446470.7365613483125343919 18.45571431418674279711922
85405.73772799230937380344 446484.7734130123280920088 14.83380279907949983453364
85405.13533451507100835443 446484.9679120348300784826 14.16548254895021408117373
85404.55757640990486834198 446484.4032352130161598325 14.65619336788385318470773
85449.30944521057244855911 446463.1430010933545418084 17.95049247203034781250608
85447.33399074483895674348 446464.0410169082460924983 17.73040372922479690487307
85447.50259347936662379652 446468.1924370783963240683 9.352791105804856286454196
85447.84603927344141993672 446468.0471906267339363694 9.647510867278043633632478
85447.84048242952849250287 446468.044101327599491924 9.188675535958891416044025
85447.68981675506802275777 446468.4149215470533818007 8.96354673553985925593679
85444.77819016759167425334 446469.3487108366680331528 17.88035766580188479224489
85432.97921783177298493683 446463.9774544215179048479 17.40997947114114907662952
85433.954100422328338027 446464.1257851581904105842 17.19482615120715962575559
85433.84137844717770349234 446464.8676836506929248571 17.86978496999537213696385
85424.51208174068597145379 446464.8056235897238366306 17.52612131605472001183443
85423.92054707268835045397 446463.6787561580422334373 16.99168654703735725775005
85448.81610025349073112011 446462.3207135341363027692 10.40646184020464204422751
85449.21752722200471907854 446462.5209270925261080265 10.26482470812612390886898
85449.39167001500027254224 446462.6120829920982941985 11.12689198285137415211921
85440.98371113764005713165 446463.6895843648235313594 17.41561138367122651970931
85440.68316119386872742325 446474.1517558579798787832 16.8488996799221411038161
85444.9896696812502341345 446461.4517414759029634297 18.02812240079763839162297
85441.60874915754538960755 446465.4569097647326998413 17.84703594972091522663504
85443.17187812429619953036 446465.9139626026735641062 17.97308126665744865135821
85448.00628449195937719196 446468.0072392618749290705 12.3922847285322532684404
85433.81514385962509550154 446459.2715110805002041161 16.85325415595971776383522
85433.36193026730325073004 446458.1011758286622352898 17.84037504875096757928077
85435.23229575260484125465 446458.7045561948325484991 17.98149520280309943132124
85447.87872893561143428087 446466.4571682288660667837 14.76755836258022114293453
85447.87576303521927911788 446466.6085436548455618322 15.41410240828515654243347
85447.97329853331029880792 446466.2525419832672923803 15.75085678257045529448988
85448.33686726598534733057 446466.8041012526955455542 14.98843220212486748721403
85440.39474986122513655573 446468.8784246359136886895 17.88747802353255877960692
85437.26520293984503950924 446460.33857163559878245 17.22875460940295511136355
85448.57283000822644680738 446461.9212499057757668197 12.8520023126235649613136
85426.30960858905746135861 446495.1006259671412408352 17.9783653985650033746424
85426.06480698793893679976 446493.5230899202288128436 17.82594391425681479290688
85442.12908821889141108841 446475.2693458221037872136 17.15602692532595341390333
85444.24467477724829223007 446473.5359786434564739466 17.98207471189662243205021
85445.74911733294720761478 446464.7738060842966660857 17.08700519676498075227755
85447.53027720664977096021 446468.1367080609197728336 16.07000975142192800149132
85441.50144814627128653228 446482.1285363451461307704 11.13725040639710961443143
85447.3770737901795655489 446468.4366328584728762507 10.40017942197567890616483
85447.31013245764188468456 446468.5651043526013381779 9.573206135705856212325671
85446.99913924244174268097 446469.1713645270792767406 10.90708905094137293190215
85408.29230632663529831916 446481.1068402825039811432 16.29305582266675145319823
85408.17443519669177476317 446481.3054495221585966647 16.58820776691126042123869
85406.36358934467716608196 446480.5436130690504796803 16.59020255673630117598805
85442.42094201632426120341 446464.2330356398597359657 17.40017382945581658759693
85442.40853309066733345389 446463.3136990370694547892 17.04566302132943889091621
85447.23347342686611227691 446458.4247840067255310714 6.099516079247109701100271
85447.35328288722666911781 446468.4815330678247846663 11.96439714131544107544869
85446.92629652777395676821 446465.4271315219230018556 17.15484138855162044023928
85445.44030636826937552541 446465.4669184041558764875 17.40324833765216894221339
85446.01207999150210525841 446465.8258340583415701985 17.76622936152444864887912
85430.64498835780250374228 446497.8123722611926496029 17.07353880262886391960819
85448.39184783732343930751 446465.3366604369948618114 14.47486483765159093195507
85443.18135501386132091284 446478.1255916091613471508 12.58462792075177105743933
85443.1419141167716588825 446477.8980810513021424413 15.04925232798544243451033
85442.79271085727668832988 446477.9237806034507229924 18.48074160677507649097606
85448.34995254152454435825 446466.8087360556819476187 11.72720130983717723438531
85448.36503341888601426035 446466.8168260271777398884 10.21127565105926748856291
85448.23684645975299645215 446467.4732525063445791602 12.23065280672081911461646
85448.91301170333463232964 446464.1996260079904459417 13.94655580857580545739438
85445.17532851370924618095 446465.4726004005060531199 17.83994527931739426662716
85397.33501876088848803192 446489.9913402645033784211 13.77206288290008373564888
85397.23601384789799340069 446490.8110692768241278827 13.77153143994965134311315
85415.56764166828361339867 446488.6841169203980825841 17.044703852094102103365
85416.81603839391027577221 446487.8880332501721568406 17.04172439292987206727048
85416.89446456253062933683 446489.5893859522184357047 17.05849432442626678607667
85407.88491591124329715967 446491.2740047410479746759 15.658258751118784957157
85413.46468353203090373427 446503.0870349039905704558 12.15494877631186909638927
85392.87430598883656784892 446495.2061187901999801397 12.17003594417371736824407
85392.06523967624525539577 446492.7949172283988445997 12.16935508681840261147045
85403.42274298534903209656 446489.7065608504344709218 14.21589252590637819650965
85402.82458216309896670282 446489.0602064119302667677 13.72138089489127388276302
85394.46343495718610938638 446485.9080544604221358895 14.08296571591725232508452
85396.71743854208034463227 446486.1988676668843254447 13.29568015279570936115761
85396.13345130052766762674 446487.3129805391654372215 14.97107043617820387737538
85438.28656222137215081602 446473.3028841526247560978 16.91325056951570715568778
85446.77044300654961261898 446469.3167260180925950408 17.15361582570136533831828
85435.52492785174399614334 446495.4954895333503372967 17.19838990315009752407605
85398.3905812051089014858 446486.957434756332077086 13.38014714483560752000812
85422.73727597953984513879 446487.7576697441982105374 17.17667982426445050236907
85421.09309727040817961097 446487.1569503986393101513 17.1601948513523794304092
85416.54362892283825203776 446480.9104695958085358143 17.12799227334384966070502
85427.29822904849424958229 446507.3537039982038550079 -0.8852225035108188810895058
85412.15897681255592033267 446491.4540979175944812596 17.47160773667383537599562
85412.75104316571378149092 446491.9550618912326171994 17.82482514568905784813069
85412.4013145084900315851 446492.5616536985035054386 17.96213301162924125264908
85412.64244717979454435408 446491.5786686238716356456 16.88157729310727006577508
85443.64052500274556223303 446478.5661791841266676784 7.502145271279159643995627
85446.96676780855341348797 446468.8742020165082067251 16.93644282881431450960008
85447.15789093502098694444 446468.8621592992567457259 16.44121944448894367951652
85431.0418008835258660838 446508.8525231737294234335 8.714795633222447435173308
85424.08433761604828760028 446496.6515640472061932087 17.25594129234840679032459
85422.98344575877126771957 446495.9874445755267515779 16.97132431360238769002535
85429.38980657505453564227 446492.5571440102648921311 17.98369422036743969783856
85429.31244310327747371048 446492.6758297348860651255 17.2877601334954000833477
85423.40775076994032133371 446505.9913830163422971964 12.14871249448212786603563
85447.30636288691312074661 446458.6105896301451139152 7.820714420479721873391554
85447.17055206229269970208 446468.5993541891220957041 17.21826553125034919844438
85448.22051085878047160804 446466.7547536693164147437 16.59901582740637238089221
85447.06659381451027002186 446466.1794548117904923856 17.42364869712444175320343
85442.6387007131997961551 446478.0075105552677996457 17.59841987813386765537871
85440.86482848470041062683 446481.3091273605241440237 17.89953943091565236045426
85440.46969445326249115169 446462.8170271558337844908 17.15881649227914707012133
85442.72960259136743843555 446473.4496289790258742869 18.29751182523917307776173
85438.72248792261234484613 446481.8805418926058337092 15.69051544480655735469554
85439.36730967076437082142 446480.4940671988879330456 18.04539001798544362031862
85447.94323682367394212633 446465.7618231972446665168 17.12404724546972190069027
85438.46230031468439847231 446462.3040806131903082132 17.27496134770390057155964
85448.668410976737504825 446459.1910954688210040331 11.62472985160191107922856
85407.05732897126290481538 446481.8621525635826401412 14.04451163185033202296381
85425.57044683514686767012 446482.5334063074551522732 17.99792071587518194064614
85422.08062986559525597841 446481.368142737599555403 17.89436238961433645044963
85423.35994005780958104879 446480.3374068100238218904 17.90318992615382853728079
85440.92974496269016526639 446477.2992042230907827616 18.29888761606328273501276
85440.65212979206989984959 446479.0527735967189073563 17.90480923198313334410159
85424.563431714748730883 446472.0408555083558894694 17.80040078773414791157848
85424.29774427531810943037 446471.9153836510959081352 17.14326841768470899296517
85417.96984662349859718233 446468.5264969328418374062 15.41213982303481166979964
85418.24806037095549982041 446468.0322590877185575664 14.55523257606162701449648
85417.15812880043813493103 446468.1212006054702214897 15.23654252958000299145169
85409.27717311028391122818 446472.7312665729550644755 15.09746252438259439543344
85409.61676422849996015429 446472.681302018987480551 14.90288510163282431619791
85410.47305885645619127899 446473.0629109228029847145 14.94654810763834085207691
85431.23686376867408398539 446485.5487361268606036901 17.55141304160418513902187
85419.035830991982948035 446466.190325235715135932 14.81251204669351118070608
85414.17477620719000697136 446468.2031613381113857031 14.83075118124872204816711
85414.74979051933041773736 446469.5752567319432273507 13.33128792200005285906173
85410.43767617022967897356 446481.1069459132850170135 14.9406787826233351523797
85410.32357859669718891382 446482.051318242447450757 16.44213807274980254646835
85409.2666267972526839003 446481.1431004668702371418 15.73172926883699140887529
85429.81745275856519583613 446494.8981273978133685887 17.16806540988586249341097
85430.11342816714022774249 446493.3771981337922625244 17.15377580803515655816227
85418.4215143934270599857 446468.9748842166736721992 16.33102146905167018076099
85418.09598094012471847236 446468.3875554330879822373 15.97232667738991729322606
85429.39459190818888600916 446474.1008197355549782515 17.84669242724408988465257
85437.68542343417357187718 446483.5939819631166756153 13.75662716782460393005749
85436.38146424455044325441 446483.1623833804624155164 13.98850923966058346081809
85437.12686990528891328722 446482.9055833526654168963 13.81447815805849543835393
85437.49703326048620510846 446483.2298341472051106393 13.27371382654626152941546
85416.57142630069574806839 446471.2533689856645651162 14.3327681176764052395356
85417.02686829035519622266 446470.8379692599992267787 14.4231494431061424421614
85416.79428109632863197476 446471.4321086828713305295 14.83913506671705206940715
85427.60166379895235877484 446489.771906667563598603 17.98718851974975407870261
85427.25067855761153623462 446491.8269902518950402737 17.84675493390083289568793
85424.96569484502833802253 446490.8832798987859860063 17.85995510380285367091346
85420.31853365441202186048 446491.1493621779954992235 17.37063450906067174628333
85426.93076059778104536235 446473.0219177287654019892 17.50466026688053133852918
85418.83125581148487981409 446475.8575903292512521148 13.92848202576591454260324
85419.38805350476468447596 446475.5577955982298590243 13.67837624718345068686176
85419.54383460969256702811 446476.1699424813268706203 13.95426191544426686164115
85421.07426886555913370103 446479.5918104525189846754 18.0473569508873055156073
85417.83783556234266143292 446464.7687960097100585699 15.93250209842149978101133
85415.88575107511132955551 446461.5140016234363429248 14.03399733006338401253288
85409.07203561889764387161 446488.3796622705995105207 14.66248348975854653986062
85408.10082635018625296652 446488.2095583199989050627 15.25263426007585643162656
85408.26224317148444242775 446487.8169067919952794909 14.32237429320998423065703
85417.19701774873828981072 446470.4913327756803482771 15.71621607832546807514973
85416.67033243911282625049 446471.7220326680107973516 15.43815766328498462200969
85415.46580663241911679506 446470.6506510019535198808 14.15419014076146275726842
85415.00435725180432200432 446471.5328171792789362371 15.30967214188021685572494
85414.37244196105166338384 446470.6153939921641722322 14.66905587668800770018152
85428.15077216411009430885 446455.8925738230464048684 17.87570934156336477371951
85398.37137022253591567278 446471.8465089397504925728 14.54231723638696394118597
85398.2944342733098892495 446472.1319065709831193089 14.97166313997412601111137
85396.66008475236594676971 446471.0534703187295235693 14.42341957963356335881144
85412.89328585752809885889 446463.2626305849407799542 15.52410691303673218044423
85414.03800397182931192219 446462.6153424996882677078 14.84744983607428636673831
85390.1900825735938269645 446476.1916593253845348954 14.15459666506268909813571
85391.21449813537765294313 446476.5505659147747792304 14.07672382772622654556471
85391.51957220009353477508 446477.5024906600010581315 15.0912177847559423327084
85385.38138038634497206658 446477.4894902182277292013 13.12564218547021432925703
85386.00335210820776410401 446478.0974947349168360233 13.62263976871412118896387
85413.26644819894863758236 446470.3847833218751475215 14.94993059178526983998836
85393.38433390422142110765 446471.5178142835502512753 15.03211712459089710591797
85416.38071099099761340767 446460.0828090188442729414 15.44272390212628565109299
85418.35748364281607791781 446464.4056923143216408789 14.84159974505731760530125
85419.00975942298828158528 446464.1066875211545266211 14.1373705618918119597538
85412.30212745095195714384 446458.4091717723058536649 15.46308914710949444781818
85415.61259735473140608519 446454.4004364923457615077 13.80368173648966312327957
85415.99878328033082652837 446454.197847174305934459 13.34718641471956956934264
85421.37269323199870996177 446460.7081518248887732625 16.08708008622753737881794
85421.24265925090003293008 446461.3617397956550121307 15.69041471449152602701815
85432.66513990751991514117 446464.3843178967363201082 17.86811946930665584432063
85432.84569482981169130653 446464.9498681395780295134 17.99800785652385926027819
85428.95335924960090778768 446458.5930800157366320491 17.3313670591998985059945
85427.23907452455023303628 446465.5633547998731955886 17.31815199413829731156511
85427.66357123240595683455 446464.8477033526869490743 16.78784318879143455660596
85428.23184336080157663673 446464.297941251948941499 17.45413819468794613953833
85410.14754274273582268506 446455.6589017597143538296 13.24625293732011854785924
85410.51822290880954824388 446454.6656874106847681105 14.90975121184578888744454
85409.28048308521101716906 446454.6891610794700682163 14.09535896323036574528942
85409.48550378125219140202 446454.2266960634733550251 14.92947112455547120646315
85417.70017162730800919235 446452.0848356070346198976 15.30337045929634065544178
85380.72315231229003984481 446464.9344837828539311886 15.03608299408596593593757
85379.29758460604352876544 446465.4670243006548844278 15.3823807024810932375658
85415.61531714946613647044 446449.0032422725926153362 14.4646560282140441699994
85403.35205772313929628581 446459.3494990612380206585 15.11473801129081806493559
85403.57706152828177437186 446458.4001481577870436013 15.01291322613904455351985
85406.65532132834778167307 446459.666410557460039854 14.99632232771326201259399
85408.14805914758471772075 446455.1373994169989600778 13.61125213584689674917172
85413.47302291032974608243 446448.8051066347979940474 13.46384946966757034658713
85436.52584068237047176808 446467.4188798544346354902 17.75016653285520717986401
85435.81227665413462091237 446466.96146062744082883 17.88502560436004529265119
85409.52798087181872688234 446459.83195859583793208 13.72449265620844371937892
85422.061877793850726448 446454.3545236674835905433 16.07415141180660000941316
85418.76723820493498351425 446449.9103226265870034695 15.02331768209178797235381
85414.82377004923182539642 446451.7833909651963040233 15.54669650917510814736033
85415.05826167241320945323 446453.3227711936342529953 13.82938105520618421451218
85424.54771794118278194219 446460.4227139923023059964 17.31678590568551712181034
85422.01400964379718061537 446457.3502968059037812054 15.2564766497831083569281
85421.90294111217372119427 446457.2364689757232554257 14.08591205638886556528178
85420.870911609978065826 446457.5253489570459350944 15.19018502751054633392869
85400.64981580556195694953 446478.1564230307703837752 16.59852005669133490073364
85424.92816295697411987931 446460.6707244860008358955 17.3948779463002409784167
85425.40017511318728793412 446460.0546499217743985355 16.7018764491068480992908
85422.84103364915063139051 446456.7047761609428562224 16.00166338021072576225379
85420.65444450515497010201 446453.3045315357740037143 16.10932513699204093882145
85416.58462517352018039674 446464.1440030643134377897 15.61428062283759210515655
85401.34766688103263732046 446478.6829078766168095171 15.95033633867718947385583
85421.18581209071271587163 446455.0861031719832681119 14.7687101329757641821061
85423.23848892352543771267 446462.96201122528873384 17.13839158474472768034502
85417.50497497885953634977 446489.9900409433175809681 17.83294800283605496815653
85415.82402217655908316374 446489.4431830304674804211 17.95821304653405903195562
85421.70133383036591112614 446457.7163769036415033042 15.01479160470497298263126
85421.34954167986870743334 446457.7235148004256188869 15.40523601609545778501342
85430.27689822117099538445 446460.6451874046470038593 17.84812782901862604489907
85431.76905426208395510912 446461.3045575577998533845 17.82648751292897770781565
85431.3331113347812788561 446461.7423364666174165905 17.33306880171488373321154
85418.17029880890913773328 446460.8420694195083342493 15.46355312451231078796354
85418.89490611305518541485 446459.0522319640149362385 13.50209317644646489497973
85421.84882859897334128618 446457.5395966697833500803 15.55789692271565094472408
85417.29468258822453208268 446470.2637122815358452499 15.9875909425316944378892
85423.29793137541855685413 446470.2987495160195976496 16.90592701724990476463972
85424.93904852881678380072 446470.7667769250692799687 16.9177954275141253503989
85416.97219460979977156967 446472.164079077891074121 16.27389524435706036342708
85423.02475156218861229718 446463.9444380861823447049 17.36897287613439999631737
85422.99945780454436317086 446463.2153017105301842093 17.15280726672187938675052
85425.88073653281026054174 446461.1781849125982262194 17.49698283189758285516291
85429.60477692447602748871 446461.8799196414765901864 16.79478169459026304366489
85412.28827657090732827783 446450.2685678484267555177 16.09425630924723193970749
85415.81417827609402593225 446470.4164345923345535994 13.76832776359487731099307
85419.38870218403462786227 446459.5776586442370899022 13.53839620092129791828484
85418.90338489851274061948 446456.7290398682234808803 15.01665491976177158051087
85418.67124843382043763995 446454.0701865698210895061 14.73070301487303090937075
85426.23791757241997402161 446457.4571859337738715112 17.62936861641792773980342
85425.90562140397378243506 446456.670256991230417043 17.25472555242422956212067
85426.30249129519506823272 446456.4515253963763825595 16.91777364244226689038442
85422.34931887508719228208 446457.4777204449637793005 15.0448409486707834759045
85430.02326579495274927467 446456.8546833916334435344 17.69256209193729034723219
85429.01877968087501358241 446456.873222514521330595 17.25143276812880799298
85429.89547780332213733345 446456.6371554494253359735 17.85748007605926801488749
85433.46406070711964275688 446460.5411949545959942043 17.83079851871165999455116
85432.30238574887334834784 446460.6595423520193435252 17.97240643699383255693647
85436.55129523378855083138 446459.4270738762570545077 17.84577094554882847887711
85436.01773414338822476566 446460.198658329900354147 16.84737893382039786160931
85427.18282209330936893821 446457.8968943592044524848 17.82837783072654858074202
85432.74046034182538278401 446459.5888593075214885175 17.12204757009230604580807
85433.01721543038729578257 446460.3171169318375177681 17.36037592502063375832222
85447.40811227991071064025 446464.7547233253717422485 17.04535353757913540562186
85446.6602424119773786515 446464.7544462478253990412 16.93560822860685632917921
85439.02343941250001080334 446474.6012345046037808061 17.48409497113177479832302
85437.61539458413608372211 446474.8681374835432507098 17.95972850376566753993757
85437.37597666619694791734 446461.6452443154412321746 17.1895471286621841500164
85436.96337665861938148737 446462.0154218022362329066 17.42433819913247461386163
85433.61582568276207894087 446448.3185305218212306499 -0.4576528636919310888409029
85428.71284423992619849741 446457.6001921711140312254 16.98451118035688267582373
85429.36640041775535792112 446458.0293327157851308584 17.04738032975758343923189
85442.02761758548149373382 446456.528976418892852962 12.59330624222883621143865
85417.23812995792832225561 446452.4774491191492415965 15.91787977413672727777794
85414.6364409722009440884 446454.2278489284217357635 14.09729095419256417187626
85413.35773204047291073948 446455.7852790598990395665 14.99311697387366137945719
85421.53893789681023918092 446451.0880781901068985462 15.01276467945183235030981
85420.51371458941139280796 446458.7401082136202603579 15.29990200017447499192258
85420.67301007769128773361 446459.131743451114743948 14.49758603481978624927251
85416.03002728392311837524 446451.9563154713832773268 15.93801586632466538162589
85420.30796041330904699862 446460.0322234836057759821 13.92596084110786769372226
85420.55106928116583731025 446459.4025373812764883041 14.00384577564427601714669
85422.58518314866523724049 446457.2787987292977049947 14.44156674634923831490596
85402.40462472815124783665 446479.1211790383676998317 16.32906136404363195424594
85403.45997804553189780563 446479.3496558808838017285 16.60156906860930092761919
85425.35858021510648541152 446461.3271620619925670326 17.80701007465827601095043
85426.04804283259727526456 446456.1850123396725393832 17.21026049326141205142449
85433.39277839104761369526 446469.9738733894773758948 18.45073088818386253251447
85416.80154262308496981859 446454.4199833023594692349 13.38857111915110742472734
85416.68731885426677763462 446461.1677246291656047106 14.84888601916527761659381
85416.04067223600577563047 446453.4835940470220521092 14.12601074493631081452349
85424.47920655533380340785 446459.5528843921492807567 17.09243417420515953608628
85418.30987254646606743336 446457.8285228481981903315 14.99578324925544414725209
85414.48593226030061487108 446456.1950608130428008735 15.06307890979986652268963
85387.01920238821185193956 446443.9849558370769955218 15.97528130487300579432031
85386.97161920829967129976 446444.4356067136395722628 15.66788090285244017252353
85386.1994507663621334359 446443.7541066966950893402 16.22133231552793475316321
85383.34417750990542117506 446473.6639900518348440528 14.52597035378343370837229
85383.70743660478910896927 446473.2739470353117212653 13.8645721673869672940782
85384.29457301588263362646 446474.2961745894863270223 14.81979096750525926040609
85398.83392929691763129085 446454.3327598674222826958 14.16650458566525827563964
85380.74714577176200691611 446474.3287538507138378918 14.99887038143744710794181
85383.05808186372451018542 446475.1477630185545422137 15.12752588126519448508134
85381.06549602489394601434 446475.5791173059842549264 13.67069541573319746419202
85385.34052093645732384175 446470.8140157046145759523 15.15587325114872996323356
85387.18311345171241555363 446471.8968793846433982253 15.63762481678494786763167
85396.46145546513434965163 446441.869476687628775835 12.8229833272554127887588
85372.95495573454536497593 446456.5749753506970591843 13.48746190588729554349356
85370.11779325550014618784 446439.0558167476556263864 15.56983427919635154523803
85367.56200301669014152139 446462.4800895212683826685 13.704068069157111509071
85385.05551839503459632397 446452.849985423672478646 13.86116995931356221660735
85378.92949308865354396403 446450.9955397791927680373 13.79818274940946309925494
85379.26197228806267958134 446450.3895751062664203346 13.95605281623638838084389
85373.34900355080026201904 446435.5106025012792088091 17.7289476642335763756364
85394.47402180339850019664 446448.5786438314244151115 14.95415215756420757031719
85381.75137305815587751567 446439.6528565655462443829 18.73061622974148576759035
85383.13090363010996952653 446458.6102213015547022223 15.13676855538726506722469
85381.93286696384893730283 446458.1952061232295818627 15.68367368421830221336677
85370.17888589677750132978 446447.1575985095696523786 14.85030870041036266115952
85390.11661761249706614763 446484.4048373563564382493 -1.062293660687176233281548
85351.01161931516253389418 446440.3532330599264241755 14.84940560178401725011099
85359.03463397432642523199 446447.5462780357338488102 17.5713660108065674592126
85360.45406593605002854019 446441.7292646889691241086 15.27406906845844680731261
85368.11787655898660887033 446447.5938217473449185491 15.24574982366162778646412
85387.19767119114112574607 446449.0316336721298284829 15.0877958311211575193056
85386.40253470093011856079 446450.4097209885367192328 14.68200474132937749516259
85386.09686572468490339816 446448.9098322044010274112 15.30881276114558708911773
85385.79831366613507270813 446476.0077086509554646909 15.61804077955740410743601
85387.62552785652223974466 446476.5694621648290194571 15.79957697672898042640099
85385.63527620665263384581 446476.538633998716250062 14.71637989295959947355641
85359.01264097215607762337 446443.3071031131548807025 15.01003437550653529797273
85359.36313954310026019812 446444.8037526552798226476 16.35414601947177359875241
85358.18610184325370937586 446443.6207639088970609009 15.32106749355611796659105
85356.91849775575974490494 446442.3748318661819212139 14.66521196353009059976102
85360.94286910533264745027 446452.8309790065395645797 15.8456921645001092002758
85360.68191265969653613865 446448.7199498414411209524 16.94315035136873603960339
85359.52680004357534926385 446447.8756361923879012465 17.49690350662113758062333
85360.18922224421112332493 446445.5012683119857683778 17.49196103226726961565873
85352.03916406680946238339 446430.1793404225027188659 14.66504609193006913869795
85346.3064508727693464607 446446.3936140745645388961 14.64542603140451682008916
85343.17932511643448378891 446451.8666583214653655887 13.34491298485147936503381
85356.73375334520824253559 446444.0744574337149970233 -1.062293660687179341906017
85361.87417538101726677269 446448.4216504684300161898 18.14242618232129444777456
85352.61066528047376777977 446439.9303423718083649874 13.92475444471792656031539
85351.60501565503363963217 446440.1118079682346433401 14.13306306466880180039425
85365.64207285871088970453 446442.7397443309309892356 17.00120405261914768857423
85372.39355953471385873854 446439.1083218603162094951 15.09754551616080320286528
85380.48736965769785456359 446457.2096938813920132816 16.51246453105982681108799
85371.49278330332890618593 446437.5006435659015551209 16.48919999482681930658146
85365.52609383006347343326 446443.7752718773554079235 16.1505110460923795301369
85357.96353740656923037022 446442.2512208138359710574 14.80214550133925577313221
85370.921016231834073551 446458.8087329108384437859 19.99554407148971080232513
85371.07601345112198032439 446458.2845795270404778421 18.98911834405805976189185
85369.48704671485756989568 446457.5585199096822179854 18.2017671969360073092048
85369.6758272430015495047 446457.5774916950613260269 19.74075775304573454604906
85371.99910781857033725828 446458.7524844313156791031 17.41512071140502371235925
85371.45671865963959135115 446458.484078140405472368 17.34724852764238889335502
85366.99025770129810553044 446462.8126098903594538569 14.59621431468159613586977
85367.22474771276756655425 446462.1062049681204371154 12.99691514558875127249848
85369.89948186438414268196 446456.9908427264890633523 16.0888463679388742377796
85389.37176210552570410073 446452.6735613560886122286 15.13633322086331567390971
85387.31774320492695551366 446451.5297660845681093633 14.87728517875383538182632
85388.81305349229660350829 446451.7453318761545233428 14.37400125993244692779172
85376.24193746647506486624 446461.6873236026149243116 18.9958853311676243436068
85390.51940033775463234633 446462.4963797248201444745 14.80375791499742810231055
85390.56530573632335290313 446462.3957615063991397619 14.98334054314693553067173
85390.99139544599165674299 446462.5739800654700957239 14.98267343785587257798397
85385.4972331904573366046 446476.9103653508354909718 14.06843400050347092644643
85384.71627246853313408792 446476.4989864502567797899 14.59163119017058996007563
85374.71103424968896433711 446486.0058348338934592903 12.14408264139724558106082
85384.14652955750352703035 446486.3579701865673996508 12.1728904965288577955107
85385.70828952088777441531 446477.384535211487673223 13.48548340166750314494948
85388.4449133020534645766 446484.1532881632447242737 14.98360059506294383879776
85384.79288470868777949363 446465.3583334815339185297 13.34286973770286799378937
85392.09646583828725852072 446476.2872354807914234698 13.30741452629067467228197
85379.26091849093791097403 446473.6787141285603865981 15.05354862586080599839988
85378.06379462368204258382 446471.901826552115380764 15.01407666014518049735216
85379.54695408657426014543 446472.4777343217865563929 14.99741627198057436487488
85387.32625084204482845962 446456.7715351864462718368 15.1478665481934484660087
85388.76848852630064357072 446457.5546196739887818694 15.006472623182999015512
85377.61179665160307195038 446477.4214100796380080283 14.35992329590421867635541
85377.04622540452692192048 446477.8514774281065911055 13.71818315965210111073702
85376.52650899022410158068 446476.7934290846460498869 14.58582052437235176967079
85375.59223419612681027502 446480.1120291977422311902 15.10367458570843268716999
85389.0258146418200340122 446478.6150513452012091875 13.70005811231671799532705
85389.34735822734364774078 446477.5404480237630195916 15.51835551103920529669722
85391.07429955448606051505 446478.7991525360848754644 14.69807479709890785102289
85373.73420922346122097224 446488.1093710442655719817 11.43246069241728335441621
85383.38973283223458565772 446487.2698409651638939977 13.51942844434473656178852
85384.10634044581092894077 446487.5541508966707624495 12.55491875559282455299126
85372.7906748760724440217 446485.9330797229777090251 8.04432488692899738680353
85403.93484286085003986955 446486.4742044209269806743 15.01440290263168009232686
85404.39868467881751712412 446485.8382670111022889614 13.75721316032125685069332
85376.14700710189936216921 446482.6110440078773535788 8.993794491891501152736055
85375.55033475077652838081 446482.0073787720175459981 9.22518237378859851105517
85376.29827210612711496651 446482.1470267701661214232 9.029890123560663894863865
85389.05165565491188317537 446481.5125380837707780302 15.12156894075810242838998
85368.25816735529224388301 446483.2786652405629865825 6.615625964741957076853396
85367.14791797859652433544 446482.0661647620727308095 6.668355046668720476077397
85368.87761518769548274577 446482.8901283994200639427 6.613753861086232532784379
85356.8307849035772960633 446474.3494485338451340795 10.59542185738362363167653
85371.75201184222532901913 446483.6806066416320390999 9.870274361983668143238901
85369.37919633265119045973 446484.9140167906298302114 6.623592124539638525959617
85375.19239134519011713564 446484.788542526715900749 10.36542938375427702624165
85375.46172588328772690147 446484.0352113727130927145 8.880051500167018829756671
85368.20273655766504816711 446482.4015154736116528511 9.870292793824702926031023
85362.17018464965804014355 446480.373809793614782393 -0.9168756315020054614706169
85365.81090548889187630266 446481.8749021086259745061 6.078940563358175452890464
85363.05994400140480138361 446480.7404849562444724143 6.165457712183298966124312
85365.71558082762931007892 446486.3162819375866092741 6.884008199719868770216635
85365.72763300316000822932 446486.275808909791521728 7.384999143716531655456947
85366.16413242745329625905 446485.8166841194615699351 6.642254742279907198110322
85366.08395869728701654822 446482.0856931653688661754 -0.5537954843479726552146758
85367.71439488010946661234 446485.4680805931566283107 6.622928474837735279834305
85366.88644269639917183667 446486.9847089450340718031 6.502208898556511407207381
85366.0299680500611430034 446482.2142038376769050956 3.368307670226373673472153
85366.47724541167553979903 446483.870263917779084295 8.392777074954286931074421
85362.54442280798684805632 446480.5280530556919984519 9.660710662489552902343348
85367.0398470754298614338 446482.0648460786906071007 8.800144698259456887967644
85366.8755491707706823945 446482.5935527957626618445 8.340151221378068413514484
85371.02365173824364319444 446479.3990633274079300463 -1.062293660687180230084437
85384.44579448664444498718 446467.8190547456033527851 15.03941235226141159841973
85365.42246771228383295238 446483.6602021355065517128 -0.9144774956441578117605218
85365.81541218255006242543 446482.7248981930315494537 -0.8976442168576632685272898
85366.05860536640102509409 446482.1460401655058376491 -0.9092731386423953399145148
85365.82430466725782025605 446483.0721931452280841768 -1.062188746859497268104633
85367.23992288188310340047 446483.7233041836298070848 -1.062293660687179785995227
85368.13087204638577532023 446482.5344009796972386539 7.268121860502271047721479
85367.262224856938701123 446482.1197311931173317134 7.975681344417822948855701
85371.09707850107224658132 446483.9463073165970854461 9.558010718214932310843324
85366.09394606814021244645 446486.5168837421806529164 6.641355047482291773519592
85367.3944626617303583771 446482.1826995625742711127 9.40988515851838336345736
85367.39388027635868638754 446482.1759824809851124883 9.763117215030698403666065
85378.26324140839278697968 446477.1781888714176602662 15.00713370941494950727702
85377.86146947534871287644 446477.8469343732576817274 13.95419068065430501235369
85356.51092843608057592064 446470.6585227290634065866 17.7650083312481257280524
85375.59446415527781937271 446483.8710744476993568242 11.72299564638357693979742
85366.47358988890482578427 446484.2442953134304843843 6.636161528973374856832379
85345.92908355628605931997 446463.5182521559181623161 16.49066677525297208717348
85342.82889335080108139664 446468.4393083522445522249 9.751664442759027551232975
85356.22967693062673788518 446470.7857157164253294468 17.68279214010471278584191
85384.73339875870442483574 446457.4971659051370806992 13.86550648595243551142175
85384.90874990836891811341 446457.1761054706294089556 14.42927441123125298361174
85382.29752226283017080277 446489.726489933324046433 13.00251173844086416409027
85382.33178228417818900198 446489.3019001426873728633 12.59088561429243746658813
85384.1350729186087846756 446484.5065085866372101009 13.81313975135060800880638
85382.83069123301538638771 446484.6045327066094614565 12.85283970681950016512474
85374.33435167603602167219 446481.3276281154248863459 9.921537225932034687048144
85373.91397844383027404547 446481.1469928995938971639 10.47741155255332046181138
85382.74232599664537701756 446488.419533490261528641 13.54780848825142491875795
85382.33344584931910503656 446489.6438692663796246052 13.78036519383206481847992
85382.82966680313984397799 446489.9301067587803117931 12.9317117176080920160075
85383.05584663053741678596 446491.4042258096160367131 12.17686197096985090126964
85385.17240636797214392573 446482.5960927161504514515 14.72353828441758771816694
85381.48938649456249549985 446478.498683393991086632 14.13751811217079712434952
85373.65027490106876939535 446481.111266962718218565 9.868351807167661249309276
85385.46417141632991842926 446491.5833525424241088331 12.17502589855943107011171
85385.03885053971316665411 446490.8545740625122562051 12.17362980258736726568713
85401.3690245528268860653 446485.4106325487955473363 15.01991283026003642930846
85402.37035871723492164165 446487.2029927956755273044 14.96647828808406366363215
85375.36791785825334955007 446484.3863925000187009573 12.03905320106122367462831
85373.38099100379622541368 446484.5653134763124398887 9.740213359547194471588227
85366.78767167076875921339 446482.8780995268607512116 6.792047442806055101982565
85403.62321110820630565286 446479.6246276734746061265 16.43409672334552240613448
85404.93643883807817474008 446480.1691850118804723024 16.41789273840031881945833
85403.7297704764932859689 446479.6687266040244139731 15.36693167923999148172243
85384.26321020268369466066 446485.4910007547587156296 12.17285650510837236026873
85384.76279486827843356878 446487.1098754059057682753 12.17296926000371115605958
85383.07723026858002413064 446487.701890454743988812 13.54915933983401110651812
85374.82525384343171026558 446481.9642167826532386243 9.569259589300775914466612
85385.11558356466412078589 446468.6556457472033798695 14.20816251472128222133051
85385.54349989295587874949 446468.2868144503445364535 15.01452113000493149286285
85387.46806924221164081246 446467.8641212607035413384 15.13086364238575143303933
85406.59181945804448332638 446469.0544925731373950839 14.95495243651565075992949
85405.35444666868716012686 446468.368624989758245647 15.10472492875194561179342
85405.24404256211710162461 446467.103702619147952646 15.0032227095896768531702
85406.10239267892029602081 446469.0797150621074251831 14.61191156946304481323295
85376.77793395801563747227 446478.1286784216063097119 13.80249578809491239894669
85381.4666809067566646263 446478.4859197754412889481 14.95540045522684202694563
85383.16387109486095141619 446479.1898810786660760641 14.98737465739600871472703
85384.26485378301003947854 446482.4142657580669037998 14.9614177138065151950741
85400.85009243358217645437 446472.9625118310214020312 14.67081591047104183189731
85401.26098440831992775202 446472.5697828000411391258 13.90947956361592119378656
85402.27891967823961749673 446472.7972051185206510127 13.64933990152449538868495
85390.57306296078604646027 446486.2351851030834950507 15.11701130592393305107635
85387.60605892274179495871 446485.0289418367319740355 15.11682736498966761473639
85384.30782667829771526158 446490.4936156467883847654 12.70823557081368981869218
85389.73854054935509338975 446492.5658803207916207612 12.78770584539156551784345
85382.11088602746895048767 446460.6877316263853572309 13.97843789602165287533353
85387.61404854312422685325 446488.9536337596946395934 12.17107646051228897476904
85387.57033533764479216188 446488.0700384227093309164 12.17048290933764675969542
85385.38660833652829751372 446490.9059236993198283017 12.94073188150069420032651
85385.85094234412827063352 446491.0821608262485824525 12.20063047109199239059762
85387.14608946736552752554 446491.5775749923195689917 12.38714107738289271765098
85399.08765875051904004067 446494.4558111680671572685 14.23178009140756294925723
85373.22781585562916006893 446469.2339960308163426816 17.84676770661335609702292
85373.05293745989911258221 446468.8635857147164642811 18.32840149387119410562264
85387.91710957215400412679 446477.5708839768194593489 14.58124905275531624226915
85373.1360847391770221293 446468.5866417177603580058 18.90942387850999395482177
85373.34666544296487700194 446468.49417817936046049 18.75418663389275408803769
85372.88018640562950167805 446468.120197932468727231 18.92978138022624534642091
85373.27244386827806010842 446468.2679367810487747192 18.90698181489224793949688
85373.30502325882844161242 446468.470266129937954247 19.0115896886165600676577
85389.05160961300134658813 446480.2507176525541581213 14.96265157895188657732888
85406.66924782750720623881 446480.8854033922543749213 15.47128936015034916806599
85405.60057449650776106864 446480.442947188566904515 15.70210917441613140965728
85405.98000094899907708168 446480.600300235440954566 16.39621871871458225200513
85390.56099910565535537899 446471.6019845214323140681 13.16835036896588029264876
85391.7940182126039871946 446472.5403766584931872785 13.70693773820445038325033
85390.35422925061720889062 446477.6628960490343160927 15.80009056640677478355883
85383.33164786611450836062 446482.0048880426329560578 14.93083440921220628183619
85392.45039292477304115891 446472.3931779583799652755 13.15023402102956673331846
85392.07369315289543010294 446472.0068981927470304072 13.49298509949128188623035
85385.16208844594075344503 446478.6783149284310638905 15.0318462268891916977509
85385.38668646469886880368 446479.2103524284320883453 15.12848017118799326397038
85384.39689616613031830639 446478.2638629368739202619 15.02262576493461310178645
85371.81813121026789303869 446474.5764326797216199338 17.22868003370865963574943
85387.86225903526064939797 446477.9981084502651356161 13.90525659998986363063977
85383.14492730969504918903 446479.1832077610888518393 14.6438129312217064637025
85397.15596637025009840727 446480.3293655436136759818 15.70221536642059589894416
85397.33594295602233614773 446480.0140880082035437226 15.22136623384009368464831
85398.04869442307972349226 446480.8836539406329393387 15.80038970212950211191583
85389.55774954415392130613 446479.5236779847182333469 13.5159168147629547007682
85388.76848218240775167942 446479.2146234869724139571 13.5699895869269813175606
85388.87166498020815197378 446478.8275635323952883482 13.28313798767910114406732
85379.42216479926719330251 446455.4616446635336615145 17.52433287820899820985687
85378.93837629701010882854 446455.4553516025189310312 18.07032841160553005011025
85379.20853179096593521535 446455.0449214743566699326 18.21825604732731562762638
85395.09629234671592712402 446468.1201771385385654867 14.98721496304193401272187
85395.06128772038209717721 446466.7108797370456159115 14.98873042141874556421044
85381.91150918879429809749 446480.2092759401421062648 14.5258694859611061644955
85393.35076314274920150638 446480.5107765876455232501 13.53895230678874384011579
85386.74989986134460195899 446485.1185290248249657452 14.52165759941215661399383
85388.13127255010476801544 446486.9393308277358300984 12.63333428188896334631863
85386.64856778932153247297 446486.8129757825518026948 12.17019662235547627915366
85384.48879050984396599233 446476.6283331418526358902 14.0955001858759825239531
85383.34873819918720982969 446481.0001108415890485048 14.7568197511890666362433
85401.45702239328238647431 446475.4796287518693134189 14.07135494670363939917479
85400.18386688045575283468 446474.8551664237747900188 14.21915246627110995802923
85400.59606377223099116236 446474.502035612182226032 15.01806925658739721995971
85379.08990152754995506257 446480.3416767161106690764 14.98727743181365923419435
85380.31625003575754817575 446480.4163132555549964309 14.5076868047892304502966
85384.39478755487652961165 446478.1880713732680305839 14.80204216289549279395032
85385.04360002998146228492 446477.982320800656452775 14.0513791927303266504623
85386.73379351236508227885 446475.7480771789560094476 15.36473664278160455864963
85387.98342103601316921413 446487.6193903813837096095 12.16932744222209450413175
85388.81587915527052246034 446487.3644319936283864081 12.38246121677260447313529
85407.22677389541058801115 446482.9608080178732052445 13.81863707399924834362537
85407.64407982958073262125 446483.032512278005015105 13.69679468282751422236743
85407.29531752904586028308 446483.4457667156239040196 14.37964536703879403489736
85390.94833102158736437559 446465.0045760982902720571 14.98194709420788939269187
85391.96819661169138271362 446466.8317161476006731391 14.98483226184976935257964
85391.06005681266833562404 446464.7552874201792292297 14.53111241018751265130504
85391.85185164622089359909 446475.0103747553657740355 14.71915291467153608095941
85372.36038784023548942059 446475.0002641659812070429 16.98359228506969387240133
85384.52372007347003091127 446479.812617085815872997 14.95861842567296129402621
85386.60993553056323435158 446479.2782167828409001231 15.02791897642450535954595
85385.71686775566195137799 446478.7558945959317497909 14.80041945656774338146988
85387.15966901912179309875 446478.0093664411688223481 13.45031550619806637314468
85387.08172553242184221745 446477.6350530617637559772 13.9658923107224506310331
85379.46646978157514240593 446477.7419671485549770296 13.89161942923558434870301
85380.36705620595603249967 446478.9855820421944372356 14.19857077567696101993988
85384.21156414321740157902 446479.8957930540782399476 14.69043115724751480399846
85383.70046116026060190052 446480.9916675760759972036 14.59215169057704208910309
85391.44074510589416604489 446492.9733467837795615196 13.73981245216229574168665
85391.30654788982064928859 446493.1427197949960827827 12.78633139367302895550438
85391.01166680040478240699 446493.0520440025720745325 13.6245312618010014915626
85381.67286577170307282358 446473.3922439683810807765 15.04303277308685515833986
85384.64160657324828207493 446485.5752800925984047353 12.51680083856408209896927
85385.35854555919650010765 446485.2156618500594049692 13.50708977434915425419604
85377.83421850609011016786 446467.453304806025698781 14.79624584006885257281283
85373.63286747749953065068 446467.0659644817351363599 16.85489693860075632869666
85386.49702421923575457186 446471.8230441953637637198 15.80458552111898740122342
85387.91702956707740668207 446472.5952979869907721877 15.66779224313586027506062
85387.84978510517976246774 446473.4029577001347206533 14.66272618745555433861227
85386.21422590516158379614 446472.7786884853849187493 14.59895549778083712055832
85383.8785213446244597435 446480.6538914692937396467 14.3161596086494355972718
85380.2812471455690683797 446474.3663479798706248403 14.65458279296288424120576
85382.63640484200732316822 446489.8561344221234321594 12.45400273089436993245727
85379.57600189415097702295 446474.6041865450679324567 13.85559400914990035857954
85378.68759339315874967724 446474.0224726112210191786 14.17720787857173725399207
85376.42928848558221943676 446474.1111603152239695191 13.70296527128180485988196
85373.03442506323335692286 446474.5266787717118859291 16.38540700437612684936539
85374.44099396593810524791 446473.9244662988930940628 14.58401553078424406351132
85375.56472384653170593083 446474.6788215518463402987 15.02008130668447627442674
85373.49454030174820218235 446474.6332470079069025815 16.25900785205216081408253
85374.40959246669081039727 446475.1732752329553477466 15.80171837117797295491073
85378.83586616674438118935 446477.8052957579493522644 13.95931438773923538576582
85383.84376248385524377227 446476.057000098517164588 14.99141364534103360028894
85382.14855508238542824984 446463.4792457332951016724 14.44183163185837237563192
85376.37704612524248659611 446473.3418377687921747565 13.76496167237800172244988
85377.55842749719158746302 446473.1179536992567591369 14.83643111909180234420091
85377.87213207854074425995 446473.7465165637549944222 14.08486009695433871513615
85373.29932331664895173162 446484.9035011301748454571 9.693507808218310373149507
85379.35691468167351558805 446477.6698808452347293496 14.33804884948475866224271
85370.26719821702863555402 446483.415425649902317673 9.868904526963504508785263
85370.02085697728034574538 446483.433323526696767658 6.730451407666669716434171
85373.49297400386421941221 446456.7847280047135427594 13.46763295288806183691577
85386.66970536118606105447 446478.3474425026215612888 13.58123883992726099734227
85386.28271779140050057322 446477.6876222758437506855 13.38677852367523257726134
85386.88253962901944760233 446477.8374800896272063255 13.5347862004500960608766
85375.32427442571497522295 446475.0199102230835705996 15.32587493077324580781351
85379.3550313861487666145 446475.5672587839071638882 13.97783876255493673568253
85374.0110078006109688431 446481.6759342950535938144 9.869187359036134310485977
85378.22071591166604775935 446471.4667512589367106557 14.52580744377515564735859
85378.88793282074038870633 446471.4258298951317556202 14.16310329991057059828563
85378.51253918791189789772 446472.0834827122744172812 14.3480184196708719923663
85378.10159873981319833547 446474.9268618322676047683 13.79693648865801414160615
85382.8945866190770175308 446477.194938773987814784 14.99772178846513703831533
85379.10480141693551559001 446477.7366308519267477095 14.57645246549255979573445
85384.9790272545360494405 446476.3487868736265227199 14.91891289277815779712455
85385.52428556545055471361 446475.7067879652604460716 15.5599648560747638725843
85388.34445592247357126325 446479.2966710545006208122 13.96377404355357931819981
85387.37825079887988977134 446478.7992292807321064174 13.82039532487464228438512
85383.31416739601991139352 446476.9548924672999419272 14.00992434767867500511329
85382.29890276107471436262 446476.8710205492679961026 14.09597603765908147011032
85382.85014446955756284297 446476.6141645902534946799 13.66940721216536047677437
85383.42758258793037384748 446487.5470434613525867462 13.78107735010410728193619
85383.27695429052982944995 446487.3493911800323985517 13.71858355138662410865891
85408.41553595178993418813 446486.5615873269271105528 13.80883405602317992588723
85407.47339584129804279655 446486.0843275611405260861 13.94109985326545064765469
85408.50658052598009817302 446485.4068562261527404189 15.6069100627074170972719
85384.24872038274770602584 446477.3495304369716905057 15.08847970777031122224798
85394.78555840934859588742 446482.0662429670337587595 14.09941965446458489452652
85396.124305682213162072 446482.397341153584420681 13.75731552579038918793231
85396.1148427601729054004 446483.2266077984822914004 15.0205032494795176489788
85398.0462755800544982776 446481.547518278646748513 14.90265417819180093772502
85396.58015292373602278531 446481.8828015693579800427 13.48568145837518805763011
85395.98019035496690776199 446481.5006542190676555037 13.68653233999192764258623
85420.05776946770492941141 446486.8117446477408520877 17.46568187496340485154178
85420.13315440267615485936 446486.8410736414371058345 17.85568038904219534401818
85403.19610407952859532088 446483.2036556836683303118 15.61509117037410909745176
85388.46486761298729106784 446478.577874966780655086 13.40527504361121913234456
85396.38500182480493094772 446480.0076338513172231615 15.69669092039910829328164
85393.30768782155064400285 446481.6214089393033646047 14.35686673064619256479091
85396.41775831607810687274 446490.2851126625901088119 13.0714220831620817619978
85396.31058533865143544972 446490.5853412753203883767 13.86445131367062622018693
85396.04441158786357846111 446491.0856730121886357665 12.81824714722462132954206
85394.77510360052110627294 446480.2387448137742467225 14.837450263531458460875
85392.68423309880017768592 446479.720010801509488374 14.31498098709262478678284
85394.10572806232084985822 446484.793832881492562592 13.68464756371992940842119
85393.82691903987142723054 446485.1859915680252015591 13.51588146133146395300173
85396.26951538420689757913 446493.2355986303300596774 14.08591215133734309006286
85395.55243684891320299357 446493.5640838791732676327 13.33372810334816271904401
85396.0600533369870390743 446493.0309725833358243108 13.40661243129298796361581
85395.54737942872452549636 446492.5235023009008727968 13.57042224257459039904461
85397.3502061436593066901 446485.1258204333717003465 14.96249712870883463722294
85398.07610407966421917081 446484.060957066307310015 15.04787769934620556000482
85400.85371662596298847347 446486.5760124288499355316 14.96585893072301054473883
85392.67637049914628732949 446485.8763046492240391672 14.95508494130493737372944
85388.93561709225468803197 446476.9013053622329607606 15.66584396057422701176165
85397.77686341374646872282 446483.1168125692056491971 13.80811571840027163204923
85383.14076001504145096987 446473.9968934422358870506 15.04008144142624026073918
85384.86055652298091445118 446473.8632172616780735552 14.00070697169768862977435
85379.21260068537958431989 446475.2712238082312978804 13.69114697022907733980901
85379.98337346019980031997 446475.2349363162065856159 13.67725873839255079644772
85383.57205606001662090421 446476.9626714931218884885 15.13019409303826456891784
85383.41943118961353320628 446476.8962635572534054518 14.9382209189357695322542
85377.03557668357098009437 446476.677508516819216311 14.99655074203152871348266
85384.90671869405196048319 446468.8179510603658854961 13.84151648440902704351174
85377.43572873582888860255 446474.3210429202299565077 13.69275484896818717572842
85384.5534225459850858897 446476.5919451725203543901 14.92859934266287247339733
85378.80263931778608821332 446474.6094911707332357764 13.678929524197794620477
85375.12443461832299362868 446472.4283061559544876218 14.35885419649778071971014
85382.5884497837396338582 446477.2441501440480351448 14.48190738391568821441524
85383.65940788325679022819 446476.0240320080192759633 14.25933673640955845485223
85382.93740962857555132359 446476.0579181265784427524 13.75856036250027081280223
85383.71206804506073240191 446467.6633372044307179749 14.82148802574075752147564
85373.3213309913408011198 446468.9214692165260203183 17.84203499462432773725595
85376.72210998959781136364 446474.4934396876487880945 14.01004331338030794995575
85382.88409966618928592652 446452.7548366099945269525 13.76038331767460398680214
85377.49617986775410827249 446469.712812748912256211 15.3329231956382905366354
85376.60048860328970476985 446472.5398223933880217373 15.11059397023454842212686
85378.46534265020454768091 446468.1933576932642608881 15.14728072568481742621316
85375.82099383798777125776 446462.5267935850424692035 17.65996181321299829392046
85393.86761527674389071763 446480.3898811973631381989 14.04433388645735547584081
85383.74562649056315422058 446473.0097327469848096371 13.51864659994636497231113
85383.31948321319941896945 446472.4877385416184552014 13.51235387808225141270668
85374.8809612482727970928 446465.7282031379290856421 14.04109355869853636988864
85374.21178162697469815612 446464.8724146698950789869 13.75191536143084647392243
85398.13870499972836114466 446470.8303030789247713983 13.29911051607123440021496
85396.79550490131077822298 446469.664590552740264684 13.96984570062165254000774
85398.81962272716918960214 446470.4138035970972850919 14.07212214368327884983501
85379.7436422644677804783 446470.3939976300462149084 14.25028943283274607267685
85379.1408403119130525738 446469.8126921715447679162 14.39222883020270771226023
85384.52521383944258559495 446464.3127213545376434922 14.31621232919864894483908
85390.52139608911238610744 446466.9905111819971352816 14.07152329070479623851497
85389.85747015150263905525 446467.3764622508315369487 13.27650236287097307297245
85389.34269243000017013401 446465.7424179506488144398 14.99014628169010165947839
85381.82958752340346109122 446471.9988669175072573125 13.35887014478858425547969
85382.56725874789117369801 446447.6055138394003733993 17.83359704109128074378532
85383.15567873837426304817 446447.5633920659311115742 17.4249053152293811308482
85382.64580861297145020217 446447.5749690687516704202 17.26339769944387469990943
85379.23487435690185520798 446456.205849481571931392 17.24770435380398936331403
85386.8622124267858453095 446455.3311997602577321231 15.00975176844643499407539
85390.87138850735209416598 446468.2456892182235606015 13.8553684548332576298435
85392.33008053604862652719 446468.6292358426726423204 13.56099006110552096515676
85391.4532462257775478065 446467.7896750055951997638 13.57033602824220785976195
85386.87372250201588030905 446443.4635094056138768792 16.17991477780006448483618
85382.02729616500437259674 446472.6539342377218417823 13.95565657223589894897486
85381.94593325008463580161 446476.0440953745855949819 13.66820531385952364189507
85379.07784486094897147268 446472.0356830442324280739 14.5759226445321186105275
85377.66075951096718199551 446468.1357629495905712247 15.62780141502847186529834
85388.92665186426893342286 446463.594023452780675143 14.98504459762987828241876
85389.77725168074539396912 446462.6713356325635686517 14.53941066231366541217085
85389.86917375844495836645 446462.5734488873858936131 14.98607043899230184536009
85396.99198566758423112333 446462.2629809197969734669 13.28253738564785635389853
85395.75670287941466085613 446460.4705942147993482649 14.97731107186457144564429
85397.9424165399104822427 446461.1864220497664064169 15.11892052183220691574661
85378.11611100609297864139 446467.9036322797765024006 15.30039996161328197388229
85386.27451045556517783552 446464.8373430510982871056 14.5557821512361229565613
85386.254252415950759314 446464.4593340769060887396 15.00046300388213538212767
85389.75764508754946291447 446470.0274807446403428912 15.00746632977963024302426
85389.85850933780602645129 446468.6571839830721728504 14.9764759998423642173293
85390.34463655942818149924 446455.7806690982542932034 13.51878741500958014398748
85392.58169229827763047069 446455.0631434226525016129 14.9765461150829448655486
85394.06560345280740875751 446437.2361638449947349727 9.199012400000322386972584
85386.01114542373397853225 446456.4657942134072072804 14.93956232533110295435108
85387.50412947579752653837 446452.7671854744548909366 15.13738027094468030497865
85389.26957805010897573084 446453.6632718647597357631 15.0057209208032364955443
85383.42325258060009218752 446448.1829626407125033438 16.96512831293824064005094
85383.2340576250571757555 446447.6835082946927286685 16.99841587635912887321865
85383.71020890942600090057 446447.886908218904864043 17.57550997313318319470454
85383.87919097962731029838 446448.0038973098853603005 17.44843014593089236541346
85391.1420984086871612817 446453.4051475500455126166 15.13366606166859895665766
85389.46015964852995239198 446452.4777673325734212995 14.94633213965816231905137
85390.04212769417790696025 446452.105728489812463522 14.18663646448968940205759
85390.11192691569158341736 446454.1206219753948971629 14.87386921415054175099613
85390.24106399124138988554 446454.0743444439140148461 14.99685724651886609137819
85394.69824284008063841611 446462.8990921946824528277 15.12275258807513189651672
85396.27735767350532114506 446463.3744386359467171133 14.98839917553732448141091
85389.07162833682377822697 446456.4046488251769915223 15.14244263588902761341615
85390.77907075769326183945 446457.1331889421562664211 15.13993327826498358490426
85382.17171350905846338719 446464.7116402449319139123 14.16570027970371725700716
85383.08004867529962211847 446452.0615995415137149394 13.81670792415057924529265
85390.50959423597669228911 446459.4737778700655326247 14.51010320071245551787342
85390.84689055233320686966 446459.049144314369186759 14.32285159761782367127125
85390.27395540082943625748 446458.7688264985918067396 14.98178150922611351347769
85391.332773417147109285 446458.946331915445625782 15.12627904365783315654426
85383.32032096518378239125 446447.0514710507704876363 16.84967882340629685700151
85382.9963805484730983153 446445.7003903745207935572 15.01683772485817414121811
85385.0215060429327422753 446446.8687593341455794871 15.51091770412669568202091
85394.46101723186438903213 446464.5228767957887612283 14.20839643105286320690084
85393.20979372099100146443 446463.4912400610046461225 14.98427157542945309387505
85390.32818526857590768486 446464.1240857799421064556 14.03154441490429782390947
85390.05593631115334574133 446464.5859669455676339567 14.90896343299200488274892
85390.08804080841946415603 446463.6451261423644609749 14.97840657666963437577579
85404.43985044259170535952 446461.0811606639763340354 13.64063447315510835267105
85404.04009717395820189267 446461.0919635733589529991 13.42411529385264579161685
85404.55642184831958729774 446460.5073483104351907969 14.40133406018306416740415
85382.33906444018066395074 446448.1284606617991812527 17.58395051847449863657857
85394.24499182525323703885 446449.385012013663072139 14.6881694804919380459296
85394.14755197122576646507 446448.9890807936899363995 13.24921140443125189278817
85398.63333073878311552107 446456.3388128027436323464 15.00698589711992525508322
85397.11384423937124665827 446455.7224156280281022191 15.02418194319956512572389
85393.59557459369534626603 446448.1729576588841155171 14.14335310825451408334175
85394.42261018832505214959 446448.3917897763312794268 14.33245141745192086091265
85394.57782214814506005496 446456.1458586800144985318 14.6661575275041577981483
85395.08293858505203388631 446457.3510550784994848073 13.44963593043660488035584
85396.59632404345029499382 446458.1699615992838516831 13.21709342800742348345011
85396.638600143589428626 446457.4218838963424786925 14.15393724274381348493534
85396.45209669363975990564 446456.6610100494581274688 14.98714738124035505961729
85398.22718480978801380843 446457.4037019502138718963 14.98278321469251928022004
85395.81375228325487114489 446455.1828647528891451657 15.02579534955656903605359
85397.03221125697018578649 446463.4786582151427865028 14.73105916064062448356253
85400.2689852201147004962 446459.4231673324247822165 13.54983571990905844018016
85403.22974699105543550104 446460.240427763550542295 14.05315656883283814693186
85402.01731421145086642355 446460.6331140974652953446 13.495058705728302683724
85407.31574792152969166636 446462.2322203221265226603 13.69423449528404468367171
85405.72778964891040232033 446461.5370079478598199785 13.73899903741664374479114
85397.75867624783131759614 446458.7375895967707037926 13.31954752573003197824164
85407.8024293667112942785 446454.5872928223107010126 13.31902297618886166219454
85406.91780004672182258219 446453.9081846015178598464 13.79651100186944923109422
85399.67384058750758413225 446458.4074526353506371379 14.48945785479381775928687
85399.82627352167037315667 446458.0744653166038915515 14.97232478586821180499555
85402.40022882804623804986 446463.2327725598588585854 14.96000445284692759173595
85400.73446774674812331796 446462.8555337898433208466 14.54838071881991190537065
85400.89625681741745211184 446462.6077752801938913763 14.9641236865040863079912
85401.39597409316047560424 446461.3850718424073420465 14.99674888157279362133067
85401.30576799598929937929 446464.0165272419690154493 13.3248799866205196451574
85399.18148812121944501996 446463.5495792809524573386 13.71997703294271175877839
85399.38551097507297527045 446463.2339511681348085403 13.30939661100993909315093
85394.67545318628253880888 446458.5736938558984547853 14.98520542665142762928099
85389.51069247580016963184 446462.9612083291285671294 14.00493947790261550778723
85388.84180561406537890434 446463.6857953098369762301 14.58332564290022936859259
85389.33664744431735016406 446463.1482143874745815992 13.60743909312355093277347
85406.26833220008120406419 446464.600627256790176034 15.10496573474104842205179
85409.19904547867190558463 446455.3231909609748981893 13.31530097942945367606171
85398.40108778035209979862 446459.2008939809747971594 13.60854955092483464795805
85399.06886119536648038775 446459.4274501647450961173 13.52988129374196013543497
85398.93138982057280372828 446459.7185194059275090694 14.04768450322175077360498
85401.23476919770473614335 446471.7608912755968049169 13.65051236356640984581645
85400.04371845541754737496 446470.9562662392272613943 14.02708423970129913982419
85401.63660644250921905041 446471.5127826409297995269 14.14879825533641621859715
85399.54877057946578133851 446462.8039827437023632228 13.96569898690477451452807
85412.04111105274932924658 446446.0517090714420191944 -1.062293660687178675772202
85395.53082945499045308679 446454.9202920238603837788 14.84700252917699003774032
85398.56893251481233164668 446461.6858041852246969938 14.90908707402364719030174
85399.29620306230208370835 446460.4909027403336949646 14.97135616316369599587688
85395.10518182549276389182 446470.8211302321287803352 14.97556598581143916248948
85395.12983477838861290365 446472.184057928912807256 15.11012904712861271150359
85406.13946048075740691274 446460.6951665815431624651 14.97553103059065549018669
85408.30962898040888831019 446454.4502047335845418274 13.84548418512575196359649
85407.62621084786951541901 446456.4635132942930795252 15.45254696604258626280171
85409.52179075410822406411 446449.1249176603159867227 16.08397612408591825783333
85404.84192284406162798405 446461.6147293827380053699 13.20454899712780161280534
85416.25639805439277552068 446479.719525917258579284 17.32030036317859966743526
85417.01928274353849701583 446480.130908510647714138 17.00904003863448821221027
85416.22622444470471236855 446479.9380003481637686491 16.58247626588488188303927
85416.20610800663416739553 446471.6345946475630626082 14.9887192201572290173317
85407.91922742135648149997 446469.6069033583626151085 14.95194206094222622027701
85407.68740624136989936233 446468.2531421716557815671 15.10104480759993350602599
85410.06881242591771297157 446469.0786537370295263827 14.97539905690944550542554
85426.12561461374571081251 446487.2904749280423857272 17.64687713788655543112327
85425.38758895019418559968 446487.5914349658414721489 17.23299608819613126797776
85425.00223399512469768524 446487.2941404644516296685 17.23247203954573691930818
85425.34512962050212081522 446487.0436390149407088757 17.84554034745412209872484
85439.07378358689311426133 446483.2395793295581825078 8.906699572333906189669506
85438.9942309554317034781 446482.6763729043304920197 8.903072126043948486540103
85439.83270075295877177268 446482.2273459951393306255 9.066713708761316325990265
85426.65210505010327324271 446472.904922557296231389 17.03503761648796555050467
85426.68325078932684846222 446472.3553022803971543908 16.94107106761632053348876
85429.43981833868019748479 446472.7365944017074070871 16.95751963588902100354971
85413.9975218399049481377 446487.1620843595592305064 17.02171143114035345433877
85415.05606765668198931962 446487.4729737677262164652 17.02957165352307100647522
85414.75287290656706318259 446488.1946205086424015462 17.03550815938369922264428
85414.24092300153279211372 446476.9079586708685383201 14.97377315623019455870235
85414.57935798644030001014 446477.0489850292797200382 14.54642874884593517492704
85414.01436775168986059725 446476.6860311235068365932 14.53363024600089303817185
85432.09784275424317456782 446477.4525637148763053119 18.04409252460407486751137
85430.06276864203391596675 446479.3174221538356505334 14.1409814650764413812567
85442.02407548895280342549 446474.6334489358705468476 16.90821309267936811693289
85440.43638512550387531519 446475.1334360496257431805 17.46407938162239759094518
85442.64184108750487212092 446479.5259454406332224607 10.06107709071597255956476
85430.69137611295445822179 446473.7235882618697360158 16.97264274665836936151209
85428.23749063075229059905 446483.9706196492188610137 17.87184729140536987301857
85423.1442587796482257545 446496.2620481060002930462 17.83880220501102797925341
85423.66915637669444549829 446496.4795673209591768682 17.57145738075198693195489
85407.58199329901253804564 446484.6305337864905595779 15.68965684426452078525926
85406.51905359959346242249 446484.192834762274287641 15.69174247972912894510955
85407.55464291818498168141 446484.4935590983950532973 15.53711146790418773377951
85413.52888499795517418534 446478.4048608557786792517 15.14108748204562893135972
85414.07757862478320021182 446478.1945803911658003926 15.95857147359446592815857
85416.32123580243205651641 446473.6916604726575314999 14.03871391058297390941334
85418.71422394672117661685 446473.8971315317903645337 15.22585775984800449123213
85438.11410233165952377021 446485.2716284083435311913 16.11126718682259095771769
85436.83068478683708235621 446485.423483588092494756 17.15309904546000296932107
85444.67667987672029994428 446459.3314379918738268316 -1.062293660687179341906017
85447.36644619469007011503 446458.6359536490053869784 -0.9172671177108719930970437
85428.35508058431150857359 446472.0780773956212215126 17.2837670942827372755346
85430.140880550243309699 446474.3683812419767491519 16.99058375889593008878364
85410.63892884405504446477 446482.2482657261425629258 16.27017498205214351969516
85410.1645571614644723013 446482.3089567701099440455 16.41312253290303502240022
85418.74973970380960963666 446476.5776298762648366392 15.07851163692120088910542
85419.90521727800660301 446476.560361066774930805 14.32407190714687139632133
85420.25678124840487726033 446477.632692301063798368 15.73567357765755403420371
85413.02695494978979695588 446472.5403452891041524708 13.7143880988581532420767
85413.72016772907227277756 446472.3256952411611564457 14.47443900588280385477447
85413.32544443753431551158 446472.8309919382445514202 13.4619239410884574681404
85439.19638474450039211661 446488.1497561000869609416 11.25110953281959069727236
85438.65457248594611883163 446489.004737179959192872 9.391381404326224924261624
85438.39491843272116966546 446489.6309265356394462287 10.83017410993501350446877
85425.7351276661065639928 446472.5342405622359365225 17.80485819691726590008329
85416.47617114022432360798 446478.8482260265736840665 -1.062293660687179119861412
85415.71264896691718604416 446496.185383931384421885 16.90337831320344719188142
85397.07667030334414448589 446488.923939859087113291 15.10822319771494726126093
85397.12603530674823559821 446489.3397450436023063958 14.62440626494336548546471
85396.21577644288481678814 446489.6268564637284725904 13.62520947709272967074412
85392.6207821401912951842 446492.1399439327651634812 12.16761444340174058709181
85411.901998547138646245 446493.4668235136778093874 17.58152158641684437156982
85389.40952563866449054331 446487.4693862952990457416 12.63084295651979971353285
85389.02784359153883997351 446487.0275618162122555077 13.06231273951767946073232
85418.40522904242970980704 446492.9227656358852982521 16.960932236957372509778
85411.23413835249084513634 446475.8673520345473662019 13.67401313418173458558158
85412.12178415498055983335 446475.4046551166684366763 14.67595545300170556402009
85412.40802814177004620433 446476.3904378137667663395 13.62891850072932875548304
85411.35813488846179097891 446476.4826209600432775915 13.57234635270807032725315
85439.19910141754371579736 446488.1499629273312166333 13.2759528874111598639729
85438.00451620784588158131 446490.5710813303594477475 14.50645312816940624145445
85424.79643841774668544531 446491.1652432531118392944 17.10927585755810298451252
85430.53310911988955922425 446495.3680493567371740937 17.35526672358388111661043
85429.47374399067484773695 446494.9317194108734838665 17.81697519095164139457665
85409.29576843453105539083 446486.6399041028926149011 14.23895734096590537376414
85419.67082970098999794573 446484.2341974730952642858 18.44932643893920598543446
85419.05832840916991699487 446482.0856987241422757506 17.23589016377639993038429
85421.52414333705382887274 446481.6903809811337850988 17.3309969564429451338583
85422.70763450913364067674 446482.8328735788818448782 16.777155829554185828556
85421.21173228356929030269 446482.2120468770735897124 16.76113158042872797182099
85404.53295930856256745756 446482.1998697271337732673 14.25180480937935278973328
85403.47117375189554877579 446480.9823438538005575538 13.31883113075651081658179
85408.99212230804550927132 446485.2226456233765929937 15.7023947654660602779586
85407.99892642463964875787 446485.0140946066239848733 15.79874417312112555578096
85419.59568198097986169159 446486.4657117490423843265 17.14782595810955001525144
85420.91519340564263984561 446486.1334651564247906208 17.18215085533045538568331
85417.57100343648926354945 446480.7297820366220548749 16.7455221115204722082126
85420.55973045833525247872 446486.6327084281947463751 17.16241913739933266924709
85407.21448380957008339465 446481.1108534996747039258 16.42190141007622727897797
85414.00273002545873168856 446486.3728093538084067404 17.15196007952228640647263
85415.70612763929239008576 446487.074489266611635685 17.06712326252442935015097
85418.52832386957015842199 446492.0768244217615574598 16.98479213762130868303757
85417.61822576116537675261 446491.6465840056771412492 17.23941180100547398978961
85418.65501954982755705714 446492.0763244807603769004 17.83053803547718985100801
85418.96726203232537955046 446488.2636368582607246935 17.97755567652212604912165
85417.51382759737316519022 446486.1043131262995302677 17.90524988806827622056517
85409.24452713533537462354 446480.3015756855602376163 14.47299312395719717017073
85432.30965865860343910754 446474.3293672275613062084 16.98468826741128623325494
85432.81397271246532909572 446475.1631735115079209208 16.99612534952579068203704
85411.80490135557192843407 446481.2835673653753474355 14.34539286627083853886688
85411.2189733204577350989 446481.7163876696140505373 15.37314422105807842910963
85416.81979230330034624785 446487.5307613599579781294 17.84625013742580534881199
85418.6868975818797480315 446488.3006164262187667191 17.47208810246026189361146
85427.14055661548627540469 446487.8222979133133776486 17.26170014189385071290417
85434.75220947079651523381 446494.9129090914502739906 17.85965902824021611650096
85434.72281225876940879971 446493.1595026342547498643 17.85639390771155277093385
85437.0930214286781847477 446494.2804366556811146438 17.93699020374543451339377
85428.22734992593177594244 446490.4898243386996909976 17.85284298084512144555447
85424.8490643739205552265 446487.7908392850076779723 17.21764315001012946027004
85424.0884365233505377546 446492.7066910054418258369 17.8260299343946009287265
85423.43996063125086948276 446492.0476557054207660258 17.11203737205880059946139
85431.29445921171281952411 446486.0173556270310655236 17.12833204082825488967501
85430.85791960061760619283 446486.5431848528096452355 17.06675167396307912781594
85437.41643472712894435972 446493.1232328600017353892 17.32459684410273581534057
85433.21314852108480408788 446496.47623645537532866 17.83820306602039806875837
85431.33496495029248762876 446495.7004225931596010923 17.44169681002617622311845
85425.55363418495107907802 446488.4284090253640897572 17.21463860439913418076685
85424.94772973167710006237 446488.5889842387405224144 17.26059227853492927806656
85438.41900725112645886838 446486.3194428398855961859 17.5169747062601892650946
85439.34302136283076833934 446486.8283743919455446303 17.7079490831969899033993
85439.07666627402068115771 446486.8469444661168381572 17.90762923095615022361926
85437.75190465360356029123 446491.6891071413410827518 16.63987519050602159609298
85415.89993803994730114937 446495.6774172910954803228 17.0457319525552897232501
85437.93595840976922772825 446484.0685772563447244465 8.948862933670364228078142
85436.21609624699340201914 446479.381446930521633476 17.9020459914473626383824
85436.22634393046610057354 446478.5658628896344453096 18.00195323740536679224533
85438.26616648938215803355 446478.3940091928234323859 17.92898461945429033903565
85436.84648701906553469598 446475.6042920206091366708 18.28089884237444451287047
85436.15267249538737814873 446475.3150229057064279914 18.07718153757202372844404
85436.30753979603468906134 446474.9500004402943886817 18.30525342659614906892784
85435.26518809536355547607 446476.5767893579322844744 17.8592663918394549682489
85434.19930206224671564996 446476.0734841098310425878 17.38093104745309247505247
85437.5832388577691745013 446491.6176601129118353128 15.1998759635141169610506
85437.59684253796876873821 446491.5533837421098724008 13.51319683044503072721909
85436.36703636903257574886 446495.6280761486268602312 17.20459933727104839817912
85435.08615041787561494857 446493.1977061651996336877 17.27774852529855564853278
85434.30704447938478551805 446492.9870416151243261993 17.28467607519406712413002
85434.42389441547857131809 446492.5018994915299117565 17.28211855213686476417934
85430.73134381076670251787 446493.2591415186761878431 17.55128850497874637426321
85435.92649243659980129451 446496.8510903141577728093 17.21114236807822095443044
85436.14061943232081830502 446496.2412824177881702781 17.20799760572346670528532
85430.27409751999948639423 446491.25500998500501737 17.23432815043666721521731
85430.97168158293061424047 446491.2375915959710255265 17.24802886920642563950423
85431.45861140319902915508 446491.7470977221964858472 17.24504829312028064691731
85431.72884889099805150181 446493.6804269951535388827 17.164518473642569773574
85430.86616465545375831425 446493.6213760385871864855 17.16033893211123739774848
85430.63045824991422705352 446494.3768187918467447162 17.16552367471178541791232
85439.56080343062058091164 446487.5682298567844554782 8.938047958450448859935022
85439.16523677640361711383 446486.4193432290339842439 9.303523361327748375515512
85411.22326758936105761677 446489.6437056839349679649 16.92622184974173293880995
85414.02539692659047432244 446488.6997378968517296016 17.95253406983073318770039
85413.09756150835892185569 446489.9499133521458134055 17.61016525121713272028501
85419.93919475415896158665 446490.9928552010678686202 17.81739366207192176716489
85413.39317771197238471359 446482.4929705699905753136 16.58889951434767695559458
85414.91328188258921727538 446483.7140876951161772013 17.45425576913788745514466
85412.61362897042999975383 446483.0707697794423438609 16.35876594340722434139934
85419.50405381966265849769 446494.6919705772888846695 16.93560165551851426357644
85414.89377506067103240639 446488.6474489899119362235 17.04030828472052760957922
85411.83088163135107606649 446491.0438970276736654341 17.07760489525653824216533
85409.15423979838669765741 446488.6271520220907405019 15.71008713298895820287271
85409.67012252855056431144 446487.8332851027953438461 15.09716378909577727540636
85415.25030326234991662204 446495.384979653696063906 17.06668732973103175254437
85422.2669034296995960176 446486.9345911053824238479 17.18934975148281907308956
85392.09623361473495606333 446490.8000345331383869052 12.99931068202149120338618
85391.74387728764850180596 446492.1757457013009116054 12.98458265463811933670968
85422.64405251984135247767 446497.6909527935786172748 17.8843539737174701542699
85416.47887035224994178861 446494.1312036722665652633 17.98033543575266435254889
85416.70523773740569595248 446493.5923511171713471413 17.80609646718439975643378
85413.11798584289499558508 446492.1061622044653631747 17.83701054481548808894331
85418.36993198309210129082 446490.3447224785923026502 17.37215518996173457821897
85431.64704059877840336412 446497.4659920530393719673 17.84715712086940442304694
85430.88171898981090635061 446497.1488634100533090532 17.43975581307595135172051
85421.16152528776729013771 446494.7945322676678188145 16.96589271527401621142417
85414.68600568879628553987 446491.5037399595021270216 16.92392378764945348734727
85414.93031881075876299292 446490.9557290534721687436 16.94217429132380203782304
85415.86303164249693509191 446491.2230881224968470633 16.95350896303942178633406
85432.34454457192623522133 446473.0942328335950151086 18.1540613233901240164414
85431.95621731709979940206 446473.1277099919971078634 18.26232393208812965212928
85414.99380964547162875533 446488.9507586840773001313 17.67155771491007598683609
85415.66750484914518892765 446489.2285516959964297712 17.75314364932780009098678
85424.04628843575483188033 446494.31227472162572667 17.84358227195487245353434
85422.28464910447655711323 446495.9049844611436128616 17.84580220608793510450596
85414.32745157156023196876 446490.6948920215363614261 16.93767849933255931205167
85415.49288755137240514159 446495.7063801820040680468 16.8435488026428359376041
85394.75820092989306431264 446489.0542949156952090561 13.57903262930790688756133
85395.55114147657877765596 446492.5272120461449958384 12.89515944992034057747787
85405.15393751380906905979 446489.7185783381573855877 13.34878359105174361332047
85404.64714439043018501252 446490.8910319220158271492 15.05323239157438308666315
85406.60182742448523640633 446495.5279974594013765454 14.8158486734125265371631
85406.38683740618580486625 446496.0626342535833828151 15.56567741841689134218996
85406.01592673087725415826 446495.7575200306018814445 15.36331611812619613033348
85402.06916672746592666954 446478.5105226192972622812 16.28024828475675533923095
85410.9409473196865292266 446484.5676299252663739026 14.2413182169063805559972
85409.89568887501081917435 446484.0556017310591414571 13.80927568458324827815886
85409.71205140987876802683 446483.8355374564416706562 13.62843578758441331899576
85411.4809772944136057049 446483.5761097732465714216 14.30102625983140107734926
85405.98475078189221676439 446478.4436822044663131237 13.70956726473797537835253
85404.10877392666589003056 446478.2664495068020187318 14.62250544617454650619948
85404.32957407546928152442 446477.2995348118129186332 13.13036649812484490951192
85406.04046456210198812187 446495.2290613604709506035 14.73225005282758104385721
85390.16452510947419796139 446487.9277635046746581793 12.16838081747946631594459
85401.23609256120107602328 446479.4674231631215661764 14.02671759381084370943427
85400.98920164174342062324 446478.5355410170741379261 15.13310893378357135929946
85401.90706410956045147032 446479.0880114863393828273 14.81659736801830717922712
85392.3804016111243981868 446487.2118389994720928371 14.87580063278549324934374
85392.49037178947764914483 446487.0610054369317367673 15.1073104418379529079175
85415.91169093876669649035 446493.1803518738597631454 16.90455523194575349066326
85417.28549545269925147295 446492.0643732772441580892 16.95971696982065068937118
85417.44272407547396142036 446493.8473282114136964083 16.91817052968454859751546
85391.44952691269281785935 446492.9811339331208728254 12.18024196082861010381748
85410.06521573651116341352 446484.6808679313980974257 14.49088685148066701913194
85408.99314337399846408516 446483.7649903884157538414 13.90960165476933418915451
85400.02603250580432359129 446482.9898757446208037436 13.96383369456514955686544
85400.92786483748932369053 446482.9427531553083099425 14.59621142284332862004703
85391.81717530981404706836 446491.9759479137719608843 12.50066787751348762469661
85407.20829111839702818543 446493.8074318179278634489 14.31627948296809016426323
85407.70885223578079603612 446494.7452402063645422459 14.76556154358236838675111
85407.18618285871343687177 446494.4023402841412462294 14.4200926045863120350532
85409.17652168613858520985 446483.4476086880313232541 13.42709209269632353311863
85407.44353601467446424067 446485.2425810551503673196 15.19050155208005570273144
85406.81662311134277842939 446484.7070371991139836609 15.6078272821912626966423
85409.89599945017835125327 446487.6397138655302114785 15.90366299546765915806645
85403.37280542774533387274 446484.9405210796394385397 13.10863102228915444413815
85403.58427640439185779542 446484.5961610322701744735 13.75997589297393020046911
85403.90532361730583943427 446484.9398766439408063889 13.4422483940876702490641
85403.25362507946556434035 446480.2532713585533201694 14.08590206734093719376233
85402.34666667543933726847 446480.0390224101138301194 13.89354423335693766716759
85406.10548041693982668221 446483.2430170147563330829 14.73480651536058338990642
85416.55741837556706741452 446468.3257242197869345546 15.89155899158113527391833
85397.318326517881359905 446487.7949495069915428758 14.96160450486359039246054
85396.58505021715245675296 446493.4025649630930274725 15.08709044614798067129868
85406.47040153134730644524 446485.7481910358765162528 13.82314323587593563047449
85408.17421015510626602918 446490.0049134925939142704 14.46630526420604745396759
85407.25222986120206769556 446489.7969872793182730675 14.24706132479355602526994
85403.7388793769059702754 446488.6524319112068042159 13.85514465701335495850799
85403.41070295285317115486 446488.1891945202951319516 14.26878406943686883323608
85404.36061349064402747899 446488.7638750618207268417 14.03993436713661324688474
85409.39779926426126621664 446474.046228815452195704 14.95900894709687278805177
85414.57512567209778353572 446486.6088753579533658922 17.65850024154091357786456
85414.88376695649640168995 446486.7355280203046277165 17.83634908926259043937534
85414.88695725248544476926 446486.7364419426303356886 17.27234558608867942552934
85404.60886645183200016618 446481.0393326104967854917 13.81480213282478963776612
85406.33420224281144328415 446481.9506717401673085988 13.57847620328805327005739
85389.66453082111547701061 446492.5378736135899089277 12.21744394543260980867672
85390.60992621355399023741 446493.2835565924760885537 12.17107988115008865293021
85390.83777490186912473291 446487.7862208632286638021 13.04429218999150563718104
85404.07253522099927067757 446495.0262268820079043508 15.10935542976430312478442
85404.42656869388883933425 446495.7484978077700361609 15.10449135035764278711667
85403.72484458172402810305 446495.7022459525614976883 15.10117905077635214183829
85392.37308566586580127478 446487.4534004628658294678 14.50849325138049827899067
85408.40652331079763825983 446481.6050711573916487396 16.40794861698406847949627
85402.53577487209986429662 446477.9926693005836568773 15.19923382282886237248931
85415.81404876502347178757 446489.2887999052181839943 17.09688896494850141039024
85406.94281269403290934861 446487.0068857150035910308 13.92475697916093224648648
85407.95336541598953772336 446486.699421298282686621 13.09503507807420419339905
85408.23331486017559655011 446487.3786117202253080904 13.67463625959717354874101
85405.90045973280211910605 446486.2780158697860315442 13.47747741593659753789325
85405.76486187332193367183 446486.948490481183398515 14.57808064734514985616443
85401.06996464452822692692 446483.9690003488212823868 13.13968923465809091055689
85404.51017652520386036485 446488.053266616421751678 15.01219225321455930100001
85405.13655007569468580186 446485.431994234211742878 13.46922161005736029437685
85404.69629499045549891889 446485.0985390852438285947 13.69515913276160468114995
85400.54250796862470451742 446487.0252044721273705363 14.23725815533824246017502
85412.30616403304156847298 446490.4440407422953285277 16.90456437102291786800379
85413.64570897175872232765 446490.8359775537392124534 16.92158040742551960988749
85413.27233415958471596241 446487.7921938697108998895 17.35659817836407725621939
85413.21960840724932495505 446486.5074859045562334359 17.05960409365090768574191
85409.86677231766225304455 446485.2663393368129618466 15.31063815818530571277734
85409.71763614553492516279 446485.5647140346118248999 15.75389589628912467844657
85406.55442494302405975759 446482.7314192096819169819 13.87826326424046996521611
85410.0846380408329423517 446486.9786122740479186177 15.25219386659304454667563
85410.45543658925453200936 446487.0897136000567115843 15.04516898785366052493373
85401.64003115124069154263 446479.8677932309219613671 13.74626260355758766706913
85407.70536284527042880654 446494.1279036152991466224 15.07979500297394892527336
85407.01919080778316128999 446486.4230343024246394634 13.14690941761225673189983
85402.75632492783188354224 446494.149291211215313524 15.04167661777975695258647
85407.98179700075706932694 446492.1715656376327387989 15.98948194737250894092995
85402.25314970499312039465 446491.0647710945340804756 15.10103425010648514614786
85400.64868334056518506259 446491.2863917154027149081 13.88383449296851956944465
85399.73635648761410266161 446490.1883341080974787474 14.97243893267010328429478
85396.55855214862094726413 446490.086592806619592011 13.54064395928129904689285
85406.38373059565492440015 446491.9605512078851461411 15.23981221215568382376659
85402.41013453097548335791 446492.7959832752239890397 13.62270916212084692631379
85407.67098556662676855922 446494.9038414901588112116 15.36314598476278980854204
85406.8604687783372355625 446494.7116252178093418479 15.58932355729874075223051
85406.64079817566380370408 446494.9392644589534029365 14.26457832423245797315303
85407.03765056756674312055 446494.641235180723015219 14.86623723479536529623601
85408.49851734732510522008 446489.8285063184448517859 15.66040923163352793778813
85403.22871481633046641946 446490.2294475469388999045 14.96111141391492438401656
85404.753496526725939475 446483.4619904148275963962 15.69051694889577852620732
85410.73321552458219230175 446486.7090683919959701598 16.19796151557345709193214
85395.96578134287847205997 446484.5479111364693380892 14.96671897473461854133348
85397.40240528213325887918 446485.3767684191116131842 14.67334648111183348362374
85398.29346051004540640861 446488.3783991175005212426 15.10667200114310304570608
85395.44887498651223722845 446494.4494209430413320661 12.16785127680486588985787
85407.56437674378685187548 446492.3383199068484827876 15.74886443737968022560381
85407.13608375027251895517 446490.5833021633443422616 13.66258119708212248610835
85407.2680039587285136804 446493.4467906573554500937 15.89158228054538746221169
85407.70386400764982681721 446493.9288330523413605988 15.97912193825292348492439
85407.38069521299621555954 446493.8186315178172662854 15.84392619693329251617797
85406.33857801128760911524 446489.1926307869725860655 14.53164258666301655864572
85402.6380655482062138617 446481.2264496766729280353 14.01918727265405983928304
85406.64665391160815488547 446492.3968218205845914781 15.79994282017261397754737
85407.16214958723867312074 446494.6926499187247827649 15.15747003159094496993475
85394.64025019961991347373 446488.0576059853774495423 15.00917294750157537919222
85404.64327229162154253572 446483.7485900060273706913 15.69730186404130911625998
85405.54736468725604936481 446483.7895159925101324916 15.69195743746357862846708
85406.06965646629396360368 446484.2260246570804156363 15.79597728793741140407292
85408.27177945604489650577 446490.2457301664398983121 14.21396267634021981507431
85404.6041410246689338237 446494.7789428536780178547 14.89396992552544141119597
85405.44829640371608547866 446493.9542512629413977265 13.65673550897406940407564
85405.7009634089918108657 446491.6746377373347058892 15.09682313362299410641754
85407.33976195479044690728 446493.0920531358569860458 15.68633363628481447449303
85405.66027959281927905977 446492.4189122657408006489 15.09649884077293613415804
85406.17755277230753563344 446493.5574832401471212506 13.90606509100498833220172
85406.50574881199281662703 446489.740168473799712956 13.92827697787804730467087
85405.5357528251624898985 446490.9818489981698803604 14.71404287865834703552537
85409.72944229740824084729 446483.3084085910231806338 13.63221731599644925836401
85396.03276624972932040691 446491.1109721711836755276 14.46063450965630536870776
85395.87483975676877889782 446491.4522142279893159866 13.97675613849869336036136
85405.29253455548314377666 446483.3900798956747166812 15.32834174137644644986267
85408.04203727806452661753 446480.4958988961298018694 15.5227287948500016767639
85406.13308459088148083538 446487.3660046375589445233 14.98106456804929464965426
85421.38677187693247105926 446490.63797999348025769 17.08897895097917540851995
85420.19025576580315828323 446489.9094995608320459723 17.07726587844153698370064
85421.73502706440922338516 446489.631411950453184545 17.0804973960142056910172
85392.23713963739282917231 446488.3151168145122937858 13.11967618187044593014434
85408.62534721156407613307 446491.1045862173195928335 14.58988518242798093638157
85411.28200675170228350908 446445.1536741742747835815 12.172596786472674068591
85394.52540258894441649318 446486.6468744441517628729 14.96549568732992518960145
85413.58410222970996983349 446489.9728135066106915474 17.82206746183059209442945
85413.69009583735896740109 446490.0170195291866548359 16.95931385246480616046938
85403.61672382103279232979 446495.2062871897942386568 15.1057767512287632882817
85402.29380078545364085585 446491.9897672683000564575 13.85055668650676707898128
85402.77413954974326770753 446488.1971766210626810789 13.9244990931549548207613
85399.79665313914301805198 446484.1976205114624463022 14.17191420075698005121012
85402.3080576749489409849 446482.8410566668026149273 15.60950399367280461149221
85402.67201096603821497411 446485.5089434263645671308 14.34821811708972205678947
85411.04765121582022402436 446484.7418464681832119823 15.90100362275981993320784
85407.70616671194147784263 446479.6052752048708498478 14.38561644801017891381889
85408.84714707470266148448 446479.178640175552573055 13.10435406946183967136221
85401.32217330364801455289 446480.8427101295674219728 14.21500145690351324390122
85401.1583782640373101458 446481.6332876100204885006 15.26948482032222464965798
85400.27483019270584918559 446480.9285223779734224081 14.85364979315466804621337
85410.15851234389992896467 446486.6580674400902353227 15.06604984378128264665975
85397.63518898028996773064 446474.5635194749338552356 13.09953009228236275873769
85400.12817695426929276437 446475.5535927312448620796 13.1542142268459336662545
85399.63080312072997912765 446475.8073480174643918872 13.71794164359367229621967
85404.50052744592539966106 446484.7893074550665915012 14.03904023835350933779864
85403.94314811828371603042 446480.2192728932714089751 14.46894339684490304875908
85409.75836469753994606435 446487.39844837028067559 14.23007390213454037564134
85409.02578266506316140294 446486.993551626626867801 13.88845971077997276665883
85409.90099859304609708488 446486.4728471474372781813 14.86764808570085349970213
85391.32935667042329441756 446485.332252287887968123 14.96891228849153421265328
85393.21233535822830162942 446486.8671690968330949545 15.11447526341370917180029
85409.21490882501529995352 446487.923186195082962513 14.07795160579952131740811
85410.25667785682890098542 446485.880889041640330106 15.86852187756790577566335
85410.6694184555672109127 446485.5574128188891336322 15.70958754300247406376911
85411.48284136276924982667 446471.0745532124419696629 14.96442863787604515835028
85410.8261023687373381108 446470.0688281664624810219 15.09707346150315032673461
85413.01780195505125448108 446480.4809426362044177949 15.97443754642884705674533
85412.99105710498406551778 446480.5382771059521473944 15.82782991558350715877168
85402.50308278955344576389 446480.661530119541566819 13.3942169130209176586277
85412.34183899432537145913 446480.7194467291119508445 14.16895823845590562939378
85408.99493395627359859645 446487.4294751142151653767 13.96411218749289773199962
85405.49642419524025171995 446484.1795327200088649988 15.57995332988955716757573
85410.73571925899886991829 446485.4266651899670250714 15.91292401990568627923039
85411.13098811385862063617 446480.1401545397820882499 13.52457464731423719683789
85414.23620177118573337793 446476.2596262015867978334 14.69657980107614037024177
85414.05430966407584492117 446476.6050686150556430221 15.13855055425298878901685
85408.3897776848025387153 446476.2823615443776361644 14.95482078153062133196727
85412.59296103521774057299 446481.4004112231195904315 15.36042241659323970282003
85405.90972088975831866264 446480.9076801520423032343 14.6195675071676429723766
85411.01182454322406556457 446482.0029906869167461991 15.92200989933690813415978
85413.77305464657547418028 446480.3277364449459128082 16.36701247539214776338667
85412.20708260040555614978 446481.4794207265949808061 15.89332945296784238564669
85412.49131491617299616337 446481.4955829440732486546 14.3950328784785970270832
85417.09764495099079795182 446483.5416337981005199254 17.17555335227648427576241
85416.2068408351915422827 446483.7535021846415475011 17.8805154254640505939733
85415.88232951977988705039 446484.5048343482194468379 17.83201728442615774383739
85406.70156601065536960959 446477.0109386505791917443 15.0577432733915888007914
85405.41729569470044225454 446477.3254183309036307037 13.75552504354590688251392
85404.84827773070719558746 446476.2522399924346245825 15.04526915237908823996804
85412.96677422631182707846 446479.6213916790438815951 15.76749909401103444395176
85418.39059146260842680931 446478.4423321329522877932 18.00668800505590283478341
85417.85138461677706800401 446479.5874764269101433456 17.88456714370653344303719
85412.30417985250824131072 446481.379056157951708883 14.78956312472004164249029
85412.0036598443693947047 446481.6915628911810927093 15.26034614744402873043327
85397.46734922012547031045 446475.5322012120741419494 14.6655567015299670430295
85399.60224909042881336063 446477.0072265670751221478 15.55659247314054027810926
85405.90074110952264163643 446475.2597560370340943336 14.9600124988912579482303
85404.722077883270685561 446474.4309107303852215409 14.49524174376308849332418
85407.35929855010181199759 446474.9221425573341548443 13.69123735923198914576915
85421.47091994949732907116 446485.1920509429764933884 17.26426120254912532914204
85401.19443352469534147531 446472.2591133331879973412 13.52654388624963388565448
85401.56371860907529480755 446472.0194276058464311063 13.50141714129077286088432
85411.12545529178169090301 446479.2671095072291791439 14.35978326631413004577098
85409.48593347521091345698 446478.6154123861342668533 14.32478063177680205342313
85411.35927849836298264563 446443.6579290978843346238 12.58796953650082706133162
85410.57328629282710608095 446485.2481385328574106097 14.9310082618392758746495
85415.13194222083257045597 446485.957102760614361614 17.96290771194215096784319
85399.92096137561020441353 446466.74035660206573084 14.27440187319200326498958
85416.68581490323413163424 446485.6942731866147369146 17.11157222465694616175824
85423.25613148175762034953 446490.9913376840413548052 17.10062803295780753387589
85405.50528245384339243174 446479.7533313341555185616 15.99769221119622741866806
85415.80296255004941485822 446485.3808302153483964503 17.82191989170190993263532
85399.18778430861129891127 446477.7890539347426965833 16.44958707086059135349387
85399.99630418424203526229 446478.1240900131524540484 15.31454164018745345288153
85398.70921004257979802787 446477.8723824978806078434 14.68787812419649618789208
85392.60816674301167950034 446474.1370481586782261729 15.61224028681966302656292
85399.32858089954243041575 446483.2424808017094619572 13.14825069683081260052404
85400.27263965528982225806 446483.9753455570316873491 13.53551389957122808027634
85400.13663845561677590013 446468.7937957981484942138 14.96064055911564594225638
85402.053693117864895612 446469.5923196532530710101 14.9697308356373177673504
85399.48325269055203534663 446469.7569869841681793332 15.11194279275626328740145
85401.2641712904442101717 446467.4665677738375961781 14.01755549694685853978626
85401.87546268868027254939 446467.9592825825093314052 13.65759543481736848491437
85401.16379718872485682368 446468.0494339974829927087 13.17653281821038646626221
85406.29051909383269958198 446479.5940480019198730588 15.26193118736660991885401
85402.36427897738758474588 446473.9664661018759943545 15.09004785161227069067991
85390.45583472287398763001 446463.2621038436191156507 13.60598710098250130329234
85391.09675374881771858782 446463.9142014383105561137 13.22597395239759698881699
85390.17271014899597503245 446463.6225040907738730311 13.36350255610325987731812
85398.09412930894177407026 446481.1117893474292941391 15.59004552231303719622701
85398.56490415894950274378 446480.0542614900041371584 14.64893550506944563949219
85399.17117492874967865646 446481.1197882345877587795 15.64951761764933024778657
85399.35168076872650999576 446477.4506852046470157802 16.38706486903729597770507
85400.26720513911277521402 446478.5546471081324853003 14.64225896069385157716169
85402.13593323982786387205 446475.139538154995534569 15.01499109565767398066782
85390.66716124607773963362 446474.8310640142299234867 14.34806321694823516565975
85400.39941225270740687847 446476.1151402451796457171 13.69914111686719060401174
85401.44974073523189872503 446477.0201971811475232244 14.41135983699370193278355
85398.78998305935238022357 446473.730812347203027457 15.07359779792630405381715
85396.39237314181809779257 446473.3498782200622372329 14.13801497981609500698141
85400.10021874471567571163 446479.5986239603953436017 13.30916380157144907059319
85397.84816260976367630064 446478.8917866182164289057 13.5837489808851668016132
85395.50328166174585931003 446469.7067302840878255665 13.27598820303602522585606
85400.37450197400175966322 446471.7262073878664523363 13.26403679726731432708675
85391.8054490982904098928 446475.5482879933551885188 14.05117649412682645504447
85391.8697340239305049181 446471.6118790534092113376 13.95228198659929574887428
85389.70186215353896841407 446483.2871306331944651902 13.28291543837081967183167
85389.99385683113359846175 446482.7633234271197579801 14.09550474344754533717605
85391.24935062475560698658 446485.0276455209823325276 14.6328289253518732948578
85384.22642403803183697164 446485.1660871232161298394 12.87363211310468358306025
85398.19170265730645041913 446482.4398408372071571648 13.65032250327172924642127
85399.23105402175860945135 446482.300222825026139617 14.50801135506055317136997
85391.92761623847763985395 446480.5068993753520771861 13.52547200616216649393664
85392.27344325018930248916 446480.945429060491733253 13.98685461149889519560929
85386.52287855028407648206 446488.5367062121513299644 12.64391546112054953709958
85391.43784890665847342461 446490.5321564096957445145 12.94303849363914160619515
85396.39482181653147563338 446480.3332886314019560814 15.70281676512973589865396
85396.42461173777701333165 446482.3574720771284773946 13.33115957635106418877058
85391.91531349172873888165 446481.4729854089673608541 15.01248146110951076082074
85401.27431446532136760652 446482.4058652381645515561 15.61960551424594179081851
85412.59395583628793247044 446472.7096899367170408368 13.18870644114129220270115
85415.26564005643012933433 446489.0632621923577971756 17.27403884726284744033364
85400.17753537910175509751 446481.77378431725082919 15.79906830476094903303874
85403.66432128768065012991 446483.1767584094195626676 15.80247315661560314481449
85416.55028448165103327483 446483.3164670438854955137 17.24439386002853780155419
85416.38313162093982100487 446483.4350121530587784946 17.7421613740241461698588
85416.56386397438473068178 446483.2805918223457410932 18.01910386810482123109978
85414.07419251972169149667 446488.4691270347102545202 17.0352623641510589891368
85415.26027035462902858853 446481.6246263245702721179 17.23240381293580369970186
85416.49991671257885172963 446485.6731737985974177718 17.86773593301182216919187
85416.33914834172173868865 446485.6020291043096221983 17.76380427674858353270793
85415.31820493303530383855 446486.9096920210868120193 17.86052248427044375489459
85411.77246644928527530283 446482.035735510231461376 15.69139394055191338850364
85415.41071675652347039431 446476.0695850637857802212 16.30965634868472946550355
85423.36531460733385756612 446490.2266110135824419558 17.84426991999480094364117
85422.27576299633074086159 446489.7792990215821191669 17.50752345559614653325298
85416.14883061584259849042 446483.9449337793630547822 17.29740490879430225845681
85425.26081292435992509127 446469.1814465824281796813 17.54551256750652754590192
85415.66733166674384847283 446480.2736599536729045212 17.02475335544536605425492
85419.69517270619689952582 446480.3639223614591173828 17.88856679627059165227365
85407.64518720246269367635 446478.8963156471727415919 13.3476925044062344483109
85410.46656997852551285177 446478.2094706563511863351 15.11654008795875903103934
85409.72921644993766676635 446478.280839092331007123 15.01485959521191659860051
85425.97640397159557323903 446470.6477583461673930287 18.21780374236677246813088
85412.33049779890279751271 446472.2168505022418685257 13.76887484545871487284785
85411.79535936401225626469 446472.5476827292586676776 13.32520025887388470664519
85411.04993617253785487264 446471.6228544259793125093 13.86330333856802354830506
85411.81827011791756376624 446483.1448773383162915707 16.01133138809257161483401
85400.69013129537052009255 446467.5305392167647369206 13.56093554989595162396654
85400.6765524603397352621 446467.7382342842174693942 13.23816552837913995688268
85415.284547447256045416 446475.0574675717507489026 14.94753005390102273963748
85417.05058842639846261591 446475.5788813666440546513 14.6271651252051526626019
85420.83215497831406537443 446484.9137567466823384166 17.21884919682413794816966
85419.53344838667544536293 446484.3676756686763837934 18.29266431735708664518825
85411.09240346099250018597 446482.2357240247074514627 15.84932426474720301712296
85407.38304372802667785436 446466.790008723153732717 13.5236741404750127060197
85415.21341227038647048175 446474.1890294370823539793 13.67023676528868492141555
85421.69176053629780653864 446477.461557586386334151 14.56896873287211491287962
85406.26291502802632749081 446478.0843247024458833039 13.14946185138075662734991
85406.5690848343656398356 446477.478860315284691751 14.22930644840152503149966
85408.01727403323457110673 446478.0775316578219644725 14.22790409078761619809939
85401.44890402950113639235 446480.4704221332794986665 13.69349977046562827354137
85414.29702090485079679638 446477.375527700933162123 14.41905634362685084681743
85412.44076277472777292132 446472.9298426041495986283 13.5002596123892733004368
85415.62110803404357284307 446468.586517208837904036 15.1165799156206990261353
85424.36270956497173756361 446494.8447071321425028145 17.02651431328461839598276
85413.60897248568653594702 446480.5009334594942629337 -1.062293660687178897816807
85415.35366507059370633215 446483.3131065992056392133 -1.062293660687178009638387
85398.95944311359198763967 446481.6896146078361198306 15.25910957659517386275638
85398.13680888879753183573 446483.065019428264349699 13.19029408450167650812546
85395.82223670346138533205 446491.5653831285890191793 12.21773678852724387411399
85400.94453532969055231661 446479.7735725532402284443 13.514542605574369815713
85391.74161362202721647918 446480.1817771231289952993 13.03182823262479672621339
85392.1252411782625131309 446480.0787620800547301769 13.42664896051327261261576
85391.02903746483207214624 446475.2292432496906258166 14.04718671662989493142959
85385.38593219111498910934 446488.0737658619764260948 12.46468896551111171788762
85387.55053654027869924903 446487.3482354439911432564 12.17079758006767242761725
85391.63177305356657598168 446492.4813225407269783318 12.54000571216141146635437
85397.81466137240931857377 446492.078041567001491785 14.98051164646056498952476
85396.43910789040091913193 446491.4153580054407939315 14.86358030513921946180744
85399.4191882265149615705 446490.9900475849863141775 13.62505821689120111273041
85395.86946113120939116925 446492.8422402989235706627 12.24057776223577320706681
85392.68682227595127187669 446480.8209668315248563886 13.52768718812099102422053
85391.7644855800608638674 446490.6660145496716722846 12.45902220371532642673174
85392.15420012152753770351 446491.0601972208824008703 12.42809510054897614850233
85389.12754360625694971532 446488.1836920350324362516 -1.062293660687176233281548
85393.69379093553288839757 446487.828457331343088299 -1.062293660687179785995227
85398.59890664341219235212 446486.6277063502930104733 13.72052935996442002419826
85395.55187800560088362545 446492.3774471988435834646 15.08684295075654446804947
85392.58077764880727045238 446480.1997091988450847566 13.52655628395887177362056
85396.26490961281524505466 446482.1564143583527766168 12.87568928258025735544834
85397.35144263839174527675 446482.4013427441823296249 13.18308272557031202154576
85393.14557470832369290292 446481.1717941296519711614 13.78002466205123965892199
85400.55931312388565856963 446492.0410314496257342398 13.62069349612800550630709
85395.96204537370067555457 446491.3581770160817541182 14.95612894515361368519279
85395.83161761962401214987 446493.2993688805727288127 12.35953702004613674603206
85399.02893907518591731787 446490.574735548289027065 13.94941846230507742632199
85396.2528967882099095732 446493.2198959174565970898 12.37283765560750303791338
85396.41159754853288177401 446494.8014889254118315876 12.16716916560085159915161
85411.31532910729583818465 446493.7981103885686025023 16.99517450144409025369896
85407.11898471869062632322 446492.7416111575439572334 15.7258653576921307859493
85407.782362326470320113 446491.4047074995469301939 14.0935898121709541896962
85412.80612817387736868113 446489.9403527100803330541 16.96070915680997259755713
85412.16008819550916086882 446490.0580013305298052728 17.23568035773703144286628
85400.55378903853124938905 446473.0555298941908404231 14.95899830708057187678151
85390.14825517965073231608 446463.0162942370516248047 14.97873302378153326230859
85390.17698223331535700709 446462.7056573653244413435 14.66627055784221944634282
85390.14237894106190651655 446463.0685183284222148359 14.81413453286653236773418
85391.7651842021441552788 446462.8940004121395759284 14.98165842687515514342067
85391.07383518184360582381 446461.3398939032340422273 15.12593531778850852731466
85392.75680935171840246767 446462.4050330596510320902 15.12301501216621169021437
85382.90543786159832961857 446472.5649074938264675438 13.39892234980398910693111
85382.95775119918107520789 446472.8139063803828321397 13.67936211938742729898877
85379.55086162198858801275 446471.2497626825352199376 13.83457172021751091506303
85385.11792593513382598758 446453.2648949995636940002 13.38561809565652360731747
85390.17353344443836249411 446449.5199466734775342047 15.13080966192373111312008
85388.28997316531604155898 446449.2600735786254517734 15.00801321232899532276406
85383.69556704569549765438 446476.4519998468458652496 13.65159597726699836073294
85384.24775872807367704809 446476.7659765146672725677 14.87019726067211955466973
85383.73068350627727340907 446476.7190108757349662483 14.32851513924378039632757
85383.87556854222202673554 446476.333478082378860563 14.78486734024467885717513
85385.70157886490051168948 446475.7666566551779396832 15.79977719270928204764459
85400.77732331946026533842 446480.2374733382021076977 13.74835439393717884115631
85387.69385178858647122979 446478.2002084859414026141 13.4938415616207887381961
85393.00008687279478181154 446480.6124893983360379934 13.16589327434294176555341
85394.09214730041276197881 446481.4202680226881057024 13.55838062008524147472599
85383.8798739974299678579 446476.3659108967985957861 14.16091060667251255722476
85376.92587064839608501643 446463.4902169640990905464 16.85961588229071850264518
85385.67918113055930007249 446460.1996924273553304374 15.14556451953341564831135
85386.90705657047510612756 446459.2203919040039181709 14.65331282069602458761892
85388.61594187488663010299 446459.662305294768884778 14.32449587367109522517694
85386.9747184667648980394 446459.5343826894531957805 15.00643915280330098482864
85391.09897393286519218236 446463.3855508930864743888 13.82161417543886372527595
85393.58997906254080589861 446462.1398615445359610021 14.83791404601204888535904
85392.54921671742340549827 446461.2581509112496860325 14.28301568957908784796018
85393.53379421177669428289 446460.84721042012097314 13.27505758694127813157593
85394.96331145925796590745 446455.8512748416396789253 15.12727772235220768948238
85397.90414002927718684077 446442.2326767739141359925 12.46537811142649410101058
85383.94104261833126656711 446447.6359590747742913663 17.34276664633145159655214
85384.48145823237427975982 446447.5878509740578010678 16.66297670530686758638694
85394.62940196300041861832 446436.1955906195216812193 8.706126045303085092541551
85391.7467801728198537603 446445.6197450050967745483 15.13315991467691645766536
85391.90110538994485978037 446446.9122621498536318541 14.99822761976783525028623
85390.30191383622877765447 446446.2172031952068209648 15.05264374772800373136761
85394.35626733314711600542 446440.0898936165031045675 8.891568976001375190776344
85410.55798992537893354893 446454.4677866707788780332 15.10540315229317087641903
85390.30243406329827848822 446448.7423316381173208356 14.99498947075097632364304
85390.75916225403489079326 446451.6706693843589164317 13.34327547764153010234622
85412.60480150746298022568 446455.4767542367335408926 14.98653860800834358713018
85412.74649133445927873254 446455.5963065122487023473 14.89443473380656435267611
85415.87086670476128347218 446453.7762268251972272992 13.69236774797384725843585
85400.6549972122156759724 446475.3338593779481016099 13.79976938304092470843898
85390.12096363598539028317 446463.2938190724817104638 14.24375826814789647301041
85390.1353222032921621576 446463.1427590767852962017 13.85387710351314360934794
85389.9936226219724630937 446468.2266859451774507761 14.31948439211236134838146
85407.95004916598554700613 446473.2821190577815286815 15.0989025739777549262044
85407.81351090974931139499 446473.7961146726738661528 14.47128889253237815637476
85408.80415872375306207687 446465.8826729133725166321 14.96168050413018058009129
85410.28682925213070120662 446466.7300301420618779957 14.65282549240151688252354
85407.68222171836532652378 446470.0483552501536905766 14.13453280150688051719499
85401.44610443618148565292 446480.0263561250176280737 13.4602437467316882191426
85405.69838758331025019288 446472.516561334312427789 14.96115299012988053561912
85406.31787999624793883413 446471.3579471898847259581 14.96915108709912445306145
85399.70061810786137357354 446471.2193083867314271629 13.53865955441150070726053
85399.45516876837064046413 446470.7733848478528670967 13.95699419989981748813079
85407.7943715761648491025 446474.7386397808440960944 13.32412788526369240571512
85407.55049342646088916808 446474.0916985823423601687 13.98203984256169718491947
85404.48426763222960289568 446473.4450193312950432301 13.29713097108137276336493
85388.90004318684805184603 446462.9497839351533912122 13.14386995202176322550258
85388.23218502150848507881 446463.8834670615615323186 14.9881713167799492936183
85387.51722308251191861928 446463.6016920050606131554 15.00979702343755661786417
85393.06412626036035362631 446459.3626283145858906209 14.96727731125232274678183
85392.69685687455057632178 446459.8252863663947209716 14.15428526866818081941801
85392.29865637286275159568 446459.2149198548286221921 14.96994154716108127445295
85401.98261859074409585446 446480.1466402574442327023 13.58138289844591817256969
85417.47147168156516272575 446468.8353630486526526511 15.80018000133032352039208
85417.25847275914566125721 446468.6625176120433025062 15.91036002831114970490489
85404.82658221112797036767 446468.3820501732989214361 14.86705030494860402257018
85414.3192127038782928139 446490.2771759970346465707 17.83003681420306207883186
85398.92538415496528614312 446470.8392080791527405381 13.61131123475898974106713
85402.3944912618026137352 446469.1157261088956147432 14.02677987619395061358318
85401.20530378427065443248 446468.4822983787744306028 13.81042809567293261352461
85397.7112669040507171303 446469.180303226166870445 15.00902837196452921375567
85400.84760872233891859651 446470.5066594867967069149 14.97157698450599028205943
85399.86548727174522355199 446470.5154308732599020004 14.47044916109785717139857
85403.36277958107530139387 446461.6230301502509973943 14.13304397070544027315009
85415.07323915383312851191 446450.3018237359938211739 13.91222593846622856972317
85404.9214783932693535462 446449.5457037896267138422 13.30255558305781349304198
85415.29055358160985633731 446449.5301302772713825107 13.58984057497176145545836
85432.57227832797798328102 446460.1663287024130113423 17.82521675267373240103552
85428.04366728151217103004 446467.7029014835134148598 18.40322524030369422121112
85415.19239696950535289943 446446.8386899536126293242 13.88310685459150839449194
85433.02393189113354310393 446448.1035490907961502671 -1.000973985251876641200397
85408.5426489259407389909 446442.305548659642226994 -1.062293660687178897816807
85416.15724295865220483392 446450.4891496615018695593 13.59596115342613309451281
85412.80495918191445525736 446456.6909518048632889986 13.26326371029271200541189
85411.87063517463684547693 446455.8988361312658526003 13.88213152702927466464189
85402.96779790805885568261 446464.1347324754460714757 14.07851886150122844298949
85430.90402333324891515076 446459.4638259189669042826 17.42051336290739271817074
85432.1650825433898717165 446459.9542101742699742317 17.35423037164319381986388
85448.81483390944777056575 446466.0763236382626928389 8.828102906946247330211008
85448.37801537028281018138 446466.8248022045590914786 9.286712426742026238457584
85416.20791834856208879501 446456.9710447497200220823 14.97866045046782623728632
85425.75617912330199033022 446456.3771798876114189625 17.1138088444814684407902
85415.36917818129586521536 446453.8927886141464114189 13.30582709824324894043457
85416.43372390634613111615 446462.1834623449249193072 13.19917078638075835783638
85415.98835677620081696659 446463.1328395816381089389 14.4851343288916680762668
85407.51060279505327343941 446462.9079603205900639296 13.46984619864569410196964
85408.25615499452396761626 446462.8225349486456252635 13.44990917583601941487359
85408.2739692710165400058 446463.2566686912905424833 13.5157478791193224054723
85405.44336754291725810617 446462.5639156519901007414 14.24055858785926886866946
85397.13192377121595200151 446467.0595105561660602689 14.21220950830060480996053
85402.69753856008173897862 446472.2137515138601884246 13.83270048359299764229036
85402.19054328228230588138 446472.1668613593792542815 13.63649589327621391987577
85392.07952626960468478501 446459.6771907633519731462 14.39435236260156258936149
85391.96729649585904553533 446459.9154974535340443254 14.97785864522888843453075
85403.58019670327485073358 446461.2517046545981429517 13.44465356456796634176953
85403.97428558548563160002 446461.5534936628537252545 13.64888989888296499941589
85404.39104815837345086038 446469.0933977695531211793 13.51777436324250913912692
85398.04036876665486488491 446467.2437393887666985393 13.9215680195241073846546
85398.287624038101057522 446466.9809220439638011158 13.36355874459125914199831
85386.69453413765586446971 446461.7849923220928758383 13.48268430673485696047464
85412.57178711492451839149 446477.1576751316315494478 13.80698226623348290331705
85412.31608721625525504351 446477.6076056121382862329 14.55645578562962327850983
85399.3931835513940313831 446458.8952676361077465117 13.75094104479659229411936
85396.88609079421439673752 446467.4585995685192756355 14.97637977469938341812394
85399.00778225513931829482 446471.4666245455155149102 13.67503154258442954471775
85392.99297510184987913817 446458.0558422152535058558 15.13403102069330330436969
85389.84680762818607036024 446464.7352605975465849042 15.13126561723277063720161
85391.84041457419516518712 446467.5521865422488190234 14.05123264642755032127752
85378.39632609402178786695 446469.9472421898972243071 14.77827014213555045785142
85378.09404124696447979659 446474.2620772261288948357 13.6806931541525251816438
85387.13669209512590896338 446466.227005330438259989 13.30759621935659886560188
85390.29771887956303544343 446458.824745547492057085 14.25573274488644948121419
85381.16883252326806541532 446462.2452745045302435756 15.19589095591345007107975
85380.99388702376745641232 446461.4213976257597096264 15.62801012562053593057954
85388.4289796550729079172 446460.1396343433880247176 15.01002529674427066197495
85387.38417540515365544707 446461.0645282010664232075 15.00448845435431088901623
85389.07524589674721937627 446444.0773830647231079638 14.91960268636989539459137
85388.84375379598350264132 446444.4240926438942551613 15.13583644513699866251955
85388.22260322040528990328 446444.204628816107288003 15.26059780023428480433267
85386.0523164850746979937 446452.384409559890627861 14.9366430274815282785994
85388.36131165422557387501 446461.7653260135557502508 14.55536543616140399137748
85389.2895223525702022016 446462.1474373017554171383 14.55998396794448623836615
85396.05464400532946456224 446436.7003138966974802315 9.449300831417154711289186
85395.62339772030827589333 446437.4756112347240559757 9.406191837410590395052168
85395.31444401014596223831 446437.2243490936816670001 9.218486559569491589627432
85388.13273636104713659734 446447.9595860207919031382 15.12938249691475789404649
85387.74974727399239782244 446447.0522204916924238205 14.04927939850515805630948
85389.09482634789310395718 446446.8647418555920012295 13.30291418448636164839627
85386.1921667834249092266 446447.5867389901541173458 15.60597588487180331640047
85392.39336642352282069623 446461.5529225679929368198 14.96126621631389497224518
85404.06491245195502415299 446471.839310699375346303 14.96518810230067764166506
85389.99158681751578114927 446459.8499441664316691458 13.81893957816880025291084
85390.02209349686745554209 446459.1144692384405061603 13.64669310537738056154922
85390.66000954151968471706 446459.3479679614538326859 13.71292372347863341985885
85410.77159589696384500712 446459.8348909171181730926 13.50553245862694140555504
85385.6685954558925004676 446451.0789152744109742343 15.04917015552644166120899
85385.39150397485354915261 446456.2872717140126042068 14.94565902134283597035846
85385.08607890449638944119 446456.8513409282313659787 14.92032791776618516621511
85384.59214935504132881761 446456.0686001234571449459 15.13620334168546399666866
85383.85648046582355163991 446456.2374934834078885615 15.14365970306386444121927
85385.18724214531539473683 446456.6977840313920751214 14.18035467641886526735107
85381.81386892171576619148 446461.2673075948841869831 15.0516167339705724259602
85390.90031456845463253558 446462.7856612128089182079 14.60482684677914910764684
85389.14537495526019483805 446460.4559661169187165797 15.03332270399203451916037
85397.42354356645955704153 446463.8408914408064447343 14.97823519592084018370315
85398.48435294930823147297 446464.2412307679769583046 14.92876114448243107801773
85400.22102884850755799562 446464.9897403840441256762 14.96432340175518405089861
85389.51797762358910404146 446462.9517222440335899591 13.55481848934526389882649
85388.31051621105871163309 446445.7297922800062224269 14.54129556988354465829616
85387.85503062314819544554 446444.9029639563523232937 15.51208791730253544471907
85386.35612546821357682347 446459.0081726902863010764 14.99230706275324465082122
85389.67328029124473687261 446458.0589927610126323998 14.8345254332337397329411
85391.79168125451542437077 446461.1264696065918542445 14.97561345338837135443555
85391.60230116623279172927 446460.6854837128194049001 14.77118460800248733733042
85409.93591847359493840486 446470.4446631176397204399 14.94764069771694359189951
85409.80071148868591990322 446476.8441294581862166524 14.92670726063310482345514
85399.70026578560646157712 446472.0685330340056680143 14.10126801967345144817045
85402.95469057565787807107 446467.5286062794621102512 14.9831776473403088800751
85384.50839587069640401751 446487.6559583911439403892 12.17297601911075410896501
85408.88757808724767528474 446472.1198919428861699998 14.50683836092173528697913
85409.99190753792936448008 446470.5998554620309732854 14.74987338482188725663491
85410.30418447752890642732 446472.5872643247712403536 14.3262137033527494622831
85410.95065157063072547317 446473.6814937244052998722 15.0964558867256251062372
85416.22829090387676842511 446490.9099680035142228007 17.96565721274314242350556
85417.64495733738294802606 446469.4445329804439097643 15.97590972739851444828219
85410.92043917952105402946 446476.084386043599806726 13.27759335479396973767052
85422.09796520543750375509 446490.4585874234908260405 17.09032008528651047640778
85411.72635980407358147204 446490.1822131408844143152 17.06675927791633284869022
85415.14896430796943604946 446490.6222225448000244796 17.5457893243833957797051
85414.34963196879834868014 446492.5871774042025208473 16.89044725678614966568603
85414.91889050633471924812 446490.5267777796252630651 17.19827046329530872981195
85410.71554354771797079593 446491.6455142537597566843 17.06379615786130798937847
85411.61252929220790974796 446490.7079798341728746891 17.09103368821881829831
85411.70843502292700577527 446490.423109225113876164 16.89355970774145987434167
85417.57490494735247921199 446490.0163502970244735479 17.136066644896864374914
85417.88310060458024963737 446489.6003949530422687531 17.06410432030493851129904
85418.77014470365247689188 446489.9150839856010861695 17.07097263939729359094599
85420.69626699917716905475 446495.2475912578520365059 16.99539678645426121761375
85417.07542866849689744413 446491.4224064438021741807 17.10302166537153567560381
85428.74512647697702050209 446486.2800389591138809919 17.44151188669923513430149
85430.05692662297224160284 446487.4324446622631512582 17.8483159099241923684076
85432.10341873955621849746 446490.8235507761710323393 17.27986933274905823054723
85432.26386222123983316123 446491.5812921474571339786 17.26354313842115217880746
85427.92257454364153090864 446492.1028116529923863709 17.44006544398046543165037
85426.09348268315079621971 446493.1924662372912280262 17.13382182677544562920957
85432.91258640174055472016 446491.7075953753665089607 17.27296136105599089205498
85432.32825450462405569851 446492.1738344398909248412 17.47577779936678155081609
85438.73028729777433909476 446477.427438780665397644 17.04451256628475874776996
85438.01726801361655816436 446477.5985563555732369423 17.04149544010556383000221
85439.00647438876330852509 446476.853500483906827867 17.03904598832124150931122
85439.94706581940408796072 446482.1827704249881207943 13.71974763822029430571092
85438.74029424652690067887 446482.7905507064424455166 13.93761953883541693244297
85438.31795108354708645493 446483.0003466958878561854 13.56498330318772715941122
85438.11726845767407212406 446482.7147033197106793523 14.04780915986490796854014
85437.99482878819981124252 446491.7904652048600837588 10.79791739401165351353029
85439.59248721606854815036 446487.3657031908514909446 17.93354116958316879504309
85433.57987612954457290471 446479.9232029603444971144 15.42929997772291628166386
85434.37112480825453530997 446478.6130457259714603424 17.90609440134001317801449
85435.71815319960296619684 446480.1316394339082762599 16.45415076580549396112474
85430.97135994699783623219 446481.2377838808461092412 14.46856525315605246362338
85428.9469965081661939621 446479.9396153138368390501 13.76593924438470395443801
85430.61157474435458425432 446480.4891672599478624761 13.7711588898857009155563
85442.89308062555210199207 446474.3979355792980641127 17.55405904895840762947046
85439.52019942770130001009 446483.9960385526064783335 8.905435198257821483025509
85441.58556199015583842993 446478.3379120923927985132 17.0650588739026325413306
85442.3068515858321916312 446478.3700737815233878791 17.06951818202150050751698
85441.58268025872530415654 446479.1659812692669220269 17.07391049978112107510242
85436.99043863550468813628 446475.7937399823567830026 17.02074686272137427067719
85437.50960134813794866204 446475.8788627138710580766 17.32008807753316759203699
85442.20212382861063815653 446473.8114232671214267612 18.31078007988500999658754
85442.83906896933331154287 446473.9137441274360753596 18.52122101498578743417056
85437.56829336209921166301 446486.3611645204946398735 18.04532468218993557229624
85440.74536165558674838394 446478.7283876414294354618 17.06540118681417794732624
85436.48688934562960639596 446477.043650344421621412 17.79638525654347702698033
85439.6423213677917374298 446472.7442841505981050432 18.35440608289959385501788
85431.70121674718393478543 446493.6581419619615189731 17.85306886933492265256973
85430.8864323319576214999 446491.580803829594515264 17.84973690696892489881975
85431.11604092609195504338 446474.7776971343555487692 17.57668510335077627360079
85431.86253164731897413731 446475.1139026269083842635 17.81916763076448972924481
85422.82260399835649877787 446490.0106929016183130443 17.08963606164988036084651
85419.06610265780182089657 446488.90241652587428689 17.06231168016947563614849
85429.12196476415556389838 446488.5412839761702343822 17.28137809085371046080581
85428.32234466839872766286 446489.6108875072095543146 17.23742702973642337838101
85429.7874168564158026129 446490.0036811883328482509 17.25587068803952917050992
85433.62636955275957006961 446474.8767819210770539939 16.99585709168621505682495
85437.17222346288326662034 446493.8474572114064358175 17.29955934659081862037056
85420.43475245745503343642 446489.0213357033208012581 17.17353274787905803577814
85433.46387723222142085433 446499.1158635810716077685 17.49203064840346755204337
85424.38823404670984018594 446492.7621305520879104733 17.12204457029254811573082
85426.42148331976204644889 446495.3215361912734806538 17.05541060223241345283895
85431.64062522762105800211 446497.5721269265632145107 17.09999496786757333666174
85433.1687621189485071227 446498.3784497560118325055 17.10869157744375002039305
85428.61330909428943414241 446481.4776297095231711864 16.32264176630627972031107
85426.78132972515595611185 446481.7554838236537761986 17.90377854874977359145305
85436.13035928244062233716 446475.3066242241184227169 17.26442743918412148218522
85431.31936392016359604895 446493.5019462603377178311 17.79801055540917076314145
85433.51891455685836263001 446492.3218234365340322256 17.26907921443438098663137
85432.57549481662863399833 446492.2763623141800053418 17.86099285016492643762831
85438.78496354808157775551 446488.4116591302445158362 17.87199805084360448859115
85438.46840738410537596792 446489.1127342743566259742 17.05540934466922919909848
85438.08969711371173616499 446484.364188965642824769 13.20345242733524315781324
85437.71773020456021185964 446483.6524410530109889805 12.9011239206310701632674
85439.09892185735225211829 446489.5272636591689661145 8.826282713859097128761277
85438.1723019981145625934 446490.7023504786775447428 8.990722007924832226422041
85438.33286396561015862972 446489.8714184068376198411 8.979002872603317086941388
85431.64992338622687384486 446480.1811795740504749119 13.82793525706642689954151
85432.73522234290430787951 446480.6679200897924602032 13.77337627016301979665513
85431.64982096984749659896 446480.8026387912104837596 13.77647367751055362816714
85437.81881673168390989304 446491.0157962797675281763 9.402890583908980914884523
85438.06320160113682504743 446490.4285411090822890401 9.544083166060149281406666
85434.03854881461302284151 446490.9549395166686736047 17.31427432508333552618751
85432.88573736883699893951 446490.9978098575375042856 17.29192188378037542406673
85429.02669865518691949546 446482.874500853125937283 18.04978171978680379083926
85432.24046248161175753921 446482.7502686061779968441 15.97346876234295898200344
85436.06266599027730990201 446493.7080522651667706668 17.72707457229524408148791
85436.24732081285037565976 446495.5299898295779712498 17.8396941062812963707529
85437.84638813670608215034 446490.7994135089684277773 17.96737109800122311753512
85438.21746673142479266971 446491.3276820994215086102 8.992606099305215039407813
85429.36684326097019948065 446476.5415797199821099639 17.90476908408834333386039
85442.48481792498205322772 446477.9436305515700951219 17.11170835572653459166759
85441.83479891825118102133 446477.7066554231569170952 17.06031789298030787449534
85432.84100870114343706518 446473.8195948050706647336 18.39976231263598549503513
85441.21630610962165519595 446479.0190514360438100994 17.65694532900847946166323
85446.11621847319474909455 446470.8894726639846339822 12.24450590213002065809178
85442.90526374180626589805 446478.8447243456612341106 8.986611377865470373649259
85449.42386275337776169181 446462.6844221587525680661 9.933314616120012985334142
85449.31940902420319616795 446463.3106910726637579501 10.23185579042339732325217
85443.55165345440036617219 446478.2088468482834286988 8.950616191899090523520499
85443.2927906440309016034 446479.4001417045365087688 8.825914439967883495796741
85443.20785480269114486873 446477.2811830982100218534 12.75674888022635933282345
85443.75232394052727613598 446475.9357726084999740124 12.9522332723300515056053
85428.02537414438847918063 446490.3150648435112088919 17.4389407260371953611866
85432.76023791223997250199 446486.7062613675370812416 17.06074646028511310191789
85437.92197878338629379869 446477.6451074353535659611 17.79516147011520033061061
85439.16932728924439288676 446488.1448883683769963682 15.46699131559385698153619
85447.61185085363104008138 446467.9768482004292309284 12.09632797531515713274075
85447.81537451135227456689 446468.0341700997087173164 11.42647117308040627392529
85447.24723502456618007272 446468.6865263283252716064 9.088244488930433462314795
85448.54128238983685150743 446459.1592933395877480507 12.370285367809598753297
85445.73303630080772563815 446473.0548028188059106469 8.956892932954140462697978
85448.03392747181351296604 446467.9639374855905771255 16.00600174169478862040705
85449.50245882819581311196 446459.5224095663288608193 6.847192568581808025385271
85448.51446922654577065259 446459.1135077330400235951 6.576354817074506087237751
85449.09002001509361434728 446463.8122758172103203833 9.221596011437625861617562
85443.85943875208613462746 446475.6733002053224481642 8.965722029497406708742346
85448.21617441887792665511 446465.5971159620094113052 16.97664873661693007989015
85449.76400982639461290091 446462.8895072803716175258 8.966064917449676485716736
85449.36279150847985874861 446462.8345530768856406212 9.383526577700859405695155
85448.33118891745107248425 446466.8008352413307875395 13.19137152386244693502704
85447.82016177840705495328 446468.036379906116053462 16.76673651032856682263628
85435.70111516643373761326 446476.7028262719395570457 17.06055149879391308331833
85434.86776989969075657427 446476.3534488744917325675 17.28831545389448365313001
85434.32183575528324581683 446476.0624746204703114927 17.01007864928198287657324
85434.93619194776692893356 446475.6813303108210675418 17.01013884267567277674971
85436.02137376279279123992 446487.2535007809055969119 17.86720639848829250695417
85435.76748752663843333721 446487.8335653134272433817 17.19402461549236349469538
85439.84969370195176452398 446476.8512496050097979605 17.95371832344072160481119
85440.46427827836305368692 446477.1048617608612403274 17.25156218851642719869233
85439.17553137634240556508 446488.1464675085735507309 17.83596552764298337478976
85442.85941515483136754483 446478.3660254652495495975 17.07072973564813267444151
85438.25785505039675626904 446482.9988405246986076236 12.76914475996538378410605
85439.54658582856063731015 446487.1478855177410878241 12.67687133787961251130127
85438.00401449347555171698 446491.79583994165295735 9.253888370683812425454562
85435.93949161618365906179 446481.1858209465863183141 14.99638536059384286147633
85434.16615493253630120307 446480.6993192900554277003 14.62042656261225737068798
85434.6872785242012469098 446481.8878366709686815739 13.79585646668539311576751
85433.55739165173145011067 446480.9734303136938251555 13.8237920224574164507203
85433.29488525862689130008 446481.8619517539045773447 13.9523089132576529891594
85434.00931965121708344668 446483.0119132549734786153 15.25541745985102437543901
85438.0010270151833537966 446491.7945303692249581218 9.821193743750255222835222
85426.16883282503113150597 446471.1720360253821127117 18.12031213398871187791883
85432.96368609003548044711 446480.4588675143313594162 14.23126986275228134104509
85433.39386422322422731668 446487.6082429459784179926 17.09895243910932904896072
85437.55201201478485018015 446483.3346277333330363035 11.99851142635054834784114
85430.52149839508638251573 446479.8027991027920506895 13.75559431563224244143839
85439.06858998184907250106 446482.5696797286509536207 14.86278285993572012557706
85440.6443816831597359851 446478.7849714154144749045 17.7852010746273023755748
85438.64469394860498141497 446484.0599917300860397518 8.921832126987327526990157
85429.57407539320411160588 446479.6709827249869704247 13.75433239406754637457198
85416.47310948630911298096 446471.9305181899690069258 15.2172399410133198927042
85431.31182770591112785041 446473.3054857325041666627 17.40941145213953689108166
85437.13386532390723004937 446477.2531263683922588825 17.03509289097839030091563
85436.48065094483899883926 446477.030772513709962368 17.10316172038226056884014
85430.98196466625086031854 446473.2099456454743631184 16.96927025856401272108087
85433.66128575174661818892 446474.2807955152238719165 18.24173461518396877067971
85417.31597515514295082539 446470.0074252537451684475 14.39739741054532551345346
85431.64144513409701175988 446473.4423169062938541174 18.23999075814584713839395
85433.44014109551790170372 446475.7540092563722282648 17.02502378866639176635545
85433.08748153454507701099 446474.0431088847108185291 17.59261296658078066457165
85435.08962529627024196088 446481.1908149173250421882 14.45567156619559412433773
85438.04324441509379539639 446482.2733148438856005669 14.67167906865322812848262
85437.61207660690706688911 446482.7224507630453445017 13.71605144475880067034268
85437.66824189676844980568 446483.5588672133162617683 11.00739569437414289154731
85429.33859699267486575991 446479.109358003712259233 14.00092882871915378473204
85426.20286091094021685421 446471.2223010713350959122 16.92862921435823508886642
85425.49941750720608979464 446470.8926311859395354986 17.43374551727297827596885
85425.41694135764555539936 446470.9908909546211361885 16.92172326713521712804322
85424.64846354046312626451 446471.4883194778230972588 16.92273228584530286866539
85423.897748610470443964 446471.2460205019451677799 16.91813147707191333779519
85423.83448509758454747498 446471.692755953932646662 16.92082391583143774482778
85423.13606412544322665781 446471.7971435449435375631 16.91992714499092187452334
85420.09466514748055487871 446476.2116906334413215518 13.69255924357188014539588
85421.81057429306383710355 446471.6834061290719546378 16.91606194043869493270904
85422.7797532150725601241 446472.083967295300681144 17.37306067010929666594166
85425.93082997220335528255 446472.6019864038098603487 17.00608754089769547590549
85425.45340329130704049021 446471.5174469983903691173 16.92749753947100899154066
85425.0805235613661352545 446472.2450848208973184228 17.15808298972580203667349
85418.26687030961329583079 446475.8184440511395223439 14.22451349941066922610844
85411.72419438780343625695 446482.9772192027885466814 15.27968056280469966168312
85417.42629510491678956896 446473.0748769621714018285 15.66268475596095122170937
85416.91194031394843477756 446472.5396552136517129838 16.15097711636952482194829
85418.4329168411495629698 446480.7084221298573538661 17.02580900342033842775891
85425.08868701434403192252 446470.7342304846970364451 18.10577134330682014251579
85417.60488209081813693047 446469.1980825676582753658 15.39318796600969641019674
85417.80967555378447286785 446469.0579943610937334597 15.82220959061504750309268
85417.34719060502538923174 446475.076423285121563822 13.67355678057877987896518
85429.9604437548405257985 446486.4252585386857390404 17.22130609594849914856241
85430.61317202738428022712 446486.9095846342970617115 17.36643147081751337168498
85435.11467023355362471193 446488.1217280328273773193 16.98667133408666529703623
85434.02877545238879974931 446488.8812129078432917595 17.75821984159694721938649
85431.46891245862934738398 446474.9261310957372188568 17.23155356687472661292304
85435.60359580526710487902 446488.0152875157073140144 16.9536136861057187275037
85436.56737720621458720416 446476.3474642698420211673 17.02358768728980109585791
85439.0028659079980570823 446478.0896278108702972531 17.71582947563875620744511
85437.88898240368871483952 446482.8484478844329714775 13.26143254133147308948537
85435.36144714392139576375 446482.3670261238585226238 13.80559377176156665711915
85437.90577838745957706124 446491.5862637263489887118 9.001902529824644005884693
85434.09404873837775085121 446482.4543171264813281596 14.35205866409495456537115
85441.85993584009702317417 446482.2520064880955033004 8.848499880421906382821362
85444.24199801497161388397 446475.7307762615382671356 9.475810051307407277931816
85440.55622305197175592184 446482.1624061887850984931 9.329085052106677267147461
85437.63226225324615370482 446491.6394657695200294256 9.43049020710579988246991
85432.80954465227841865271 446490.2897480535320937634 17.30750497681366084634647
85433.66520250147732440382 446490.29707018390763551 17.40311515807756492790759
85435.35472204371762927622 446481.6630154684535227716 13.9084219141151379517396
85431.54857238029944710433 446473.6878971778205595911 16.97517337947875049053437
85431.41600470757111907005 446474.2988385561038739979 16.9802431515704235209796
85431.06026058475254103541 446474.7557125991443172097 17.13545505544929170582691
85438.73863070907827932388 446477.978862498071976006 17.36512053683361855860312
85448.18782406640821136534 446461.2890924097155220807 10.52554524064674623673454
85448.10022654497879557312 446460.3425498941796831787 11.41973556479813289854519
85446.5598033890564693138 446464.1168488143011927605 17.32897188283802947239565
85450.1833262976142577827 446462.7737817249144427478 8.830502480629416339752424
85447.77758114892640151083 446460.6190881608636118472 12.09145728816130826999142
85447.4476321275724330917 446469.0534266086760908365 8.960059793812460426920552
85447.90855103197100106627 446466.3936957346159033477 13.23177047509321191398612
85449.48420589003944769502 446464.1069776132353581488 8.967205756700824537119843
85447.76471018523443490267 446468.013524467998649925 10.23841262521752781822215
85449.16728465982305351645 446464.2899250947521068156 8.964170370379367369650936
85448.6584998674807138741 446465.6248461729264818132 8.963176849775150500931886
85447.45424461746006272733 446458.6730959179694764316 6.984878961188171864193919
85434.60704209606046788394 446461.0220298092463053763 17.79735982406398164812344
85441.77704506492591463029 446463.7331766432034783065 17.30705383787809381601619
85428.15725322694925125688 446457.6534285452216863632 17.09167390576307354876917
85440.36481068911962211132 446469.7100744814961217344 17.16977566466849580706366
85427.42459806650003883988 446457.9980889325961470604 17.3635206665599710618153
85429.31884208702831529081 446457.2790088982437737286 16.96964887531234111861522
85428.74592991913959849626 446462.9364199324627406895 17.99488369217893080076465
85425.34378731630567926913 446459.2109884441015310585 17.44181214385788081244755
85418.46800984852598048747 446466.3243072954937815666 14.35358448909499529122513
85410.45644246631127316505 446466.5728514740476384759 14.95306113154862970304748
85414.84055120080302003771 446471.9813114389544352889 15.09330017118833033862302
85412.87000675550370942801 446471.3757476111641153693 15.09549342221900580796046
85405.37995332771970424801 446461.7172223269008100033 13.34216159934930345798421
85413.93875192289124242961 446474.7451081210747361183 15.32374994269295065407732
85412.67846806967281736434 446462.9758674526819959283 15.09696476839606305020425
85420.08756439852004405111 446462.976489146298263222 14.36911485401144616957936
85419.78017136664129793644 446463.3138009862159378827 14.25683680950731258008091
85446.21702842692320700735 446471.8550400936510413885 8.9588322532278432674957
85418.37634547965717501938 446462.8892243658192455769 13.62393626958598602527672
85420.18114059153595007956 446463.4551367944804951549 14.47234885357900502356188
85419.74211344827199354768 446464.5145136144710704684 14.54161871975041897542269
85419.75506072724238038063 446474.7484022571006789804 14.59238443864821022089018
85423.0571778482262743637 446472.198677330743521452 17.06222174845531114328878
85418.67508666565117891878 446466.8493322284775786102 14.40270858694512590147951
85416.93854181790084112436 446468.2528640297241508961 15.8048151676884085503616
85414.54630509261914994568 446467.942902865819633007 15.37807988359000077593919
85416.3069643296767026186 446472.1513323927065357566 15.76802128467816466184104
85415.38877527629665564746 446471.7952332761487923563 15.57911675354140612625997
85405.13105125731090083718 446462.0671175109455361962 13.69792612893625616266036
85401.23332313590799458325 446464.9448180088074877858 14.39166099857487424173996
85401.57638730248436331749 446465.5491900736815296113 14.96138026331891524023376
85419.24109384296752978116 446474.9308893697452731431 13.99171619476551597927028
85413.13070284917193930596 446473.1787677438114769757 13.44369635774037519126978
85414.41447162686381489038 446476.0611739596934057772 15.72840602085665118181623
85416.38012982648797333241 446472.2188197338837198913 16.00523941321189980158124
85412.97365849681955296546 446476.6657518066349439323 13.76652051779158369981815
85417.55706025958352256566 446468.4165588978794403374 15.91026262046161932062205
85399.15421094454359263182 446468.111547561886254698 14.53923260317529120300151
85404.94334012293256819248 446469.693049793888349086 13.29696712710305206428529
85404.69997250022424850613 446470.2890305906184948981 14.35908533296853129002102
85416.76492955978028476238 446471.5987790207145735621 16.07140687842860060641215
85417.68726476893061771989 446468.7961294151027686894 15.97013706254007558982266
85421.63016391241399105638 446469.8110303349676541984 16.92888682369972386254631
85421.44867350367712788284 446469.6738120323279872537 17.73754287872018409188968
85422.33342072050436399877 446470.7420372843625955284 16.90617637028735842363858
85411.08702674826781731099 446477.3542206288548186421 14.90054208046047889979491
85412.88995901674206834286 446476.2468254920095205307 14.04185945505602362004538
85401.71296738801174797118 446472.4859527732478454709 13.54414046189953246823734
85390.35611356969457119703 446462.854451905470341444 14.15778574760321895098514
85403.04860888741677626967 446472.0762320704525336623 14.17203350543308104647622
85402.56104807683732360601 446465.9448349241865798831 14.94515917438368646230629
85402.78379474805842619389 446472.6096897367388010025 13.39783397759203786847593
85406.29879734879068564624 446469.9092686183867044747 13.48013747507201642861219
85402.21770056354580447078 446472.4838091275305487216 13.26742105333970123126619
85413.23732968869444448501 446475.4878618998918682337 15.13065372839294120410614
85413.57803820147819351405 446476.0160740749561227858 14.66326571301893366694458
85413.97647974725987296551 446475.5317298386944457889 15.44697534783693271265292
85414.0783714879653416574 446475.6408733049756847322 15.36585088339352012098971
85414.36140788563352543861 446476.1422339734854176641 15.46106824115558353582855
85414.49587131632142700255 446475.7496510692872107029 15.44083900056937608269436
85406.4525055648700799793 446470.6299239575164392591 13.77167565061861331798809
85403.56295950297499075532 446470.3877543870476074517 15.10641163945286358227804
85398.40950617082125972956 446468.0814408441074192524 14.96606365947557470974516
85399.9306212126393802464 446467.1960409219609573483 13.59256023527230716752001
85390.52520217213896103203 446458.9480029925471171737 13.95969253619038497049587
85394.20529071915370877832 446459.833623732381965965 14.97100092389267622650095
85394.47274412389378994703 446459.7391679260181263089 15.12840763725351855839563
85397.9681952834507683292 446458.1737050487427040935 13.91031117580372544750844
85400.50515042588813230395 446468.0188354637357406318 13.54548603595752531703056
85403.47892605693778023124 446466.5261222118861041963 15.10757056863194947027296
85391.92996882785519119352 446460.1917582934838719666 13.28564404467021908828883
85408.16826318242237903178 446446.1618309055338613689 -1.062293660687179563950622
85398.37172833777731284499 446458.6190842505311593413 13.56914996912560056330221
85389.82175153409480117261 446460.0547459959052503109 14.77247008472165035186663
85391.75196996641170699149 446460.9873390117427334189 14.35728161758985343965378
85389.78816962393466383219 446462.2405277970829047263 14.73091828353431687048669
85390.18175162766419816762 446462.6565002382267266512 14.97803698403616223799872
85385.79774519274360500276 446456.3026445152936503291 15.0370608981363798051234
85379.20461248864012304693 446471.8839168185950256884 14.02826177365685467179901
85389.85209551869775168598 446460.2189980374532751739 15.12747578408873394550938
85406.97738718951586633921 446463.6859064061427488923 14.95740002001540069898056
85403.40925899647118058056 446460.7573924342286773026 13.51464479861441247976472
85450.25769833482627291232 446462.1179221128695644438 8.969962318318094318669864
85442.68199882798944599926 446461.8381234309053979814 -1.062293660687178897816807
85447.55043574814044404775 446468.0979063233244232833 8.99142344891031441989071
85420.87570025694731157273 446491.3806399191962555051 17.30689943788638274213554
85415.48838707779941614717 446490.7643738805782049894 17.06784125279869002156374
85433.42881651068455539644 446503.2135389387258328497 10.29763756633161086995187
85431.72311033870209939778 446505.5811807662830688059 9.196365154835243416187041
85432.22850466819363646209 446504.6064075440517626703 9.588265032511928964709114
85433.32717513770330697298 446503.2983006663853302598 9.392114660087690580780873
85433.75946312850282993168 446498.6177752935909666121 17.35984004092340526881344
85415.58012312972277868539 446485.1826418553246185184 17.45015730107742513155245
85388.63671133748721331358 446459.1548244066070765257 13.6878708091780811884064
85384.8837272630917141214 446457.2220038226805627346 14.82889443127560369362072
85387.96578877029241994023 446444.4715684129623696208 15.54487158422555204140281
85387.41419468821550253779 446444.0587340173660777509 15.7390334424832420978646
85386.35224511470005381852 446458.8525630147196352482 14.55540918307570841250254
85390.11349090126168448478 446459.8084680826868861914 14.94463695907891853664751
85387.08471515252313110977 446451.0422362639219500124 14.39245264860420547847752
85384.30132517423771787435 446445.5661629572859965265 13.99853687077347608180844
85386.58893072053615469486 446446.6427724016248248518 14.18868142035525004018837
85382.16763387656828854233 446448.8640985216479748487 17.97850565581973114603898
85391.1383731964451726526 446443.7015535381506197155 13.7816980682625374043937
85388.14973736257525160909 446443.5110001505236141384 15.46759005771024142461556
85394.05640051819500513375 446444.9777151891612447798 13.35572411840379558611858
85398.08970472610963042825 446443.1723928555147722363 15.10270774078091449155181
85390.09964149071311112493 446438.8152554136468097568 10.61316079945528478845063
85394.71931229917390737683 446437.296370635973289609 8.962056631939608664083607
85391.15605140521074645221 446439.2547957352944649756 10.42842535979645646193603
85393.68742653017397969961 446442.9516828497871756554 15.12827299560091631747127
85394.1734634148160694167 446440.5117833999102003872 10.40511354511500030639581
85386.96229090966517105699 446447.9277097167796455324 15.13612324211134030349513
85388.27424371830420568585 446444.8594418581924401224 15.55447706493863435639469
85388.15354717907030135393 446444.913685414067003876 15.66324425781650120370614
85388.1983149108273210004 446444.6179494497482664883 15.8140381989210876412244
85389.17470075709570664912 446445.5334798251860775054 15.13437623174446855500719
85390.40088499172998126596 446445.1451109990011900663 15.13313004382865933905578
85391.33487296453677117825 446445.1407890229020267725 14.83709045000052206830787
85394.37358893115015234798 446436.7928902438143268228 8.707085524101172424593642
85386.54331386582634877414 446445.9769475922221317887 13.74476724412276062992078
85389.34954773359640967101 446442.9183438486070372164 14.95086589108885632981583
85389.38263298853416927159 446443.5341208957834169269 14.78578380050184293281745
85372.24286097209551371634 446442.023573525482788682 16.19909814169578865516996
85395.97471324351499788463 446441.2994501784560270607 12.26490243367142696229166
85357.28270652527862694114 446443.3741580567439086735 15.50515989713794162696558
85357.49579906102735549212 446443.1288802507915534079 15.01431945481009755383184
85389.51741308927012141794 446444.0924474184866994619 15.06441244423524850049034
85388.69830764563812408596 446434.2045498032821342349 6.617283711479369223695812
85387.05300781808909960091 446451.6587522793561220169 15.13043319974584299814069
85396.57615073844499420375 446435.4138064972357824445 9.53957937005502643046384
85395.45405250084877479821 446438.2080591188278049231 8.850569582603121432384796
85387.68140867765760049224 446445.7598845039028674364 14.09597116800711624762243
85387.35775448319327551872 446446.4283974397694692016 13.74037153996103732822576
85387.84887723502470180392 446446.2275739709730260074 13.48780156237584826328657
85390.92999500679434277117 446441.2952189175994135439 15.13370376377964454661651
85393.52022244241379667073 446442.2153940383577719331 15.13287886298021689412963
85393.14653079453273676336 446444.4673337893327698112 13.51225694474528538080449
85388.58280639961594715714 446445.2971615899004973471 15.13447348187731833490943
85388.62644769903272390366 446444.9747065512929111719 15.13460976993213868979637
85394.00908550107851624489 446447.8676993194967508316 14.86945793485156386282142
85389.00010483730875421315 446450.7955725677311420441 13.51767289432376806246339
85387.6731444052275037393 446449.5700848817359656096 14.32800494449229233850929
85387.21750053174037020653 446447.6939996128785423934 15.13501497028815911960464
85386.86952599052165169269 446447.1653874940238893032 14.80056712427229648199045
85389.27998040860984474421 446444.7601915232953615487 15.13495625080218154323575
85388.45546685581211932003 446450.7321824789396487176 13.53858050215626285250892
85388.93524713405349757522 446451.3064246138092130423 13.76697716519246661448506
85388.04761401411087717861 446450.5621577624697238207 13.84294375963526135819848
85388.33534152645734138787 446450.2161900519859045744 13.88379976694077910792657
85387.28617232581018470228 446450.3648501283605583012 14.312078483989976618318
85390.28716402818099595606 446444.165805226715747267 14.95249304112760491136669
85390.17808900425734464079 446444.6371184128220193088 14.80730794693380758531021
85390.0880983666138490662 446443.7129222193616442382 14.35485143321003853600359
85389.40512678094091825187 446443.9494852927746251225 14.67389069681357582908277
85396.31454400460643228143 446436.0661580112064257264 9.461945554348819342749266
85382.95293746242532506585 446472.2268086828989908099 13.64305133848132989271562
85382.44542078391532413661 446472.0902722392347641289 13.55333280130124684603743
85381.78435514621378388256 446461.8079457204439677298 15.13554272475768414096819
85377.89151342061813920736 446471.8231690444517880678 14.62774596519418146556291
85378.75314882131351623684 446469.5521277308580465615 14.66974740489588491243467
85401.68928165755642112345 446480.3711895004962570965 13.44963622817314252699816
85387.64055553976504597813 446486.875152223976328969 12.19531055649497908177636
85404.42848785738169681281 446495.9632401782437227666 15.1404981531613600509445
85404.81468939165642950684 446495.8332218177383765578 15.33165661365638854363169
85414.31728746731823775917 446502.2074566519004292786 12.15493356921300538431296
85367.56449904166220221668 446461.522616992995608598 14.06656229236860689013611
85373.29681923231692053378 446452.0651176209794357419 18.5635544189779082557834
85356.64950524122104980052 446462.3947842825436964631 17.96763694023112023501199
85347.13835706788813695312 446454.3091231438447721303 14.21833855489096443136532
85347.25874981425295118243 446453.6525354423793032765 14.00573547713281108428873
85369.51190099841915071011 446462.8909940102021209896 13.22905384475280143874443
85365.70690401304455008358 446451.8476445801206864417 15.38235178921704537913229
85368.88822501827962696552 446463.0128772392636165023 12.90263998922578281280948
85371.04956356593174859881 446463.180965297797229141 13.73689839822761626919601
85346.86561696002900134772 446453.8932570619508624077 13.96426668964356032631713
85346.61845419649034738541 446453.3127256232546642423 13.89624577659010640218185
85347.23012070948607288301 446453.1166313537396490574 13.99384890081646481974076
85346.23579713885555975139 446453.6922402569907717407 13.86599412313493040471712
85383.50288999789336230606 446481.3686722383718006313 14.07446814241219890107004
85365.96750931143469642848 446443.3674181807436980307 16.25290792516662108369019
85358.08787320517876651138 446442.9661804502247832716 14.86077337547060395195331
85353.08696091023739427328 446439.4686000897781923413 14.07275400493252526246124
85350.15273964614607393742 446439.2722384981461800635 13.77714984206794923693451
85408.60517486183380242437 446441.8034044210216961801 12.17067959671248189579273
85335.13897088317025918514 446456.6591467370162717998 10.01766725754145248572513
85433.08267378454911522567 446503.2275717084412463009 13.43295274723617183099122
3  0 1 2
3  3 4 5
3  6 7 8
3  9 10 11
3  12 13 14
3  15 16 17
3  18 19 20
3  21 22 23
3  24 25 26
3  27 28 29
3  30 31 32
3  33 34 35
3  36 37 38
3  39 40 41
3  42 43 44
3  45 46 47
3  48 49 50
3  51 52 53
3  54 55 56
3  54 57 55
3  58 59 60
3  61 62 63
3  61 64 62
3  65 66 67
3  68 69 70
3  71 72 73
3  74 75 76
3  77 78 79
3  80 81 82
3  83 8 84
3  85 86 87
3  88 89 90
3  91 92 93
3  94 95 96
3  97 98 99
3  100 101 102
3  100 103 101
3  104 67 105
3  70 106 68
3  107 108 109
3  110 111 112
3  113 114 115
3  116 117 118
3  118 119 116
3  120 121 122
3  123 120 122
3  124 125 126
3  127 126 125
3  128 129 130
3  131 129 128
3  132 133 134
3  135 136 137
3  138 139 140
3  141 140 139
3  142 143 144
3  145 146 147
3  148 146 145
3  149 150 151
3  152 153 154
3  155 156 157
3  158 66 65
3  159 160 161
3  162 163 164
3  162 164 165
3  166 167 168
3  166 168 169
3  170 171 172
3  173 174 175
3  175 176 173
3  177 178 179
3  177 180 178
3  181 182 183
3  183 182 184
3  185 186 187
3  71 188 116
3  166 169 189
3  190 191 192
3  189 169 193
3  194 195 196
3  47 57 197
3  198 199 200
3  201 202 203
3  204 205 206
3  207 208 209
3  210 211 212
3  213 214 215
3  216 217 218
3  219 220 221
3  222 223 224
3  225 226 227
3  228 229 41
3  230 229 228
3  224 231 222
3  117 232 118
3  142 233 143
3  234 235 236
3  237 238 239
3  240 241 242
3  243 244 245
3  246 243 245
3  247 110 112
3  66 68 106
3  248 249 250
3  251 252 253
3  50 252 251
3  88 90 254
3  254 90 255
3  256 257 258
3  259 260 261
3  262 263 264
3  265 266 267
3  268 269 270
3  271 272 273
3  196 72 274
3  275 276 277
3  278 144 143
3  279 280 281
3  282 283 284
3  155 285 156
3  286 287 288
3  289 260 290
3  291 289 290
3  32 292 30
3  293 294 295
3  296 297 298
3  299 300 301
3  302 303 304
3  305 306 307
3  308 309 310
3  311 312 313
3  131 314 129
3  315 316 317
3  45 318 319
3  320 321 322
3  323 324 325
3  324 323 326
3  64 327 328
3  329 330 331
3  332 333 334
3  335 92 336
3  92 335 93
3  337 338 339
3  183 339 338
3  25 28 27
3  340 341 342
3  343 344 345
3  346 347 348
3  349 350 351
3  352 353 354
3  355 356 357
3  355 45 356
3  108 358 359
3  360 361 362
3  363 364 365
3  366 348 367
3  348 347 367
3  368 369 370
3  310 371 372
3  286 373 374
3  375 376 21
3  291 290 377
3  25 378 26
3  379 380 381
3  382 383 384
3  385 386 387
3  55 47 388
3  389 390 391
3  347 392 367
3  393 392 347
3  394 395 396
3  93 397 398
3  399 400 401
3  402 403 404
3  405 406 407
3  408 407 406
3  409 410 411
3  412 413 414
3  415 416 417
3  418 419 420
3  419 421 422
3  36 104 105
3  423 424 425
3  373 99 98
3  426 269 427
3  428 387 429
3  36 38 430
3  431 432 433
3  402 434 403
3  435 436 437
3  438 439 436
3  440 441 442
3  54 440 442
3  443 444 136
3  165 445 446
3  165 446 162
3  447 448 449
3  450 451 452
3  453 287 454
3  47 55 57
3  455 453 456
3  21 23 375
3  457 329 458
3  57 459 197
3  460 102 461
3  102 101 461
3  462 463 464
3  465 466 467
3  468 466 469
3  470 471 472
3  473 474 475
3  476 477 478
3  260 479 290
3  289 480 319
3  481 289 319
3  377 402 456
3  45 47 197
3  482 483 309
3  484 485 486
3  447 487 448
3  488 489 490
3  469 491 468
3  492 493 494
3  492 495 493
3  76 496 467
3  465 467 496
3  493 497 498
3  499 500 476
3  501 502 496
3  503 358 504
3  503 504 197
3  197 459 503
3  505 385 506
3  473 507 508
3  107 468 491
3  509 510 511
3  75 501 496
3  512 513 514
3  515 516 517
3  493 518 519
3  491 197 504
3  493 495 497
3  496 76 75
3  465 469 466
3  359 358 503
3  469 197 491
3  502 465 496
3  45 355 520
3  521 522 523
3  524 525 526
3  527 528 529
3  309 530 310
3  78 531 79
3  532 533 534
3  535 536 537
3  535 538 536
3  539 540 541
3  542 543 500
3  479 434 402
3  544 369 368
3  545 525 524
3  448 424 449
3  385 546 506
3  547 548 549
3  436 439 550
3  551 550 439
3  402 404 288
3  552 553 554
3  373 98 555
3  453 455 287
3  556 557 558
3  354 559 430
3  430 559 104
3  560 561 562
3  255 61 254
3  563 564 565
3  8 83 566
3  354 430 352
3  317 567 315
3  568 569 570
3  429 101 428
3  571 572 573
3  571 573 574
3  575 576 397
3  65 67 577
3  1 104 578
3  579 580 581
3  582 581 580
3  23 583 375
3  584 585 548
3  26 586 587
3  588 589 590
3  590 591 588
3  417 374 592
3  593 594 595
3  68 66 158
3  596 597 598
3  596 599 597
3  600 601 570
3  602 600 570
3  603 604 605
3  12 14 606
3  607 608 609
3  93 398 316
3  610 611 612
3  610 612 613
3  614 615 616
3  352 420 419
3  617 618 619
3  430 104 36
3  620 614 621
3  418 622 623
3  11 418 623
3  105 624 36
3  625 486 626
3  627 628 629
3  627 629 630
3  631 632 633
3  634 635 636
3  376 34 33
3  637 638 639
3  640 638 637
3  641 642 643
3  644 643 642
3  586 317 645
3  410 409 646
3  289 318 260
3  647 336 92
3  648 19 649
3  650 648 651
3  652 653 654
3  655 653 652
3  419 656 421
3  657 48 658
3  583 23 575
3  659 397 576
3  660 661 662
3  663 664 665
3  666 667 668
3  669 670 671
3  672 673 674
3  674 675 672
3  15 17 676
3  677 211 210
3  678 91 679
3  529 528 680
3  681 486 625
3  678 682 92
3  357 683 520
3  684 685 686
3  666 687 676
3  7 688 353
3  430 38 420
3  430 420 352
3  441 371 310
3  678 689 682
3  690 691 692
3  693 694 695
3  696 697 682
3  682 689 696
3  571 574 698
3  699 700 701
3  702 298 703
3  91 650 704
3  681 705 486
3  27 42 44
3  706 707 696
3  708 707 706
3  709 710 711
3  678 92 91
3  555 712 713
3  714 715 716
3  708 706 717
3  717 704 650
3  706 718 717
3  719 720 721
3  400 722 723
3  724 725 726
3  636 727 634
3  698 52 51
3  681 728 729
3  730 731 732
3  733 734 735
3  257 736 737
3  738 691 690
3  692 419 422
3  587 645 739
3  586 645 587
3  740 741 497
3  99 742 97
3  743 744 745
3  746 747 748
3  746 362 747
3  555 374 373
3  419 692 352
3  749 750 751
3  752 753 754
3  736 755 737
3  372 371 756
3  757 298 758
3  759 7 760
3  761 762 763
3  764 765 766
3  767 77 768
3  275 769 770
3  771 772 773
3  606 774 775
3  776 774 606
3  777 778 738
3  779 780 781
3  782 783 784
3  785 786 787
3  788 789 790
3  788 790 791
3  792 569 421
3  421 583 792
3  793 794 795
3  796 630 629
3  797 798 799
3  800 801 802
3  803 613 804
3  805 806 807
3  792 570 569
3  563 808 809
3  383 382 810
3  134 811 812
3  813 258 814
3  320 459 815
3  816 78 68
3  817 747 362
3  818 517 516
3  819 820 821
3  84 822 823
3  8 822 84
3  824 825 826
3  224 147 231
3  578 559 827
3  823 822 828
3  829 755 830
3  831 832 768
3  134 833 834
3  814 835 836
3  814 836 837
3  838 839 840
3  73 196 195
3  841 842 540
3  840 839 198
3  843 103 844
3  845 846 847
3  848 849 850
3  851 852 853
3  854 133 855
3  854 856 133
3  124 126 857
3  858 859 860
3  134 133 861
3  862 863 864
3  118 865 147
3  834 814 258
3  866 867 868
3  866 868 216
3  869 870 871
3  872 873 874
3  875 876 877
3  79 531 878
3  879 880 881
3  882 883 884
3  885 886 887
3  888 588 889
3  888 589 588
3  890 891 892
3  433 55 893
3  894 895 896
3  688 354 353
3  286 288 99
3  666 676 897
3  335 898 620
3  20 43 899
3  615 898 336
3  897 676 900
3  901 417 592
3  818 515 75
3  902 903 904
3  48 50 658
3  255 14 13
3  257 256 736
3  577 835 814
3  905 906 907
3  69 77 767
3  908 909 910
3  911 912 913
3  104 559 578
3  914 915 916
3  916 917 914
3  67 66 70
3  918 919 920
3  921 922 923
3  924 925 926
3  926 610 924
3  822 8 353
3  624 927 928
3  928 927 69
3  929 930 931
3  932 933 934
3  935 2 577
3  67 935 577
3  578 836 1
3  577 2 835
3  836 835 2
3  936 937 938
3  939 940 941
3  942 65 943
3  0 944 67
3  2 944 0
3  1 836 2
3  814 833 577
3  814 834 833
3  819 945 946
3  947 946 945
3  578 948 836
3  948 837 836
3  949 94 950
3  0 67 1
3  736 830 755
3  861 133 856
3  951 839 838
3  952 953 954
3  452 955 450
3  935 67 944
3  2 935 944
3  956 957 958
3  959 960 961
3  962 963 964
3  726 965 966
3  967 968 969
3  104 1 67
3  559 354 688
3  970 617 971
3  862 972 863
3  973 974 975
3  976 977 978
3  8 566 6
3  930 929 979
3  258 980 981
3  566 982 619
3  980 983 984
3  837 975 814
3  813 814 975
3  985 986 987
3  69 78 77
3  988 989 990
3  989 988 991
3  351 992 993
3  994 380 379
3  995 996 722
3  997 998 999
3  621 1000 1001
3  615 647 1002
3  1003 805 1004
3  1005 444 386
3  1006 386 444
3  1007 1008 1009
3  1010 1011 1012
3  305 1013 562
3  1014 1013 305
3  1015 1016 1017
3  1018 1019 301
3  1020 774 776
3  775 774 1020
3  1021 916 915
3  1021 1022 916
3  1023 1024 1025
3  575 792 583
3  1026 610 613
3  781 1027 1028
3  1029 777 655
3  1029 655 652
3  399 401 1030
3  817 361 1031
3  1032 794 793
3  1025 408 795
3  34 622 831
3  796 966 1033
3  796 1033 1034
3  81 1035 1036
3  81 1036 721
3  1037 1038 1039
3  1040 1039 1038
3  1041 1037 1039
3  418 656 419
3  1042 1043 1044
3  602 570 792
3  1045 1046 1047
3  663 665 1048
3  1048 1049 663
3  1050 221 1051
3  1052 1053 435
3  1054 1055 1056
3  1054 1056 1057
3  1058 1059 1060
3  1058 1060 1061
3  1062 1063 1064
3  710 1065 711
3  1066 1067 1068
3  1069 1070 851
3  1071 1072 1073
3  1074 1073 1072
3  1075 913 1076
3  56 55 810
3  56 810 382
3  1077 1012 1078
3  14 776 606
3  1079 1080 1081
3  1082 1083 1084
3  1085 1086 211
3  212 211 1086
3  1087 1088 88
3  657 1089 821
3  562 351 828
3  993 828 351
3  1090 1091 1092
3  1093 1094 1095
3  987 89 88
3  362 361 817
3  57 815 459
3  1096 618 1097
3  360 925 361
3  1074 1098 1073
3  1099 948 762
3  1074 351 562
3  1100 1101 1102
3  68 158 1103
3  1104 908 337
3  142 246 233
3  1105 1106 1080
3  1105 1107 1106
3  1108 942 943
3  1031 925 924
3  1076 913 1109
3  803 912 1110
3  1111 1051 848
3  1112 1113 1114
3  327 64 255
3  1115 1116 1117
3  1118 1119 1120
3  817 90 747
3  1121 1122 1123
3  307 1122 1121
3  255 90 1031
3  422 738 690
3  1124 1105 1080
3  1125 1126 1127
3  1128 1129 1130
3  926 1131 1132
3  1131 360 1132
3  62 1133 63
3  913 803 804
3  1134 1135 1136
3  606 709 711
3  361 925 1031
3  799 1137 797
3  349 923 1138
3  89 748 747
3  777 738 1139
3  1140 986 985
3  37 767 768
3  1141 703 565
3  1142 1143 1144
3  709 801 1145
3  1050 1146 1147
3  1081 1147 1146
3  1148 1149 1150
3  1031 90 817
3  255 1031 14
3  804 1109 913
3  1034 1032 1151
3  1152 1153 1154
3  1155 1156 1157
3  1081 1146 1158
3  1159 1109 1132
3  362 746 360
3  748 986 1076
3  219 1147 985
3  1160 1128 1130
3  746 1159 360
3  1132 360 1159
3  1161 1147 1081
3  1161 985 1147
3  1162 1163 1164
3  1165 940 1166
3  1167 1168 1169
3  90 89 747
3  68 1103 816
3  1169 1168 1170
3  1125 1118 1126
3  63 1088 1087
3  987 986 89
3  320 815 442
3  1171 320 442
3  1172 1111 1173
3  1174 1175 1176
3  1177 1178 1179
3  219 221 1147
3  1147 221 1050
3  1180 1181 1182
3  1183 797 1184
3  987 219 985
3  1069 1185 1070
3  763 1186 761
3  908 1104 1187
3  1188 1189 1190
3  184 339 183
3  1140 1106 1191
3  1192 1193 1194
3  606 1065 12
3  711 1065 606
3  1195 311 1196
3  312 311 1195
3  849 1197 1198
3  1199 1200 1201
3  1173 903 1134
3  1202 1203 1204
3  1205 1121 1123
3  1073 921 1071
3  1206 1207 1208
3  1209 380 1210
3  1211 1212 930
3  1213 1081 1158
3  906 905 1214
3  1215 1216 931
3  1124 1080 1079
3  4 1217 5
3  1217 4 1218
3  827 559 688
3  1219 1214 905
3  1220 956 1221
3  3 1222 1223
3  1223 1224 3
3  68 78 69
3  194 1225 195
3  1226 1227 1228
3  1229 282 284
3  1230 1231 1232
3  1233 1234 1235
3  977 1236 1237
3  67 70 105
3  910 1238 1239
3  1240 751 750
3  762 1241 1186
3  1242 762 1186
3  1243 1244 1245
3  105 70 624
3  833 1108 1246
3  1247 936 938
3  1247 1248 936
3  257 737 1114
3  1249 1250 1251
3  1252 812 1253
3  158 942 1254
3  158 65 942
3  909 908 918
3  942 1255 1254
3  343 693 695
3  179 1256 1257
3  1258 1259 1260
3  1258 1261 1259
3  1262 1263 1264
3  1265 1266 1267
3  1268 1266 1265
3  1269 1270 1271
3  1272 1273 1274
3  931 1216 929
3  1275 861 1276
3  1094 1133 62
3  1094 62 1095
3  1277 1278 1181
3  1096 760 618
3  959 144 1279
3  1280 1281 1282
3  1280 1282 1283
3  1284 1285 1286
3  1287 1288 1289
3  1257 177 179
3  1217 1290 1291
3  1292 1290 1217
3  1293 1294 1295
3  1296 1297 1298
3  1299 1297 1296
3  213 1221 1300
3  239 1301 141
3  1302 1303 1304
3  874 873 1305
3  1306 999 1307
3  1308 1309 1310
3  1311 1309 1308
3  116 119 39
3  1312 873 872
3  1313 1314 1315
3  1316 1317 234
3  276 275 1318
3  115 1319 1320
3  1321 1322 1323
3  1324 1323 1322
3  1325 1326 1327
3  1325 1327 1328
3  1329 1330 334
3  442 1331 1171
3  1332 1296 1298
3  128 1333 131
3  1334 156 1335
3  1336 1337 193
3  1338 605 1339
3  1279 1340 959
3  1341 1342 1343
3  1344 205 1345
3  1346 1347 1348
3  1349 1350 1351
3  1218 1292 1217
3  1352 154 153
3  1061 1353 114
3  240 1354 1355
3  1356 237 1357
3  1358 1359 144
3  1335 156 189
3  1333 1360 1361
3  1358 1218 4
3  1333 1361 131
3  605 1338 603
3  1362 605 604
3  1363 1364 240
3  1365 1366 604
3  1301 238 275
3  195 1225 1367
3  239 1368 237
3  1369 1370 1371
3  1369 1372 1370
3  156 1334 1373
3  156 1373 1374
3  275 238 769
3  1375 1356 1345
3  3 1224 4
3  1103 1376 1377
3  1378 1379 1380
3  1381 1382 1383
3  1289 1288 1384
3  1385 1386 1387
3  1388 1389 1390
3  282 1229 1391
3  5 1385 3
3  1392 1393 1394
3  1395 1396 1397
3  1398 1399 1400
3  1401 1402 1403
3  1404 1405 866
3  1394 1406 1407
3  1397 1408 1409
3  1410 1411 1412
3  1413 1414 1415
3  1059 1058 1416
3  1417 1418 1419
3  1420 1421 1422
3  1423 265 267
3  1424 1350 1349
3  279 1425 280
3  173 1426 1427
3  1428 1426 173
3  1429 1430 1431
3  135 1432 1433
3  1434 1435 1436
3  1434 1436 366
3  1437 1438 1439
3  1440 1441 1442
3  1443 87 1444
3  558 1445 1446
3  1447 558 1446
3  1448 1449 1450
3  1451 1452 1453
3  1454 1455 1456
3  1457 489 1458
3  844 1459 843
3  250 477 543
3  1460 101 429
3  443 250 1006
3  248 250 443
3  1005 1461 137
3  546 818 506
3  1462 506 818
3  331 1463 1464
3  330 1465 844
3  1466 1467 1468
3  75 1462 818
3  1469 1459 1470
3  843 1459 1469
3  1471 490 1472
3  490 1473 488
3  490 1474 1472
3  1475 1476 1477
3  1478 1479 844
3  1480 1481 1482
3  1483 1484 1485
3  1486 1487 1488
3  1489 1490 1491
3  967 1492 517
3  517 1492 1493
3  546 385 969
3  387 969 385
3  546 969 968
3  969 387 428
3  1494 1495 1496
3  501 75 515
3  1497 1498 1499
3  1006 542 386
3  1500 1501 1466
3  1467 1466 1501
3  443 136 135
3  1005 1502 1503
3  1005 1503 505
3  1504 214 1505
3  1484 1483 1506
3  1502 385 1503
3  1503 385 1507
3  1508 1509 1510
3  1509 1508 1511
3  330 329 457
3  1512 1513 1514
3  534 1515 1516
3  1517 458 1518
3  1519 1520 1521
3  1522 1523 1524
3  1525 369 1526
3  1527 1528 1529
3  1469 428 103
3  643 582 580
3  74 1462 75
3  501 515 517
3  517 818 968
3  359 503 320
3  503 459 320
3  333 332 270
3  1525 1462 74
3  1526 1462 1525
3  506 1462 505
3  1462 1526 544
3  1530 1491 1490
3  1530 1490 1531
3  469 465 357
3  1532 457 1533
3  546 968 818
3  1534 301 756
3  505 544 368
3  1535 1536 1537
3  1462 544 505
3  1538 1539 1540
3  1541 1542 1543
3  1544 1264 1263
3  1545 1546 1547
3  1548 1547 1546
3  1532 1549 1550
3  386 1502 1005
3  543 542 1006
3  1551 1552 1553
3  1554 1500 1466
3  505 368 1005
3  1555 1556 1557
3  1558 1559 1560
3  1561 1562 1563
3  1563 1562 1564
3  333 270 483
3  482 1494 483
3  1526 369 544
3  426 530 309
3  1565 1566 1567
3  957 1568 1361
3  1569 487 415
3  1556 1570 1557
3  217 216 868
3  1571 958 1319
3  1572 1573 1574
3  877 876 1575
3  1576 1102 1577
3  440 1578 441
3  1316 867 866
3  1061 1579 1580
3  1060 1579 1061
3  1581 1582 1583
3  1584 1582 1581
3  119 118 224
3  147 224 118
3  145 73 148
3  1585 1281 1586
3  1352 1235 1234
3  1587 230 1588
3  145 1589 73
3  1590 749 1409
3  1591 1592 1593
3  1594 1595 1414
3  1594 1414 1596
3  133 1597 110
3  1598 1590 1409
3  1598 1599 1590
3  1583 1582 1600
3  1601 1602 1603
3  1604 1602 1601
3  247 1605 854
3  1606 1607 1608
3  1609 264 1610
3  1611 1612 1613
3  1614 1308 1615
3  1369 1616 1336
3  199 1367 1405
3  246 1617 243
3  1618 1425 1619
3  278 1279 144
3  1343 1280 1283
3  1620 1621 1622
3  1620 1623 1621
3  1613 1612 699
3  152 191 1624
3  152 1625 191
3  1626 1309 1311
3  1627 1628 1629
3  1628 1627 1187
3  1630 1631 1632
3  1633 1634 209
3  1635 1176 1212
3  1636 1637 1638
3  1636 1638 1639
3  1597 1640 1411
3  1641 1642 1643
3  1643 1644 1641
3  1645 1646 1647
3  1648 1649 1624
3  578 827 759
3  133 110 855
3  1650 1605 1396
3  152 1603 1625
3  1651 1652 1653
3  111 1609 112
3  112 1610 247
3  1650 1396 1395
3  1598 247 1610
3  1598 1605 247
3  247 854 855
3  247 855 110
3  1654 1655 1270
3  1656 1657 111
3  1658 700 1659
3  1660 1661 1662
3  1663 1640 1664
3  111 1665 1666
3  1667 755 829
3  1241 762 761
3  1668 1669 1670
3  733 1671 1672
3  1658 1673 701
3  751 1674 1675
3  975 837 973
3  735 1676 733
3  132 1640 133
3  1597 133 1640
3  856 854 1650
3  1674 1677 1254
3  930 1212 931
3  930 1678 1211
3  1211 1678 1679
3  1680 1099 1681
3  948 763 762
3  1682 1388 1683
3  979 1684 930
3  834 258 257
3  974 973 980
3  1685 1099 1680
3  1212 1176 931
3  619 982 971
3  1248 1686 936
3  1687 1688 979
3  1072 1071 349
3  1689 1690 1096
3  1691 1692 337
3  981 1693 256
3  948 1685 837
3  1215 1694 1216
3  1186 1241 761
3  918 908 1187
3  1695 1696 1697
3  1698 1695 1697
3  936 1699 937
3  833 1246 577
3  818 516 515
3  1694 1062 1700
3  1099 1685 948
3  474 508 1701
3  473 508 474
3  593 525 594
3  1702 1703 1704
3  1705 1219 1706
3  1707 1708 929
3  974 980 258
3  1709 983 1685
3  1685 973 837
3  920 919 1710
3  1239 1711 1691
3  910 1239 1691
3  1688 1712 1713
3  1714 1713 1712
3  937 1715 938
3  812 1716 1717
3  812 1717 134
3  1718 1719 1699
3  1718 1699 593
3  1238 1686 1248
3  1720 593 1721
3  737 1719 1718
3  1253 812 1722
3  910 909 1720
3  1667 1715 1719
3  1723 1724 1725
3  910 1691 908
3  978 1726 1063
3  976 978 1063
3  737 1718 1114
3  1727 857 126
3  834 811 134
3  1728 1729 174
3  1730 1731 1732
3  1671 733 1676
3  1733 1734 1735
3  1669 1647 1736
3  1062 1064 1700
3  1697 1693 1698
3  910 1721 1238
3  937 1719 1715
3  937 1699 1719
3  1255 1275 1737
3  1680 1698 1709
3  1687 1704 1703
3  256 1697 736
3  1738 1400 1739
3  1711 1248 1247
3  1740 1008 1741
3  1742 1695 1743
3  1744 1743 1695
3  1248 1711 1239
3  1667 1745 755
3  1697 830 736
3  1667 1719 737
3  1720 1721 910
3  1707 1746 829
3  1745 737 755
3  1747 1748 1749
3  983 1709 984
3  1720 909 920
3  1750 997 1751
3  1752 1750 1751
3  1238 1248 1239
3  1684 979 1753
3  1253 1112 1754
3  595 594 545
3  321 1565 269
3  829 1746 1667
3  1755 1756 1757
3  746 1758 1159
3  1152 1733 1759
3  1683 1388 1760
3  1761 1586 1762
3  936 1686 1699
3  593 1699 1721
3  1238 1721 1699
3  1238 1699 1686
3  1720 1763 593
3  946 1093 820
3  1764 1660 1662
3  1634 1608 207
3  918 920 909
3  920 1710 1763
3  1628 1765 1154
3  1766 1767 1768
3  257 811 834
3  1114 595 1112
3  1718 595 1114
3  920 1763 1720
3  524 1253 1754
3  1114 811 257
3  1645 1647 1669
3  1727 126 266
3  84 823 992
3  1769 338 1064
3  1693 981 984
3  1693 984 1709
3  1099 762 1681
3  1114 1113 811
3  1708 979 929
3  811 1113 812
3  1680 1709 1685
3  525 545 594
3  1770 1771 339
3  1772 978 1773
3  977 1773 978
3  1774 1775 1776
3  980 984 981
3  1215 1777 1778
3  381 380 1779
3  1215 1778 1694
3  1780 1781 1169
3  1780 1169 1782
3  1783 1784 1785
3  6 619 1786
3  566 619 6
3  726 646 795
3  13 327 255
3  975 974 813
3  1694 1700 1787
3  1691 1787 1700
3  258 981 256
3  1700 1064 1692
3  1760 1250 1249
3  1681 762 1242
3  1788 1789 1790
3  1697 1696 830
3  526 1763 1710
3  1700 1692 1691
3  1711 1247 1691
3  618 617 1097
3  973 983 980
3  618 1786 619
3  1685 983 973
3  1688 1687 1712
3  256 1693 1697
3  813 974 258
3  578 759 948
3  1714 1689 1097
3  1688 1713 1753
3  737 1745 1667
3  1791 1792 1770
3  1793 1733 1794
3  1795 1796 1219
3  1709 1698 1693
3  993 823 828
3  992 823 993
3  1691 1247 1787
3  1064 337 1692
3  1698 1680 1695
3  1681 1695 1680
3  1708 1744 979
3  1742 1696 1695
3  1707 829 1744
3  1708 1707 1744
3  1744 829 1743
3  1710 1797 524
3  1247 1746 1707
3  1667 1746 1715
3  938 1715 1746
3  1247 938 1746
3  1742 1743 1696
3  830 1696 1743
3  830 1743 829
3  1695 1242 1744
3  1681 1242 1695
3  1744 1242 979
3  979 1242 1687
3  1110 1026 803
3  1702 763 948
3  1687 1703 1689
3  804 1132 1109
3  1411 1640 1621
3  1271 1798 1799
3  1716 812 1800
3  595 545 1754
3  812 1113 1722
3  1607 1801 1802
3  1803 1801 1607
3  1804 1657 1641
3  1805 1728 1426
3  1427 1426 1728
3  1806 1266 1268
3  1426 1807 1805
3  1808 1649 1809
3  1624 1649 1808
3  1427 1728 174
3  1810 1642 1811
3  1812 1642 1810
3  1813 1814 1231
3  856 1276 861
3  1815 1816 1505
3  1802 1801 1817
3  1103 1677 1376
3  1339 605 1362
3  1593 1818 1819
3  1820 1821 1822
3  1823 1824 1825
3  874 1305 797
3  267 1229 1826
3  1827 244 243
3  1828 741 1829
3  1123 560 692
3  1830 1831 1823
3  1832 1833 1834
3  492 475 1835
3  1836 245 244
3  143 233 278
3  1837 1838 1839
3  1840 1841 1842
3  999 1343 1342
3  233 1843 278
3  244 364 1836
3  244 1827 364
3  1339 365 1844
3  1845 1846 265
3  1845 265 1423
3  1338 1847 1848
3  1849 1850 1851
3  1852 1571 1853
3  1180 1182 1854
3  1855 1856 1857
3  1575 1858 877
3  1859 1860 1068
3  1861 1862 1815
3  1863 1864 1332
3  1865 1866 1867
3  48 657 438
3  292 1868 1855
3  1051 1213 1158
3  724 629 628
3  1869 1870 1871
3  1872 1873 1874
3  1120 902 904
3  798 1875 799
3  1876 1877 1878
3  1879 1880 1881
3  304 303 1882
3  304 1882 1883
3  1863 1298 185
3  1884 1885 1886
3  1887 1565 321
3  1888 1889 1156
3  1383 1382 1890
3  1891 1892 1893
3  1894 1858 1895
3  1896 1897 1898
3  1899 1898 1897
3  1900 1901 1902
3  810 433 432
3  1903 1904 1905
3  1906 1907 1486
3  1569 415 878
3  1908 1909 1910
3  425 1559 1558
3  107 358 108
3  1493 1473 1471
3  878 415 417
3  1911 1912 1913
3  1894 1895 1848
3  1914 1915 1916
3  1917 1918 313
3  313 1918 1919
3  1920 1921 1922
3  1923 1924 1925
3  1926 1927 1928
3  1929 1927 1926
3  1930 1931 1932
3  1933 1556 1481
3  1933 1934 1556
3  1329 334 1935
3  1936 1937 1938
3  272 1939 1940
3  447 1941 487
3  309 308 482
3  308 1495 482
3  310 372 308
3  1019 788 791
3  1942 1943 1944
3  423 585 584
3  441 1578 371
3  384 383 454
3  1945 766 1946
3  1947 1948 1949
3  789 788 547
3  790 789 549
3  423 584 449
3  1558 1888 1950
3  1358 961 1218
3  548 547 440
3  756 301 372
3  1951 1952 1953
3  1954 1955 1949
3  1956 1957 1958
3  1959 1960 1961
3  449 584 56
3  547 1930 440
3  1962 1963 1964
3  788 1018 1931
3  1965 1966 1967
3  1863 876 875
3  1910 1968 1969
3  1969 1908 1910
3  1970 1930 1932
3  1971 750 749
3  1858 876 1895
3  440 1930 1578
3  1972 1019 791
3  788 1931 1930
3  1973 1974 1975
3  1976 1494 1977
3  756 371 1970
3  1578 1930 1970
3  1019 1018 788
3  1931 1534 1978
3  1931 1978 1932
3  547 788 1930
3  1979 1980 1981
3  449 424 423
3  1018 1534 1931
3  1578 1970 371
3  300 299 1975
3  1982 1978 1534
3  1983 1984 1985
3  1982 756 1970
3  1982 1970 1978
3  1932 1978 1970
3  1982 1534 756
3  1986 1987 1988
3  789 547 549
3  1989 1990 1958
3  1991 1992 1993
3  1994 1993 1992
3  1950 1995 585
3  1996 549 548
3  548 440 584
3  1997 1940 1998
3  790 549 791
3  31 1999 32
3  603 1338 2000
3  2001 2002 509
3  70 66 106
3  2003 2004 2005
3  867 217 868
3  2006 2003 2007
3  2008 1060 1059
3  2009 1889 2010
3  1558 585 425
3  2011 146 2012
3  2013 1854 2014
3  293 295 2015
3  1863 1332 1298
3  2016 1303 2017
3  1304 1303 2016
3  2018 2019 1927
3  2018 1927 2020
3  1851 2021 1379
3  1850 2021 1851
3  425 585 423
3  2022 2023 1875
3  216 218 1184
3  2024 2025 2026
3  2027 2028 1850
3  867 2029 2030
3  417 79 878
3  2031 2032 2033
3  2032 2031 2034
3  1137 1569 531
3  878 531 1569
3  1950 2035 2036
3  2037 2038 2039
3  2040 964 963
3  2041 412 1188
3  999 998 1847
3  2029 867 1316
3  73 72 196
3  1862 2042 1816
3  2043 2044 2045
3  39 119 2046
3  2047 2022 2048
3  2048 2022 1875
3  2049 798 2050
3  2027 1850 1849
3  1895 876 2051
3  1298 1297 186
3  2052 1837 242
3  1837 1354 242
3  2053 2054 1839
3  2055 2056 2054
3  1416 1864 1863
3  2057 2019 1300
3  2058 217 867
3  147 865 145
3  228 1588 230
3  1336 151 1337
3  206 1344 1357
3  2011 2012 223
3  1225 2026 1367
3  2059 177 40
3  223 119 224
3  2060 191 1625
3  1602 1599 1625
3  1625 1603 1602
3  754 154 1234
3  2061 2062 39
3  227 39 41
3  225 229 226
3  195 148 73
3  2063 1600 2064
3  1405 1404 1584
3  1405 1584 199
3  1694 1787 2065
3  237 2066 238
3  204 959 205
3  2024 2067 155
3  959 961 1358
3  1843 604 1366
3  1843 1366 1318
3  531 78 2068
3  189 2069 166
3  1356 2066 237
3  149 2070 960
3  40 2071 2072
3  177 1235 180
3  199 148 1367
3  2064 2073 2061
3  2046 223 2074
3  1336 1616 1292
3  1855 2075 1926
3  2076 1855 1926
3  2077 4 1224
3  149 1335 150
3  206 205 1344
3  5 1217 1291
3  151 150 1337
3  1372 168 167
3  169 168 1372
3  196 274 194
3  1335 1337 150
3  1345 1356 1344
3  1505 214 2078
3  2079 1289 1384
3  139 2080 1368
3  139 241 2080
3  1373 1334 149
3  769 238 2066
3  769 2066 770
3  245 233 246
3  2081 2082 95
3  1334 1335 149
3  1371 1292 1616
3  2070 961 960
3  1218 1336 1292
3  2083 141 1301
3  2084 276 2085
3  1280 1762 1281
3  1370 1292 1371
3  1880 2086 2087
3  2025 1367 2026
3  206 1357 2080
3  1363 157 2088
3  189 193 1335
3  1402 847 1310
3  1290 1370 1291
3  1290 1292 1370
3  178 167 166
3  180 167 178
3  2089 2090 2091
3  2092 1823 2093
3  194 2094 2095
3  1372 167 1370
3  1370 167 180
3  1615 2096 1614
3  41 40 228
3  1369 1336 193
3  169 1369 193
3  1372 1369 169
3  2097 2091 2098
3  2046 119 223
3  2062 2071 40
3  1371 1616 1369
3  2088 157 156
3  2067 1225 155
3  1337 1335 193
3  2077 1359 1358
3  1224 1359 2077
3  1218 961 2070
3  1355 157 1363
3  1316 2025 2024
3  2024 1355 1316
3  1358 4 2077
3  2099 2096 1310
3  2100 2101 2096
3  129 2084 130
3  1576 857 1727
3  1576 1727 1824
3  2102 1339 1307
3  1870 2103 1871
3  2066 1356 1375
3  1375 1340 2066
3  115 2104 113
3  770 1279 278
3  1617 1359 1223
3  1617 142 1359
3  142 144 1359
3  1421 2099 1802
3  1312 2105 216
3  2106 2107 2108
3  2109 1868 292
3  1815 1862 1816
3  770 1340 1279
3  2066 1340 770
3  130 1890 1382
3  138 241 139
3  1617 246 142
3  1358 144 959
3  816 2068 78
3  2110 2111 2112
3  2113 2114 2115
3  2116 284 2117
3  284 2118 2117
3  2104 1320 1296
3  2104 1296 1332
3  1762 2119 2120
3  1575 876 1858
3  213 1300 214
3  2121 276 2084
3  2121 2084 129
3  1602 1590 1599
3  141 2083 140
3  1367 148 195
3  2105 2122 2123
3  1184 797 1305
3  2042 2056 2055
3  1318 2085 276
3  1880 2087 1881
3  276 2121 277
3  2124 2125 2126
3  1301 314 131
3  275 314 1301
3  277 314 275
3  129 314 2121
3  277 2121 314
3  2116 2127 284
3  1802 2117 2118
3  1301 239 238
3  1223 2128 1617
3  363 1836 364
3  139 1368 141
3  141 1368 239
3  1848 1847 1879
3  284 2129 2118
3  1362 604 1843
3  1869 2130 1870
3  604 603 1365
3  275 1843 1318
3  1843 275 770
3  1844 364 1827
3  128 2131 1333
3  216 2123 866
3  1360 1333 2132
3  1365 603 1890
3  1365 1890 2084
3  1381 1890 603
3  1844 1307 1339
3  1383 1890 1381
3  130 2084 1890
3  1864 113 1332
3  1862 236 235
3  860 2131 128
3  1839 2133 2053
3  1838 2133 1839
3  185 1338 2134
3  1343 1283 1341
3  2135 2030 2136
3  1338 2051 2134
3  2051 1338 1848
3  1942 2137 1943
3  1059 2138 2008
3  2139 2013 2140
3  1863 875 1416
3  2141 2142 2143
3  2144 2145 2146
3  1381 603 2000
3  1830 2147 2148
3  2149 508 507
3  1894 877 1858
3  1580 2150 2151
3  1579 2150 1580
3  1317 235 234
3  2132 1333 2131
3  1701 508 2152
3  1319 958 1360
3  1353 2153 1319
3  2055 2154 2042
3  2155 1319 115
3  1360 2132 1320
3  2156 2157 2158
3  2151 2153 1580
3  1353 1319 2155
3  722 400 399
3  2008 2159 2160
3  2008 1579 1060
3  1381 2000 1382
3  1803 2161 2162
3  2163 279 2164
3  497 741 2165
3  2117 1802 1817
3  1576 124 857
3  2166 2167 2168
3  2130 2169 2170
3  2171 2172 2109
3  2155 114 1353
3  1360 1320 1319
3  115 114 2155
3  454 1941 447
3  113 2104 1332
3  2173 2174 2175
3  2176 2174 2173
3  115 1320 2104
3  2177 2178 2179
3  1382 2000 858
3  1382 858 130
3  860 130 858
3  860 128 130
3  2132 2131 1320
3  1299 1320 2131
3  2087 2180 2181
3  2000 1338 185
3  1701 1822 282
3  1391 1701 282
3  187 186 859
3  187 859 858
3  2052 138 2182
3  242 1354 240
3  1365 2085 1366
3  2085 1365 2183
3  2184 1815 1505
3  957 2185 1568
3  2186 1903 2135
3  185 1298 186
3  1296 1320 1299
3  2187 2036 2188
3  858 2000 187
3  2185 957 2182
3  2131 860 2189
3  2131 2189 1299
3  185 187 2000
3  860 859 2189
3  2189 1297 1299
3  1297 2189 859
3  1297 859 186
3  1741 2190 2130
3  2191 1732 2192
3  1864 1416 1058
3  113 1058 1061
3  114 113 1061
3  1864 1058 113
3  1999 2193 2194
3  2195 2191 2196
3  2153 1853 1571
3  1300 2018 214
3  2197 2096 2099
3  2198 958 1571
3  2138 2159 2008
3  2199 2200 2201
3  2130 2103 1870
3  1730 2202 2203
3  2204 2200 1563
3  1066 1009 1008
3  1068 1009 1066
3  2019 2057 1928
3  494 2205 492
3  1848 2206 1894
3  1732 2195 1730
3  2130 2190 2103
3  1889 2009 1156
3  1869 1871 2207
3  283 1282 284
3  1893 2208 2209
3  1819 1591 1593
3  2081 2210 2082
3  2086 2211 2212
3  1573 2213 2214
3  2214 2215 949
3  1360 958 1361
3  2216 2209 2217
3  401 2218 2219
3  2016 2220 2221
3  2222 1394 1634
3  2223 1724 1747
3  997 999 1751
3  2030 2029 1861
3  2136 1861 1815
3  2136 2030 1861
3  2224 2225 2226
3  2227 2228 127
3  1880 2229 2086
3  2190 1741 2103
3  740 1730 741
3  2230 1897 1896
3  2231 2232 2233
3  2130 1869 2169
3  2194 2193 2234
3  2134 2051 876
3  2235 2147 1897
3  1854 1182 2236
3  2208 2237 2209
3  2238 2179 1285
3  2238 2239 2179
3  875 877 1416
3  2240 1869 2207
3  2240 2207 2149
3  1881 2206 1848
3  124 2241 125
3  934 2242 932
3  1316 236 2029
3  1219 2243 2244
3  2245 1592 1591
3  2086 2212 2156
3  2246 2122 1240
3  1316 1355 1317
3  1354 1317 1355
3  2078 214 2018
3  236 1316 234
3  1220 957 956
3  1184 1305 873
3  1377 1376 872
3  1218 2070 1336
3  2030 2135 2247
3  1855 2248 2249
3  2030 2247 2058
3  131 2083 1301
3  31 956 958
3  2184 2250 2135
3  1580 1353 1061
3  2251 2252 2253
3  2135 1929 2186
3  2254 2255 2256
3  2257 2028 2258
3  2021 2028 2257
3  1888 1560 2259
3  292 32 2260
3  2261 2193 2262
3  2193 1999 2262
3  2194 2145 2144
3  2249 2248 2263
3  999 1342 1751
3  2264 2045 2044
3  425 2022 1559
3  2263 2265 2249
3  2266 2048 2267
3  2234 2193 2261
3  383 432 431
3  684 2268 2269
3  2270 2269 2268
3  1448 2271 2272
3  798 2049 2267
3  1875 798 2267
3  30 2273 31
3  479 402 377
3  291 480 289
3  46 480 893
3  46 893 55
3  479 260 259
3  463 2274 2275
3  2276 2277 1551
3  2278 2279 1449
3  2280 2281 2282
3  2282 2283 2280
3  415 487 1941
3  2284 2285 2286
3  386 385 1502
3  448 2287 424
3  2288 2289 272
3  424 2287 425
3  1998 2290 1997
3  2291 2292 2293
3  2294 2295 2296
3  2297 2298 2299
3  2186 1926 2075
3  2267 2114 2266
3  2300 2301 2302
3  2300 1987 2301
3  1560 1888 1558
3  1559 2303 1560
3  2266 1560 2303
3  2304 2305 2058
3  2105 1240 2122
3  2126 2306 1278
3  2307 2308 2309
3  2310 2171 292
3  292 2260 2310
3  2311 2312 2313
3  2010 2259 2314
3  2260 2137 2310
3  509 511 1886
3  1868 2172 2263
3  2109 2172 1868
3  1580 2153 1353
3  2315 2316 2317
3  2318 2319 2115
3  2297 2320 2321
3  2322 869 2323
3  2324 2325 2326
3  2009 1157 1156
3  958 2251 31
3  2202 1730 2327
3  2195 2328 1593
3  2329 127 2228
3  1222 3 2330
3  2331 2332 2333
3  161 2334 1295
3  2170 2335 2336
3  2170 2240 2335
3  2337 1831 2148
3  1848 1879 1881
3  2338 2339 2340
3  2338 2340 2341
3  1971 1404 750
3  2342 2343 2344
3  2342 2344 2345
3  2346 2347 2348
3  2349 2350 2351
3  2349 2351 2352
3  872 874 1377
3  2353 2354 2355
3  2235 2356 2147
3  1423 2357 1845
3  1731 2192 1732
3  2328 2195 2196
3  1740 1591 1819
3  1634 1606 1608
3  2149 1820 2152
3  475 492 2205
3  1740 1819 2358
3  2359 2360 1832
3  2361 2362 1619
3  1619 1164 2361
3  1741 2245 1740
3  1591 1740 2245
3  2363 1251 2364
3  126 267 266
3  2365 2366 1834
3  120 2367 121
3  1593 2328 1818
3  2368 2358 2369
3  2370 1825 2362
3  2371 1847 1338
3  2372 1756 2373
3  872 1677 1674
3  2374 1776 1775
3  1361 2083 131
3  2375 1008 2358
3  2376 1834 2366
3  2203 2202 2377
3  2378 2379 2380
3  1085 1035 1086
3  1352 2381 1235
3  1402 2381 1352
3  2382 2383 2365
3  2383 2356 2235
3  2366 2365 2383
3  1823 2370 1830
3  2235 1179 2384
3  1178 2376 2384
3  1178 2384 1179
3  2366 2384 2376
3  2099 1421 2197
3  2100 2197 1421
3  1103 1377 816
3  2384 2366 2383
3  2384 2383 2235
3  1830 2148 1831
3  1818 2328 122
3  1732 2191 2195
3  1731 2385 2192
3  2362 2386 2387
3  2361 2386 2362
3  2388 2389 2005
3  2130 2245 1741
3  122 2328 2196
3  122 2196 2191
3  1805 2390 1728
3  1230 2391 2392
3  2361 1163 2393
3  1593 1592 2327
3  1731 2394 2385
3  492 2385 2394
3  492 2395 2385
3  2149 2152 508
3  123 2396 1577
3  2396 124 1577
3  2397 1428 176
3  1341 1283 283
3  1898 2230 1896
3  2398 2367 2399
3  120 2399 2367
3  1240 1312 872
3  2356 2337 2147
3  2148 2147 2337
3  1898 1899 2400
3  2147 2400 1899
3  493 2401 518
3  498 2401 493
3  1123 561 560
3  1824 1727 1825
3  245 363 233
3  2387 2386 2402
3  1014 2403 775
3  2404 2405 2406
3  1022 2407 2408
3  2409 2410 2411
3  1199 2410 2409
3  2412 2413 2375
3  2362 2414 2370
3  1825 1619 2362
3  2400 2147 1830
3  1164 1163 2361
3  1730 740 1731
3  126 1229 267
3  1101 2399 1102
3  120 1102 2399
3  1224 1223 1359
3  1750 2415 997
3  284 1826 1229
3  1825 2370 1823
3  2192 123 2191
3  2416 1423 267
3  1585 2112 2129
3  127 125 2227
3  127 474 126
3  2068 816 1377
3  2197 2100 2096
3  864 1392 1394
3  1618 1619 1846
3  1802 2099 1607
3  1846 1845 1618
3  866 2123 1404
3  2417 1406 2418
3  2419 281 280
3  2420 2421 2422
3  2232 2420 2422
3  2423 2164 279
3  2424 2164 2423
3  265 1846 2425
3  1846 1619 2425
3  1362 365 1339
3  1391 126 474
3  1229 126 1391
3  1823 2092 1824
3  2385 2396 2192
3  475 474 2329
3  1835 2395 492
3  2426 2427 2428
3  2428 2429 2426
3  1391 474 1701
3  2430 2431 2432
3  1590 2064 1600
3  2433 1629 1628
3  2092 1576 1824
3  2359 202 2360
3  1813 2392 1164
3  140 2083 1361
3  1881 1572 2206
3  122 2191 123
3  2382 2434 2435
3  1355 1363 240
3  2047 2436 2022
3  2047 2303 2436
3  1559 2436 2303
3  2052 241 138
3  2116 2117 1817
3  1593 2327 2195
3  1865 2437 2438
3  2396 2385 2395
3  1576 2092 1102
3  127 2329 474
3  1576 1577 124
3  492 2394 495
3  1731 495 2394
3  1102 123 1577
3  123 2192 2396
3  1102 2092 1100
3  2439 2440 2441
3  2442 2443 2444
3  2445 1723 2446
3  2447 1219 2448
3  2449 2359 1832
3  296 298 2450
3  2451 2452 2453
3  1731 740 495
3  1807 2454 2455
3  2456 2457 2458
3  1796 2459 1214
3  1230 1232 2460
3  1898 2400 2402
3  1669 2461 1670
3  1791 1765 1792
3  1112 1722 1113
3  1802 2118 1421
3  1607 2462 2463
3  2464 2444 2443
3  2465 2466 1682
3  1254 1677 1103
3  1254 1103 158
3  2457 1654 174
3  2449 2467 2359
3  206 241 1364
3  1340 1345 959
3  72 2468 274
3  1336 2070 151
3  118 232 865
3  41 229 225
3  1100 2093 2383
3  2356 2383 2093
3  189 2468 2069
3  73 1589 188
3  1589 145 188
3  41 225 227
3  2011 223 222
3  71 2468 72
3  172 171 2469
3  39 227 116
3  1971 1584 1404
3  2470 2338 2471
3  2180 2158 2472
3  180 1235 2097
3  2473 170 2069
3  1256 2069 170
3  145 232 188
3  71 2474 2468
3  166 2069 178
3  2475 2476 2477
3  2478 2475 2477
3  146 231 147
3  188 232 117
3  148 198 146
3  198 2012 146
3  1409 749 1397
3  1600 2479 1590
3  198 148 199
3  1928 1927 2019
3  274 2094 194
3  117 116 188
3  222 231 2011
3  2011 231 146
3  40 2072 2059
3  1601 2480 2481
3  227 226 116
3  2092 2093 1100
3  2337 2356 2093
3  178 2069 1256
3  145 865 232
3  116 2475 2478
3  2069 2468 2474
3  39 2046 2061
3  189 2482 2468
3  2483 2042 2484
3  2483 2056 2042
3  1317 2484 235
3  1600 1582 2479
3  1584 1971 1582
3  2479 1582 1971
3  2095 2482 189
3  2068 1377 874
3  171 170 2473
3  1180 1854 2139
3  1247 2065 1787
3  1385 2098 1386
3  216 873 1312
3  2361 2402 2386
3  2485 30 292
3  2392 1231 1230
3  1395 2486 1650
3  872 1674 1240
3  1821 1820 2487
3  751 1240 1674
3  1184 873 216
3  2488 2489 2490
3  2020 1927 1929
3  1286 2491 2492
3  2489 2493 2494
3  218 1183 1184
3  531 2068 1137
3  1137 2068 797
3  797 2068 874
3  2495 2496 2497
3  2498 2499 2500
3  1910 2501 1968
3  1677 872 1376
3  96 950 94
3  2448 2429 2502
3  2439 2441 1627
3  2503 2480 2071
3  1177 2467 1178
3  2376 1178 2467
3  1583 1600 1581
3  2504 1673 1658
3  2062 2073 2481
3  2061 2073 2062
3  153 2505 1352
3  2062 2481 2503
3  39 2062 40
3  1590 2479 749
3  198 839 2012
3  951 2012 839
3  1603 754 1601
3  2506 1311 1308
3  1403 1402 1352
3  1603 152 754
3  2507 2073 1602
3  2508 846 1293
3  2073 2507 2481
3  2064 2061 2046
3  2062 2503 2071
3  749 2479 1971
3  2046 2063 2064
3  840 198 200
3  951 838 223
3  1601 753 2480
3  2063 1581 1600
3  1584 2509 199
3  2074 838 2510
3  2480 753 2072
3  752 2072 753
3  2511 2060 1625
3  840 2512 2510
3  200 2512 840
3  5 2097 1385
3  1588 1257 1256
3  1235 2381 2097
3  2097 2381 2089
3  2513 2514 2515
3  177 228 40
3  1257 228 177
3  1257 1588 228
3  1235 177 2059
3  1235 2059 1233
3  1810 1811 2516
3  2517 213 215
3  2481 2480 2503
3  2507 1602 1604
3  1612 2518 1631
3  2481 2507 1601
3  1604 1601 2507
3  1624 191 1648
3  1624 1808 153
3  1413 2519 2520
3  1396 1605 1408
3  1402 1310 1309
3  1610 264 1632
3  2521 2522 2523
3  1653 2523 2522
3  153 1808 2505
3  1403 2505 1808
3  2504 1809 1673
3  1648 190 1673
3  1352 1234 154
3  2506 1308 1614
3  1615 1308 1310
3  1590 1602 2064
3  2064 1602 2073
3  856 1650 1737
3  1611 1613 699
3  1648 191 190
3  1605 1598 1409
3  154 754 152
3  1403 1352 2505
3  2097 2098 1385
3  1599 2518 2511
3  1673 1649 1648
3  1673 1809 1649
3  1808 1809 1401
3  2518 1612 1611
3  2511 2518 1611
3  207 209 1634
3  2524 2525 2526
3  862 160 2527
3  1424 2528 2504
3  1630 2529 1659
3  2523 1653 2530
3  749 2531 1395
3  267 1826 2532
3  1606 1634 1394
3  2516 2533 2534
3  1397 1396 1408
3  208 2099 2535
3  2535 2099 1310
3  2524 2536 1638
3  2537 1620 1651
3  1395 1397 749
3  1411 1665 1597
3  1411 1623 1412
3  854 1605 1650
3  1409 1408 1605
3  1809 2538 159
3  2504 2538 1809
3  1599 2511 1625
3  1641 1659 1804
3  2511 1611 2060
3  2539 2060 1611
3  1659 2529 1804
3  2504 2528 2540
3  1624 153 152
3  1664 2541 2542
3  1630 1659 700
3  2543 2544 2538
3  1632 263 1630
3  2529 1630 263
3  2545 2546 2547
3  699 701 190
3  192 1611 699
3  192 699 190
3  1609 2548 262
3  1657 2549 1641
3  208 2535 847
3  1401 1403 1808
3  2550 2381 1309
3  2551 2538 2544
3  1666 1656 111
3  2552 2553 2554
3  262 264 1609
3  1673 190 701
3  1611 192 2539
3  2060 192 191
3  2539 192 2060
3  111 2548 1609
3  1410 1412 2523
3  2515 2555 2513
3  2514 2555 2515
3  2556 2557 2558
3  2559 1641 2560
3  1658 701 700
3  1612 1631 699
3  1657 2548 111
3  2557 2519 1415
3  1637 1271 1799
3  1640 132 2541
3  1664 1640 2541
3  1350 2561 175
3  1652 1651 2562
3  174 2458 2457
3  2546 2513 2563
3  2564 2565 2534
3  1662 1661 2561
3  699 1631 1630
3  735 2520 2562
3  2504 1658 1424
3  2555 2559 2513
3  2557 2552 2519
3  2560 2547 2546
3  2513 2559 2563
3  1640 1663 1621
3  2565 2530 1810
3  2534 2565 1810
3  1632 1631 2518
3  223 2012 951
3  1234 752 754
3  1268 2566 1622
3  2562 1651 1620
3  2567 1595 1594
3  1651 2522 2521
3  1653 2522 1651
3  1424 1662 1350
3  1350 1662 2561
3  174 173 1427
3  1666 1665 1410
3  1666 1410 1656
3  1410 1665 1411
3  264 263 1632
3  2519 2568 2569
3  700 699 1630
3  1609 1610 112
3  1804 2548 1657
3  1599 1598 1610
3  1599 1610 2518
3  1632 2518 1610
3  263 262 2548
3  263 2548 2529
3  2529 2548 1804
3  2558 2570 2556
3  1656 2516 1657
3  1123 306 561
3  1122 306 1123
3  1656 2533 2516
3  2571 2572 2573
3  1662 1424 2574
3  2514 2513 2575
3  2555 2514 2575
3  2549 1657 2516
3  2564 2534 2533
3  2564 2533 1656
3  2566 735 1622
3  1656 2523 2564
3  1410 2523 1656
3  2537 1651 2521
3  2523 1412 2521
3  1623 1620 2537
3  2565 2523 2530
3  2564 2523 2565
3  1633 161 160
3  1633 160 862
3  2555 2575 1764
3  2525 2543 2538
3  2521 1412 1623
3  2562 2530 1652
3  2576 915 914
3  1234 1233 752
3  1417 2397 1418
3  1621 1623 1411
3  1663 2577 1621
3  1623 2537 2521
3  1722 1112 1253
3  2578 1672 1671
3  1660 2558 2579
3  1390 2580 2581
3  2582 1767 2583
3  2584 2582 2583
3  577 1246 65
3  2530 1653 1652
3  2585 1671 2586
3  1754 1112 595
3  2587 2588 1766
3  1800 812 1252
3  2589 1647 1646
3  851 1070 852
3  1812 1643 1642
3  2587 1265 2588
3  2562 1622 735
3  2582 1900 2585
3  2585 1768 2582
3  1797 1647 2589
3  1267 2590 2591
3  1646 1645 2592
3  524 2589 2593
3  2566 1676 735
3  2591 1800 2592
3  2591 2592 2594
3  1267 1664 2542
3  1669 1668 1645
3  2594 1645 1668
3  1736 1647 918
3  2059 2072 1233
3  1145 710 709
3  2595 691 2596
3  1659 2559 1658
3  1424 1658 2559
3  1620 1622 2562
3  2566 2597 2598
3  624 928 36
3  1739 2599 2600
3  1769 2600 2599
3  2601 1661 1660
3  2579 2601 1660
3  754 753 1601
3  2465 1683 1249
3  1233 2072 752
3  2585 2597 1768
3  2585 2598 2597
3  1766 2602 2583
3  1736 2602 1669
3  1267 2542 2590
3  1253 524 1252
3  524 526 1710
3  2590 1716 2591
3  2598 2585 1676
3  2586 1676 2585
3  2591 2594 2603
3  1754 545 524
3  1267 2603 1265
3  1619 1813 1164
3  526 525 593
3  1763 526 593
3  1718 593 595
3  1646 2593 2589
3  1647 1797 919
3  1710 919 1797
3  1647 919 918
3  2604 1760 1388
3  942 1275 1255
3  2594 2592 1645
3  1252 524 2593
3  524 1797 2589
3  2605 2455 2606
3  2445 2607 1748
3  1267 1266 1664
3  2578 1418 1672
3  2598 1676 2566
3  2549 1642 1641
3  1764 2574 2555
3  2555 2574 1424
3  2516 1811 2549
3  1810 2516 2534
3  2527 2608 2609
3  1811 1642 2549
3  1414 2520 1596
3  1414 1413 2520
3  2562 2569 2530
3  1413 1415 2519
3  1415 2558 2557
3  1662 2574 1764
3  2610 2545 2560
3  1810 2569 1812
3  1810 2530 2569
3  2519 2569 2520
3  2562 2520 2569
3  1269 1351 1654
3  1270 1269 1654
3  735 1596 2520
3  2536 2528 1349
3  1644 2560 1641
3  110 1597 1665
3  1594 1596 2567
3  2397 176 734
3  2567 176 2601
3  2607 2332 2331
3  2607 2331 2424
3  1596 735 2567
3  2243 905 907
3  1581 2074 2510
3  2591 2603 1267
3  2611 1265 2603
3  2611 2603 2594
3  1766 2583 1767
3  1109 1758 1076
3  1252 2592 1800
3  2612 2613 1419
3  2606 2613 2612
3  2614 1901 2615
3  2587 2597 1268
3  2577 1266 1621
3  2616 2617 1540
3  1542 2617 2616
3  1418 1902 2614
3  2614 1419 1418
3  1073 2618 2619
3  1676 2586 1671
3  176 2567 734
3  2590 1717 1716
3  1669 2602 2461
3  1668 1670 2461
3  2620 2572 2571
3  1800 2591 1716
3  1265 2587 1268
3  2587 1766 1768
3  2587 1768 2597
3  2588 2602 1766
3  2588 2461 2602
3  183 338 181
3  906 2621 2622
3  1792 2623 1104
3  2454 2613 2606
3  2424 2624 2625
3  2582 1768 1767
3  1830 2370 2414
3  1668 2461 2611
3  2606 2612 2615
3  1268 2597 2566
3  2583 2602 1736
3  2594 1668 2611
3  1646 2592 2593
3  1252 2593 2592
3  2588 1265 2611
3  2588 2611 2461
3  2584 2441 2582
3  2440 2582 2441
3  1081 1080 1161
3  1771 1770 1792
3  1807 1419 2454
3  1771 1792 1104
3  2403 1205 775
3  2626 1170 1168
3  2626 1168 2627
3  1106 2628 1075
3  1208 2629 2630
3  1208 2630 2631
3  1072 349 351
3  926 925 1131
3  1001 1000 630
3  2465 2243 2466
3  1115 2632 1160
3  1782 1170 379
3  1063 1778 1777
3  1063 1062 1778
3  7 6 1786
3  970 982 1684
3  2358 2368 2375
3  2365 2375 2368
3  2633 202 2359
3  1898 2634 2230
3  2391 2459 1795
3  2382 2365 2434
3  2221 2635 2636
3  906 2622 2637
3  2638 2639 809
3  2638 809 2640
3  1111 848 2641
3  1172 1051 1111
3  2642 2643 987
3  1179 2634 1177
3  2230 2634 1179
3  946 2644 1093
3  606 775 709
3  61 255 64
3  422 1139 738
3  2645 655 777
3  561 306 305
3  328 1095 62
3  328 62 64
3  551 13 550
3  551 327 13
3  409 411 781
3  422 421 1139
3  1049 1048 2646
3  2647 1049 2646
3  1145 2648 437
3  1096 948 760
3  1096 1690 948
3  1123 2595 1205
3  14 2649 776
3  2650 1013 2649
3  351 350 992
3  433 810 55
3  800 2596 2651
3  2652 2653 2654
3  2652 2654 2655
3  624 70 927
3  70 69 927
3  924 2656 1031
3  14 2656 2649
3  1031 2656 14
3  2649 2656 2650
3  1020 1014 775
3  1020 776 2649
3  1020 1013 1014
3  2649 1013 1020
3  1735 1250 2657
3  352 692 828
3  1702 948 1690
3  692 560 828
3  560 562 828
3  2658 902 596
3  902 1120 596
3  422 690 692
3  2403 1121 1205
3  710 436 550
3  710 1145 436
3  438 2659 2660
3  12 550 13
3  421 2645 1139
3  2661 251 2662
3  904 1111 2641
3  1173 1111 904
3  819 946 820
3  570 665 2663
3  570 2663 568
3  821 1089 819
3  784 2664 2665
3  50 49 252
3  251 2661 2666
3  2667 787 786
3  2668 2669 2670
3  2671 2672 1150
3  2673 1004 805
3  2674 1003 2675
3  2676 2677 2678
3  2222 1633 864
3  2679 2680 2681
3  2681 2682 2679
3  1001 1151 2683
3  780 2684 2685
3  1086 1035 2686
3  410 646 726
3  2687 2688 2689
3  629 724 796
3  175 2690 176
3  1001 2691 1151
3  2692 646 409
3  405 2683 1151
3  2683 621 1001
3  1025 1024 408
3  1095 328 1093
3  1056 2693 1089
3  437 1052 435
3  1053 1052 437
3  2668 2694 2695
3  1000 16 630
3  713 587 2696
3  2697 2698 2699
3  551 821 820
3  2700 894 2701
3  2702 2703 2704
3  253 2663 664
3  665 664 2663
3  2705 801 2651
3  33 587 739
3  947 945 2706
3  947 2706 2707
3  1049 2708 663
3  583 2709 9
3  438 657 439
3  820 1093 328
3  820 328 551
3  327 551 328
3  2645 421 2710
3  435 2660 2659
3  831 2711 34
3  592 374 891
3  592 891 890
3  658 50 2664
3  2658 903 902
3  11 10 418
3  2712 2713 2714
3  399 2715 2716
3  435 2659 436
3  2717 2718 2719
3  1193 1192 2720
3  640 2721 638
3  568 49 421
3  904 2641 1120
3  210 212 2646
3  2722 1069 2723
3  2724 1078 2725
3  810 432 383
3  757 2726 2727
3  988 1924 991
3  2728 2352 2351
3  2729 2730 668
3  1916 1915 2731
3  2732 2733 2734
3  2735 2736 2737
3  2738 674 85
3  2693 80 2706
3  2739 2740 2741
3  1107 2742 2743
3  1079 2743 2742
3  2744 85 2745
3  2727 2746 2747
3  779 2748 2684
3  2749 2750 2751
3  2752 2753 2754
3  673 2745 2755
3  2756 2757 1125
3  2758 2759 1552
3  1553 1552 2759
3  634 2760 2761
3  2762 2763 1918
3  2764 529 680
3  2765 2766 2767
3  2765 2767 2768
3  1264 2769 2770
3  2771 2772 2773
3  2774 2775 2776
3  673 2755 674
3  59 1264 1544
3  1264 59 58
3  470 2777 2778
3  2779 2780 2781
3  2782 2783 2784
3  2769 2784 2783
3  2785 661 2786
3  2785 2786 2787
3  2788 2270 2789
3  2790 2791 2792
3  1196 785 1195
3  2793 2794 2795
3  2794 2793 2796
3  2797 2798 343
3  2799 2760 2800
3  2666 2665 251
3  2801 2802 2803
3  2804 2805 2806
3  2807 2808 2809
3  2737 2736 2744
3  2735 2737 2745
3  2810 2811 2812
3  1544 1263 2813
3  1448 2765 2768
3  2814 2815 2816
3  1450 2765 1448
3  2817 15 687
3  2818 2819 2820
3  2818 2821 2819
3  529 2822 527
3  1882 303 2700
3  25 323 28
3  2823 2824 2825
3  2826 2827 2828
3  2828 2829 2826
3  93 335 397
3  2830 2831 2832
3  2833 2832 2831
3  682 697 2834
3  21 33 739
3  376 33 21
3  2835 2836 2837
3  2836 2835 680
3  2838 540 539
3  532 534 1516
3  532 1516 2839
3  2792 2791 2840
3  2841 1447 2842
3  2843 2844 1545
3  2845 2846 2847
3  382 384 56
3  2848 626 2849
3  2850 1453 1452
3  2793 2795 59
3  2851 1263 1262
3  2852 2853 2854
3  2855 2856 2857
3  2768 2858 1448
3  2859 2860 2861
3  2859 2862 2860
3  25 24 323
3  2799 2794 2851
3  2799 2851 2863
3  2864 2865 2866
3  2867 2865 2864
3  340 2868 2869
3  2868 2870 2869
3  76 109 108
3  467 109 76
3  2871 2872 2779
3  2873 2830 2874
3  2851 2794 2796
3  2875 2876 2877
3  897 484 2878
3  2879 1453 2765
3  1450 2879 2765
3  2880 2769 2881
3  2881 2769 2841
3  2882 2883 2884
3  730 2885 731
3  966 796 724
3  2886 2887 2888
3  2889 2890 2891
3  570 601 1048
3  601 2892 1048
3  662 2785 2831
3  397 335 575
3  792 575 602
3  2893 636 2894
3  2269 2270 2731
3  988 990 2895
3  2886 1914 2896
3  2897 2898 2899
3  2897 2899 2900
3  2765 1453 2901
3  2766 2765 2901
3  2901 2902 2903
3  2904 2905 2906
3  2907 2908 2909
3  2910 2676 2640
3  2911 2912 2913
3  2914 2915 2916
3  2914 2916 1917
3  2697 1141 564
3  2674 2917 2918
3  2675 2917 2674
3  687 15 676
3  2919 2920 2921
3  2919 2921 2922
3  2854 2853 2673
3  2887 2923 2924
3  1441 2925 2747
3  2926 996 2927
3  2928 794 1032
3  2929 2930 2931
3  2932 2930 2929
3  677 210 1023
3  2693 945 819
3  2676 2678 2933
3  408 406 793
3  779 1028 2934
3  2935 1041 1039
3  9 2709 10
3  16 2936 2937
3  575 621 602
3  600 602 621
3  1034 1151 2691
3  1085 211 780
3  407 408 601
3  2738 1017 2938
3  2692 409 781
3  2921 2939 2922
3  2940 806 2688
3  2940 807 806
3  2941 2692 677
3  965 726 795
3  795 794 965
3  2941 677 1023
3  2942 2943 2944
3  211 2692 781
3  2945 2946 2947
3  2701 1882 2700
3  2948 685 2949
3  703 297 565
3  601 600 407
3  1033 1032 1034
3  1784 1055 1054
3  1784 1783 1055
3  895 2950 2951
3  2952 2953 1442
3  2752 2954 1016
3  2955 2956 2936
3  417 416 374
3  1015 1017 2738
3  2727 2747 2925
3  2957 2732 1919
3  2958 2959 2960
3  87 1015 2738
3  2961 85 2736
3  86 85 2961
3  98 712 555
3  2962 1261 1258
3  2963 2875 2877
3  2964 2725 2698
3  1440 2965 1441
3  1883 1882 2670
3  77 901 831
3  450 2966 451
3  87 2967 1444
3  1443 2968 87
3  2738 85 87
3  2969 2970 2971
3  2972 2971 2970
3  2973 2974 2975
3  2976 2975 2974
3  449 56 384
3  2977 2978 2979
3  2977 2979 2980
3  2966 450 2938
3  79 901 77
3  374 2981 892
3  1042 1044 2982
3  2983 2175 2174
3  2984 2985 1916
3  456 291 377
3  2986 2987 2988
3  1455 2989 313
3  2990 2991 989
3  2950 2992 2951
3  1496 2993 1954
3  1955 1954 2993
3  383 431 454
3  2994 2995 2996
3  2997 2998 1883
3  2999 3000 962
3  2728 3001 2352
3  3002 3003 3004
3  3005 3006 3007
3  3008 3005 3007
3  3009 2915 2914
3  3010 1167 1169
3  995 3010 1169
3  2905 2789 2270
3  417 901 79
3  1193 2720 2669
3  2756 1125 1127
3  3011 1244 2704
3  2702 2704 1244
3  1788 3012 1789
3  1213 1051 722
3  2677 3013 1194
3  3014 3015 3016
3  702 3017 1010
3  713 892 2981
3  1566 3018 1567
3  3019 3018 1566
3  2711 890 713
3  893 291 453
3  249 248 3020
3  3021 2829 2828
3  438 436 2659
3  3022 1442 1441
3  539 434 3023
3  2858 3024 1448
3  3025 1513 3026
3  3023 434 479
3  2881 3027 2880
3  3028 2881 2842
3  342 2881 3028
3  403 97 404
3  3029 3030 3031
3  3032 3033 3034
3  3035 3036 3037
3  3038 3039 3040
3  2774 3041 3042
3  1434 366 3043
3  367 3043 366
3  3044 3045 3046
3  3047 3048 3049
3  367 392 164
3  3036 3050 3051
3  3052 3053 3054
3  3055 3053 3056
3  3052 3056 3053
3  102 460 100
3  3057 3058 3059
3  3058 2902 3059
3  3060 3061 3062
3  2895 2814 2816
3  3063 1925 3064
3  1542 1549 2617
3  3065 3066 3067
3  3068 2810 2812
3  1538 1540 3069
3  3070 2829 3071
3  3072 3073 2774
3  636 2893 3074
3  3075 3076 3077
3  682 2834 92
3  2779 2781 2871
3  471 2797 3078
3  471 3079 2797
3  3080 3081 3082
3  3080 3083 3081
3  528 2836 680
3  2794 2874 3084
3  2873 2874 2794
3  2799 2873 2794
3  3085 3086 3087
3  3088 3089 2904
3  3090 3091 3092
3  2851 1262 2863
3  2787 2786 3093
3  3094 1273 1272
3  3084 60 2795
3  3084 58 60
3  308 372 301
3  2794 3084 2795
3  323 325 28
3  2849 707 2848
3  3095 3078 2797
3  2814 990 2883
3  3096 2787 345
3  3096 345 3097
3  695 694 3095
3  637 3098 640
3  3099 3100 3101
3  3102 3103 3104
3  3105 3103 3102
3  2873 3106 2830
3  2831 2835 2837
3  635 2824 636
3  671 3107 2817
3  3097 2832 2833
3  2730 3108 3092
3  3092 53 2730
3  3039 3038 3097
3  1468 3109 3110
3  1466 1468 3110
3  3111 1523 3029
3  2847 2865 2776
3  2847 2776 2845
3  3112 2863 1262
3  3113 344 343
3  2721 3114 638
3  2839 1516 3039
3  3078 472 471
3  3072 3115 3073
3  3116 3117 3118
3  2770 3112 1262
3  3119 3120 3121
3  2884 2883 1488
3  345 3122 343
3  3123 343 3122
3  3124 18 20
3  640 3125 2721
3  3126 3127 3128
3  3128 3113 3126
3  483 1494 1935
3  478 249 3129
3  2778 3130 3104
3  3131 2867 3132
3  1262 1264 2770
3  3133 3111 3029
3  3134 3135 3136
3  796 2691 630
3  717 650 708
3  694 670 669
3  696 484 897
3  2849 484 696
3  2777 2730 3137
3  3138 345 344
3  415 1941 416
3  454 447 384
3  1558 1950 585
3  3139 2772 3140
3  3141 3142 3143
3  3144 1958 1957
3  442 441 3145
3  3146 3147 1940
3  3148 3149 2293
3  1923 991 1924
3  565 808 563
3  1995 2187 3146
3  3150 3151 3152
3  449 384 447
3  1273 3153 2823
3  3040 3154 58
3  3062 3061 342
3  3037 3155 1429
3  893 453 433
3  431 433 453
3  2291 1912 3156
3  3157 514 3158
3  1527 1529 3159
3  3160 46 45
3  319 3160 45
3  455 456 402
3  431 453 454
3  3161 3162 3163
3  3164 3162 3161
3  24 541 3165
3  288 287 455
3  288 455 402
3  3154 3166 3167
3  3154 3040 3166
3  456 453 291
3  683 3168 520
3  137 3169 135
3  1433 1432 3170
3  250 249 478
3  1554 3171 3172
3  359 3173 108
3  377 290 479
3  318 289 481
3  3124 3174 651
3  534 533 1515
3  3039 1516 3175
3  532 3176 533
3  3128 3177 532
3  532 2839 3128
3  2813 1263 2851
3  3128 3127 3177
3  3126 3177 3127
3  3133 3031 3178
3  3029 3031 3133
3  2774 3042 3179
3  3180 671 670
3  2863 3181 1274
3  3042 3182 3183
3  2795 60 59
3  323 24 3028
3  3184 532 3177
3  3184 3177 3126
3  3040 3084 2832
3  3040 2832 3038
3  2874 2832 3084
3  2830 2832 2874
3  2871 2894 3153
3  2871 3153 2872
3  3097 3038 2832
3  2833 3096 3097
3  335 620 575
3  2786 2818 3185
3  642 641 3186
3  3095 669 687
3  694 669 3095
3  2936 2956 2937
3  1321 1323 3187
3  3188 3189 3190
3  3133 2856 3111
3  3191 2856 3133
3  3179 3192 2845
3  3193 2732 3194
3  3087 3086 660
3  85 2755 2745
3  1444 3195 3196
3  3197 3196 3195
3  3198 3199 3200
3  3201 884 883
3  3202 2754 2753
3  3203 3204 2275
3  463 462 2274
3  3205 3206 3207
3  3208 1500 3209
3  786 2278 2667
3  3210 3211 1444
3  1444 3211 3195
3  3212 312 1195
3  3213 3214 3215
3  3216 3213 3215
3  3208 1501 1500
3  2887 2924 2888
3  2745 673 672
3  2957 2733 2732
3  3217 3218 3219
3  3220 3221 3222
3  3223 3025 1438
3  1196 3224 786
3  3225 3226 3227
3  3228 3190 3189
3  2752 3229 2954
3  1016 1015 2752
3  2450 3230 296
3  3231 3232 3233
3  2960 2966 2938
3  3234 3235 3219
3  3157 3063 514
3  3236 3237 3238
3  1017 2954 2958
3  16 3239 2936
3  2936 3239 2955
3  2685 2684 720
3  3017 1141 2697
3  3240 3241 3242
3  2668 3243 1193
3  3244 2720 1192
3  3245 3246 3247
3  716 3248 3249
3  3250 2740 3204
3  962 3251 2999
3  3251 962 964
3  2965 1440 3252
3  2933 2695 2694
3  2959 3253 3254
3  3255 1010 1012
3  3256 3257 1083
3  3258 1915 3259
3  1914 2985 2984
3  421 2709 583
3  3260 3087 3261
3  3260 3085 3087
3  2904 2899 2898
3  2906 2899 2904
3  724 2853 2852
3  2919 3262 2920
3  2788 2789 2904
3  2906 2900 2899
3  3263 2897 3264
3  3265 3264 2897
3  2686 1035 81
3  1012 1077 3266
3  1119 1118 1125
3  3267 3268 3269
3  2892 2646 1048
3  657 783 1089
3  658 783 657
3  3270 1036 1035
3  1085 3270 1035
3  782 2666 2661
3  1067 3271 3272
3  2636 1067 3272
3  1093 2644 1094
3  946 947 2644
3  2708 1049 3273
3  2708 3273 1785
3  1785 2662 2708
3  3274 3275 3276
3  802 1205 2595
3  775 1205 802
3  1120 1126 1118
3  1069 3277 2723
3  2706 80 82
3  2662 1785 3278
3  2684 780 779
3  3279 527 3280
3  614 620 898
3  724 2852 725
3  725 411 410
3  211 677 2692
3  2639 3276 3281
3  2854 411 725
3  2889 3282 2890
3  2889 2940 3282
3  819 1089 2693
3  796 1034 2691
3  1023 210 3283
3  780 3270 1085
3  2661 2662 3278
3  2685 3270 780
3  3273 1783 1785
3  2757 3284 3285
3  2269 3286 684
3  2683 407 600
3  658 784 783
3  2664 784 658
3  80 2693 1056
3  251 2665 2664
3  1213 2926 2743
3  2693 2706 945
3  407 2683 405
3  2688 3282 2940
3  3282 2688 2687
3  211 781 780
3  2934 2889 2748
3  1037 3287 1038
3  656 418 10
3  3288 3289 2712
3  2928 966 965
3  2928 965 794
3  779 781 1028
3  2714 2713 2689
3  627 1004 628
3  3290 2946 2945
3  3291 3286 3292
3  730 2781 2885
3  2917 3293 2918
3  2675 3293 2917
3  725 2852 2854
3  2674 2918 2689
3  2675 1003 627
3  779 2934 2748
3  724 628 2853
3  1003 806 805
3  2889 2891 3294
3  3253 2954 3295
3  3253 3295 2750
3  2270 2268 2905
3  2947 2946 3296
3  3297 2689 2713
3  1441 2747 3022
3  2788 3298 2270
3  2898 675 3088
3  3143 3299 3300
3  2748 2889 3294
3  3301 3302 3289
3  2684 2748 3294
3  726 966 724
3  3303 3304 3305
3  955 1440 3306
3  3297 2891 2687
3  3307 2727 2942
3  2688 2674 2689
3  2840 3086 3085
3  3308 3287 1037
3  3088 2904 2898
3  674 2755 85
3  2904 2789 2905
3  2900 2906 686
3  696 707 2849
3  2791 660 2840
3  3210 1260 3309
3  3310 2876 3311
3  2962 1258 1260
3  2948 686 685
3  686 2948 2900
3  2744 2745 2737
3  3297 2687 2689
3  3310 2877 2876
3  3312 1260 2762
3  1452 1451 672
3  675 1452 672
3  2745 1451 2735
3  2745 672 1451
3  1451 1453 2879
3  2905 2268 2906
3  2361 1898 2402
3  3313 3088 675
3  3313 3314 2788
3  3313 2731 3314
3  2270 3314 2731
3  2898 1452 675
3  2673 628 1004
3  3315 2949 685
3  1452 2898 3263
3  3057 3260 3058
3  3057 3085 3260
3  2788 3314 3298
3  2921 3316 2939
3  686 2268 684
3  3305 3316 3303
3  3317 82 2757
3  2788 2904 3089
3  2948 2897 2900
3  2886 3259 1914
3  3318 3218 3217
3  3318 3217 3236
3  3298 3314 2270
3  3313 2788 3089
3  23 576 575
3  375 623 376
3  686 2906 2268
3  20 899 3124
3  3058 607 2902
3  2944 3319 3307
3  3022 3307 3319
3  2938 2731 3313
3  2938 3313 2738
3  3307 3022 2747
3  3088 3313 3089
3  3320 394 2712
3  3321 2712 394
3  630 16 2937
3  3322 3323 3324
3  674 2738 3313
3  674 3313 675
3  2688 806 2674
3  2941 646 2692
3  627 1003 1004
3  1038 3325 1040
3  3307 2746 2727
3  3326 3327 3328
3  3329 2792 3330
3  2817 669 671
3  3058 608 607
3  3331 3101 15
3  3331 15 2817
3  3101 3332 3099
3  2919 2922 3333
3  3334 3099 3335
3  3101 3100 15
3  660 2821 661
3  528 527 3279
3  2821 2818 661
3  2729 668 667
3  2683 600 621
3  3279 3280 528
3  3280 2836 528
3  3102 3104 3130
3  3336 3126 3337
3  666 3095 687
3  16 3328 3239
3  1000 616 17
3  2872 3153 3338
3  2872 3338 3339
3  2820 3340 3341
3  2820 3341 2818
3  2824 2894 636
3  3326 3328 3100
3  335 336 898
3  3342 659 22
3  11 623 375
3  575 620 621
3  376 623 622
3  3262 3343 3344
3  336 647 615
3  17 615 676
3  2836 3087 660
3  615 1002 676
3  3345 676 1002
3  16 1000 17
3  726 725 410
3  720 3346 721
3  1082 2930 3347
3  3348 2930 1082
3  3292 3315 3291
3  406 405 1032
3  405 1151 1032
3  2892 1024 3283
3  408 793 795
3  1023 3283 1024
3  1001 630 2691
3  1032 793 406
3  1033 966 2928
3  1032 1033 2928
3  601 408 1024
3  601 1024 2892
3  2674 806 1003
3  795 3349 1025
3  2941 3349 646
3  2673 805 807
3  3349 795 646
3  1023 3349 2941
3  1023 1025 3349
3  1027 2934 1028
3  3289 3302 1041
3  3350 2923 3351
3  1027 411 2854
3  34 376 622
3  807 2934 2854
3  1027 2854 2934
3  2891 2684 3294
3  2891 720 2684
3  807 2940 2934
3  2889 2934 2940
3  1141 3017 703
3  3352 3346 396
3  2918 3293 1040
3  2890 2687 2891
3  2890 3282 2687
3  2887 3353 3354
3  3355 1040 3325
3  3356 2946 3290
3  3356 3290 3357
3  3293 1039 1040
3  684 3291 3358
3  2675 627 3359
3  2903 3360 2901
3  2901 3360 2766
3  298 3252 2450
3  2918 2714 2689
3  628 2673 2853
3  3293 2935 1039
3  2944 3307 2942
3  2937 3359 630
3  630 3359 627
3  2854 2673 807
3  2952 2984 2953
3  3252 298 2965
3  1083 3361 394
3  955 3362 2450
3  3284 2757 82
3  1041 2924 3350
3  3350 2924 2923
3  3363 396 395
3  614 898 615
3  781 411 1027
3  2269 3364 3286
3  3292 3286 3364
3  1442 3306 1440
3  304 3197 302
3  1083 1082 3256
3  2943 2942 3365
3  3351 3354 2943
3  2927 2743 2926
3  2938 1916 2731
3  3366 3348 1082
3  3365 3350 2943
3  757 2925 298
3  3367 3368 3369
3  3370 3371 3372
3  1189 1314 1190
3  3373 399 1148
3  2672 3373 1148
3  2672 1148 1150
3  254 1087 88
3  3374 3375 3376
3  3377 953 3378
3  1026 1110 3379
3  1421 2112 1422
3  1421 2118 2112
3  1830 2414 2400
3  2467 1177 2634
3  2361 2634 1898
3  2435 3380 2398
3  2393 2634 2361
3  2605 2606 3381
3  2449 1832 1834
3  2449 1834 2376
3  2467 2634 2393
3  2398 1101 2435
3  399 2716 1148
3  2449 2376 2467
3  1230 2459 2391
3  1102 120 123
3  2367 2369 1818
3  3382 1880 1879
3  1795 2452 2391
3  1791 1770 1734
3  2429 2448 1705
3  2621 1214 2459
3  743 745 3383
3  2004 271 2388
3  3384 2447 3385
3  2581 1793 1794
3  2362 2387 2414
3  2414 2387 2402
3  2414 2402 2400
3  2584 2583 3386
3  1090 1781 3387
3  1092 1781 1090
3  1559 2022 2436
3  2244 1706 1219
3  2243 2363 1706
3  337 339 3388
3  2465 1249 1251
3  1164 2392 1162
3  2162 2161 2417
3  122 121 2367
3  856 1737 1276
3  3386 918 1187
3  201 2360 202
3  1214 2621 906
3  1200 3389 3390
3  2460 1232 3391
3  2453 203 202
3  1902 1418 2578
3  1219 905 2243
3  1682 1683 2465
3  1769 1064 1063
3  337 3388 1104
3  799 3392 1137
3  2388 271 273
3  2445 2332 2607
3  1796 1795 2459
3  1231 1814 1232
3  2460 2459 1230
3  2581 1794 2604
3  1813 1231 2392
3  2637 1724 1805
3  1627 2441 2584
3  2622 1724 2637
3  3393 2608 160
3  2464 2332 2445
3  3394 1392 864
3  1728 2390 3395
3  2445 1747 1723
3  1724 1723 1747
3  2444 2464 3396
3  2445 3396 2464
3  3391 1232 1814
3  2447 2452 1795
3  3397 3398 3399
3  1619 2442 2444
3  125 2241 2227
3  1832 2360 201
3  1219 1705 2448
3  1096 1097 1689
3  2358 1008 1740
3  3400 3401 3402
3  1774 203 1775
3  1619 2444 1813
3  1425 2442 1619
3  1394 1407 1606
3  2164 2331 2333
3  2164 2333 2163
3  282 1822 283
3  2162 2357 1801
3  176 1428 173
3  2332 2464 2443
3  1803 2162 1801
3  3403 3404 3405
3  2456 3406 972
3  2458 3406 2456
3  3407 2357 2416
3  2357 1423 2416
3  3408 2418 3409
3  1817 2127 2116
3  3404 3403 2423
3  3404 2423 3410
3  3408 2417 2418
3  3394 1393 1392
3  2112 2111 1422
3  1293 846 1294
3  2100 1420 2101
3  281 3410 2423
3  1425 2163 2442
3  2527 160 2608
3  1606 1407 1803
3  2357 2162 2417
3  1845 2357 2417
3  1845 2417 3408
3  279 281 2423
3  2527 2609 2456
3  862 2527 2456
3  2222 1634 1633
3  2161 1803 1407
3  862 864 1633
3  2637 907 906
3  2456 2609 2457
3  2457 1655 1654
3  208 2462 2099
3  2099 2462 1607
3  1606 1803 1607
3  2506 1626 1311
3  1295 1294 1401
3  1737 2486 1675
3  847 2535 1310
3  845 1294 846
3  2519 1644 3411
3  1295 159 161
3  1633 209 161
3  845 847 3412
3  1402 3412 847
3  2508 2334 846
3  1764 2575 1660
3  1401 1809 1295
3  1293 1295 2508
3  2334 2508 1295
3  1626 2550 1309
3  845 3412 1294
3  1402 1401 3412
3  1386 2098 3413
3  1386 3413 1626
3  208 847 846
3  1385 2330 3
3  846 2334 209
3  208 846 209
3  161 209 2334
3  3395 2423 3403
3  863 3405 3404
3  864 1394 2222
3  907 1805 2455
3  1805 907 2637
3  2463 1608 1607
3  208 1608 2463
3  2462 208 2463
3  207 1608 208
3  2579 1415 1414
3  1395 3414 2486
3  2161 1407 1406
3  1618 3415 1425
3  2556 2570 2545
3  3394 864 863
3  2531 2486 3414
3  175 1654 1350
3  174 1654 175
3  2127 1817 3407
3  3409 2418 3394
3  2458 1729 3395
3  2609 1655 2457
3  1799 3416 3417
3  1675 2531 751
3  2458 174 1729
3  1393 1406 1394
3  3404 3410 863
3  1393 2418 1406
3  3418 2390 1805
3  3381 3419 2605
3  1801 2357 3407
3  2448 3385 2447
3  1833 3420 2412
3  2615 2612 2614
3  863 3410 3394
3  3394 3410 281
3  2424 2331 2164
3  2424 2423 3395
3  2440 3421 1901
3  3394 281 2419
3  1672 734 733
3  2397 734 1672
3  2607 3422 1748
3  2625 3422 2607
3  2458 3395 3423
3  1737 1650 2486
3  279 2163 1425
3  1801 3407 1817
3  1691 337 908
3  1791 1734 1152
3  1705 1706 2655
3  2652 2655 1706
3  1901 3381 2615
3  1154 1791 1152
3  2452 3384 2453
3  1214 1219 1796
3  1073 1772 1773
3  1757 1756 2372
3  1154 1765 1791
3  2244 2243 1706
3  3388 1771 1104
3  1187 1627 3386
3  1388 1390 2604
3  1251 2363 2465
3  1159 1758 1109
3  339 184 1770
3  1152 1759 1153
3  2363 2243 2465
3  2398 2399 1101
3  2652 1706 2364
3  2363 2364 1706
3  2195 2327 1730
3  1863 185 2134
3  3424 2165 1828
3  2377 3425 3424
3  3424 1828 2377
3  2130 2170 2245
3  2240 3424 2335
3  473 3426 3427
3  2424 2625 2607
3  3428 2245 2170
3  1592 3429 2327
3  3429 2170 2336
3  3428 2170 3429
3  1592 2245 3428
3  1592 3428 3429
3  2169 1869 2240
3  3424 2240 507
3  2149 507 2240
3  1339 2371 1338
3  1585 2110 2112
3  876 1863 2134
3  1848 1895 2051
3  1422 2111 1289
3  2152 1822 1701
3  949 950 2207
3  94 2157 95
3  949 2215 94
3  283 1283 1282
3  3430 2415 3431
3  1342 2487 1751
3  1835 3432 2227
3  82 2707 2706
3  1703 1690 1689
3  3433 3434 3435
3  94 2215 2157
3  95 2157 2212
3  2207 1871 949
3  1179 1897 2230
3  1009 3436 1007
3  3436 1009 1860
3  3437 3438 3439
3  2329 2228 475
3  2207 96 2149
3  2149 96 1820
3  2207 950 96
3  3440 3441 3402
3  2314 3442 2010
3  2002 3443 510
3  3444 714 3440
3  2209 2237 2217
3  1348 3445 1346
3  3446 2346 2348
3  3246 3447 3247
3  3448 3449 3450
3  3451 3452 2576
3  3453 3454 3455
3  3456 2137 1942
3  3457 3458 3459
3  2314 2043 2045
3  3460 2314 2045
3  1910 1886 1885
3  590 3461 3462
3  1278 2306 2125
3  3463 2044 2113
3  12 1065 550
3  3464 1967 3465
3  3466 3467 3468
3  3466 3468 2501
3  2983 2174 3469
3  1944 3456 1942
3  1944 1943 2144
3  3470 3471 3472
3  1855 1857 2075
3  292 2171 2109
3  2133 3473 2053
3  1999 31 2251
3  1278 1380 2126
3  1380 2257 2126
3  2249 2316 3474
3  3475 3470 3472
3  2113 2043 2114
3  2266 2114 2043
3  3476 2034 3477
3  2032 2034 3476
3  2259 2043 2314
3  2263 2172 2265
3  292 1855 2485
3  1855 3478 1856
3  1221 956 2057
3  236 1862 1861
3  2058 2305 3479
3  2249 3478 1855
3  2076 30 1855
3  2250 2020 1929
3  3480 2304 3481
3  2303 2047 2048
3  2303 2048 2266
3  2029 236 1861
3  2483 1839 2054
3  1926 1928 2057
3  2020 2078 2018
3  2018 1300 2019
3  2124 3482 3483
3  3484 3482 2124
3  2250 2078 2020
3  3473 2154 2055
3  1499 2168 3485
3  2250 1929 2135
3  2184 2135 2136
3  1504 2154 3473
3  1855 30 2485
3  1300 1221 2057
3  3470 3475 3486
3  2075 1903 2186
3  1380 1277 1378
3  3481 2247 2027
3  1379 2021 2257
3  1851 1379 1378
3  2236 3487 2114
3  2236 2114 2267
3  2273 956 31
3  956 2273 2076
3  218 1498 1497
3  3479 1498 218
3  2273 30 2076
3  2075 1904 1903
3  2076 2057 956
3  2076 1926 2057
3  2166 3488 2167
3  2140 2167 3488
3  218 217 3479
3  217 2058 3479
3  2126 2257 3489
3  3477 3466 3476
3  1903 1905 2135
3  3481 2058 2247
3  1277 1380 1278
3  2027 3490 1904
3  2247 3490 2027
3  2186 1929 1926
3  2257 3491 3492
3  2027 1904 2075
3  2027 2075 1857
3  3490 1905 1904
3  1183 3493 797
3  2027 1849 3481
3  3494 1302 2346
3  797 3493 798
3  2305 2304 2166
3  2140 3495 2167
3  3496 3497 3485
3  1499 3485 3497
3  2247 1905 3490
3  2247 2135 1905
3  3498 3497 3496
3  3499 3497 3498
3  1497 3497 3499
3  3500 3501 3478
3  3480 1181 1180
3  1499 1498 2168
3  1378 3480 1851
3  1849 1851 3480
3  2168 1498 2305
3  2140 2014 3495
3  2321 2320 3502
3  3480 1378 1181
3  3479 2305 1498
3  1850 2028 2021
3  3496 3485 2167
3  2125 3503 1182
3  2304 3488 2166
3  1180 2139 3480
3  2058 3481 2304
3  2050 798 3493
3  3481 1849 3480
3  1380 1379 2257
3  2305 2166 2168
3  3503 2125 3482
3  3504 2258 3505
3  2258 3491 2257
3  3495 2014 3499
3  3487 3475 2114
3  2139 2140 3488
3  2167 3485 2168
3  871 3456 1944
3  1499 3497 1497
3  3504 3501 3491
3  1908 3456 1909
3  2259 1560 2043
3  3506 3507 3453
3  3460 2045 2264
3  3480 3488 2304
3  2139 3488 3480
3  2049 3499 2014
3  2167 3498 3496
3  3495 3499 3498
3  3495 3498 2167
3  2049 2050 3499
3  3499 2050 1497
3  1497 2050 3493
3  218 3493 1183
3  1497 3493 218
3  2318 2297 2319
3  2299 2319 2297
3  2299 3463 2319
3  2027 1857 2028
3  3508 2185 2182
3  2315 2321 3474
3  3466 3509 3476
3  3466 2501 3509
3  2044 2033 2032
3  3510 3484 2124
3  2299 2044 3463
3  3504 3478 3501
3  3487 3486 3475
3  2314 3460 3442
3  1856 2028 1857
3  1240 2105 1312
3  867 2030 2058
3  1361 958 957
3  2136 1815 2184
3  1816 2154 1504
3  1868 2263 2248
3  285 189 156
3  2054 2053 2055
3  1816 2042 2154
3  1504 215 214
3  2052 1838 1837
3  2182 1838 2052
3  1355 155 157
3  2024 155 1355
3  1317 1354 1837
3  1345 205 959
3  1364 1374 1373
3  1364 1373 206
3  149 151 2070
3  1357 1344 1356
3  156 1374 2088
3  2094 2482 2095
3  2517 215 2133
3  1374 1363 2088
3  1375 1345 1340
3  1364 241 240
3  1363 1374 1364
3  206 2080 241
3  237 2080 1357
3  1368 2080 237
3  1405 2025 866
3  2483 2484 1317
3  2483 1317 1837
3  204 206 3511
3  204 3511 959
3  959 3511 960
3  960 3511 149
3  1373 149 3511
3  1405 1367 2025
3  242 241 2052
3  206 1373 3511
3  1316 866 2025
3  2024 3512 2067
3  2067 3512 1225
3  1225 3512 2026
3  2026 3512 2024
3  155 2095 285
3  1225 2095 155
3  1225 194 2095
3  213 2517 1221
3  1220 1221 2517
3  285 2095 189
3  274 2468 2482
3  2094 274 2482
3  1838 2182 2133
3  2133 1504 3473
3  1504 1505 1816
3  2053 3473 2055
3  1220 2517 2133
3  2133 215 1504
3  2250 2184 2078
3  1505 2078 2184
3  1837 1839 2483
3  2054 2056 2483
3  1862 2484 2042
3  235 2484 1862
3  2249 2265 2316
3  1855 1868 2248
3  2133 2182 957
3  2133 957 1220
3  138 3513 2182
3  1568 2185 3508
3  3508 1361 1568
3  3508 3513 1361
3  3508 2182 3513
3  140 1361 3513
3  140 3513 138
3  3474 2316 2315
3  917 3514 3515
3  917 916 3514
3  3516 1157 3517
3  3518 3519 2254
3  2236 2267 1854
3  3492 3489 2257
3  1968 3520 3521
3  3477 2034 2298
3  3516 3522 3523
3  3523 3524 3516
3  2310 1969 2171
3  1888 1156 3525
3  958 2198 2251
3  3484 3503 3482
3  2336 3425 2377
3  3526 2312 1346
3  2318 2320 2297
3  1899 1897 2147
3  3527 537 536
3  2172 3528 2265
3  2317 2265 3528
3  2171 3521 2172
3  3529 3525 3530
3  3531 3464 3532
3  1886 1910 1326
3  1969 2310 1908
3  1885 1884 3533
3  1885 3533 3509
3  2298 3534 2315
3  2298 2315 3477
3  3509 3533 3476
3  3501 3471 3535
3  2264 2032 3476
3  2315 3534 2321
3  1886 2001 509
3  1886 3519 2001
3  2023 425 2287
3  2299 2033 2044
3  1326 3456 871
3  3476 3533 3442
3  2172 3521 3528
3  2298 2034 2031
3  1909 3456 1326
3  2115 2319 3463
3  2266 2043 1560
3  3509 2501 1885
3  1885 2501 1910
3  3536 3537 3538
3  3539 3540 3443
3  3541 510 3461
3  510 3462 3461
3  3467 3466 3477
3  3467 3477 3542
3  954 3543 3544
3  954 3544 3545
3  3546 3547 3548
3  3549 3547 3546
3  2144 3550 1944
3  3455 3550 2144
3  3456 1908 2137
3  3551 536 3552
3  869 871 1944
3  3550 869 1944
3  1893 826 1891
3  3525 3529 1888
3  3516 3517 3522
3  2010 1889 2259
3  1888 2259 1889
3  3517 1157 2009
3  2312 3526 3553
3  1156 1155 3525
3  3554 3555 3556
3  3445 3557 3558
3  3524 3559 1155
3  3524 3523 3559
3  589 2285 3560
3  3561 2231 2233
3  3529 1950 1888
3  2007 3562 3563
3  2307 2309 714
3  3559 3523 3564
3  3562 2007 2003
3  3529 3565 3566
3  791 3567 1972
3  548 1995 1996
3  3146 1996 1995
3  2187 2188 3147
3  1564 2204 1563
3  1852 2253 2252
3  2234 2145 2194
3  2262 2253 2261
3  1894 2206 1574
3  2151 1853 2153
3  32 1999 2260
3  2194 2260 1999
3  2488 2493 2489
3  3568 2138 3569
3  3458 3457 3570
3  2160 2159 2239
3  2198 1571 1852
3  2252 2198 1852
3  3571 3572 3569
3  3571 3569 877
3  3573 3571 877
3  1852 2261 2253
3  1059 1416 2138
3  1319 2153 1571
3  3574 3575 3571
3  3573 3574 3571
3  3469 2174 2176
3  2176 3576 3469
3  3577 3578 3579
3  2499 3580 3581
3  3458 3582 3459
3  3553 1328 3583
3  3584 3580 3585
3  3584 3581 3580
3  3586 3587 3588
3  2261 1852 3589
3  2261 3589 2234
3  3590 3570 3457
3  3552 3591 3551
3  716 2307 714
3  3447 3001 2495
3  3447 2495 2497
3  3592 3593 3594
3  3587 3552 3588
3  3595 3596 3597
3  2200 2199 538
3  714 3248 715
3  3598 3599 3600
3  3601 1840 3602
3  3527 3591 3603
3  2324 2326 3604
3  3605 3606 3607
3  3608 2309 2308
3  3609 3603 3591
3  3610 3611 3612
3  1327 1326 3613
3  3613 3614 1327
3  3586 3615 3616
3  1891 3617 2340
3  2007 3618 3619
3  3606 3619 3618
3  3620 3621 3622
3  3623 1840 3624
3  1840 3623 3625
3  1872 3626 3011
3  716 3616 2307
3  2234 3589 3627
3  3615 2307 3616
3  2173 3628 3587
3  2173 2175 3628
3  2495 3001 2728
3  1326 1910 1909
3  2255 2254 1886
3  2009 511 510
3  2255 1326 1325
3  1886 1326 2255
3  3629 3587 3586
3  3629 3586 3630
3  3631 3632 3590
3  3576 2176 3629
3  3401 3458 3570
3  3550 2323 869
3  2322 3633 3634
3  3527 3551 3591
3  3587 2176 2173
3  3635 3636 3609
3  3637 3638 3639
3  3640 3375 3374
3  1328 2256 1325
3  535 2200 538
3  2310 2137 1908
3  2251 2253 2262
3  3641 3642 3607
3  2262 1999 2251
3  3643 2490 2489
3  1969 3521 2171
3  2178 3573 3644
3  877 3644 3573
3  510 3517 2009
3  2285 3637 3639
3  3378 1245 3645
3  2198 2252 2251
3  3454 2322 2323
3  3550 3454 2323
3  3646 3647 3648
3  3649 3636 3635
3  3527 3603 3634
3  3448 3374 3650
3  3589 1852 1853
3  3629 2176 3587
3  1328 3603 3609
3  3634 3603 3614
3  1968 3521 1969
3  3516 3651 1157
3  3524 3651 3516
3  2009 3442 1884
3  3652 3653 3448
3  2150 1579 3654
3  2151 3655 3589
3  3589 3655 3627
3  2151 3589 1853
3  3656 3657 3658
3  3657 3659 3658
3  3454 3507 2322
3  3507 3660 2322
3  2470 3661 3375
3  3634 3614 870
3  870 3614 3613
3  3455 3454 3550
3  2013 2139 1854
3  2422 2421 3662
3  2032 2264 2044
3  3628 3552 3587
3  3663 3664 3665
3  2170 2169 2240
3  1328 3614 3603
3  2010 3442 2009
3  3442 3460 2264
3  3534 2298 3666
3  2031 2033 2299
3  3487 3503 3484
3  537 3667 535
3  3533 1884 3442
3  3477 2315 3542
3  3476 3442 2264
3  3534 3666 2321
3  3487 3484 3486
3  3474 2321 3668
3  3424 519 2165
3  2298 2297 3666
3  3666 2297 2321
3  2043 2113 2044
3  2031 2299 2298
3  2014 2267 2049
3  2267 2048 1875
3  3463 2113 2115
3  3502 3668 2321
3  3478 3505 1856
3  2318 3475 3669
3  3478 2249 3668
3  2124 2126 3489
3  2306 2126 2125
3  3670 2368 2369
3  3510 3486 3484
3  3492 3535 3489
3  1277 1181 1378
3  3489 3510 2124
3  2140 2013 2014
3  2014 1854 2267
3  1278 2125 1182
3  3501 3535 3492
3  3510 3489 3535
3  2236 1182 3503
3  2236 3503 3487
3  1181 1278 1182
3  3483 2125 2124
3  3483 3482 2125
3  3500 3472 3471
3  2144 1943 2137
3  3535 3471 3470
3  2115 3475 2318
3  3475 3472 3669
3  3504 3505 3478
3  2258 3504 3491
3  3500 3471 3501
3  3492 3491 3501
3  3510 3535 3470
3  3486 3510 3470
3  1856 2258 2028
3  3505 2258 1856
3  2249 3474 3668
3  2114 3475 2115
3  3472 3500 3669
3  3500 3668 3669
3  3478 3668 3500
3  2320 3668 3502
3  3669 3668 2318
3  2320 2318 3668
3  2194 2137 2260
3  2144 2137 2194
3  871 3613 1326
3  3671 3672 3673
3  3671 3249 3672
3  3613 871 870
3  3657 3674 3659
3  3675 2201 2200
3  1155 3651 3524
3  1157 3651 1155
3  870 869 2322
3  870 2322 3634
3  2317 3676 3542
3  3528 3676 2317
3  3448 3650 3652
3  2200 3506 1563
3  3653 3665 3664
3  1328 1327 3614
3  3527 536 3551
3  1892 1891 2340
3  3453 3507 3454
3  1328 3553 2256
3  3616 3630 3586
3  715 3248 716
3  2234 3658 2145
3  3627 3658 2234
3  3677 3678 3679
3  3675 2204 3680
3  1564 3680 2204
3  3659 2145 3658
3  3655 3658 3627
3  3659 2146 2145
3  3675 2200 2204
3  3633 3660 3667
3  3591 3552 3635
3  3591 3635 3609
3  3588 3552 3681
3  3648 3645 3646
3  3635 3552 3628
3  3506 535 3682
3  535 3506 2200
3  2311 3635 2175
3  3441 3683 3402
3  3539 3641 3607
3  2471 2338 3684
3  3440 3672 3444
3  3635 3628 2175
3  3590 3685 3686
3  3632 3673 3672
3  1346 2312 1347
3  3609 3583 1328
3  3687 3688 3689
3  3553 2313 2312
3  3461 3690 3691
3  3541 3691 3690
3  3541 3461 3691
3  2175 2983 1347
3  2256 3553 1346
3  3692 3693 3694
3  3588 3681 3695
3  3695 3615 3588
3  3696 3697 3698
3  3699 3700 3701
3  1877 3702 3703
3  2802 3704 2803
3  3457 3597 3705
3  3596 3705 3597
3  2496 3593 3706
3  3248 3444 3672
3  3249 3671 3630
3  3696 2343 3707
3  3708 3709 3710
3  2497 3711 3712
3  3713 3151 3714
3  3715 3716 3717
3  3715 3717 3718
3  3595 3597 3457
3  3719 3720 3721
3  3722 3714 3150
3  3401 3723 3582
3  3724 3698 3697
3  3150 3714 3151
3  3443 3462 510
3  1244 1243 2499
3  3526 1346 3553
3  2255 1325 2256
3  3522 3690 3523
3  1884 511 2009
3  3541 3690 3522
3  1347 2312 2311
3  1347 2311 2175
3  3370 3372 3725
3  3372 3726 1892
3  2339 3372 1892
3  3655 2151 3658
3  3727 3728 3675
3  3681 3729 3695
3  3730 3729 3681
3  3453 3455 3731
3  3543 3732 3494
3  3733 3663 3665
3  3728 2201 3675
3  3734 3683 3441
3  3734 2471 3683
3  3376 3650 3374
3  1563 3506 3731
3  1563 3731 1561
3  2144 2146 3455
3  2341 2340 3617
3  3653 3652 3735
3  3664 3448 3653
3  3663 1579 3736
3  3633 2322 3660
3  3453 3731 3506
3  3376 2201 3728
3  3543 3494 3544
3  2346 3544 3494
3  538 3737 3681
3  3688 3737 538
3  3375 3738 3739
3  3727 3675 3680
3  3727 3680 3735
3  3740 1302 3494
3  3568 3569 3741
3  3656 2150 3654
3  3663 3654 1579
3  3742 1564 1562
3  2405 2404 3743
3  3455 2146 3731
3  2239 3744 2160
3  3745 3448 3664
3  3659 3674 2146
3  1561 2146 3674
3  3656 3654 3657
3  3658 2151 3656
3  2150 3656 2151
3  953 3543 954
3  3745 3664 3663
3  3742 1562 3657
3  3731 2146 1561
3  1562 3674 3657
3  3727 3735 3728
3  3652 3728 3735
3  2438 3744 3746
3  3643 1284 1286
3  3436 3747 2103
3  3711 2324 3748
3  2237 3749 3750
3  1564 3733 3680
3  3742 3733 1564
3  2311 3649 3635
3  3742 3657 3654
3  1562 1561 3674
3  2008 3736 1579
3  3745 3449 3448
3  3745 3736 2160
3  2160 3736 2008
3  3745 3663 3736
3  3751 1574 3752
3  3733 3654 3663
3  3733 3742 3654
3  2491 3751 3752
3  3753 3754 3755
3  3756 3757 933
3  1228 1303 1302
3  1304 2016 3272
3  2488 1303 1228
3  2488 1228 2493
3  2138 3568 2159
3  2159 3568 2177
3  3744 3745 2160
3  3446 2348 2421
3  3758 3446 2421
3  3759 3760 3761
3  1068 1067 2636
3  1008 2375 1066
3  3762 3756 933
3  3763 3764 3765
3  1833 3766 3420
3  1834 1833 2365
3  2353 3767 1757
3  2411 2410 2231
3  932 3762 933
3  3768 3769 2040
3  3770 3769 3768
3  2365 1833 2375
3  2214 1871 2221
3  1166 1207 1206
3  1833 2412 2375
3  1092 1106 1781
3  2453 3384 2404
3  3725 2339 2470
3  2354 2353 2372
3  3771 182 181
3  3450 3762 3772
3  2438 2494 1865
3  3746 2494 2438
3  2429 2428 744
3  3739 3773 3375
3  2179 3644 1285
3  3449 3774 3450
3  3775 3746 3744
3  2412 3420 3390
3  495 740 497
3  1228 1302 3740
3  2239 2238 3744
3  3776 3777 3778
3  3779 3780 3781
3  3775 3744 2238
3  3775 3782 3746
3  3643 3782 3775
3  3552 536 3681
3  1227 934 2106
3  3783 3784 3761
3  1226 3732 953
3  3377 1226 953
3  963 3785 3786
3  3772 3640 3450
3  2437 933 3757
3  497 2165 498
3  2377 1828 2203
3  1829 2203 1828
3  507 3427 3424
3  2398 3380 2367
3  519 3424 3427
3  1162 2451 2633
3  2391 2451 2392
3  2392 2451 1162
3  1219 2447 1795
3  202 2633 2451
3  2453 202 2451
3  2452 2447 3384
3  2805 3787 3788
3  1211 3789 941
3  2404 203 2453
3  1814 3396 3391
3  3391 3396 2446
3  1814 1813 3396
3  2444 3396 1813
3  2446 3396 2445
3  1747 2445 1748
3  2163 2333 2442
3  2443 2333 2332
3  1723 1725 2446
3  2622 1725 1724
3  2446 1725 3391
3  2443 2442 2333
3  3419 3381 1901
3  3391 1725 2460
3  1759 1733 1793
3  2460 1725 2459
3  2621 2459 1725
3  2621 1725 2622
3  2391 2452 2451
3  203 2406 1775
3  914 3790 3451
3  1250 184 3012
3  2502 3743 3384
3  2404 3384 3743
3  3791 3433 3792
3  3793 3794 3795
3  3795 3796 3793
3  1755 1775 2406
3  3797 3798 3799
3  3800 3792 3801
3  3385 2448 2502
3  3385 2502 3384
3  3802 3803 2038
3  3452 3804 3805
3  2408 2407 1201
3  1201 2407 1199
3  3662 2348 3806
3  1705 2426 2429
3  2374 1775 1755
3  1741 1007 2103
3  3743 2502 3807
3  3808 3809 3810
3  3811 3808 3810
3  3812 3813 3814
3  1776 1200 3390
3  3662 3806 3271
3  2038 3815 3816
3  184 182 3012
3  2413 2231 3561
3  2413 2411 2231
3  1776 3390 3420
3  3817 3818 3819
3  3820 3821 3822
3  2426 3823 2427
3  3824 2573 3825
3  2671 3826 3827
3  995 1169 2927
3  1167 2672 1168
3  3828 3829 3825
3  723 1136 400
3  3788 3830 2805
3  3831 3832 1142
3  3833 3832 3831
3  2626 2627 3797
3  3833 3834 3835
3  3373 2672 1167
3  3827 3834 3836
3  3836 2671 3827
3  3837 3803 3779
3  3373 1167 3010
3  3835 3827 3826
3  1574 1286 3644
3  3779 3803 3802
3  3838 3839 3840
3  3841 3016 3842
3  3832 3843 1143
3  3844 3845 598
3  3846 3835 3847
3  3848 3849 3850
3  3848 3850 3851
3  2355 3767 2353
3  3852 3853 3854
3  3852 3854 3849
3  1144 3855 1142
3  1284 3643 3775
3  3758 3783 3446
3  3856 3857 3858
3  2679 3859 2680
3  3859 1046 2680
3  1150 3826 2671
3  1077 3860 3266
3  1142 3832 1143
3  3861 3862 3863
3  3864 3865 3866
3  3867 3854 3779
3  399 3373 3010
3  399 3010 995
3  622 418 3868
3  3836 3869 2671
3  3317 2707 82
3  3836 2627 3869
3  3800 2354 3792
3  3870 3781 3850
3  3781 3871 3850
3  3274 3847 1149
3  964 3872 3251
3  3873 3251 3872
3  2722 1185 1069
3  3874 3822 3274
3  3874 3274 3276
3  1173 723 722
3  598 597 3875
3  2658 3845 853
3  2725 2699 2698
3  2725 2964 2219
3  3876 2725 2219
3  2725 1078 2699
3  1010 2699 1078
3  1094 2707 3877
3  2644 2707 1094
3  3878 3821 3820
3  3879 3880 3881
3  3882 3236 3217
3  3883 3884 3885
3  3886 3887 3888
3  3886 3888 3889
3  1528 1527 3159
3  842 3890 3891
3  842 3891 3892
3  786 3893 3894
3  1448 3895 2271
3  3896 3897 3898
3  1876 766 1945
3  3899 3900 3901
3  3024 3895 1448
3  1456 3902 3903
3  3094 3904 3111
3  3094 3111 3905
3  3072 3906 3115
3  3895 3907 787
3  1449 1448 2272
3  786 3894 2278
3  3908 2814 3188
3  1461 3909 137
3  137 3909 3910
3  2796 2813 2851
3  322 3173 359
3  3911 3912 3913
3  2277 3914 3915
3  3916 3917 1476
3  3032 3918 3919
3  567 3920 3921
3  567 3921 315
3  3895 3922 2271
3  787 3907 3923
3  3924 3925 3206
3  2809 3925 3924
3  890 892 713
3  3926 3927 3928
3  3929 3930 3931
3  3932 3933 3934
3  313 3935 311
3  786 785 1196
3  374 416 3936
3  374 3936 286
3  1482 1329 3937
3  3938 3939 3940
3  549 3567 791
3  3147 3941 1940
3  3942 1937 1947
3  3163 1947 1937
3  3943 3619 3944
3  1481 1480 1933
3  3696 2325 3697
3  1938 1937 1983
3  3070 3071 3945
3  3946 3947 3948
3  3946 3948 3949
3  3950 3934 3951
3  3925 2808 3206
3  2809 2808 3925
3  2616 1540 346
3  3221 3952 3222
3  3953 1485 3954
3  3955 3692 2980
3  3956 1528 3957
3  764 1528 3956
3  3958 3959 3960
3  1460 461 101
3  512 3703 513
3  513 3703 3702
3  3961 1920 3962
3  3963 3964 3913
3  3694 3964 3963
3  2882 3959 3958
3  1946 3965 1945
3  2990 991 3966
3  989 991 2990
3  1488 990 989
3  3967 3960 3957
3  1946 3968 3702
3  3299 1513 1512
3  3121 3120 3969
3  3970 3971 3896
3  3972 3973 3974
3  1877 3965 3702
3  1946 3702 3965
3  3975 1878 3703
3  3703 1878 1877
3  3158 514 513
3  1878 3976 1876
3  3977 3205 3207
3  3158 3968 3966
3  766 765 1946
3  3966 3968 1946
3  3978 1535 3979
3  1946 765 3966
3  3205 3980 3981
3  3982 3975 3983
3  3984 3887 3886
3  3966 765 2990
3  1876 3965 1877
3  1945 3965 1876
3  2141 2143 512
3  3975 512 2143
3  3985 3986 3987
3  1933 1480 1949
3  3171 3221 3988
3  313 2989 1917
3  512 3063 2141
3  512 514 3063
3  3989 3888 3887
3  3990 2828 3991
3  884 3992 3993
3  884 3201 3992
3  3991 2828 2827
3  3069 3994 1538
3  3995 3996 3035
3  1485 3996 3995
3  3056 331 3055
3  3997 3998 3989
3  3999 4000 4001
3  3954 1501 3208
3  2855 3905 2856
3  1524 2770 1522
3  1542 4002 1549
3  3054 3053 1430
3  1431 1430 3053
3  1482 4003 1480
3  1547 1548 4004
3  4005 4006 4007
3  1550 1549 4002
3  4008 4009 2779
3  2779 4010 4008
3  4011 2718 4012
3  332 1330 1555
3  1532 4013 4014
3  3951 4014 4013
3  1517 1518 4015
3  4016 4017 4018
3  3986 4017 4016
3  3172 4019 3209
3  3037 3985 3155
3  329 4020 4021
3  4015 1518 3155
3  4022 4023 4024
3  4025 3051 4026
3  3209 4027 3208
3  428 101 103
3  4028 4029 2838
3  4030 4031 4032
3  3025 3223 4033
3  4034 4035 4036
3  1549 1532 1533
3  1005 137 444
3  3898 3897 3141
3  483 334 333
3  3910 3169 137
3  4037 3945 3071
3  76 108 3173
3  76 3173 74
3  3997 3220 3064
3  3222 3064 3220
3  3141 4038 3898
3  1570 1934 4037
3  3164 3161 4039
3  270 369 1525
3  270 1525 268
3  4040 3232 3231
3  4040 3231 4041
3  2829 1570 3071
3  310 3145 441
3  1494 1496 1954
3  1494 482 1495
3  1480 4003 4042
3  1935 3937 1329
3  3966 4043 3158
3  1989 1958 3144
3  2829 1514 4033
3  2829 4033 2826
3  4044 4045 2286
3  483 1935 334
3  4046 370 1557
3  1494 1976 1935
3  1556 1934 1570
3  320 322 359
3  4047 4048 1934
3  4046 368 370
3  3164 4049 3162
3  3163 3162 4049
3  309 483 426
3  1935 1976 3937
3  3025 4033 1513
3  1513 4050 3026
3  1933 4047 1934
3  320 1171 321
3  1557 332 1555
3  270 332 370
3  1557 370 332
3  4051 4052 1483
3  1483 1485 4051
3  3021 1570 2829
3  4037 3071 4053
3  4054 4055 4056
3  1555 1330 1556
3  4057 4058 2768
3  1329 1482 1481
3  426 1567 530
3  3300 4059 4060
3  334 1330 332
3  4022 445 4023
3  1483 3020 1506
3  4061 3909 4062
3  1481 1330 1329
3  1949 1480 4042
3  3974 1514 2829
3  1556 1330 1481
3  3109 1468 1506
3  1482 3937 4003
3  1534 1018 301
3  4063 4055 4054
3  4003 4064 4042
3  442 3145 1331
3  271 4065 2288
3  271 2288 272
3  301 300 308
3  3718 3717 4066
3  3148 4067 4068
3  4069 4070 4071
3  3290 4072 3357
3  2814 3908 2815
3  4073 4074 4075
3  4073 4075 4076
3  1987 1986 2301
3  1947 1949 1955
3  3942 1947 1955
3  3897 3971 3142
3  3141 3897 3142
3  4077 4078 4079
3  4069 4071 4080
3  3592 3706 3593
3  4081 2003 2006
3  4081 2006 3943
3  3232 4040 2015
3  4031 4059 3300
3  4082 4083 4084
3  3717 1993 1994
3  2285 888 2286
3  4085 3557 4086
3  3562 889 588
3  3562 588 591
3  1979 3567 1980
3  1920 3961 1921
3  4087 4088 4089
3  2036 1995 1950
3  585 1995 548
3  3941 4090 2389
3  54 584 440
3  56 584 54
3  4074 4091 4092
3  2801 4093 4094
3  4090 4095 2389
3  3146 2187 3147
3  4096 4097 4098
3  1323 1324 3621
3  1321 3577 3969
3  4092 4099 4075
3  4100 4101 3964
3  4102 4040 4041
3  4102 4030 4040
3  4103 4104 4105
3  4084 4106 4107
3  3622 3912 4108
3  3197 4109 302
3  3151 4110 3152
3  3245 3582 3723
3  1495 300 1938
3  308 300 1495
3  4111 2771 1972
3  3075 4100 4112
3  295 4113 4114
3  4115 4116 4117
3  2994 4118 3006
3  1940 1939 1998
3  2803 3704 4104
3  4119 4120 4121
3  1995 2036 2187
3  3962 4122 4123
3  3962 4123 3961
3  2035 4124 4125
3  1288 1287 1761
3  4125 2188 2036
3  4126 3943 3944
3  4127 4128 4129
3  3721 3720 3531
3  2980 3694 2977
3  3557 4130 4126
3  3693 4100 3694
3  3969 3120 4131
3  4132 4072 3290
3  3143 3300 4133
3  3882 3237 3236
3  4134 4135 4136
3  4137 4138 3465
3  772 4139 2803
3  4096 1987 2300
3  4140 3532 3464
3  4141 4142 3076
3  4084 3296 3356
3  3532 2291 4143
3  4144 4145 3164
3  4146 4147 3896
3  4143 3721 3532
3  4148 4149 3963
3  3622 4108 4150
3  4151 4041 4152
3  4102 4041 4151
3  773 3531 771
3  4082 4084 4153
3  1495 1938 1496
3  4096 4154 4097
3  4112 3693 4155
3  2771 4156 1972
3  3144 4157 1989
3  4137 1966 4155
3  299 4070 1975
3  4158 4159 4160
3  3140 4161 3139
3  300 1974 1936
3  1975 1974 300
3  1990 4162 1958
3  2295 2294 4071
3  300 1936 1938
3  4163 4156 2771
3  4164 1936 4165
3  1936 1974 4165
3  4069 4166 4167
3  4069 4167 1973
3  299 4071 4070
3  299 2295 4071
3  3536 3538 3356
3  4168 2282 2281
3  2282 4168 4040
3  3148 4169 3149
3  4140 4117 4116
3  438 2660 48
3  4170 1921 3961
3  4171 2978 2977
3  4172 3719 4173
3  1911 4174 4110
3  3975 3982 1878
3  1991 4175 2290
3  1997 2290 4175
3  1990 1989 4176
3  1989 4157 4176
3  1956 885 4177
3  4080 4166 4069
3  4178 4179 4180
3  4181 4117 4140
3  4182 1920 1922
3  4183 4162 1990
3  4184 4165 4167
3  3139 4161 3940
3  3940 4161 3708
3  3940 4065 4185
3  4186 4170 4187
3  4188 4186 4187
3  1972 4129 1019
3  2294 2296 4080
3  4080 4071 2294
3  4113 4189 4114
3  4165 1974 1973
3  4080 4190 4191
3  4068 4192 881
3  4177 885 887
3  4115 2292 4116
3  4069 1975 4070
3  4069 1973 1975
3  2302 2301 4193
3  2302 4193 4178
3  4080 2296 4190
3  1954 1977 1494
3  4113 295 294
3  881 4192 4194
3  4194 1988 4195
3  4166 4080 4191
3  4114 4196 4181
3  2302 4154 2300
3  4067 4197 4068
3  4096 4166 4195
3  4194 4192 4162
3  886 4162 4192
3  1967 1966 3465
3  4198 4099 1322
3  4181 295 4114
3  4177 4114 4189
3  1259 2762 1260
3  4067 887 4197
3  4140 295 4181
3  3070 3974 2829
3  4096 4098 4166
3  4199 3709 3140
3  4199 4200 3709
3  4067 4117 4181
3  4138 4137 4134
3  3531 3532 3721
3  4201 4170 3961
3  4114 4177 4196
3  4202 3119 3121
3  4203 4134 3233
3  4204 4205 4206
3  4178 4180 2302
3  4171 4030 4102
3  1936 4157 1937
3  4194 4195 881
3  1987 4195 1988
3  879 4195 4191
3  4166 4191 4195
3  4168 2281 293
3  1957 2280 3144
3  4087 4089 4048
3  4065 4207 4130
3  2281 294 293
3  3622 3913 3912
3  4117 4067 2293
3  2280 1957 4208
3  435 1053 4209
3  4208 1957 1956
3  4177 4189 1956
3  4127 2296 4128
3  299 4128 2296
3  4208 1956 4189
3  1934 4048 4089
3  3152 4210 3150
3  4210 3152 4185
3  886 885 4162
3  4178 1936 4179
3  4157 1936 4178
3  1913 1912 2291
3  3149 1913 2291
3  4068 4169 3148
3  2293 2292 4115
3  2293 4115 4117
3  4158 4169 4068
3  887 4067 4177
3  4196 4177 4067
3  4211 4212 4032
3  4032 4031 4211
3  4190 4127 4156
3  4156 4127 4213
3  3148 2293 4067
3  3692 3694 2980
3  4111 3567 1979
3  4156 4191 4190
3  4060 4133 3300
3  3717 3716 1993
3  880 879 4214
3  4163 4214 879
3  2291 4215 2292
3  4116 3532 4140
3  4169 1913 3149
3  4158 1913 4169
3  4216 771 3531
3  3704 2802 4217
3  4112 4100 3693
3  4196 4067 4181
3  3464 3465 4138
3  1967 4218 1965
3  4142 1966 4105
3  3692 4136 4135
3  4104 4103 2803
3  4134 4155 4135
3  3296 4083 2947
3  4219 4036 4147
3  4150 3187 3620
3  4150 3620 3622
3  4126 4130 4207
3  2345 2344 3713
3  3961 4108 4201
3  4091 4074 4073
3  4140 4203 295
3  2015 295 4203
3  3977 4220 4221
3  4222 4223 4224
3  4108 3961 4150
3  4151 4225 2978
3  2979 2978 4225
3  4226 4227 4228
3  3692 4135 3693
3  3077 3076 4229
3  3232 2015 4203
3  3233 4134 4136
3  4171 4102 2978
3  2978 4102 4151
3  2986 4198 2807
3  4155 4141 4112
3  4106 3538 4230
3  3076 3075 4112
3  4108 4187 4201
3  3119 2808 3120
3  3955 4231 4232
3  4233 3955 2980
3  4100 3964 3694
3  3913 3964 3911
3  4150 4123 3187
3  3720 4216 3531
3  3693 4135 4155
3  4136 3692 4232
3  4086 4234 3722
3  4086 3722 4235
3  3963 4149 4171
3  2977 3963 4171
3  4134 4203 4138
3  3076 4142 4229
3  4203 4140 3464
3  3464 4138 4203
3  2280 4208 2281
3  4040 4168 2015
3  2282 4040 4030
3  4131 2808 2807
3  2977 3694 3963
3  3231 4236 4231
3  4041 3231 4231
3  4148 4237 4149
3  4238 4237 4148
3  4112 4141 3076
3  4231 3955 4233
3  2741 4239 4240
3  1552 4241 4242
3  3955 4232 3692
3  4134 4137 4155
3  4107 4106 4243
3  2759 4244 1553
3  4245 4136 4232
3  4203 3233 3232
3  4092 1322 4099
3  3077 4186 4246
3  4198 1322 2807
3  4247 4237 4238
3  3536 3356 3357
3  4076 4219 4073
3  4076 4075 4198
3  4084 3356 3538
3  3205 3977 4248
3  3206 2808 3207
3  3901 4249 4250
3  3901 4250 3899
3  4142 4105 4229
3  2994 2996 4251
3  4147 4247 4219
3  4219 4247 4238
3  4041 4231 4152
3  4148 3963 4091
3  3207 2808 3119
3  3962 1920 4182
3  3976 1878 3982
3  4201 4187 4170
3  4242 4252 2758
3  3075 4101 4100
3  4123 4122 4253
3  2807 1322 1321
3  3205 4254 3206
3  4198 4075 4099
3  4034 4241 4255
3  4256 4241 4034
3  4257 3980 4248
3  3075 3077 4246
3  4092 4075 4074
3  1951 4258 766
3  2807 1321 4131
3  2669 2668 1193
3  4035 4259 4260
3  2979 4225 4233
3  2291 2293 3149
3  48 4209 49
3  4198 2986 4076
3  4261 4262 4263
3  4255 4241 4264
3  3879 4265 4266
3  4164 4097 4154
3  821 439 657
3  3980 4267 4268
3  4257 4267 3980
3  2807 2987 2986
3  2809 2987 2807
3  4218 3464 3531
3  4269 4228 4270
3  1321 3969 4131
3  4229 4105 4104
3  4271 4272 4273
3  2710 49 4209
3  4274 1923 4043
3  4275 3864 4276
3  4277 4278 2276
3  3721 4173 3719
3  3401 826 3723
3  3578 3577 4253
3  1125 2932 2929
3  3187 3577 1321
3  3121 3969 3579
3  4103 4105 1966
3  3620 3187 1323
3  4242 4241 4256
3  1552 4264 4241
3  3913 3622 1324
3  3187 4123 4253
3  2710 4209 4279
3  4280 4219 4238
3  1907 3960 3959
3  1323 3621 3620
3  4150 3961 4123
3  563 809 3281
3  1244 824 3647
3  4253 3577 3187
3  4242 2758 1552
3  3537 3579 3578
3  3969 3577 3579
3  3207 4202 3977
3  772 1965 773
3  4119 3970 4147
3  4281 4119 4147
3  4221 4248 3977
3  4282 1315 1189
3  1951 766 4283
3  3991 2827 4284
3  4078 4285 3357
3  4104 3704 3077
3  4260 4286 4281
3  4287 4288 4289
3  4121 3970 4119
3  2703 1872 4290
3  2703 1873 1872
3  772 4291 4139
3  772 4292 4291
3  4171 4247 4147
3  4218 3531 773
3  4277 1551 1553
3  3962 4230 4122
3  4188 3912 3911
3  3911 3964 4188
3  3964 4101 4188
3  4246 4188 3075
3  3075 4188 4101
3  3912 4188 4108
3  4187 4108 4188
3  4246 4186 4188
3  4293 4294 4295
3  4296 4297 4298
3  1961 3931 3930
3  4299 4078 4077
3  1965 4218 773
3  3554 3556 4300
3  4301 4302 4303
3  4253 4122 4230
3  3578 4253 4230
3  3647 824 826
3  4106 4230 3962
3  4290 2704 2703
3  4304 3592 3594
3  904 903 1173
3  2188 4090 3147
3  3594 4305 4306
3  3962 4243 4106
3  3290 2351 4307
3  4308 4083 4082
3  4084 3538 4106
3  3584 3585 3251
3  4309 4079 3610
3  4310 3011 3626
3  4270 4311 4312
3  3873 4313 4314
3  4226 4269 1874
3  537 3633 3667
3  1149 3847 3826
3  4315 4305 4316
3  4315 4316 4289
3  964 3769 4317
3  510 3541 3522
3  4318 3865 3864
3  3626 1872 4319
3  3251 3585 4320
3  2345 4321 4322
3  4323 4321 2345
3  3447 2497 3247
3  934 1867 2107
3  1155 3559 3530
3  1155 3530 3525
3  1346 3445 3558
3  2007 3619 2006
3  3519 3518 4324
3  4291 4325 4326
3  3622 3621 1324
3  3248 3672 3249
3  3582 2497 3459
3  3247 2497 3582
3  3401 3582 3458
3  3540 3462 3443
3  1963 4327 4328
3  2002 2001 3539
3  3563 3618 2007
3  2002 3539 3443
3  4324 3539 2001
3  1886 2254 3519
3  510 509 2002
3  4185 4086 4235
3  1346 3558 2256
3  2256 3518 2254
3  4324 3641 3539
3  3566 3564 589
3  3539 3607 3540
3  510 3522 3517
3  2285 589 888
3  2317 3542 2315
3  4324 2001 3519
3  3642 3518 2256
3  3605 3642 2256
3  4324 3518 3642
3  3641 4324 3642
3  1886 511 1884
3  771 4216 4292
3  591 4329 3562
3  3944 3619 3606
3  2005 3562 2003
3  591 590 4329
3  2005 4330 888
3  589 3564 3523
3  3523 590 589
3  2005 889 3562
3  2801 4094 2802
3  3701 2324 4331
3  3724 3697 4332
3  2351 4289 2728
3  4331 3592 4304
3  3699 4331 4304
3  4291 4292 4216
3  2325 2324 3701
3  3592 4331 3706
3  3576 4333 3469
3  4287 3290 2945
3  771 4292 772
3  4086 3557 4234
3  4316 4305 3593
3  2802 4334 4217
3  4288 2947 4083
3  4084 4083 3296
3  4094 4334 2802
3  4288 4083 4308
3  3141 3143 4133
3  4218 1967 3464
3  3931 4335 3929
3  3142 3982 3983
3  3538 3537 3578
3  3538 3578 4230
3  3962 4182 4243
3  4133 4060 4336
3  4336 4038 4133
3  4334 4337 1922
3  1921 4170 4338
3  4170 4186 4338
3  3077 4338 4186
3  3704 4338 3077
3  3121 3579 3537
3  3357 3121 3537
3  4338 3704 1922
3  1921 4338 1922
3  3536 3357 3537
3  3945 4089 4088
3  4089 4037 1934
3  3703 512 3975
3  4339 4340 4341
3  4339 4341 4258
3  3896 3898 4342
3  4281 4120 4119
3  4343 4035 4034
3  3896 3971 3897
3  4344 4286 4345
3  4281 4346 4120
3  3980 3205 4248
3  4256 4036 4347
3  4265 3879 4348
3  4133 4038 3141
3  1513 3299 4050
3  2141 4349 4350
3  3063 4349 2141
3  3896 4147 3970
3  4257 4244 2759
3  4257 2759 2758
3  3970 4121 3971
3  3982 4344 3976
3  4121 4120 4346
3  1951 4339 4258
3  4351 4339 1951
3  4256 4034 4036
3  4171 4147 4146
3  4030 4146 4031
3  4171 4146 4030
3  4147 4035 4281
3  4212 4063 4145
3  2735 1451 4352
3  4353 1529 4343
3  3881 1529 4353
3  3189 4354 3228
3  2895 2816 633
3  4131 3120 2808
3  4220 4355 4221
3  4356 2276 4357
3  4221 4278 4277
3  4221 4277 4248
3  2980 2979 4233
3  2875 4352 4358
3  4277 2276 1551
3  4359 4360 4361
3  4309 4300 4263
3  3977 4202 4220
3  4261 4263 4271
3  4202 3207 3119
3  2276 4278 4357
3  3121 4299 4202
3  4263 4262 4079
3  3005 1960 1959
3  4219 4362 4036
3  4219 4076 4362
3  4363 4364 3003
3  4348 4365 4366
3  4073 4219 4280
3  4209 2660 435
3  2991 4367 4368
3  3189 3958 4354
3  4345 1952 4283
3  1951 4283 1952
3  1053 4279 4209
3  4269 2350 1874
3  4347 2988 4369
3  2987 4369 2988
3  3885 3884 4370
3  4077 4220 4299
3  1959 1961 4371
3  3009 4372 2915
3  4077 4355 4220
3  3357 4285 3121
3  4373 4262 4374
3  4278 4375 4357
3  4299 3121 4285
3  4376 4182 4222
3  764 4367 765
3  4368 4367 764
3  4264 3915 4255
3  4377 3900 2907
3  2969 2907 3900
3  4335 4378 4360
3  2430 4379 2431
3  3957 1906 3956
3  3914 2908 2907
3  1985 1496 1938
3  4215 4116 2292
3  3109 4380 4061
3  4104 3077 4229
3  416 1941 4381
3  4094 4337 4334
3  4151 4152 4231
3  4225 4231 4233
3  4225 4151 4231
3  4336 4059 4038
3  3936 4381 4382
3  293 2015 4168
3  4065 4130 4185
3  3233 4236 3231
3  4245 4236 4136
3  3233 4136 4236
3  4232 4236 4245
3  4232 4231 4236
3  1965 772 1966
3  4103 1966 772
3  3465 1966 4137
3  4155 1966 4141
3  3704 4217 1922
3  4141 1966 4142
3  1922 4217 4334
3  4103 772 2803
3  4224 4305 4315
3  3699 4383 4326
3  4094 4326 4337
3  4331 2497 3706
3  3938 4110 4174
3  2803 4139 2801
3  4326 4383 4337
3  2345 3714 3722
3  3713 3714 2345
3  4306 4224 4337
3  3720 4384 4216
3  4210 4185 4235
3  4066 1939 4385
3  4066 4385 3710
3  4224 4306 4305
3  3722 4323 2345
3  3724 4384 3720
3  4116 4215 3532
3  3712 3711 3748
3  2496 3706 2497
3  4333 3576 1964
3  3699 4304 4383
3  2728 4289 4316
3  4082 4386 4315
3  3581 2703 2702
3  4084 4107 4153
3  4383 3594 4337
3  4304 3594 4383
3  3594 4306 4337
3  4316 2496 2495
3  4305 3594 3593
3  4327 4387 4388
3  4316 3593 2496
3  4316 2495 2728
3  3626 4389 4310
3  1347 2983 4321
3  3562 4329 4390
3  3606 3618 4391
3  4068 881 4158
3  4158 881 880
3  4172 3698 3720
3  2006 3619 3943
3  3710 4385 2289
3  2085 2183 2084
3  2005 888 889
3  4126 3944 3557
3  4045 4392 3638
3  2286 4045 2284
3  3716 3715 1979
3  2771 4111 4393
3  4158 4160 1913
3  4199 3140 4394
3  3940 4185 3938
3  4160 4159 4395
3  3523 3690 590
3  3685 3596 3595
3  4396 1998 1939
3  3708 4161 3709
3  425 2023 2022
3  4330 4044 2286
3  2286 888 4330
3  4390 4329 590
3  4126 4081 3943
3  4126 4207 4081
3  2004 4081 4207
3  2003 4081 2004
3  4326 4094 4093
3  1962 1964 3459
3  3563 4391 3618
3  1964 3576 3595
3  4397 4328 4327
3  3607 3606 4391
3  590 3690 3461
3  3667 3682 535
3  3560 4125 4124
3  1950 3566 2035
3  589 2035 3566
3  2284 3637 2285
3  2313 3553 3583
3  1950 3529 3566
3  2005 4398 4330
3  2036 2035 4125
3  272 1940 3941
3  2389 4095 4399
3  3638 3637 4045
3  1875 2023 799
3  2004 2388 2005
3  4400 4401 3392
3  2389 272 3941
3  3147 4090 3941
3  2004 4207 271
3  448 487 4401
3  4172 2344 3698
3  4044 4330 4398
3  4085 4086 4185
3  1939 272 2289
3  4398 2005 2389
3  273 2389 2388
3  4398 2389 4044
3  4044 2389 4399
3  272 2389 273
3  3151 4402 3156
3  2284 4045 3637
3  1972 3567 4111
3  4393 2772 2771
3  4111 4403 4393
3  3708 2288 3940
3  3140 4393 4394
3  4289 4308 4315
3  3938 3152 4110
3  3532 4215 2291
3  4397 4327 4404
3  2084 2183 1365
3  3720 3698 3724
3  3720 3719 4172
3  4331 3711 2497
3  2343 3696 3698
3  3698 2344 2343
3  3700 4405 3701
3  3699 3701 4331
3  4325 4291 4384
3  2342 3469 4333
3  2343 4333 3707
3  2342 4333 2343
3  825 4310 4389
3  3245 3247 3582
3  3629 3685 3576
3  3686 3685 3629
3  4331 2324 3711
3  4172 4173 3151
3  3700 4406 4332
3  3700 4332 4405
3  3701 4405 2325
3  3697 2325 4405
3  4328 4333 1963
3  3707 4328 4407
3  3685 3595 3576
3  1964 3595 3459
3  4173 4402 3151
3  3459 3712 1962
3  4216 4384 4291
3  4405 4332 3697
3  3709 4161 3140
3  1913 4174 1911
3  4325 4406 3700
3  2288 3708 2289
3  1912 4110 3156
3  4173 3721 4402
3  4402 3721 4143
3  4408 2772 4395
3  4110 1912 1911
3  3710 2289 3708
3  2291 3156 4143
3  4143 3156 4402
3  3151 3156 4110
3  4403 4200 4409
3  4174 1913 4160
3  3939 3938 4160
3  4174 4160 3938
3  1998 4410 1992
3  1998 4396 4410
3  4200 4199 4409
3  4394 4409 4199
3  4408 4395 4159
3  4403 3715 3718
3  4403 3718 4200
3  4160 4395 4411
3  3710 3709 4200
3  4411 4395 3139
3  4163 879 4191
3  4393 4409 4394
3  4403 4409 4393
3  2288 4065 3940
3  3146 1997 1996
3  4410 4396 4412
3  3139 4395 2772
3  4207 4065 271
3  2345 4322 2342
3  4130 3557 4085
3  3938 4185 3152
3  1940 1997 3146
3  1994 1992 4410
3  4111 3715 4403
3  4412 4066 3717
3  4412 3717 1994
3  4393 3140 2772
3  1996 4175 4413
3  4413 549 1996
3  3718 4066 3710
3  1979 3715 4111
3  4412 4396 4066
3  3718 3710 4200
3  4158 880 4214
3  4410 4412 1994
3  4396 1939 4066
3  4413 1980 549
3  4413 1981 1980
3  4408 2773 2772
3  1980 3567 549
3  4163 2773 4408
3  2771 2773 4163
3  1991 1993 3716
3  3139 3939 4411
3  4159 4158 4214
3  1981 4175 1991
3  4413 4175 1981
3  1996 1997 4175
3  1979 1981 1991
3  1991 3716 1979
3  2290 1998 1992
3  2290 1992 1991
3  3139 3940 3939
3  4160 4411 3939
3  2289 4385 1939
3  4159 4214 4408
3  4163 4408 4214
3  1958 4162 885
3  4163 4191 4156
3  4197 887 886
3  299 2296 2295
3  1973 4167 4165
3  4192 4068 4197
3  4183 1986 1988
3  4162 4183 1988
3  4192 4197 886
3  4194 4162 1988
3  2993 4414 1955
3  1936 4164 4179
3  4164 4165 4184
3  3144 2283 4157
3  2280 2283 3144
3  881 4195 879
3  1955 4414 3942
3  1983 4414 1984
3  1937 4414 1983
3  4167 4098 4097
3  1987 4096 4195
3  4156 4213 1972
3  4167 4166 4098
3  2300 4154 4096
3  4179 4164 4154
3  1985 2993 1496
3  4183 4415 1986
3  1985 1938 1983
3  4113 294 4189
3  4167 4097 4184
3  4164 4184 4097
3  4179 4154 4180
3  2302 4180 4154
3  1990 4415 4183
3  4176 4415 1990
3  4157 4193 4176
3  4157 4178 4193
3  1986 4415 4193
3  1986 4193 2301
3  4176 4193 4415
3  4208 4189 294
3  2281 4208 294
3  885 4416 1958
3  1956 1958 4416
3  1956 4416 885
3  1570 4053 3071
3  4032 4417 4418
3  4210 3722 3150
3  4323 3445 1348
3  2342 4322 3469
3  4210 4235 3722
3  2344 4172 3713
3  4185 4130 4085
3  4322 4321 2983
3  3722 4234 4323
3  3445 4234 3557
3  4323 4234 3445
3  3469 4322 2983
3  1964 1963 4333
3  4172 3151 3713
3  2497 3712 3459
3  4269 4226 4228
3  3447 825 4389
3  3245 826 3447
3  2233 2232 2422
3  2999 4320 3580
3  3646 1245 1244
3  4313 3241 4419
3  1741 1008 1007
3  3785 962 3000
3  3580 3000 2999
3  3001 2349 2352
3  4420 4421 4422
3  2499 2498 3580
3  3785 963 962
3  2702 1244 2499
3  826 825 3447
3  3402 3401 3632
3  2499 3581 2702
3  3872 964 4317
3  2999 3251 4320
3  1872 3011 2704
3  4290 1872 2704
3  1893 3647 826
3  2498 952 3785
3  4423 3439 4424
3  4425 4423 4424
3  3371 2208 3726
3  3000 2498 3785
3  3580 2498 3000
3  1200 1199 3389
3  1841 3816 3815
3  3378 953 2500
3  3645 3648 2216
3  2500 1243 3378
3  3400 3683 3684
3  3400 3402 3683
3  2106 2108 1227
3  1302 3272 3271
3  952 954 3785
3  2500 953 2498
3  952 2498 953
3  2500 2499 1243
3  4426 4427 3772
3  3402 3632 3440
3  932 2216 2217
3  1228 2108 2493
3  2636 3272 2016
3  2242 1227 1226
3  4427 4426 3749
3  3762 4428 3756
3  3370 4427 3371
3  3543 953 3732
3  412 414 1188
3  1573 3752 1574
3  3732 3740 3494
3  3545 3544 2346
3  3377 2242 1226
3  2177 2239 2159
3  3383 4429 2373
3  743 3383 2373
3  3732 1228 3740
3  1226 1228 3732
3  4430 381 4431
3  2412 3390 2413
3  3729 3661 2471
3  3652 3650 3376
3  3652 3376 3728
3  2178 3741 3569
3  3378 3645 3377
3  934 2107 2106
3  3773 2201 3376
3  2470 2339 2338
3  3772 4427 3370
3  3689 4432 3687
3  2242 934 1227
3  538 3681 536
3  3684 2338 2341
3  2471 3661 2470
3  3586 3588 3615
3  3608 3441 3440
3  3608 714 2309
3  2471 3734 4433
3  3695 2471 4433
3  3739 3738 4432
3  4434 3687 4432
3  3730 4434 4435
3  2216 2242 3645
3  2242 3377 3645
3  1893 1892 3726
3  3725 3372 2339
3  3684 4436 3400
3  3729 2471 3695
3  3570 3590 3632
3  3375 3725 2470
3  3444 3248 714
3  3687 4434 3730
3  3630 3671 3629
3  3616 716 3249
3  3630 3616 3249
3  2188 4125 4090
3  3672 3440 3632
3  3401 3570 3632
3  3673 3632 3631
3  3686 3671 3631
3  4224 4437 4222
3  3673 3631 3671
3  3712 3604 4404
3  3629 3671 3686
3  2703 3581 3584
3  3590 3705 3685
3  3457 3705 3590
3  824 3011 4310
3  3631 4438 3686
3  3590 4438 3631
3  3590 3686 4438
3  3685 3705 3596
3  1347 4321 1348
3  2287 448 4401
3  3459 3595 3457
3  3748 3604 3712
3  4327 4388 4404
3  1348 4321 4323
3  4333 4328 3707
3  3748 2324 3604
3  4404 4439 4397
3  3604 4439 4404
3  4397 4439 4407
3  3604 4407 4439
3  4397 4407 4328
3  2325 4440 2326
3  3707 4440 3696
3  3696 4440 2325
3  4404 4388 3712
3  3707 4407 4440
3  2326 4440 3604
3  3604 4440 4407
3  1962 4387 1963
3  1963 4387 4327
3  3712 4388 1962
3  1962 4388 4387
3  3681 3737 3687
3  3681 3687 3730
3  3688 3687 3737
3  3608 3440 714
3  3615 3695 2307
3  2308 2307 3695
3  2199 2201 3688
3  3689 3688 3773
3  3634 3633 3527
3  537 3527 3633
3  3376 3375 3773
3  538 2199 3688
3  3688 2201 3773
3  2308 3695 4433
3  4434 4432 4441
3  4432 3738 4441
3  2308 4433 3608
3  3608 4433 3441
3  3375 3661 3738
3  3441 4433 3734
3  4441 3738 4435
3  4441 4435 4434
3  3773 3739 4432
3  3773 4432 3689
3  3574 3573 2178
3  2178 3572 3574
3  4435 3738 3661
3  4435 3729 3730
3  3661 3729 4435
3  3640 3725 3375
3  2471 3684 3683
3  3640 3370 3725
3  3647 3646 1244
3  3758 2421 2420
3  1302 1304 3272
3  2347 3271 3806
3  3806 2348 2347
3  2635 4442 2636
3  2231 2410 4443
3  4444 4445 4446
3  1841 4447 3816
3  4448 4449 4450
3  3743 2373 1756
3  743 2373 3743
3  916 2408 3514
3  3433 3797 3801
3  3798 3797 3433
3  3797 2627 3788
3  3869 2627 1168
3  2243 907 2466
3  1736 3386 2583
3  4451 2627 3836
3  2656 924 4452
3  2656 4452 2650
3  3796 4453 4454
3  3869 1168 2671
3  3788 2627 4451
3  1778 1062 1694
3  2219 2716 2715
3  3830 3788 4451
3  1169 1170 1782
3  4455 1679 566
3  3765 3823 3763
3  4456 4457 4458
3  4459 1207 1166
3  2226 4458 4457
3  3780 1144 3781
3  2671 1168 2672
3  1148 3275 1149
3  2626 994 1170
3  1780 3387 1781
3  3369 182 3367
3  1780 3824 3387
3  3850 3849 3867
3  853 852 1134
3  2964 2698 564
3  599 2929 4460
3  1782 4461 2380
3  1782 4430 4461
3  3387 3824 3829
3  4462 380 994
3  2225 2224 3828
3  1782 379 381
3  2965 2925 1441
3  1185 2219 2218
3  2219 2964 2716
3  2716 2964 1148
3  3275 1148 2964
3  654 653 4279
3  2644 947 2707
3  2931 3348 4463
3  3348 4464 4463
3  1094 3877 1127
3  4465 395 3257
3  622 3868 831
3  3347 2930 2932
3  3876 2723 2725
3  394 3361 395
3  3853 3837 3779
3  702 703 3017
3  2274 462 2951
3  3363 395 4465
3  4466 3610 4227
3  2707 3317 2756
3  4359 4361 4239
3  4220 4202 4299
3  4289 4288 4308
3  3357 4072 4132
3  3357 4132 4078
3  3873 3241 4313
3  3251 3873 1873
3  4313 4226 4314
3  3873 4314 1873
3  1873 4314 4226
3  1874 1873 4226
3  3245 3723 826
3  1068 1860 1009
3  4303 4467 4468
3  4303 3817 4467
3  3545 4469 3786
3  1872 3001 3447
3  1872 2349 3001
3  4470 4118 4471
3  3198 4118 4470
3  1874 2349 1872
3  1874 2350 2349
3  4132 3290 4312
3  4370 4472 4473
3  3883 4474 3546
3  4228 4311 4270
3  3610 4466 3611
3  2947 4288 2945
3  4228 4227 4311
3  4313 3611 4226
3  4313 3612 3611
3  2982 2638 2640
3  4309 4263 4079
3  4386 4475 4315
3  3612 4419 4300
3  4079 4078 4132
3  4470 4476 4477
3  4079 4132 4312
3  3610 3612 4309
3  4309 3612 4300
3  4243 4182 4376
3  3865 4478 4479
3  3865 4318 4478
3  4466 4227 3611
3  4226 3611 4227
3  3883 3546 3884
3  4313 4419 3612
3  4315 4308 4082
3  4299 4285 4078
3  4311 4079 4312
3  3610 4079 4227
3  4311 4227 4079
3  4153 4386 4082
3  4370 1046 3859
3  4079 4262 4373
3  2994 4480 4118
3  3554 4300 4419
3  4476 4481 4482
3  4273 4272 4482
3  4296 4282 413
3  4261 4357 4375
3  2351 4287 4289
3  2351 3290 4287
3  4312 3290 4270
3  4483 4484 4485
3  4486 4487 4488
3  4317 3242 3872
3  4182 4223 4222
3  4315 4437 4224
3  4243 4489 4107
3  4489 4475 4153
3  4386 4153 4475
3  4490 2431 4491
3  4270 4307 2351
3  4270 3290 4307
3  414 413 4282
3  3549 4492 3547
3  4317 3754 3753
3  3242 4317 3753
3  4493 4211 4031
3  4478 4494 4479
3  4298 4495 4496
3  3755 4497 4295
3  4498 3865 4499
3  3241 3873 3872
3  3242 3241 3872
3  4269 4270 2350
3  2351 2350 4270
3  1084 3366 1082
3  2715 1030 2219
3  1030 401 2219
3  2715 399 1030
3  3275 3274 1149
3  3851 3840 4500
3  1173 1134 723
3  1136 1135 2218
3  1172 1173 722
3  1158 1146 1051
3  1051 1146 1050
3  2639 3281 809
3  850 1120 2641
3  401 400 2218
3  1198 2642 1088
3  2927 996 995
3  1198 987 2643
3  1198 1197 987
3  2686 80 4501
3  220 849 848
3  88 2642 987
3  1126 4502 1133
3  850 849 4502
3  49 2710 421
3  4460 3269 599
3  1185 2722 2219
3  3267 3266 3268
3  850 4502 1120
3  1126 1120 4502
3  1127 1133 1094
3  396 3363 3352
3  2686 4501 1086
3  4503 3273 212
3  2723 2724 2725
3  570 1048 665
3  1084 394 3320
3  1450 1449 4358
3  1057 1784 1054
3  1057 3278 1784
3  1119 599 596
3  3330 4504 3329
3  2850 1452 4505
3  3015 3842 3016
3  853 3845 851
3  1784 3278 1785
3  1056 1089 3278
3  1057 1056 3278
3  2731 3258 2269
3  663 2708 4506
3  252 2663 253
3  568 2663 252
3  49 568 252
3  2664 50 251
3  2661 3278 782
3  1089 782 3278
3  783 782 1089
3  784 2665 782
3  782 2665 2666
3  1145 437 436
3  1056 1055 4501
3  4507 645 3342
3  251 253 2662
3  569 568 421
3  2699 1010 2697
3  253 4506 2662
3  663 4506 664
3  2662 4506 2708
3  2901 4505 2902
3  2901 1453 4505
3  38 37 4508
3  664 4506 253
3  80 1056 4501
3  1783 3273 4503
3  1055 1783 4503
3  1055 4503 4501
3  4501 4509 1086
3  4503 212 4509
3  4503 4509 4501
3  3876 2722 2723
3  3876 2219 2722
3  1127 1126 1133
3  1161 1080 1106
3  848 1051 221
3  3844 3860 3277
3  1077 1078 2724
3  3877 2707 2756
3  1127 3877 2756
3  599 1119 2929
3  4510 4511 4464
3  1119 1125 2929
3  3267 3269 4460
3  3848 2680 4512
3  3269 597 599
3  3269 3268 597
3  4463 4464 4511
3  1077 3277 3860
3  3303 3316 2921
3  1041 3258 2924
3  16 15 3328
3  2685 720 719
3  3267 4463 4511
3  3270 2685 719
3  2929 4463 4460
3  2931 4463 2929
3  2647 2646 212
3  3283 2646 2892
3  210 2646 3283
3  3270 719 1036
3  2902 4505 3263
3  895 462 896
3  3291 3315 3358
3  3308 3302 3301
3  4513 3334 4514
3  2791 2790 2821
3  2948 3265 2897
3  2898 2897 3263
3  684 3286 3291
3  891 374 892
3  2727 3365 2942
3  4515 4516 571
3  3288 3287 3301
3  3289 3288 3301
3  2450 1440 955
3  565 297 296
3  3013 565 296
3  3289 3320 2712
3  2726 3365 2727
3  2712 3297 2713
3  3288 2712 2714
3  3365 3320 3350
3  3350 3320 3289
3  1041 3350 3289
3  3319 2944 3354
3  3319 3354 3353
3  3306 2953 955
3  2726 757 4517
3  298 2925 2965
3  3284 3352 3363
3  4510 758 1012
3  2450 3362 3230
3  2752 1883 3229
3  831 890 2711
3  1017 2958 2960
3  1017 2960 2938
3  1442 2953 3306
3  2720 3295 2669
3  955 452 2749
3  1440 2450 3252
3  1084 4517 3366
3  3320 3365 4517
3  3365 2726 4517
3  4510 3266 4511
3  4510 1012 3266
3  4463 3267 4460
3  2675 4518 2935
3  3323 2935 4518
3  3284 3363 3285
3  3267 4511 3266
3  2756 3317 2757
3  2932 1125 4519
3  1454 3009 2914
3  4520 2751 4521
3  1014 307 2403
3  305 307 1014
3  3362 2749 3230
3  395 3361 3257
3  1083 3257 3361
3  3285 4519 1125
3  758 298 3255
3  4522 4523 4524
3  3281 564 563
3  3323 4518 3324
3  3281 2964 564
3  564 2698 2697
3  2964 3276 3275
3  3281 3276 2964
3  4525 2679 2682
3  2037 2039 1190
3  2037 1190 4526
3  3838 3274 3839
3  2982 4523 3841
3  3874 3276 2639
3  4527 4528 3866
3  2694 2911 1043
3  2694 1043 1042
3  4529 4530 4488
3  4529 4488 4487
3  4500 4531 4532
3  4533 4492 3549
3  4049 1947 3163
3  4526 1190 4534
3  4534 1190 4535
3  3780 3779 4450
3  3802 4450 3779
3  4536 4485 2232
3  2232 4485 3784
3  3870 3779 3781
3  4537 4538 3949
3  464 2275 2740
3  3846 3838 4539
3  3602 4540 3601
3  4526 4540 3602
3  1188 1190 2039
3  4497 3755 3754
3  4499 4479 3755
3  4512 3852 3848
3  4541 3753 4318
3  3753 4478 4318
3  1046 4512 2680
3  4303 4468 4301
3  2038 1188 2039
3  3817 3625 3818
3  3643 2489 3782
3  954 3786 3785
3  3601 4540 4497
3  2806 4542 2804
3  3857 3856 3776
3  1840 1842 3602
3  3855 3831 1142
3  3791 3792 2354
3  4488 4530 3811
3  2231 4536 2232
3  4443 4536 2231
3  2355 3451 3767
3  2355 3804 3451
3  3624 1840 3601
3  3835 3834 3827
3  54 815 57
3  3776 4420 3819
3  4543 3776 3819
3  4469 3768 3786
3  3755 4494 3753
3  2238 1284 3775
3  954 3545 3786
3  746 748 1758
3  3759 4544 3768
3  3624 3759 3761
3  3623 3624 3761
3  3768 4544 3770
3  2016 2221 2636
3  2438 4545 3744
3  3680 3733 4546
3  2493 1866 2494
3  3741 2177 3568
3  1416 3569 2138
3  877 3569 1416
3  1572 1574 2206
3  1866 1865 2494
3  1285 1284 2238
3  3726 2208 1893
3  2502 2429 744
3  3643 2492 2490
3  2214 949 1871
3  3648 2209 2216
3  2220 2214 2221
3  2017 2220 2016
3  2017 2488 2490
3  2017 2490 2492
3  1285 3644 1286
3  2017 1303 2488
3  1859 1068 4442
3  3643 1286 2492
3  1227 2108 1228
3  3450 4428 3762
3  1867 1866 2107
3  2108 2107 2493
3  2493 2107 1866
3  3751 2491 1286
3  2492 2491 2017
3  2220 2017 2491
3  2491 3752 2214
3  2178 3644 2179
3  3782 2489 2494
3  3782 2494 3746
3  2491 2214 2220
3  1573 2214 3752
3  2636 4442 1068
3  3446 4547 2346
3  3271 1067 3662
3  3810 3809 4548
3  4549 1066 4550
3  4549 1067 1066
3  1302 2347 2346
3  3662 4549 2422
3  3662 1067 4549
3  4445 4551 4446
3  4551 4552 4446
3  1302 3271 2347
3  2235 1897 1179
3  2103 3747 1871
3  3759 3768 4469
3  3786 3768 963
3  3580 4320 3585
3  4547 3545 2346
3  3446 3783 4547
3  4443 4446 4552
3  4443 4552 4536
3  2806 3855 4542
3  2203 1829 741
3  3759 4469 3760
3  2635 2221 3747
3  2221 1871 3747
3  1574 3644 1894
3  4442 3747 1859
3  2635 3747 4442
3  2179 2239 2177
3  3401 3617 826
3  3747 3436 1860
3  3747 1860 1859
3  2165 741 1828
3  2103 1007 3436
3  1730 2203 741
3  4553 4554 4555
3  2372 2373 4429
3  3807 744 743
3  3807 743 3743
3  3662 2421 2348
3  1776 3420 1774
3  4550 1066 2413
3  2375 2413 1066
3  3794 3765 3764
3  3383 4556 4429
3  2413 3390 2411
3  201 203 3600
3  4557 4558 4483
3  3766 1833 3599
3  1756 1755 2405
3  4559 4560 4561
3  1138 4560 4559
3  3799 1210 4462
3  3388 339 1771
3  4562 4563 4564
3  3764 3795 3794
3  3795 3764 4453
3  994 379 1170
3  3792 3433 3801
3  3797 3788 3801
3  4454 4565 3399
3  3825 3829 3824
3  2626 4462 994
3  4462 1210 380
3  1160 1116 1115
3  3797 3799 4462
3  3797 4462 2626
3  3800 3787 2354
3  201 3600 3599
3  3799 3435 1210
3  1756 2405 3743
3  2372 2353 1757
3  3435 3799 3798
3  3798 3433 3435
3  2805 3805 3787
3  3805 3804 3787
3  3801 3787 3800
3  3801 3788 3787
3  4448 4566 4449
3  4476 4482 4567
3  4568 4569 4570
3  2355 3787 3804
3  2355 2354 3787
3  3451 3804 3452
3  564 4571 565
3  1141 4571 564
3  2374 1755 1757
3  2374 1757 3767
3  744 3807 2502
3  4572 2428 3399
3  4573 4574 1201
3  2374 4575 4576
3  3598 3600 203
3  3598 203 1774
3  3515 4574 4577
3  3389 2409 3390
3  2409 2411 3390
3  3389 1199 2409
3  4550 2413 3561
3  4550 4578 2233
3  565 4571 1141
3  4467 3819 4422
3  3758 3784 3783
3  2420 2232 3784
3  2420 3784 3758
3  4526 3602 2037
3  3816 3802 2038
3  3624 4544 3759
3  4547 3783 3761
3  1840 3625 1841
3  3805 2804 4542
3  2380 2620 1782
3  4447 4579 4423
3  3805 4542 3811
3  1189 414 4282
3  1149 3826 1150
3  4568 4580 4445
3  4536 4483 4485
3  4536 4552 4557
3  4557 4552 3778
3  4423 3816 4447
3  4447 1841 4302
3  4423 4425 3816
3  2805 2804 3805
3  3240 3753 4541
3  3853 4581 3837
3  4582 4581 3853
3  4483 3858 3857
3  3856 3858 4483
3  4302 3625 3817
3  3851 3838 3840
3  4583 2041 3853
3  4584 3777 3856
3  4558 4584 3856
3  3817 4303 4302
3  2040 963 3768
3  4422 4421 4467
3  4536 4557 4483
3  4585 1790 4586
3  2407 4587 1199
3  3452 3810 4588
3  3810 3452 3805
3  4530 4589 4424
3  4590 4589 4530
3  4551 4580 4552
3  2038 2037 3815
3  4591 3883 3885
3  4591 3885 4240
3  2681 3848 3851
3  1842 2037 3602
3  1841 2037 1842
3  3815 2037 1841
3  1188 414 1189
3  3822 3839 3274
3  4357 4592 4356
3  4317 3601 3754
3  3554 4593 3555
3  4594 3547 4492
3  3242 3753 3240
3  3601 4497 3754
3  4370 2740 2739
3  4295 4499 3755
3  3008 1960 3005
3  2997 2669 2998
3  4221 4375 4278
3  590 3462 4595
3  590 4595 4390
3  4596 4597 4598
3  4374 4261 4375
3  3006 4118 4599
3  4375 4221 4355
3  4375 4355 4374
3  4271 4273 4251
3  4261 4374 4262
3  4271 4251 4261
3  4077 4079 4373
3  3300 4600 4493
3  3300 4493 4031
3  3309 4601 3210
3  3946 2994 3006
3  3946 4602 2994
3  4355 4077 4373
3  4476 4470 4471
3  4263 4300 4271
3  4272 4271 4300
3  4145 4063 4054
3  4342 4031 4146
3  4603 2827 4204
3  1433 3170 3909
3  3784 4484 3761
3  4543 3761 4484
3  4144 4604 4417
3  4145 4144 4417
3  4493 4600 4605
3  4351 1953 4260
3  4485 4484 3784
3  4032 4418 4030
3  4054 4606 4145
3  4605 4607 4493
3  4061 1433 3909
3  3898 4038 4342
3  4212 4607 4063
3  1514 3974 1512
3  4212 4145 4417
3  4212 4417 4032
3  3164 4606 4049
3  4145 4606 3164
3  4030 4608 2282
3  4039 4609 4610
3  4089 3945 4037
3  3776 4484 3857
3  4418 4417 4604
3  3972 3945 4088
3  3026 4611 4612
3  3026 4612 4613
3  3974 3973 1512
3  4493 4212 4211
3  4087 4606 4054
3  3026 4050 4611
3  1949 4047 1933
3  4037 4614 1570
3  4053 1570 4614
3  4053 4614 4037
3  1948 4049 4606
3  4615 3972 4088
3  4600 4615 4056
3  4088 4056 4615
3  3070 3945 3972
3  4087 1948 4606
3  1948 4087 4048
3  3982 3971 4346
3  1485 1484 3954
3  4616 4617 633
3  4049 1948 1947
3  4061 4062 3021
3  465 502 1472
3  1557 1570 4062
3  426 427 1567
3  4618 4619 4024
3  1460 3049 3048
3  3221 4620 3952
3  4621 3952 4620
3  3021 4062 1570
3  3953 3954 3208
3  3953 3208 4027
3  1468 1467 3954
3  4016 4018 393
3  4619 4622 4623
3  2769 1264 2841
3  4624 4625 4626
3  3073 3115 4627
3  1466 3110 4621
3  4628 4629 4630
3  1532 4631 457
3  259 457 4631
3  4632 4001 4000
3  366 2616 348
3  4633 4634 4635
3  4636 4637 4638
3  1524 1523 4639
3  2838 4029 2843
3  4640 2838 2843
3  4641 4642 4643
3  164 3043 367
3  346 348 2616
3  4626 4644 4645
3  4639 4646 4647
3  3999 4001 4648
3  389 4641 4649
3  4006 4011 4650
3  3201 3066 3992
3  1274 2825 635
3  4651 2825 1274
3  3966 991 4043
3  3985 4652 3986
3  4617 163 162
3  3171 2859 4653
3  3026 1439 1438
3  3026 1438 3025
3  2895 633 632
3  2781 4057 2768
3  2143 2142 4206
3  3212 4654 4655
3  3157 3158 4043
3  4656 4284 4603
3  1925 3157 1923
3  3063 3157 1925
3  3142 4657 4612
3  3983 4657 3142
3  2884 1488 1487
3  3984 4658 4659
3  164 163 3043
3  4660 2861 2860
3  2990 4367 2991
3  2895 3889 988
3  3979 1535 4661
3  457 4662 1533
3  2768 4058 2858
3  3958 3189 2882
3  4600 3300 3299
3  3702 3158 513
3  989 3956 1486
3  2143 4663 3975
3  3702 3968 3158
3  4664 100 460
3  3172 3171 4019
3  3954 1484 1468
3  1506 1468 1484
3  3954 1467 1501
3  4274 4043 991
3  4274 991 1923
3  4062 4046 1557
3  1433 4061 4380
3  3997 3064 3998
3  505 1507 385
3  4658 446 4660
3  4658 162 446
3  4658 631 162
3  1005 368 4046
3  3991 3952 4665
3  3991 4665 3990
3  4483 3857 4484
3  1429 3035 3037
3  3995 3035 1429
3  1470 1459 1479
3  4666 4380 3109
3  1433 4380 4666
3  3021 2828 3990
3  4667 4668 3048
3  443 135 4666
3  3171 4620 3221
3  4206 4205 4663
3  1486 1907 1487
3  3009 4669 4670
3  2895 632 3889
3  1923 3157 4043
3  3064 3222 4349
3  3998 1925 3989
3  3998 3064 1925
3  3064 4349 3063
3  3991 4284 3952
3  1554 4620 3171
3  4667 3047 3129
3  2779 4009 4671
3  1431 3055 331
3  499 429 500
3  3995 4051 1485
3  883 3066 3201
3  4022 4024 4653
3  4026 3051 4027
3  1554 1466 4621
3  1554 4621 4620
3  1474 357 465
3  1474 465 1472
3  1493 1471 517
3  3036 4025 3037
3  1461 4046 3909
3  4062 3909 4046
3  357 520 355
3  3021 3990 4061
3  476 3049 1460
3  1485 3953 3996
3  4672 4652 4025
3  444 443 1006
3  1541 3951 4013
3  458 4021 1518
3  458 329 4021
3  3995 1429 1431
3  4623 4673 4674
3  4623 4622 4673
3  4675 4676 1435
3  4653 4623 4674
3  4658 4660 4659
3  4653 2859 4022
3  4677 4678 2844
3  4660 445 2861
3  3984 631 4658
3  4679 4680 4681
3  631 3984 632
3  4682 4683 4684
3  4685 4681 4680
3  4685 4686 4681
3  4687 4622 4688
3  4687 392 393
3  3069 2617 1549
3  3067 4689 4690
3  1543 4676 1541
3  1436 4676 1543
3  4028 1519 4029
3  4618 4688 4619
3  3986 4016 4691
3  347 1539 393
3  4013 4002 1541
3  3985 4692 3155
3  1533 3994 1549
3  3069 1549 3994
3  331 3056 3052
3  4021 3155 1518
3  4651 2823 2825
3  3987 1517 4692
3  3987 4692 3985
3  346 1540 347
3  1539 347 1540
3  2616 366 4693
3  3023 4694 4679
3  4013 1550 4002
3  2822 2800 2760
3  3212 4655 4695
3  3918 3034 2811
3  2721 3167 3114
3  3031 3030 3132
3  3904 1523 3111
3  4639 1523 3904
3  3112 3181 2863
3  3904 1272 4639
3  2816 2815 4616
3  1272 1274 4646
3  2844 4029 1519
3  1431 3053 3055
3  1543 366 1436
3  3104 3103 3176
3  3178 4696 4697
3  2776 3179 2845
3  2769 1522 2770
3  2867 2774 2865
3  2776 2865 2774
3  2769 2783 1522
3  2782 1522 2783
3  2780 4698 2781
3  3902 4695 2719
3  4636 4669 4637
3  2272 2271 3922
3  4699 2845 3192
3  3183 3192 3179
3  4700 2841 1264
3  3165 3028 24
3  2846 2865 2847
3  2814 2883 3188
3  3906 2870 4701
3  403 434 24
3  2841 4700 1447
3  2855 3338 3905
3  3092 4702 4703
3  4704 4705 4701
3  4704 4701 2870
3  1522 3029 1523
3  3131 4706 2869
3  2869 4706 340
3  341 340 4706
3  2881 2841 2842
3  2770 1524 4639
3  3027 4707 2880
3  2866 2865 2846
3  2860 4708 4659
3  529 2764 2822
3  3992 4709 3993
3  2867 2864 3132
3  404 97 742
3  4650 4710 4006
3  3029 2782 3030
3  3068 4711 4632
3  3190 3009 4670
3  4679 3933 4028
3  3131 3072 2867
3  3165 3062 3028
3  4705 3062 3165
3  3895 2667 3922
3  3919 4648 3067
3  341 3027 342
3  3125 4712 4713
3  3098 4713 4712
3  3098 4712 3125
3  3118 556 4700
3  2823 3153 2894
3  2796 2793 1544
3  3098 3136 4713
3  3117 4714 556
3  4700 556 558
3  1447 4700 558
3  3186 641 4715
3  3028 4716 323
3  3184 3126 3336
3  638 3114 4717
3  324 557 556
3  326 557 324
3  4718 642 4719
3  1542 1541 4002
3  51 4720 698
3  2869 3906 3131
3  3009 4637 4669
3  3061 4721 342
3  2721 3125 4700
3  4700 1264 2721
3  3175 3166 3040
3  3114 3166 3175
3  3118 4700 3125
3  4705 4704 3062
3  58 3154 1264
3  1264 3154 2721
3  3167 2721 3154
3  3184 3336 4722
3  3097 3138 3039
3  669 2817 687
3  470 4722 3336
3  3179 2776 2775
3  2775 2774 3179
3  3137 53 52
3  2797 343 695
3  3039 3138 2839
3  3125 640 3098
3  4723 582 643
3  4723 4724 582
3  59 1544 2793
3  3136 639 4725
3  3098 639 3136
3  4720 51 4703
3  4717 3114 4726
3  3062 342 3028
3  1274 3181 4647
3  341 4707 3027
3  3031 3132 2864
3  342 3027 2881
3  4707 341 4706
3  841 540 2838
3  2880 4707 4706
3  2774 3073 3041
3  2880 2784 2769
3  4643 2866 2846
3  1522 2782 3029
3  4727 4728 4729
3  4727 4729 4730
3  4639 4647 2770
3  3131 3132 4706
3  2880 4706 3132
3  4731 4732 3065
3  2857 2856 4733
3  1521 2812 4677
3  389 4697 4641
3  4734 4697 389
3  4697 4696 4642
3  4671 4009 4008
3  4735 4676 4675
3  4643 2846 4699
3  3072 2774 2867
3  787 1195 785
3  3950 4711 3068
3  539 541 434
3  3031 4736 3178
3  3178 4736 4696
3  4737 4627 3045
3  3045 552 4737
3  4699 2846 2845
3  3112 4647 3181
3  3066 3065 4709
3  429 499 1460
3  1521 4738 3068
3  2810 4000 3999
3  4711 4735 4632
3  4738 3950 3068
3  3068 2812 1521
3  4619 4688 4622
3  2843 4029 2844
3  4711 3950 3951
3  3023 259 4739
3  4648 4731 3067
3  3188 4670 4689
3  3908 3188 4689
3  313 312 4695
3  4689 4669 4690
3  4705 3165 541
3  4694 3023 4739
3  3182 4740 4635
3  552 3216 3215
3  3892 3046 3045
3  1510 3892 3045
3  24 434 541
3  4741 4742 4743
3  4744 4743 4742
3  4744 4742 4741
3  4745 4744 4741
3  3044 1546 1545
3  1545 1547 4004
3  4746 4739 259
3  4679 4681 3933
3  1532 4014 4631
3  1436 1435 4676
3  4677 2844 1521
3  2869 2870 3906
3  541 540 4705
3  3067 4731 3065
3  4735 4711 4676
3  4018 4017 4673
3  3951 1541 4676
3  3951 4676 4711
3  4685 4680 4694
3  3986 4691 3987
3  1449 4747 2875
3  2875 4358 1449
3  634 2761 635
3  4682 4748 4683
3  331 3052 329
3  4013 1532 1550
3  3054 4020 3052
3  3953 4027 3050
3  386 542 387
3  4692 1517 4015
3  330 103 331
3  1489 1491 260
3  4666 248 443
3  330 457 259
3  3155 1430 1429
3  4021 4020 3054
3  4015 3155 4692
3  3035 3953 3050
3  3996 3953 3035
3  1517 3987 458
3  4023 445 4618
3  4020 329 3052
3  163 4709 4749
3  3054 1430 4021
3  3155 4021 1430
3  633 4617 631
3  4750 2844 4678
3  3934 3950 3932
3  4028 1520 1519
3  3932 1520 4028
3  446 445 4660
3  2844 1519 1521
3  4638 4751 4684
3  4675 4632 4735
3  366 1543 4693
3  2815 3908 882
3  1521 1520 4738
3  3932 4738 1520
3  3067 3032 3919
3  3932 4028 3933
3  3041 4752 3182
3  4699 4753 4649
3  4731 1435 1434
3  3190 4670 3188
3  4695 1455 313
3  4014 3951 3934
3  3908 4689 883
3  4754 4004 1548
3  4690 4744 4745
3  4637 4755 4638
3  1455 1454 2989
3  458 4662 457
3  4655 2717 2719
3  3219 3235 4756
3  4757 1537 1536
3  4011 4634 2718
3  3225 1477 3226
3  4758 4650 4759
3  1454 4637 3009
3  3918 2810 3999
3  2885 2781 2768
3  4757 1536 4760
3  2718 4634 3902
3  4744 4684 4683
3  4698 2779 4761
3  2780 2779 4698
3  3218 3318 4762
3  4689 4670 4669
3  4057 4698 4058
3  4763 4058 4698
3  2781 4698 4057
3  1552 1551 4264
3  2719 2718 3902
3  1924 3989 1925
3  4764 2717 3979
3  4764 3979 4661
3  1535 1537 4765
3  4741 4740 4766
3  4741 4766 4745
3  2279 4747 1449
3  4763 3024 4058
3  2858 4058 3024
3  2991 3956 989
3  989 1486 1488
3  3952 4349 3222
3  4767 3182 4752
3  3902 1455 4695
3  552 3215 4768
3  3191 3133 4697
3  3919 3999 4648
3  3224 3893 786
3  3024 4757 4760
3  3978 1536 1535
3  3952 4656 4349
3  404 99 288
3  4757 3024 4763
3  1195 787 3212
3  4635 4005 3183
3  2844 4750 4769
3  4633 4741 4748
3  1454 4770 4637
3  635 2825 2824
3  4633 3902 4634
3  4636 4744 4690
3  4763 1537 4757
3  3999 3919 3918
3  4655 2719 4695
3  312 3212 4695
3  4770 4755 4637
3  4682 3903 4633
3  311 3224 1196
3  787 2667 3895
3  3894 4771 2278
3  4772 4773 3311
3  4774 3311 4773
3  4775 4776 4777
3  2734 4777 4776
3  1449 2272 2278
3  3922 2667 2278
3  313 1919 3935
3  4774 4776 4775
3  2916 2915 4778
3  2875 2963 2736
3  2961 2736 2963
3  3927 4372 3928
3  4779 4780 2957
3  3922 2278 2272
3  3224 311 3935
3  3894 3893 4781
3  3935 3893 3224
3  3935 4781 3893
3  1918 2957 1919
3  4782 4774 4773
3  4781 4782 3894
3  4771 3894 4782
3  3193 1919 2732
3  3194 4776 4783
3  2991 4368 3956
3  766 4258 764
3  2758 4252 4257
3  1906 1486 3956
3  764 3956 4368
3  1528 3967 3957
3  4346 4281 4344
3  1528 4343 1529
3  4256 4252 4242
3  1876 4283 766
3  4784 3225 3926
3  4036 4035 4147
3  2986 4785 4076
3  4267 4257 4252
3  4268 4256 4347
3  4268 4347 3981
3  3206 4254 3924
3  4342 4146 3896
3  3924 4369 2987
3  821 551 439
3  4209 48 2660
3  3879 3881 4353
3  3981 3980 4268
3  4266 3880 3879
3  633 2816 4616
3  3159 1529 3881
3  4346 4344 3982
3  4347 4036 4362
3  4076 4785 4362
3  2884 3959 2882
3  4347 4362 2988
3  2987 2809 3924
3  2988 4362 4785
3  2988 4785 2986
3  3205 3981 4254
3  3924 4254 4369
3  4347 4254 3981
3  4347 4369 4254
3  4248 1553 4244
3  4382 286 3936
3  1876 3976 4283
3  4257 4248 4244
3  4248 4277 1553
3  4268 4267 4256
3  4267 4252 4256
3  4786 3916 2975
3  4366 3926 4348
3  3881 3967 3159
3  3159 3967 1528
3  4266 4265 4354
3  3228 4354 4265
3  4340 4351 4259
3  2767 731 2768
3  4346 3971 4121
3  4255 4343 4034
3  3899 2970 2969
3  4343 4255 4353
3  765 4367 2990
3  4345 4283 4344
3  4281 4286 4344
3  2277 4538 2908
3  3188 2882 3189
3  883 4689 3067
3  2735 2875 2736
3  2762 4787 3312
3  4354 4788 4266
3  3880 4266 4788
3  4772 3311 4789
3  4354 3960 4788
3  4790 4791 4601
3  4371 1475 4792
3  4371 4792 4366
3  3881 3880 3967
3  3880 4788 3967
3  4206 4663 2143
3  1906 3960 1907
3  1512 4600 3299
3  2762 4786 4787
3  3967 4788 3960
3  3958 3960 4354
3  3228 4372 3190
3  3957 3960 1906
3  1487 1907 3959
3  1487 3959 2884
3  2895 990 2814
3  4636 4638 4684
3  4793 3993 4794
3  4795 3043 4796
3  4796 163 4749
3  3984 3886 632
3  3979 4655 4797
3  4684 4744 4636
3  4690 4669 4636
3  882 3993 4793
3  884 3993 882
3  2914 1917 2989
3  4750 3216 552
3  3902 4633 3903
3  4769 554 553
3  4769 4750 554
3  4628 4737 4629
3  3030 2880 3132
3  1273 3094 3153
3  3032 3034 3918
3  2812 3033 4677
3  3034 3033 2812
3  4752 4627 4628
3  3183 3182 4635
3  1434 4732 4731
3  4795 1434 3043
3  1435 4001 4632
3  4632 4675 1435
3  4732 1434 4798
3  4731 4648 1435
3  3183 3179 3042
3  3044 3046 1546
3  3192 4753 4699
3  3042 3041 3182
3  841 2838 4640
3  2843 4004 4754
3  1545 4004 2843
3  3213 3216 4678
3  4633 4748 4682
3  4626 4625 4758
3  4767 4740 3182
3  4710 4007 4006
3  3918 2811 2810
3  259 4631 4746
3  2718 4764 4012
3  3033 3213 4677
3  4727 4799 4759
3  4727 4759 4650
3  4650 4011 4727
3  1456 3903 4770
3  4628 4630 4752
3  4752 4630 4767
3  97 712 98
3  4635 4741 4633
3  3067 4745 3032
3  3067 4690 4745
3  4640 3890 842
3  841 4640 842
3  3178 4697 3133
3  4800 390 4753
3  4729 4764 4661
3  4734 3191 4697
3  3932 3950 4738
3  4740 4767 4768
3  4737 4801 4629
3  3213 3033 3032
3  4629 4768 4630
3  4011 4728 4727
3  4635 4740 4741
3  1546 3891 3890
3  3213 4678 4677
3  4630 4768 4767
3  4745 4802 3032
3  4803 4685 4694
3  3046 3892 3891
3  4728 4012 4729
3  4683 4748 4743
3  4683 4743 4744
3  4629 4801 4768
3  1545 553 3044
3  4679 4028 2838
3  552 554 4750
3  3045 553 552
3  1545 4769 553
3  3994 4662 1538
3  3994 1533 4662
3  4682 4751 3903
3  2843 4754 4640
3  4754 3890 4640
3  4804 3214 3032
3  3213 3032 3214
3  4768 4801 552
3  552 4801 4737
3  4750 4678 3216
3  4802 4804 3032
3  1545 2844 4769
3  3046 3891 1546
3  553 3045 3044
3  1509 1511 4805
3  1546 3890 1548
3  540 4805 4705
3  3115 1508 1510
3  1446 4806 2842
3  4716 4806 1446
3  2812 2811 3034
3  1548 3890 4754
3  1509 4807 1510
3  2842 4806 3028
3  1510 3045 4627
3  1510 4627 3115
3  2868 4704 2870
3  2868 340 4704
3  3028 4806 4716
3  4628 4627 4737
3  3073 4627 3041
3  3041 4627 4752
3  540 842 4805
3  842 3892 4805
3  4805 4807 1509
3  3892 4807 4805
3  3933 4686 3934
3  3892 1510 4807
3  2810 3068 4000
3  165 4618 445
3  3068 4632 4000
3  479 259 3023
3  4686 4685 3934
3  4617 4616 4793
3  3933 4681 4686
3  587 712 26
3  3023 4679 539
3  539 4679 2838
3  4694 4680 4679
3  4803 4739 4808
3  1435 4648 4001
3  3988 4708 2860
3  4793 4794 4617
3  4631 4808 4746
3  4796 3043 163
3  4014 3934 4685
3  4739 4746 4808
3  4803 4694 4739
3  4014 4685 4808
3  4631 4014 4808
3  4023 4618 4024
3  4803 4808 4685
3  1538 4691 1539
3  458 3987 4662
3  1539 4691 4016
3  3067 3066 883
3  163 3993 4709
3  3094 3338 3153
3  4011 4006 4634
3  4662 3987 4691
3  4662 4691 1538
3  1539 4016 393
3  393 4018 4687
3  26 97 24
3  4673 4687 4018
3  4687 4673 4622
3  4618 4809 4688
3  4024 4623 4653
3  4619 4623 4024
3  4674 4673 4017
3  4674 4017 3986
3  476 1460 499
3  4687 4810 392
3  164 392 4810
3  164 4809 165
3  4688 4810 4687
3  1924 3888 3989
3  3997 3984 4659
3  3220 3997 4659
3  1924 3889 3888
3  1924 988 3889
3  3986 4652 4674
3  4022 2861 445
3  3220 3988 3221
3  4659 4708 3220
3  3988 3220 4708
3  2860 2862 3988
3  3037 4652 3985
3  632 3886 3889
3  3989 3887 3997
3  3997 3887 3984
3  2859 2861 4022
3  3988 2859 3171
3  3988 2862 2859
3  4659 4660 2860
3  631 4617 162
3  165 4809 4618
3  4795 4798 1434
3  4802 3214 4804
3  4768 4811 4740
3  100 4664 1463
3  3908 883 882
3  2815 882 4616
3  4793 4616 882
3  4770 3903 4755
3  4684 4751 4682
3  4617 4794 163
3  4749 4709 4795
3  3065 4795 4709
3  4794 3993 163
3  4749 4795 4796
3  3065 4798 4795
3  3065 4732 4798
3  3992 3066 4709
3  164 4810 4809
3  4688 4809 4810
3  3069 1540 2617
3  4643 4642 2866
3  4697 4642 4641
3  3078 3095 666
3  2856 3905 3111
3  4729 4012 4764
3  4649 4753 390
3  2782 2784 3030
3  3030 2784 2880
3  2770 4647 3112
3  4646 4639 1272
3  4643 4649 4641
3  4758 4644 4626
3  2864 2866 4642
3  4699 4649 4643
3  3978 4812 1536
3  2872 4010 2779
3  4011 4012 4728
3  4661 4730 4729
3  4698 4761 4765
3  4799 4671 4008
3  4734 4626 4733
3  389 4626 4734
3  4008 4645 4799
3  2857 4645 4008
3  4710 4800 4007
3  4800 3192 4007
3  4634 4005 4635
3  1274 1273 4651
3  4734 2856 3191
3  4758 4759 4799
3  4799 4645 4758
3  4753 3192 4800
3  2717 4764 2718
3  389 391 4626
3  4642 4696 4736
3  2864 4736 3031
3  2864 4642 4736
3  4649 390 389
3  2857 4733 4626
3  4734 4733 2856
3  3094 1272 3904
3  4758 4710 4650
3  4626 4645 2857
3  4800 391 390
3  4626 391 4624
3  4634 4006 4005
3  4655 3979 2717
3  4727 4730 4799
3  4741 4743 4748
3  4799 4730 4671
3  4698 1537 4763
3  4766 4740 4802
3  4765 1537 4698
3  4671 4730 4661
3  4671 4661 2779
3  4768 3215 4811
3  3978 4813 4812
3  3902 1456 1455
3  1536 4812 4760
3  731 2767 732
3  26 712 97
3  2882 3188 2883
3  4765 4761 1535
3  2779 4661 1535
3  2779 1535 4761
3  3024 4760 3895
3  3907 3895 4760
3  4813 3907 4812
3  2885 2768 731
3  4655 4654 4797
3  4797 4814 4813
3  4813 3978 4797
3  4797 4654 4814
3  787 3923 3212
3  4760 4812 3907
3  3979 4797 3978
3  3907 4814 3923
3  4766 4802 4745
3  3214 4740 4811
3  4802 4740 3214
3  3214 4811 3215
3  286 99 373
3  97 403 24
3  1456 4770 1454
3  3903 4751 4755
3  4638 4755 4751
3  4624 391 4815
3  4800 4815 391
3  4813 4814 3907
3  3923 4814 4654
3  3923 4654 3212
3  4005 4007 3183
3  4815 4800 4710
3  2857 4008 4010
3  1273 2823 4651
3  3183 4007 3192
3  2855 2857 3339
3  4010 2872 3339
3  3339 2857 4010
3  3332 3331 3107
3  4758 4645 4644
3  4758 4625 4710
3  4815 4625 4624
3  4710 4625 4815
3  1274 4647 4646
3  1516 4726 3175
3  53 4703 51
3  4816 729 4817
3  637 639 3098
3  3128 2839 3138
3  3058 3261 608
3  651 18 3124
3  3128 3138 3113
3  471 3336 3079
3  3113 3138 344
3  3130 2777 3137
3  3184 3176 532
3  471 470 3336
3  2778 4722 470
3  2797 3079 4818
3  3095 2797 695
3  4818 3337 2798
3  3336 3337 4818
3  4819 4723 643
3  345 3138 3097
3  708 3186 707
3  3113 3337 3126
3  3118 3117 556
3  3040 3039 3175
3  472 3078 2777
3  472 2777 470
3  897 2878 666
3  2730 2777 668
3  3108 4820 4816
3  573 52 574
3  4821 3117 3116
3  2777 3130 2778
3  3081 4713 3136
3  3136 3135 3081
3  4516 3082 3081
3  3186 708 642
3  697 900 3345
3  3134 4725 4822
3  4725 3134 3136
3  639 3105 4725
3  698 574 52
3  697 1002 2834
3  697 3345 1002
3  4720 4723 4823
3  325 4515 28
3  3135 3134 573
3  3135 4516 3081
3  3135 572 4516
3  3125 4713 3118
3  4713 3081 4824
3  707 3186 2848
3  4725 3105 3102
3  4725 3102 4822
3  3130 4822 3102
3  4715 625 626
3  4823 4825 4720
3  91 704 679
3  4718 42 644
3  3174 4719 642
3  696 897 697
3  641 4817 728
3  579 581 3090
3  689 718 706
3  667 666 2878
3  573 3134 4822
3  573 4822 52
3  52 4822 3137
3  3137 4822 3130
3  4816 4820 729
3  3105 533 3176
3  2778 3176 4722
3  4722 3176 3184
3  3176 2778 3104
3  3176 3103 3105
3  3336 4818 3079
3  3113 2798 3337
3  4515 29 28
3  4720 4826 571
3  4720 571 698
3  2787 3122 345
3  693 343 3123
3  2818 3341 3185
3  3340 3185 3341
3  3328 3327 3239
3  4719 4827 899
3  4816 4817 641
3  3180 3093 2786
3  4828 3099 3332
3  3332 3101 3331
3  3180 3185 671
3  670 693 3123
3  3329 4828 2819
3  2831 2830 2835
3  4818 2798 2797
3  3113 343 2798
3  694 693 670
3  2790 2819 2821
3  680 2835 2830
3  3329 2819 2790
3  2786 3185 3180
3  3280 609 608
3  3280 608 3261
3  3921 378 44
3  44 20 3921
3  2922 3322 3333
3  900 676 3345
3  670 3123 4829
3  670 4829 3180
3  2955 3343 4830
3  3261 3058 3260
3  727 2822 634
3  2820 4828 3332
3  685 684 3358
3  4831 2873 2799
3  4831 3106 2873
3  2840 3305 2792
3  4832 3333 3322
3  2920 4504 3330
3  3330 3303 2920
3  3100 3328 15
3  3123 3122 4829
3  3099 3334 4833
3  3099 4833 3100
3  4830 3262 4832
3  1041 3302 1037
3  2955 4830 4832
3  3333 4832 2919
3  2823 2894 2824
3  3324 2955 4832
3  3324 4832 3322
3  3315 3292 2939
3  4828 3329 3335
3  2785 662 661
3  3239 3327 2955
3  3346 3321 396
3  4830 3343 3262
3  3326 4833 3327
3  3329 4504 3335
3  396 3321 394
3  660 3086 2840
3  4828 3335 3099
3  3329 2790 2792
3  3334 4513 3344
3  4832 3262 2919
3  2903 609 3360
3  671 3185 3340
3  2840 3085 3057
3  2675 2935 3293
3  3280 527 609
3  3330 3304 3303
3  2820 2819 4828
3  2792 3305 3304
3  2785 3096 2833
3  3057 3059 4834
3  4693 1542 2616
3  3344 4513 3262
3  3100 4833 3326
3  2920 3262 4513
3  615 17 616
3  607 609 2902
3  4833 3334 3344
3  2920 3303 2921
3  421 656 2709
3  3327 4833 2955
3  2955 4833 3343
3  3344 3343 4833
3  3180 4829 3093
3  2920 4513 4504
3  757 2727 2925
3  899 43 4719
3  2949 3315 2939
3  3335 4504 4514
3  3335 4514 3334
3  2757 3285 1125
3  4834 2948 2949
3  4834 3059 2948
3  3059 3265 2948
3  3842 3874 3841
3  4835 3323 3322
3  4504 4513 4514
3  4519 3347 2932
3  2939 4835 2922
3  4835 3322 2922
3  3315 685 3358
3  3292 3364 4835
3  4835 2939 3292
3  2269 2935 3364
3  4835 3364 2935
3  1037 3302 3308
3  3308 3301 3287
3  3366 4517 757
3  4835 2935 3323
3  3324 2956 2955
3  3253 2958 2954
3  1041 2935 2269
3  1084 1083 394
3  757 4510 3366
3  3353 2886 2896
3  3353 2887 2886
3  3320 4517 1084
3  4509 212 1086
3  1453 2850 4505
3  2933 2678 2695
3  721 3346 3352
3  2697 1010 3017
3  3363 4465 3285
3  4519 3285 4465
3  758 4510 757
3  3348 4510 4464
3  3348 3366 4510
3  2911 896 2912
3  2275 464 463
3  1012 758 3255
3  894 896 2694
3  2754 4836 1883
3  4473 4837 464
3  1044 4523 2982
3  4473 464 2740
3  523 4838 2974
3  3930 523 2974
3  2639 2638 3874
3  2275 3204 2740
3  896 462 4837
3  462 464 4837
3  894 2694 2701
3  3244 1194 3013
3  895 894 2950
3  2700 2950 894
3  2951 462 895
3  2701 2670 1882
3  2670 2701 2668
3  2668 2701 2694
3  4361 4597 4239
3  3915 2971 3879
3  521 523 4839
3  1961 3916 4371
3  3842 4840 3820
3  2913 4524 1043
3  1042 2982 2640
3  3014 2679 4525
3  2913 1043 2911
3  1918 2763 2957
3  3005 1959 4841
3  4379 4109 2431
3  3016 4522 3014
3  3820 4840 3878
3  3014 4525 3015
3  2681 4500 2682
3  3851 4500 2681
3  1044 1043 4524
3  1044 4524 4523
3  3842 3822 3874
3  1042 2676 2933
3  2640 2676 1042
3  808 2910 809
3  2640 809 2910
3  702 1010 298
3  3255 298 1010
3  1192 1194 3244
3  3256 3347 4519
3  3013 296 3244
3  2677 4842 2678
3  2911 2694 896
3  1042 2933 2694
3  82 81 721
3  2695 3243 2668
3  1194 3243 4842
3  298 297 703
3  3013 2677 2910
3  2910 808 3013
3  565 3013 808
3  2677 1194 4842
3  80 2686 81
3  2676 2910 2677
3  1194 1193 3243
3  4842 3243 2678
3  2695 2678 3243
3  721 3284 82
3  3352 3284 721
3  3273 1049 2647
3  3273 2647 212
3  1036 719 721
3  3263 4505 1452
3  3059 3264 3265
3  2902 3263 3264
3  2902 3264 3059
3  451 4843 4844
3  3319 3353 2896
3  3319 2896 3022
3  2949 3316 4834
3  2949 2939 3316
3  4834 3316 3057
3  2840 3316 3305
3  3057 3316 2840
3  901 890 831
3  2902 609 2903
3  730 732 3360
3  3280 3261 3087
3  3280 3087 2836
3  3330 2792 3304
3  3074 727 636
3  2893 2894 2871
3  3360 727 3074
3  609 727 3360
3  660 662 2831
3  326 4845 1445
3  323 4845 326
3  2785 2833 2831
3  2821 660 2791
3  404 742 99
3  609 527 727
3  4693 1543 1542
3  527 2822 727
3  3096 2785 2787
3  660 2837 2836
3  660 2831 2837
3  2799 2761 2760
3  2822 2760 634
3  2830 3106 680
3  3106 2764 680
3  2818 2786 661
3  3106 4831 2764
3  2764 4831 2822
3  3905 3338 3094
3  2863 2761 2799
3  1274 2761 2863
3  635 2761 1274
3  2855 3339 3338
3  2799 2800 4831
3  4831 2800 2822
3  2817 3107 3331
3  720 3321 3346
3  3256 1082 3347
3  2712 3321 3297
3  2891 3321 720
3  3297 3321 2891
3  3348 2931 2930
3  1017 1016 2954
3  4519 3257 3256
3  4465 3257 4519
3  2747 2746 3307
3  2269 3258 1041
3  586 567 317
3  450 1916 2938
3  3022 2952 1442
3  3258 3259 2888
3  3259 1915 1914
3  2943 3350 3351
3  3351 2923 2887
3  2924 3258 2888
3  2888 3259 2886
3  4521 3295 2720
3  3874 2638 3841
3  3254 3253 2750
3  3229 1883 2998
3  2750 2749 4846
3  452 4846 2749
3  2952 3022 2896
3  4844 452 451
3  3258 2731 1915
3  2997 1883 2670
3  3295 2998 2669
3  2985 1914 1916
3  2997 2670 2669
3  87 2968 1015
3  1883 4836 304
3  2720 3244 4521
3  3295 3229 2998
3  4521 2751 3295
3  2752 2968 2753
3  2752 1015 2968
3  4521 3244 296
3  2984 1916 2953
3  2960 4847 2966
3  4844 4847 2960
3  2754 1883 2752
3  2968 1443 3202
3  3295 2954 3229
3  4844 4846 452
3  2750 4846 4844
3  2952 2896 2984
3  2896 1914 2984
3  3362 955 2749
3  2959 2958 3253
3  3254 2750 4844
3  2754 3202 4836
3  2968 3202 2753
3  3254 4848 2959
3  2960 2959 4848
3  2950 2700 303
3  2950 303 2992
3  1918 4849 2762
3  4777 2734 2733
3  2733 4850 4777
3  4836 4851 304
3  2967 87 86
3  4599 3007 3006
3  1444 3196 1443
3  2992 303 302
3  3236 3238 3204
3  4852 4109 3197
3  4109 2992 302
3  4109 4853 2992
3  4490 4791 4790
3  3882 4854 4855
3  3882 4756 4854
3  3204 3203 4379
3  3885 2739 2741
3  4473 4472 4837
3  4370 4473 2740
3  2430 4762 3318
3  3235 4854 4756
3  4370 2739 3885
3  3546 3548 3884
3  3015 4856 3878
3  4857 1045 4858
3  3884 3548 4370
3  4471 4481 4476
3  1045 4857 3852
3  3917 4849 4859
3  4471 4118 4480
3  3931 4860 4335
3  3198 4599 4118
3  1476 3917 4859
3  4860 4378 4335
3  2432 3234 4762
3  2432 4762 2430
3  4596 4598 3199
3  4371 4365 1959
3  2277 3915 4264
3  4538 4537 2908
3  2909 2908 4537
3  522 4838 523
3  4598 4361 4360
3  1961 4860 3931
3  2431 4790 2432
3  304 3196 3197
3  4251 4273 4480
3  4357 4251 4592
3  3199 3198 4596
3  2972 4861 4348
3  3914 2277 2908
3  3899 2972 2970
3  4839 523 3930
3  1961 1960 4860
3  1960 4378 4860
3  3204 4379 2430
3  4597 4591 4239
3  4251 4480 2994
3  4787 4862 3312
3  3228 4265 3928
3  1454 2914 2989
3  1475 1477 4792
3  3927 3926 3227
3  44 378 25
3  43 42 4718
3  3916 4786 3917
3  3006 3947 3946
3  4264 1551 2277
3  4863 3901 2909
3  3250 3238 521
3  4839 3250 521
3  4361 4598 4597
3  4366 4792 4784
3  4249 3901 4863
3  4239 4839 4359
3  4335 4360 4359
3  3218 4762 3234
3  4335 4359 3929
3  4378 3008 4360
3  4378 1960 3008
3  4839 3929 4359
3  4839 3930 3929
3  3195 3211 4864
3  4591 4240 4239
3  4370 3859 4472
3  3859 2912 4472
3  3004 4865 3002
3  4598 4360 3008
3  4597 4596 4474
3  4597 4474 4591
3  2951 2992 2274
3  3203 2274 4853
3  2741 4240 3885
3  3195 4864 3197
3  4482 4481 4480
3  4533 3549 4866
3  4533 4866 4867
3  3198 4470 4477
3  4477 4596 3198
3  4296 4363 4282
3  2740 3250 2741
3  2741 3250 4239
3  4839 4239 3250
3  4853 2274 2992
3  2274 3203 2275
3  296 3230 4520
3  4379 3203 4853
3  2974 4855 2976
3  4853 4109 4379
3  3309 4868 3234
3  2430 3318 3204
3  3204 3318 3236
3  2976 4855 4854
3  4601 2432 4790
3  2973 2975 3916
3  2916 3226 4859
3  4357 4261 4251
3  4601 3234 2432
3  4601 3309 3234
3  2960 4848 4844
3  3254 4844 4848
3  4490 4869 4791
3  4790 2431 4490
3  4355 4373 4374
3  4864 3211 3210
3  4852 4491 4109
3  2431 4109 4491
3  3234 3219 3218
3  4868 3309 3312
3  1961 2973 3916
3  3008 3200 4598
3  521 3237 522
3  521 3238 3237
3  522 3237 4838
3  4599 3200 3007
3  3927 4778 4372
3  1961 3930 2973
3  3234 4868 3235
3  3227 3926 3225
3  2915 4372 4778
3  2975 4862 4787
3  3926 4366 4784
3  4348 3926 4265
3  3928 4265 3926
3  3219 4756 3217
3  4787 4786 2975
3  315 3921 20
3  1917 4849 1918
3  2762 4849 3917
3  4747 2279 4772
3  1475 4371 3916
3  4353 4255 3915
3  4353 3915 3879
3  3228 3928 4372
3  1917 2916 4849
3  2916 4859 4849
3  2967 4870 2962
3  85 2744 2736
3  2973 3930 2974
3  3190 4372 3009
3  4778 3927 3227
3  3916 1476 1475
3  4778 3226 2916
3  3227 3226 4778
3  4859 1477 1476
3  4859 3226 1477
3  3217 4756 3882
3  3225 4792 1477
3  4784 4792 3225
3  3936 416 4381
3  2957 2763 4779
3  3250 3204 3238
3  2976 4862 2975
3  2976 4854 4862
3  4868 4862 4854
3  3312 3309 1260
3  3312 4862 4868
3  4868 4854 3235
3  3917 4786 2762
3  2875 4789 2876
3  3210 1444 2967
3  2963 2877 4871
3  1261 4872 4779
3  1261 4870 4872
3  4747 4789 2875
3  86 4871 2967
3  4789 3311 2876
3  2279 2278 4771
3  592 890 901
3  3295 2751 2750
3  1443 4851 3202
3  4836 3202 4851
3  3196 4851 1443
3  304 4851 3196
3  2967 4871 4870
3  4870 4871 2877
3  4777 4779 4872
3  2963 4871 2961
3  3210 4869 4491
3  4864 3210 4491
3  2735 4352 2875
3  1261 2763 1259
3  1261 4779 2763
3  86 2961 4871
3  2967 1260 3210
3  1919 3193 3935
3  2962 4870 1261
3  1450 4352 2879
3  4873 4538 2277
3  3193 4783 3935
3  4782 4781 4774
3  4772 2279 4771
3  4771 4782 4773
3  2734 4776 3194
3  4777 4780 4779
3  3311 4774 4775
3  3194 2732 2734
3  4747 4772 4789
3  4358 4352 1450
3  1451 2879 4352
3  2733 2957 4780
3  3935 4783 4781
3  4780 4777 4850
3  4780 4850 2733
3  4771 4773 4772
3  3194 4783 3193
3  3310 3311 4775
3  2962 1260 2967
3  4870 3310 4872
3  4781 4776 4774
3  4783 4776 4781
3  4775 4777 3310
3  4872 3310 4777
3  2763 2762 1259
3  2877 3310 4870
3  3556 4482 4300
3  2996 4592 4251
3  2907 2969 3915
3  3914 2907 3915
3  3948 4874 4863
3  4481 4471 4480
3  4602 3946 3949
3  4875 4275 4276
3  3864 3866 4276
3  4876 4421 3437
3  4300 4482 4272
3  3866 4877 4527
3  1047 4878 1045
3  4482 4480 4273
3  4474 3883 4591
3  4527 4877 4879
3  3555 4875 3556
3  4528 4276 3866
3  3240 4541 4593
3  3755 4479 4494
3  4479 4499 3865
3  4596 4477 4474
3  4880 4866 3549
3  4482 4879 4877
3  4875 3555 4275
3  4318 3864 4275
3  4875 4276 4528
3  3556 4875 4881
3  4528 4881 4875
3  4841 4882 3005
3  3556 4879 4482
3  4881 4528 4879
3  4528 4527 4879
3  4881 4879 3556
3  4602 3949 2995
3  2995 2994 4602
3  4874 4882 4883
3  3899 4250 2972
3  3006 4882 3947
3  3005 4882 3006
3  4874 4883 4249
3  3947 4874 3948
3  4841 4884 4882
3  4882 4884 4885
3  3949 4873 2995
3  2996 2995 4873
3  2996 4873 4592
3  4873 3949 4538
3  4356 4592 4873
3  2276 4356 2277
3  4356 4873 2277
3  4537 4863 2909
3  3948 4863 4537
3  4886 4861 2972
3  4874 4249 4863
3  4882 4874 3947
3  4348 3879 2971
3  4886 2972 4250
3  2969 2971 3915
3  4348 2971 2972
3  4537 3949 3948
3  2909 4377 2907
3  3899 2969 3900
3  4884 4348 4861
3  3007 3200 3008
3  4841 4348 4884
3  4883 4882 4885
3  3901 3900 2909
3  4377 2909 3900
3  4885 4249 4883
3  1959 4365 4841
3  4249 4886 4250
3  4366 4365 4371
3  4249 4885 4886
3  3198 3200 4599
3  4885 4887 4886
3  4884 4887 4885
3  4861 4887 4884
3  4861 4886 4887
3  4841 4365 4348
3  3199 4598 3200
3  3882 4855 3237
3  4855 4838 3237
3  4855 2974 4838
3  2912 896 4472
3  4837 4472 896
3  4888 4474 4477
3  4477 4867 4888
3  3548 1047 1046
3  4888 4880 4474
3  4867 4495 4533
3  4583 3852 4857
3  4295 4498 4499
3  1046 3852 4512
3  1046 1045 3852
3  4889 4495 4867
3  3850 3867 3870
3  4488 3811 4542
3  4488 4542 4486
3  4534 4865 4890
3  4867 4866 4880
3  4891 4282 4363
3  4533 4594 4492
3  3546 4474 4880
3  3546 4880 3549
3  4451 3834 3830
3  4601 4791 4869
3  4601 4869 3210
3  4491 4869 4490
3  4880 4888 4867
3  4498 4294 4889
3  4295 4294 4498
3  4451 3836 3834
3  3548 1046 4370
3  4594 4297 4296
3  3197 4864 4852
3  4424 4589 4566
3  4424 4566 4425
3  2576 914 3451
3  4495 4889 4294
3  4548 4892 2576
3  4569 2576 4892
3  2680 3848 2681
3  4293 4496 4294
3  3871 3838 3851
3  4878 4858 1045
3  3847 3274 3838
3  4534 4890 4540
3  2038 3803 4581
3  3803 3837 4581
3  4539 3838 3862
3  4858 4583 4857
3  4858 412 4583
3  412 2041 4583
3  3852 3849 3848
3  3779 3854 3853
3  4583 3853 3852
3  4893 4894 3780
3  3853 2041 4582
3  2806 3831 3855
3  3867 3849 3854
3  3863 3838 3871
3  3851 3850 3871
3  1144 4894 3855
3  3802 4425 4448
3  3802 3816 4425
3  3831 3834 3833
3  4450 3802 4448
3  4568 4570 3808
3  3780 4894 1144
3  4581 1188 2038
3  3002 4534 4535
3  3833 4895 3832
3  3871 3781 1144
3  1143 3863 3871
3  2927 1169 2743
3  4547 3760 3545
3  3761 3760 4547
3  4450 4893 3780
3  3779 3870 3867
3  3822 3842 3820
3  3545 3760 4469
3  4487 4893 4450
3  3778 4558 4557
3  4894 4542 3855
3  4894 4486 4542
3  4422 3819 4420
3  4487 4486 4893
3  4486 4894 4893
3  1144 1143 3871
3  3863 1143 3861
3  3830 3834 3831
3  4581 4582 2041
3  4581 2041 1188
3  1313 3002 4535
3  4891 1315 4282
3  4526 4534 4540
3  4865 4534 3002
3  1315 1314 1189
3  4496 4495 4294
3  4298 4896 4364
3  4877 4567 4482
3  4533 4495 4298
3  4890 4497 4540
3  4889 4867 4477
3  4890 4295 4497
3  4293 4295 4890
3  4865 4293 4890
3  412 4878 4897
3  412 4858 4878
3  4533 4297 4594
3  1313 1190 1314
3  1313 4535 1190
3  4298 4364 4363
3  1047 3548 4897
3  4496 4293 3004
3  4293 4865 3004
3  3547 4897 3548
3  4878 1047 4897
3  4594 4897 3547
3  3555 4593 4275
3  4419 4593 3554
3  4318 4275 4593
3  4593 4541 4318
3  3241 4593 4419
3  3240 4593 3241
3  3866 3865 4498
3  4478 3753 4494
3  4594 4296 413
3  4897 413 412
3  4897 4594 413
3  3004 4896 4496
3  3004 3003 4896
3  4363 3003 4891
3  4496 4896 4298
3  4296 4298 4363
3  4891 3003 1313
3  3002 1313 3003
3  4896 3003 4364
3  4533 4298 4297
3  1313 1315 4891
3  4476 4567 4477
3  4889 4477 4567
3  3866 4567 4877
3  4498 4567 3866
3  4889 4567 4498
3  3778 4420 3776
3  4450 4449 4898
3  4450 4898 4487
3  995 722 399
3  61 1087 254
3  1119 596 1120
3  61 63 1087
3  4502 1198 1088
3  849 1198 4502
3  850 2641 848
3  1197 219 987
3  220 1197 849
3  1172 722 1051
3  2926 722 996
3  903 2658 853
3  723 1134 1136
3  598 3875 3844
3  853 1134 903
3  400 1136 2218
3  1070 1135 852
3  597 3268 3875
3  598 3845 596
3  1070 1185 1135
3  2218 1135 1185
3  1134 852 1135
3  3277 1077 2723
3  2723 1077 2724
3  596 3845 2658
3  3844 851 3845
3  3844 1069 851
3  1106 1140 1161
3  1069 3844 3277
3  3266 3860 3268
3  4508 37 4899
3  4508 4899 3868
3  3875 3268 3860
3  3844 3875 3860
3  1011 1078 1012
3  1011 1010 1078
3  2926 1213 722
3  2742 1105 1124
3  1107 1105 2742
3  1169 1107 2743
3  1213 1079 1081
3  1213 2743 1079
3  1782 2620 2571
3  1075 1191 1106
3  2742 1124 1079
3  848 221 220
3  1161 1140 985
3  89 986 748
3  1076 986 1075
3  1191 1075 986
3  1191 986 1140
3  1088 2642 88
3  4502 1088 1133
3  1133 1088 63
3  1198 2643 2642
3  220 219 1197
3  2806 2805 3831
3  3833 3835 4895
3  3843 4895 4900
3  3830 3831 2805
3  3826 3847 3835
3  3847 3838 3846
3  3835 3846 4895
3  3832 4895 3843
3  3863 3862 3838
3  3015 4840 3842
3  3625 4302 1841
3  4539 4900 3846
3  3843 3861 1143
3  3846 4900 4895
3  3843 4900 3861
3  4900 4539 3862
3  4900 3862 3861
3  4448 4425 4566
3  3808 4901 4568
3  3438 3778 4424
3  4566 4589 4902
3  4566 4902 4449
3  4558 4903 4584
3  4487 4898 4529
3  4898 4902 4590
3  4529 4898 4590
3  4529 4590 4530
3  4898 4449 4902
3  4590 4902 4589
3  3623 3818 3625
3  4421 4420 4904
3  4421 4904 3437
3  4447 4301 4876
3  3809 4570 4892
3  4905 4575 2374
3  1201 4575 4905
3  4447 4876 4579
3  3439 3438 4424
3  3679 4906 3774
3  964 2040 3769
3  4876 4301 4468
3  4876 4468 4467
3  4568 4901 4580
3  4420 3778 4904
3  4445 4580 4551
3  3623 3761 4543
3  3818 3623 4543
3  3818 4543 3819
3  4544 3624 3601
3  3819 4467 3817
3  3601 4317 3769
3  3770 4544 3769
3  4544 3601 3769
3  3438 4904 3778
3  4548 3809 4892
3  4423 4579 3439
3  4579 3437 3439
3  4302 4301 4447
3  4876 3437 4579
3  3437 4904 3438
3  4907 4580 4901
3  4876 4467 4421
3  4852 4864 4491
3  713 712 587
3  4520 3230 2751
3  2749 2751 3230
3  296 4520 4521
3  451 2966 4843
3  4844 4843 4847
3  2966 4847 4843
3  2944 2943 3354
3  3351 2887 3354
3  450 2953 1916
3  450 955 2953
3  2638 2982 3841
3  4522 4524 3014
3  3859 4908 2912
3  2912 4908 2913
3  2679 3014 4908
3  2679 4908 3859
3  3822 4909 3839
3  2913 4908 3014
3  3840 4909 4500
3  3839 4909 3840
3  2913 3014 4524
3  3016 4523 4522
3  3841 4523 3016
3  3015 4525 4856
3  2682 4856 4525
3  3015 3878 4840
3  4909 3822 3821
3  3878 4532 3821
3  4500 4532 2682
3  4856 4532 3878
3  2682 4532 4856
3  621 614 1000
3  4909 4531 4500
3  3821 4531 4909
3  4532 4531 3821
3  2714 3355 3288
3  3288 3325 3287
3  1040 3355 2918
3  2918 3355 2714
3  3288 3355 3325
3  1038 3287 3325
3  3332 3107 671
3  3340 3332 671
3  3340 2820 3332
3  3093 4829 2787
3  2787 4829 3122
3  689 678 679
3  4715 2848 3186
3  4715 681 625
3  728 4817 729
3  667 2878 486
3  666 668 3078
3  484 626 485
3  4703 4702 4724
3  2777 3078 668
3  689 706 696
3  679 718 689
3  2848 4715 626
3  704 718 679
3  315 19 316
3  398 397 659
3  899 4827 3124
3  729 4820 705
3  3090 3092 3108
3  900 697 897
3  1002 647 2834
3  4702 581 4724
3  91 648 650
3  3124 4827 3174
3  642 4718 644
3  3174 650 651
3  3174 4827 4719
3  3091 581 4702
3  3091 4702 3092
3  704 717 718
3  4724 581 582
3  4819 643 4910
3  647 92 2834
3  91 93 316
3  1488 2883 990
3  20 19 315
3  91 316 648
3  586 3920 567
3  644 4819 4910
3  2730 53 3137
3  3090 581 3091
3  398 317 316
3  708 650 3174
3  708 3174 642
3  22 4507 3342
3  21 4507 22
3  4825 4826 4720
3  21 739 4507
3  3921 3920 378
3  316 19 648
3  18 651 648
3  18 648 649
3  18 649 19
3  645 659 3342
3  378 4911 26
3  44 43 20
3  616 1000 614
3  659 576 22
3  583 9 375
3  11 375 9
3  2711 35 34
3  23 22 576
3  398 645 317
3  420 38 4508
3  10 2709 656
3  739 645 4507
3  33 2696 587
3  4823 4723 4819
3  29 4823 4819
3  25 27 44
3  4718 4719 43
3  557 326 1445
3  557 1445 558
3  2766 732 2767
3  26 4911 586
3  3920 4911 378
3  3920 586 4911
3  4724 4723 4720
3  4724 4720 4703
3  713 2981 555
3  555 2981 374
3  35 2696 33
3  2711 2696 35
3  713 2696 2711
3  3868 418 4508
3  645 398 659
3  3090 3108 4816
3  580 641 643
3  644 4910 643
3  27 29 42
3  42 29 644
3  29 4515 4823
3  4515 4825 4823
3  3092 4703 53
3  29 4819 644
3  729 705 681
3  4715 641 728
3  4821 3083 325
3  3117 4821 4714
3  573 572 3135
3  485 626 486
3  571 4826 4515
3  2849 626 484
3  484 486 2878
3  4715 728 681
3  4820 3108 705
3  667 3108 2729
3  2730 2729 3108
3  705 3108 486
3  486 3108 667
3  571 4516 572
3  1446 2842 1447
3  556 4821 324
3  641 579 4816
3  641 580 579
3  4816 579 3090
3  4515 4826 4825
3  556 4714 4821
3  4516 325 3082
3  4516 4515 325
3  3131 3906 3072
3  324 4821 325
3  3082 3083 4912
3  325 3083 3082
3  4821 3081 3083
3  3082 4912 3080
3  3080 4912 3083
3  3116 3118 4824
3  4713 4824 3118
3  4821 4824 3081
3  3116 4824 4821
3  4845 323 4716
3  1445 4845 4716
3  1445 4716 1446
3  1511 1508 3906
3  3115 3906 1508
3  4705 4805 4701
3  1511 4701 4805
3  3906 4701 1511
3  4704 340 3060
3  4704 3060 3062
3  342 4721 340
3  3060 4721 3061
3  340 4721 3060
3  4610 4609 4604
3  4610 4604 4144
3  3143 4612 4611
3  3143 4611 3299
3  4033 3223 2826
3  4913 2826 3223
3  4205 4204 1437
3  4351 1951 1953
3  4603 4284 2827
3  4206 4603 4204
3  3952 4284 4656
3  1949 1948 4047
3  2827 2826 4913
3  4913 1437 2827
3  3070 3972 3974
3  2827 1437 4204
3  4033 1514 1513
3  3142 4612 3143
3  2141 4350 2142
3  4048 4047 1948
3  4340 4339 4351
3  3142 3971 3982
3  4656 4350 4349
3  2142 4350 4206
3  4088 4087 4056
3  4056 4087 4054
3  4493 4607 4212
3  4063 4607 4055
3  1512 4615 4600
3  4605 4600 4914
3  4056 4914 4600
3  4055 4607 4914
3  4056 4055 4914
3  4605 4914 4607
3  3299 4611 4050
3  4615 3973 3972
3  4615 1512 3973
3  3164 4610 4144
3  4039 4610 3164
3  4030 4604 4609
3  4418 4604 4030
3  4039 3161 4609
3  4030 4609 3161
3  2283 2282 4608
3  1937 3942 4414
3  1937 4608 3163
3  3163 4608 3161
3  3161 4608 4030
3  4157 2283 4608
3  1937 4157 4608
3  4613 1439 3026
3  3169 1432 135
3  135 1433 4666
3  3910 1432 3169
3  1465 261 4915
3  4621 4665 3952
3  137 136 444
3  1506 3020 248
3  543 476 500
3  542 500 387
3  3209 1554 3172
3  3209 1500 1554
3  3049 476 3047
3  4667 3048 3047
3  250 543 1006
3  318 683 1489
3  1503 1507 505
3  3109 1506 248
3  4666 3109 248
3  1489 357 4916
3  1489 683 357
3  45 520 3168
3  3035 3050 3036
3  3209 4019 4026
3  4667 4052 4051
3  3036 3051 4025
3  3171 4652 4672
3  4674 4652 4653
3  3171 4653 4652
3  4027 3209 4026
3  4672 4019 3171
3  1458 4917 1474
3  4027 3051 3050
3  3037 4025 4652
3  4025 4026 4019
3  4025 4019 4672
3  476 543 477
3  3047 476 478
3  4915 1530 1531
3  1478 1493 1479
3  4915 489 1465
3  197 356 45
3  469 356 197
3  3995 1431 1464
3  4051 3995 1464
3  331 1464 1431
3  100 1463 103
3  331 103 1463
3  4051 1464 4668
3  4051 4668 4667
3  3129 3047 478
3  478 477 250
3  4918 1491 1530
3  1491 4918 260
3  1490 1489 4916
3  3129 3020 4667
3  4052 3020 1483
3  4052 4667 3020
3  249 3020 3129
3  3048 461 1460
3  4668 461 3048
3  460 461 4668
3  1479 1459 844
3  1464 4919 4668
3  1463 4919 1464
3  1463 4664 4919
3  4668 4919 460
3  4664 460 4919
3  330 844 103
3  969 428 1469
3  387 500 429
3  1005 4046 1461
3  3909 1432 3910
3  3170 1432 3909
3  270 370 369
3  427 269 1565
3  1437 1439 4205
3  4913 1438 1437
3  3223 1438 4913
3  4206 4350 4603
3  4656 4603 4350
3  4663 4657 3975
3  3975 4657 3983
3  4205 4657 4663
3  1439 4613 4657
3  4205 1439 4657
3  4612 4657 4613
3  4283 3976 4344
3  4258 4341 1528
3  1528 4341 4343
3  1953 1952 4920
3  4260 4281 4035
3  1528 764 4258
3  4260 4259 4351
3  4345 4286 4920
3  4345 4920 1952
3  1953 4920 4260
3  4286 4260 4920
3  2871 730 2893
3  2781 730 2871
3  4259 4341 4340
3  4035 4341 4259
3  4343 4341 4035
3  3360 732 2766
3  3074 730 3360
3  3074 2893 730
3  683 318 3168
3  3168 318 45
3  46 55 388
3  47 46 388
3  318 481 319
3  1516 1515 4726
3  3167 3166 3114
3  319 480 3160
3  291 893 480
3  46 3160 480
3  3084 3040 58
3  3114 3175 4726
3  4726 1515 4717
3  3105 639 4717
3  3105 4717 533
3  638 4717 639
3  1515 533 4717
3  2813 2796 1544
3  3109 4061 3110
3  3990 3110 4061
3  3110 3990 4665
3  3110 4665 4621
3  3776 4543 4484
3  3856 3777 3776
3  4552 4580 3778
3  2372 4429 2354
3  4424 3778 4907
3  4569 4568 4921
3  4574 4922 1201
3  3515 4922 4574
3  3778 3777 4558
3  4907 3778 4580
3  4443 4587 4446
3  4570 4569 4892
3  4483 4558 3856
3  4555 4923 4924
3  3777 4584 4903
3  3777 4903 4558
3  4572 745 2428
3  2405 1755 2406
3  4925 4587 2407
3  4446 4587 4444
3  1199 4587 2410
3  4444 4921 4445
3  2408 916 1022
3  1021 4444 4925
3  1021 4925 2407
3  2576 4569 4921
3  4548 4588 3810
3  3809 3808 4570
3  4445 4921 4568
3  201 3599 1832
3  4443 2410 4587
3  4925 4444 4587
3  4921 4444 1021
3  4588 2576 3452
3  4548 2576 4588
3  2408 4922 3514
3  3515 3514 4922
3  3811 4926 3808
3  3790 914 4577
3  1245 3646 3645
3  2407 1022 1021
3  3808 4926 4901
3  4577 914 917
3  917 3515 4577
3  4573 1201 4905
3  2408 1201 4922
3  619 971 617
3  1201 4576 4575
3  4577 4574 4573
3  4905 3767 3451
3  3451 3790 4905
3  4577 4905 3790
3  4573 4905 4577
3  4905 2374 3767
3  4453 3796 3795
3  3598 3420 3766
3  1774 3420 3598
3  3434 4927 3435
3  2406 203 2404
3  4928 4929 3814
3  3399 2428 3793
3  3399 3793 4454
3  4924 3367 3771
3  1705 4930 2426
3  1160 4931 1116
3  2653 2364 1251
3  337 1064 338
3  2599 1202 4932
3  2599 4932 1769
3  2628 2632 4933
3  1772 1726 978
3  4459 2629 1207
3  1208 1207 2629
3  610 4934 611
3  1777 976 1063
3  976 1777 4935
3  1063 1726 1769
3  1687 1689 1712
3  759 760 948
3  4561 4936 4455
3  4455 566 83
3  1704 763 1702
3  1186 1704 1242
3  1242 1704 1687
3  1789 3012 3369
3  307 306 1122
3  1237 1773 977
3  1176 1175 1215
3  4559 350 1138
3  610 926 4934
3  913 912 803
3  763 1704 1186
3  1786 618 760
3  350 349 1138
3  1215 1175 1174
3  931 1176 1215
3  4937 976 4935
3  4938 912 911
3  1110 912 4938
3  4939 1237 1206
3  1726 1772 2619
3  1071 921 923
3  2650 1098 562
3  4565 4940 3399
3  4941 4942 4943
3  4944 4945 4458
3  2650 4452 1098
3  1026 3379 4452
3  4457 4456 2628
3  2628 4456 2632
3  1074 562 1098
3  2632 4946 1128
3  1132 804 611
3  4934 1132 611
3  4457 2224 2226
3  612 611 804
3  612 804 613
3  1211 4947 3789
3  4452 610 1026
3  4452 924 610
3  1131 925 360
3  803 1026 613
3  4932 4555 4924
3  926 1132 4934
3  3789 939 941
3  4936 939 3789
3  918 3386 1736
3  2364 2653 2652
3  911 4933 1399
3  1777 1215 4935
3  1117 1400 1399
3  1789 3368 1790
3  3763 2654 2653
3  4930 3823 2426
3  2427 3793 2428
3  1735 1734 184
3  1735 184 1250
3  1734 1770 184
3  3369 3012 182
3  1683 1760 1249
3  4948 4928 1788
3  1251 3812 2653
3  1390 2581 2604
3  1076 1758 748
3  1734 1733 1152
3  1388 1682 1389
3  1759 2580 1153
3  1759 1793 2581
3  3419 1901 3421
3  1759 2581 2580
3  4949 4950 4932
3  4921 915 2576
3  1021 915 4921
3  2455 1805 1807
3  1154 2433 1628
3  1735 1794 1733
3  3812 3764 3763
3  3813 1251 1250
3  1154 1153 2433
3  907 2455 4951
3  1104 2623 1628
3  1187 1104 1628
3  1098 4452 4952
3  3379 4952 4452
3  1792 1765 2623
3  1628 2623 1765
3  2605 3419 1389
3  2433 1153 2580
3  4951 2455 2605
3  2466 907 4951
3  2466 4951 1682
3  2439 3421 2440
3  2605 1389 4951
3  4951 1389 1682
3  2580 1390 1389
3  1627 1629 2439
3  3386 1627 2584
3  1419 2613 2454
3  1629 3421 2439
3  1629 2433 3421
3  2419 3409 3394
3  735 734 2567
3  1417 1419 1807
3  2580 1389 3419
3  2580 3419 2433
3  3421 2433 3419
3  2585 1900 1671
3  3381 2606 2615
3  2614 2612 1419
3  2455 2454 2606
3  1807 1426 1417
3  2582 2440 1900
3  2440 1901 1900
3  4555 4943 4923
3  1900 2578 1671
3  972 4953 863
3  3406 4954 4953
3  3406 4953 972
3  1902 2578 1900
3  2614 1902 1901
3  1672 1418 2397
3  1426 1428 2397
3  1417 1426 2397
3  3379 1110 4952
3  1622 1806 1268
3  1621 1806 1622
3  1664 1266 1663
3  1663 1266 2577
3  1621 1266 1806
3  36 928 37
3  37 928 767
3  1073 1110 2618
3  4553 4955 4554
3  1073 4952 1110
3  1098 4952 1073
3  921 2631 2630
3  1165 1237 1236
3  4956 617 970
3  4935 1215 1174
3  1236 4937 1174
3  4936 3789 4947
3  1074 1072 351
3  3433 4957 3434
3  3791 4957 3433
3  1211 1635 1212
3  941 1635 1211
3  1635 1165 1236
3  1635 941 1165
3  84 992 4958
3  84 4958 83
3  4936 4947 4455
3  1071 923 349
3  923 922 4959
3  4561 4560 923
3  1773 1237 4939
3  4959 939 4936
3  4959 4936 923
3  1073 2619 1772
3  4561 923 4936
3  442 815 54
3  1684 1678 930
3  2630 2629 4459
3  2630 4459 922
3  921 2630 922
3  1887 321 1171
3  4959 940 939
3  1773 4939 1073
3  921 1073 4939
3  1174 4937 4935
3  976 4937 977
3  977 4937 1236
3  1166 940 4459
3  1679 4947 1211
3  1174 1176 1635
3  1679 4455 4947
3  941 940 1165
3  4943 4942 4586
3  1206 1237 1165
3  1782 381 4430
3  4948 4960 4961
3  4960 4962 4961
3  1739 4963 1738
3  4924 4923 4943
3  1236 1174 1635
3  1206 1165 1166
3  922 4459 4959
3  940 4959 4459
3  913 4933 911
3  4964 1110 4938
3  921 4939 2631
3  1208 2631 1206
3  4939 1206 2631
3  1400 4964 4938
3  2618 1110 4964
3  1738 4964 1400
3  1738 2618 4964
3  1075 4933 913
3  2628 4933 1075
3  4946 1129 1128
3  1399 1398 911
3  1398 1400 4938
3  2573 3824 1780
3  2573 1780 2571
3  911 1398 4938
3  3829 1090 3387
3  1399 4965 1117
3  4933 2632 4965
3  4933 4965 1399
3  4564 4461 4562
3  4564 4944 4458
3  4965 1115 1117
3  4965 2632 1115
3  2354 4556 3791
3  4946 2632 4456
3  4946 4456 4945
3  4458 4945 4456
3  4946 4945 1129
3  4585 4966 4944
3  4944 4966 4967
3  4968 1091 1090
3  4968 1090 3829
3  4461 4431 4562
3  2428 745 744
3  2378 2380 4461
3  4430 4431 4461
3  1779 380 1209
3  4453 3764 3812
3  1782 2571 1780
3  2653 3812 3763
3  1210 4969 1209
3  4431 1779 4970
3  2427 3823 3765
3  4556 3383 745
3  4940 3397 3399
3  4967 4966 4941
3  4562 4971 4563
3  4429 4556 2354
3  4563 4961 4962
3  4454 3812 3814
3  3791 745 4957
3  4431 3397 4562
3  4562 3397 4940
3  3766 3599 3598
3  3791 4556 745
3  1790 4960 1788
3  3367 182 3771
3  1726 2619 4963
3  4565 4972 4971
3  4967 4554 4973
3  4928 3813 1250
3  3812 4454 4453
3  3813 3812 1251
3  4967 4973 4944
3  3814 3813 4928
3  4974 4969 4975
3  4974 4976 4977
3  1210 3435 4975
3  4585 4960 1790
3  381 1779 4431
3  1210 4975 4969
3  4970 3397 4431
3  4970 4978 3397
3  3435 4927 4975
3  1209 4977 1779
3  4974 4977 1209
3  4974 1209 4969
3  4572 4957 745
3  4563 4971 4972
3  4454 3793 3796
3  2654 4930 2655
3  2655 4930 1705
3  1832 3599 1833
3  4565 4971 4940
3  4562 4940 4971
3  4930 2654 3823
3  3763 3823 2654
3  1200 1776 4576
3  2374 4576 1776
3  3434 4957 4927
3  4976 4927 4978
3  1200 4576 1201
3  4927 4974 4975
3  4976 4974 4927
3  4970 1779 4977
3  4970 4977 4976
3  4970 4976 4978
3  2225 2379 2226
3  3397 4978 3398
3  4941 4966 4586
3  3814 4929 4972
3  4585 4962 4960
3  4949 4932 1202
3  4555 4554 4967
3  4555 4967 4941
3  3399 3398 4572
3  4957 4572 3398
3  4957 3398 4927
3  4927 3398 4978
3  3794 3793 2427
3  2427 3765 3794
3  4944 4973 4945
3  3771 4932 4924
3  1128 1160 2632
3  1250 3012 1788
3  1204 1203 1739
3  3814 4565 4454
3  3369 3368 1789
3  1726 4963 1769
3  3367 4943 3368
3  4924 4943 3367
3  3825 2573 2572
3  4979 4980 4945
3  4942 4941 4586
3  3771 181 4932
3  338 1769 4932
3  338 4932 181
3  4585 4944 4564
3  4981 1204 4931
3  1130 4981 4931
3  1739 1400 1204
3  1400 1117 1204
3  4586 1790 3368
3  4555 4932 4950
3  1788 4960 4948
3  4565 3814 4972
3  1739 1203 2599
3  2599 1203 1202
3  3368 4943 4586
3  4949 1202 1204
3  4928 1250 1788
3  1130 4980 4979
3  1130 4979 4981
3  4564 4962 4585
3  4563 4962 4564
3  1769 4963 2600
3  1739 2600 4963
3  4981 4979 4982
3  4955 4982 4979
3  4948 4961 4929
3  1117 1116 4931
3  1117 4931 1204
3  1160 1130 4931
3  4586 4966 4585
3  1129 4945 4980
3  1129 4980 1130
3  4553 4982 4955
3  4948 4929 4928
3  1738 4963 2618
3  4972 4929 4563
3  4961 4563 4929
3  4941 4943 4555
3  2618 4963 2619
3  4554 4955 4973
3  4945 4973 4955
3  4945 4955 4979
3  4950 4981 4982
3  4981 4949 1204
3  4949 4981 4950
3  4555 4982 4553
3  4950 4982 4555
3  4461 4564 2378
3  2380 2572 2620
3  759 827 688
3  979 1688 1753
3  2628 1106 1092
3  3828 3825 2225
3  2378 4564 2379
3  759 688 7
3  3829 3828 4968
3  1107 1169 1781
3  4968 3828 1091
3  2224 1091 3828
3  1107 1781 1106
3  1091 2224 1092
3  2224 4457 1092
3  4457 2628 1092
3  2226 2379 4458
3  4458 2379 4564
3  2225 3825 2379
3  2380 2379 2572
3  2572 2379 3825
3  1679 1678 982
3  1679 982 566
3  1753 4956 970
3  1753 970 1684
3  1702 1690 1703
3  1714 1712 1689
3  1678 1684 982
3  970 971 982
3  4956 1714 1097
3  1097 617 4956
3  1753 1713 4956
3  1714 4956 1713
3  923 4560 1138
3  4561 4455 4559
3  83 4559 4455
3  4559 4983 350
3  350 4983 992
3  4958 992 4983
3  4958 4983 83
3  4559 83 4983
3  1331 1887 1171
3  1794 1735 2657
3  2604 2657 1760
3  1794 2657 2604
3  1760 2657 1250
3  3810 3805 3811
3  4901 4926 4907
3  3811 4907 4926
3  4424 4907 4530
3  3811 4530 4907
3  3378 1243 1245
3  4436 3684 2341
3  3371 3726 3372
3  2178 3569 3572
3  877 1894 3644
3  2177 3741 2178
3  1286 1574 3751
3  3572 3575 3574
3  1893 3648 3647
3  3571 3575 3572
3  3640 3772 3370
3  2216 932 2242
3  3750 3749 4426
3  2217 2237 3750
3  4984 4985 932
3  2208 3749 2237
3  3371 3749 2208
3  2422 4986 2233
3  3735 3680 4546
3  934 933 1867
3  3677 3744 4545
3  4550 4986 4549
3  2233 4986 4550
3  3750 4426 4984
3  4427 3749 3371
3  3744 3449 3745
3  932 4985 3762
3  3772 3762 4985
3  3679 4987 3677
3  826 3617 1891
3  3400 4436 3401
3  1893 2209 3648
3  3617 4436 2341
3  3401 4436 3617
3  2339 1892 2340
3  4984 932 3750
3  2217 3750 932
3  4545 3678 3677
3  2422 4549 4986
3  4426 3772 4985
3  3449 4987 3679
3  4428 3774 4906
3  3774 4428 3450
3  3374 3450 3640
3  3448 3450 3374
3  4426 4985 4984
3  3677 4987 3744
3  3449 3744 4987
3  3679 3774 3449
3  3757 4545 4988
3  3757 4988 2437
3  3735 4546 3653
3  2438 4988 4545
3  2437 4988 2438
3  3653 4546 3665
3  4428 4906 3678
3  3678 4906 3679
3  4550 3561 4578
3  2233 4578 3561
3  3359 4518 2675
3  3359 2937 2956
3  4518 2956 3324
3  4518 3359 2956
3  2946 3356 3296
3  2945 4288 4287
3  3246 3245 3447
3  2801 4139 4291
3  4376 4989 4243
3  4437 4376 4222
3  4107 4489 4153
3  4337 4224 4223
3  1922 4223 4182
3  4243 4989 4489
3  4489 4989 4475
3  4437 4989 4376
3  4315 4989 4437
3  4475 4989 4315
3  4337 4223 1922
3  824 4310 825
3  3011 824 1244
3  3447 4319 1872
3  3447 4389 4319
3  4389 3626 4319
3  1873 2703 3584
3  1873 3584 3251
3  3700 3699 4325
3  4326 4325 3699
3  3638 4090 4125
3  3724 4332 4406
3  4384 3724 4406
3  4384 4406 4325
3  1569 3392 487
3  4090 3638 4392
3  3607 4391 3563
3  4392 4095 4090
3  4045 4095 4392
3  4399 4095 4044
3  4045 4044 4095
3  750 2246 1240
3  3529 3530 3565
3  3605 2256 3558
3  3566 3565 3564
3  3564 3530 3559
3  3564 3565 3530
3  4125 3560 3638
3  3638 3560 3639
3  3639 3560 2285
3  589 3560 4124
3  589 4124 2035
3  3642 3605 4990
3  3607 4990 3605
3  3642 4990 3607
3  4291 4093 2801
3  4291 4326 4093
3  4060 4059 4336
3  3540 4595 3462
3  4059 4031 4038
3  4342 4038 4031
3  750 1404 2246
3  3562 4595 3563
3  3563 4595 3607
3  3607 4595 3540
3  3562 4390 4595
3  3944 3558 3557
3  3606 3558 3944
3  3606 3605 3558
3  4091 4280 4148
3  4171 4149 4237
3  4073 4280 4091
3  1322 4092 1324
3  3963 4092 4091
3  3913 4092 3963
3  1324 4092 3913
3  4280 4238 4148
3  4247 4171 4237
3  4129 4128 4991
3  301 4991 299
3  1019 4991 301
3  1565 1887 1566
3  1985 1984 2993
3  4414 2993 1984
3  4991 4128 4992
3  4127 4190 2296
3  4213 4127 4129
3  4213 4129 1972
3  299 4992 4128
3  4991 4992 299
3  1019 4129 4991
3  1954 1949 4042
3  3937 4064 4003
3  4042 4064 1954
3  1977 1954 4064
3  1977 4064 1976
3  3937 1976 4064
3  74 321 269
3  107 109 468
3  1525 269 268
3  74 269 1525
3  74 3173 321
3  322 321 3173
3  468 109 466
3  269 426 270
3  270 426 483
3  1567 427 1565
3  467 466 109
3  1566 1887 3019
3  1331 3019 1887
3  1331 3145 4993
3  3019 1331 4993
3  310 4993 3145
3  530 4993 310
3  3019 4993 3018
3  1567 3018 4993
3  1567 4993 530
3  107 491 504
3  358 107 504
3  1867 2437 1865
3  2401 519 518
3  2401 498 519
3  498 2165 519
3  3427 507 473
3  1343 2119 1280
3  1835 2227 2395
3  1820 4994 1752
3  2369 3380 3670
3  519 494 493
3  1420 1289 2079
3  1422 1289 1420
3  1585 1287 2110
3  2120 2119 1306
3  1343 1306 2119
3  2212 2081 95
3  1247 1707 2065
3  2393 4995 2467
3  1844 365 364
3  1836 363 245
3  1826 2127 2532
3  1362 1843 4996
3  233 4996 1843
3  278 1843 770
3  233 363 4996
3  365 4996 363
3  1362 4996 365
3  1289 2111 2110
3  1289 2110 1287
3  1387 4997 2330
3  1341 283 1821
3  1821 2487 1341
3  1342 1341 2487
3  2096 1615 1310
3  2127 1826 284
3  1306 1343 999
3  3407 2532 2127
3  2330 1385 1387
3  1421 1420 2100
3  4998 1222 4997
3  2118 2129 2112
3  1287 1586 1761
3  1617 1761 243
3  2128 1761 1617
3  1288 1761 2128
3  243 1761 1827
3  1586 1287 1585
3  2129 1281 1585
3  1163 1162 4995
3  1163 4995 2393
3  1827 2120 1844
3  1761 2120 1827
3  1762 2120 1761
3  2119 1762 1280
3  1762 1586 1281
3  2152 1820 1822
3  283 1822 1821
3  1307 1844 1306
3  3382 1879 3430
3  2102 1307 999
3  2120 1306 1844
3  2371 1339 2102
3  2156 2158 2180
3  2102 999 2371
3  997 2415 3430
3  2371 999 1847
3  2487 1820 1752
3  2487 1752 1751
3  3430 3431 3382
3  1881 2087 1572
3  997 1847 998
3  2215 2158 2157
3  95 2082 4994
3  4999 2180 2472
3  2087 2181 1572
3  2211 2081 2212
3  1750 2082 3431
3  2415 1750 3431
3  1819 2369 2358
3  1818 2369 1819
3  2367 1818 122
3  2212 2157 2156
3  1880 3382 2229
3  96 4994 1820
3  95 4994 96
3  475 3432 1835
3  265 5000 266
3  1750 1752 4994
3  1847 3430 1879
3  4994 2082 1750
3  997 3430 1847
3  2086 2180 2087
3  2156 2180 2086
3  2181 2180 5001
3  2181 1573 1572
3  2086 2229 2211
3  5001 2180 4999
3  2416 2532 3407
3  267 2532 2416
3  284 1282 2129
3  2210 3431 2082
3  2210 3382 3431
3  5001 1573 2181
3  2531 3414 1395
3  2382 2435 1101
3  3382 2210 2229
3  2211 2210 2081
3  2229 2210 2211
3  2215 2214 5002
3  1281 2129 1282
3  2158 5002 2472
3  2215 5002 2158
3  5002 2214 2213
3  2472 5002 2213
3  5001 2213 1573
3  4999 2472 2213
3  5001 4999 2213
3  473 475 3426
3  1294 3412 1401
3  1626 2506 1386
3  2128 1384 1288
3  4997 5003 4998
3  2101 1420 2079
3  2330 4997 1222
3  2550 2089 2381
3  4998 5003 5004
3  1291 2097 5
3  1370 180 2097
3  1370 2097 1291
3  2096 5005 1614
3  1614 5005 2506
3  2079 1223 1222
3  2101 2079 1222
3  2101 5005 2096
3  1309 2381 1402
3  2550 1626 2089
3  2098 2091 2090
3  1386 5006 1387
3  2090 1626 3413
3  2089 1626 2090
3  2090 3413 2098
3  2097 2089 2091
3  2071 2480 2072
3  4998 2101 1222
3  4998 5005 2101
3  5004 2506 5005
3  5004 5005 4998
3  1387 5006 4997
3  4997 5006 5003
3  5003 5006 5004
3  5004 5006 2506
3  2506 5006 1386
3  2128 1223 1384
3  2079 1384 1223
3  2335 3424 3425
3  3427 3426 494
3  519 3427 494
3  933 2437 1867
3  2227 2396 2395
3  2425 5000 265
3  2227 3432 2228
3  2228 3432 475
3  1619 5000 2425
3  1825 5000 1619
3  266 5000 1727
3  1825 1727 5000
3  2396 2241 124
3  2227 2241 2396
3  3426 475 2205
3  494 3426 2205
3  3678 3757 4428
3  4545 3757 3678
3  3756 4428 3757
3  3665 4546 3733
3  3649 2311 5007
3  3636 3649 5007
3  3583 3636 5007
3  3583 5007 2313
3  3609 3636 3583
3  2313 5007 2311
3  3660 3682 3667
3  3507 3506 3682
3  3507 3682 3660
3  2265 2317 2316
3  2501 3520 1968
3  3542 3520 3467
3  3676 3520 3542
3  3528 3520 3676
3  3521 3520 3528
3  3468 3520 2501
3  3468 3467 3520
3  2368 2434 2365
3  2202 2336 2377
3  2327 2336 2202
3  3429 2336 2327
3  2335 3425 2336
3  2383 1101 1100
3  3408 3415 1845
3  2383 2382 1101
3  2435 2434 3380
3  3670 3380 2434
3  3670 2434 2368
3  1618 1845 3415
3  2367 3380 2369
3  1724 2223 1805
3  1805 2223 3418
3  3395 2390 2624
3  3395 2624 2424
3  3418 2624 2390
3  1737 1675 1255
3  2625 2624 3422
3  3418 5008 2624
3  2223 5008 3418
3  280 3415 2419
3  3408 3409 3415
3  2419 3415 3409
3  280 1425 3415
3  1351 1636 1349
3  1269 1636 1351
3  1729 1728 3395
3  1809 159 1295
3  2417 2161 1406
3  3423 3395 3403
3  1655 2609 2608
3  3423 3403 5009
3  2601 2561 1661
3  3416 5010 1655
3  3416 1655 2608
3  862 2456 972
3  1675 2486 2531
3  2458 3423 3406
3  749 751 2531
3  2418 1393 3394
3  3423 5009 4954
3  3423 4954 3406
3  4953 3405 863
3  3403 3405 5009
3  4954 3405 4953
3  4954 5009 3405
3  1655 5010 1270
3  2608 3417 3416
3  1637 3417 5011
3  3393 5011 3417
3  2551 159 2538
3  5010 1798 1271
3  1639 1638 2536
3  1349 1639 2536
3  2540 2526 2525
3  2540 2525 2538
3  2552 2554 2519
3  2519 2554 1644
3  2528 2526 2540
3  1639 1349 1636
3  3393 3417 2608
3  159 2551 160
3  2524 1638 1637
3  2504 2540 2538
3  1748 3422 1749
3  2526 2536 2524
3  1637 1799 3417
3  1641 2559 1659
3  2575 2545 2570
3  1644 2610 2560
3  1350 1654 1351
3  2560 2545 2547
3  1660 2575 2570
3  2560 2563 2559
3  2513 2546 2545
3  2556 2552 2557
3  2552 2556 2553
3  2536 2526 2528
3  1660 2570 2558
3  2553 2610 2554
3  2513 2545 2575
3  3411 2568 2519
3  1644 2554 2610
3  2555 1424 2559
3  2556 2545 2553
3  2610 2553 2545
3  2569 2568 1812
3  1812 2568 1643
3  2560 2546 2563
3  1643 2568 1644
3  3411 1644 2568
3  1269 1271 1636
3  2524 2543 2525
3  5011 2524 1637
3  3422 2624 5008
3  1349 2528 1424
3  1637 1636 1271
3  1270 5010 1271
3  160 5011 3393
3  2551 5011 160
3  2551 2544 5011
3  2543 2524 5011
3  2543 5011 2544
3  1747 1749 2223
3  1749 3422 5008
3  1749 5008 2223
3  5010 3416 1798
3  1799 1798 3416
3  1254 1675 1674
3  1255 1675 1254
3  2633 4995 1162
3  2359 2467 4995
3  2359 4995 2633
3  437 2648 1053
3  1053 2648 4279
3  652 654 2648
3  1145 801 2648
3  2645 777 1139
3  2705 5012 1029
3  778 1029 5012
3  420 4508 418
3  655 2710 653
3  2710 4279 653
3  176 2690 2601
3  1123 692 2595
3  654 4279 2648
3  3868 832 831
3  710 550 1065
3  2651 5012 2705
3  768 4899 37
3  768 832 4899
3  4899 832 3868
3  831 768 77
3  655 2645 2710
3  801 652 2648
3  652 801 1029
3  2705 1029 801
3  2650 562 1013
3  775 802 709
3  777 1029 778
3  801 800 2651
3  778 5012 738
3  738 5012 691
3  305 562 561
3  691 2595 692
3  691 5012 2596
3  2651 2596 5012
3  709 802 801
3  2403 307 1121
3  802 2596 800
3  2595 2596 802
3  287 286 4382
3  287 4382 454
3  1941 454 4382
3  4382 4381 1941
3  2601 2690 2561
3  2561 2690 175
3  2567 2601 1595
3  1415 2579 2558
3  110 1665 111
3  1595 2579 1414
3  1595 2601 2579
3  1717 2541 134
3  132 134 2541
3  2542 2541 2590
3  1717 2590 2541
3  2074 223 838
3  840 2510 838
3  172 2469 1587
3  2510 2509 1581
3  2046 2074 2063
3  1581 2063 2074
3  2478 2477 2474
3  73 188 71
3  200 2509 2512
3  200 199 2509
3  1581 2509 1584
3  2510 2512 2509
3  226 229 2475
3  2337 2093 1831
3  1823 1831 2093
3  178 1256 179
3  1587 1588 1256
3  226 2475 116
3  2474 2477 171
3  2473 2474 171
3  2474 71 2478
3  170 172 1256
3  1256 172 1587
3  2474 2473 2069
3  116 2478 71
3  1587 5013 230
3  229 230 5013
3  2469 5013 1587
3  2475 229 5013
3  2475 5013 2476
3  2469 2476 5013
3  171 2477 2476
3  171 2476 2469
3  1137 3392 1569
3  2287 4401 4400
3  3392 799 4400
3  2023 4400 799
3  2287 4400 2023
3  2085 1318 1366
3  487 3392 4401
3  2246 1404 2123
3  2105 2123 216
3  2123 2122 2246
3  1707 929 2065
3  1216 1694 2065
3  1216 2065 929
3  7 1786 760
3  967 517 968
3  1469 103 843
3  1470 1479 1493
3  1457 1458 490
3  1458 1474 490
3  517 1471 501
3  942 1108 861
3  844 1465 1478
3  1493 1492 1470
3  969 1492 967
3  1469 1492 969
3  1469 1470 1492
3  1478 1473 1493
3  260 318 1489
3  330 261 1465
3  4917 1490 4916
3  4917 4916 1474
3  1473 490 1471
3  259 261 330
3  502 501 1471
3  1472 502 1471
3  1531 1490 4917
3  488 1473 1478
3  833 134 1108
3  861 1108 134
3  1531 4917 1458
3  1531 1458 4915
3  942 861 1275
3  357 356 469
3  1474 4916 357
3  261 260 4918
3  4918 1530 4915
3  261 4918 4915
3  1457 490 489
3  1246 943 65
3  1246 1108 943
3  5014 489 488
3  5014 1465 489
3  1458 489 4915
3  1465 5014 1478
3  488 1478 5014
3  1275 1276 1737
3  767 928 69
3  828 353 352
3  822 353 828
3  8 7 353

