OFF
6241 12478 0

85348.73017276471364311874 446456.2841886193491518497 16.09251128951120435317534
85352.34202051689499057829 446458.3489357593352906406 17.04659956552382737982043
85351.3727042582759167999 446459.224289878096897155 16.94949729030858165401696
85447.26245938832289539278 446458.5924893893534317613 5.690881535760803799917085
85447.48692904788185842335 446457.8158663223730400205 6.95679539475538355475237
85447.35025523517106194049 446458.1467946189222857356 5.35380049737494090322798
85403.14850587495311629027 446435.6819743574014864862 0.9982979999106365021077636
85399.85082438656536396593 446434.314235494879540056 2.848204277349186241963253
85398.07766364981944207102 446433.7169093374395743012 -1.060838298805172996708279
85432.65846348715422209352 446447.9214571582269854844 2.306295266039019242754193
85435.23787606965925078839 446448.9912884454824961722 6.851841843366186957098307
85430.98283665023336652666 446447.226477988064289093 4.304690767790029681805208
85435.04254495631903409958 446471.2153115965775214136 17.45163153167918679287141
85436.02822667817235924304 446471.0653376001864671707 18.46997171692835948419997
85435.95246077355113811791 446471.9199334268923848867 17.10171664510778910539557
85339.44926226951065473258 446440.5987684871070086956 7.819085376062505865490948
85340.06625283842731732875 446439.1316125398152507842 9.767224157522381489116015
85339.44107126706512644887 446440.6185204077046364546 9.479419097746307087959394
85352.22117293138580862433 446435.1937029401306062937 14.9247149670347862837616
85350.93423748514032922685 446433.8438475987641140819 14.51523243382064976003676
85351.86493754544062539935 446432.4401255452539771795 14.49853806816701506932077
85425.75827688207209575921 446449.9021512665785849094 12.73986136351309816916455
85426.57257049709733109921 446449.9777367745409719646 12.34630544156900100460916
85426.74103839159943163395 446450.4665350751602090895 12.97913803879020910869713
85340.23253203053900506347 446438.7099786564358510077 2.755562153734001817895205
85338.76947723601188044995 446442.246118312468752265 -0.9441854087365466607906228
85340.98373753852501977235 446436.9044220510986633599 -0.9398195253276162564048946
85433.03551005374174565077 446467.9922112113563343883 17.371419732588737616652
85431.8762907586497021839 446468.4284241143031977117 17.91536547117394562178561
85431.53160584000579547137 446467.2484944861498661339 17.2885100769585271507367
85337.70239658230275381356 446459.6007300797500647604 13.91354654205693286428414
85338.55805003971909172833 446459.3574613354867324233 14.25580376293921958108513
85338.65134006740117911249 446459.740828324924223125 13.88279190319979328194222
85338.13528639599098823965 446458.9636906921514309943 13.99290921465943782209251
85435.8908505354484077543 446484.3493136717588640749 -1.062293660687178897816807
85437.65447886212496086955 446484.3615047996863722801 -1.062293660687179785995227
85438.39310295014001894742 446482.7599530662409961224 -1.062293660687180008039832
85411.97373722642078064382 446464.5670546010369434953 13.20525086516118840052059
85413.28748580404499080032 446465.2615155644016340375 13.38930196044455200876655
85412.13294043391942977905 446465.3190073560690507293 14.18715832468129534049694
85412.43081417270877864212 446463.8600497951847501099 14.30034633986914016645642
85363.7689986355253495276 446478.5698522658203728497 9.871613139534620273707333
85362.61289784681866876781 446477.3701463115867227316 9.870990653642003564982588
85363.84061230014776811004 446477.5761292442330159247 9.871037387083518410690886
85439.13025445719540584832 446450.6056824393454007804 7.139086788952952566944532
85437.00994296016870066524 446449.7262668724870309234 9.760836266487707746364322
85360.23566831738571636379 446445.5564016745775006711 17.59000829089919548664511
85362.71928394895803648978 446446.9170203063986264169 17.46889183201093587172181
85363.58720765731413848698 446448.4487402597442269325 19.07519897714048084935712
85448.98465893187676556408 446459.3087087888270616531 1.434585501354440850718674
85451.15361022799334023148 446460.3364101028419099748 -1.006993840529290862306766
85451.18434935588447842747 446460.2925963515299372375 3.898336288749464806357992
85439.61855964311689604074 446487.3377364014158956707 17.08371900830675116367274
85439.61468086298555135727 446487.3449419964454136789 17.88941714136428728920691
85439.42513879480247851461 446487.1696933641214855015 18.04677111038945369614339
85438.83789019110554363579 446485.7909819267224520445 16.2646902524025271929986
85448.4384270823939004913 446466.9806426465511322021 12.41013508422640931883052
85448.43137610395206138492 446467.0028463593916967511 9.824254546421144596024533
85448.01637842929631005973 446467.9949761354946531355 11.42235614943458443804047
85447.91226915668812580407 446466.3856350094429217279 11.15593456758320201060997
85389.41643845659564249218 446444.5813670071074739099 15.13449569255912763310334
85389.03865626863262150437 446445.313299825822468847 15.13390706792288220583487
85388.77122349322598893195 446444.3557783747091889381 15.13596289595015242923637
85396.2391948824079008773 446432.8162835452239960432 3.786220547584888684866655
85374.83452213647251483053 446428.4327660895069129765 0.7578866568465176811741912
85373.28728085501643363386 446427.7700034118024632335 4.149738964365056403948984
85373.26674719866423401982 446427.7952301422483287752 -1.002146542495791603499811
85344.26843171620566863567 446432.9008263957221060991 9.865091182152065485411185
85344.25922703377727884799 446433.8744040046585723758 9.86666699122049095649345
85342.87845504468714352697 446432.9381238181376829743 9.866425552420711397871855
85344.64642681731493212283 446433.6413424488273449242 10.27307305788101920995814
85432.74530954590591136366 446447.9597677522688172758 -0.938960578871391393640522
85429.91459353112441021949 446446.7834159053163602948 1.866072602852173023535443
85429.17285202043422032148 446446.4909079362405464053 -0.976856371551259483609897
85447.48475157456414308399 446458.6847543599433265626 4.513533144285802656270334
85447.99934552048216573894 446458.8995280117378570139 5.160817901476888458489611
85447.45512007393699605018 446458.6734595780144445598 5.104664191220289026773571
85418.31235228567675221711 446467.8820784910931251943 15.99191782316068533020825
85418.07736474275588989258 446468.4310512212105095387 15.79349675225623883534354
85418.25333680350740905851 446468.017426735139451921 15.59505048578130548264653
85446.28532840895059052855 446472.1836898982292041183 7.219933894852244016249188
85446.77791240996157284826 446470.9949769295635633171 4.140115536487080305505515
85445.63190364859474357218 446473.7605468102847225964 5.616342414144688710564424
85376.75630324802477844059 446433.2659585007932037115 11.84761954680531559347401
85379.26797482228721491992 446434.3113334879744797945 12.05260327290280741863171
85378.69816535174322780222 446434.4860156098729930818 12.79505917340198095644155
85398.73745820847398135811 446482.404048384923953563 14.04397157620845604242277
85398.22570944871404208243 446482.6906457749428227544 13.29306952532367347430409
85397.7052387033763807267 446481.9010048792115412652 14.15802088618693765909029
85440.80107142690394539386 446478.7993440395221114159 17.06647950388337875438083
85440.58408776149735786021 446478.0049796748789958656 17.05709193816805324672714
85441.72799667395884171128 446478.3911999702686443925 17.06595409110830985355278
85426.72334180481266230345 446455.968153231602627784 17.47284989320441539462081
85425.96105624498159158975 446452.7227727368008345366 16.69160012952601235269867
85427.73623941499681677669 446455.5912394761107861996 17.97015531041247982102504
85450.06904071231838315725 446459.7588212744449265301 7.766147253738344247153691
85449.04701299719454254955 446459.3345911337528377771 6.35496588127272676871371
85364.96457940655818674713 446426.8999607650912366807 8.806897675999831420767805
85368.76598912588087841868 446427.3297780212014913559 9.800783456180370833976667
85364.9514749870722880587 446426.9645779788843356073 9.831557970790003153638281
85423.66307384538231417537 446451.4452517600730061531 15.72322826647694071766637
85424.58469528633577283472 446452.6524992006015963852 14.91324076459021519269754
85423.78863786332658492029 446452.7039773035794496536 14.1393934260294464877461
85425.12622082028246950358 446481.2278049654560163617 18.04659203914113874134273
85425.33033014011743944138 446482.6444144091219641268 17.98732499667591611114403
85423.36028070894826669246 446481.9085781644680537283 17.89569483566058494261597
85362.93611602995952125639 446476.9458678446826525033 9.870331850242267890394032
85412.45951390432310290635 446459.4667112536844797432 14.78804872544361437292082
85412.04558370790618937463 446459.8672266080975532532 14.09926410985255174068698
85411.48209784702339675277 446459.560155860148370266 14.18817935413178332737516
85349.05042021488770842552 446425.2401515805977396667 9.471000000000000085265128
85346.01846558124816510826 446424.9304775043274275959 4.301703159427847644735721
85348.98124719143379479647 446425.2329369977815076709 3.699805432280206307638082
85416.10992689528211485595 446474.7535556708462536335 -1.062293660687146257259883
85411.0455787160899490118 446475.138717072899453342 -1.062293660687146257259883
85414.92446801780897658318 446478.516905736003536731 -1.062293660687146257259883
85343.45079017725947778672 446430.9494170179823413491 9.471000000000000085265128
85344.09235087571141775697 446429.4023467960651032627 9.49476388934812831621457
85344.1963672549172770232 446429.7546399323618970811 9.865433384745296407913884
85343.29381009105418343097 446431.5103591939550824463 9.84234339955917647557726
85366.20123914488067384809 446438.1513820110121741891 -1.062293660687172458523264
85368.08999438051250763237 446432.8652890002704225481 -1.062293660687179341906017
85363.49793609059997834265 446434.2049955996917560697 -1.062293660687203100678744
85364.99467845703475177288 446433.8291354249231517315 17.9589623522178953862749
85364.45097980083664879203 446434.7714684164384379983 16.20987630594750328327791
85361.73880535083299037069 446433.7638457093271426857 16.03726357329957963315792
85361.45321296900510787964 446433.1712366796564310789 16.76176847154196636324741
85391.38740573184622917324 446430.8039019568241201341 4.198016874846955737154985
85390.00848581039463169873 446430.231903230887837708 1.340287990164537923476473
85392.96849783578363712877 446431.4597348974202759564 0.9851122829286199644727162
85359.24784980504773557186 446430.0319153695600107312 11.94592968551211953354141
85359.95954951881140004843 446430.1203113418305292726 12.99408255691751890026353
85358.22909405552491080016 446429.9143189751775935292 12.73570110642418562463263
85352.61295414705818984658 446425.6117154483217746019 2.788333978034879923058043
85352.93380967712437268347 446425.6451799216447398067 6.537931369199139197689874
85362.86938765185186639428 446437.5346400135895237327 -1.062293660687178231682992
85346.89858626997738610953 446425.0592509869020432234 9.818473564476587256422135
85346.00300282156968023628 446424.9959596770931966603 9.830828099349469439971472
85345.92888977369875647128 446424.986328464699909091 9.471000000000001861621968
85345.71323827965534292161 446425.587416652764659375 9.810947242705724491429464
85353.71217412302212323993 446428.1805588199058547616 9.861678172054517688138731
85352.02173824708734173328 446429.1188066496979445219 9.861958176625243766011408
85352.76209731660492252558 446428.1681316701578907669 9.860631315098155269538438
85352.75581874435010831803 446428.7723391360486857593 10.31893396193114575964955
85352.26892156845133285969 446425.5821128678508102894 -0.956582636370943650838683
85345.97995809106214437634 446424.9448432198842056096 -0.9311549198447158781632993
85347.17360351726529188454 446429.0000582230277359486 -1.062293660687177343504572
85350.11029351178149227053 446425.637388304399792105 9.861752551461901106222285
85351.51434646478446666151 446425.5026078468654304743 9.752211994280420626068917
85351.84645783368614502251 446425.8912165676592849195 9.861875371500133269364596
85360.35024898809206206352 446448.082541381532792002 17.70008871440070308267423
85359.9191446383047150448 446447.5561200961819849908 17.76913101436658593001994
85332.23545882401231210679 446457.9942550310515798628 5.650465254050858199263985
85332.11103039552108384669 446458.2943038291996344924 7.629308203473562421947918
85331.86671058418869506568 446458.9141220328747294843 5.76608996222921099672476
85403.16365391525323502719 446435.6999646531185135245 -0.9695915953756790717221747
85351.38346889105741865933 446428.7627240659203380346 9.862462334420479592722586
85415.12634258286561816931 446497.0440834871842525899 17.60102983670099519031282
85414.15333685923542361706 446495.5668761041015386581 16.90947786466541913341644
85416.1582620171393500641 446496.0173992405761964619 16.81372358937794331268378
85351.29829579475335776806 446431.8381185283651575446 13.94711621137320811669724
85351.13741450880479533225 446431.3395641298266127706 14.3016060839693910367032
85351.44085836861631833017 446431.1107068993733264506 13.59727559114227801728703
85356.63844701123889535666 446465.0568405144731514156 15.95990440032823443061716
85355.4184015289501985535 446464.5714812356163747609 15.76102312847113751104189
85357.27085879638616461307 446463.9760563384625129402 15.97390664170838192603696
85436.02020726581395138055 446460.6831676463480107486 -1.062293660687171126255635
85431.46225600704201497138 446456.2464314333046786487 -1.062293660687179563950622
85430.19318029835994821042 446459.1389164139400236309 -1.062293660687174456924708
85341.86884435270621906966 446440.3010490986634977162 13.06916710076766818815486
85341.23535529928631149232 446442.1524583035497926176 11.84056483498281053812207
85341.89181695471052080393 446440.1633764024008996785 10.60358744792731222617022
85357.52142726325837429613 446426.1236575912917032838 0.4365850797842663610914826
85357.5393414842983474955 446426.1972178210853599012 -1.040742897506159891918287
85362.78465126825904008001 446426.6736357121262699366 -0.9314537255813243321611594
85356.82035805330087896436 446428.2911848444491624832 -1.062293660687176899415363
85352.74339380674064159393 446429.8465162251377478242 13.96856675402246494854808
85352.05121460503141861409 446429.5506211092579178512 13.6070903811417291962016
85352.71605804763385094702 446429.1474560016649775207 12.79620625675942768850746
85352.00887274892011191696 446429.2245203565107658505 14.27715592435034253071535
85338.63525028634467162192 446442.5616906275390647352 6.451656070286496458265901
85337.31509565818123519421 446445.7451336258091032505 2.788053148648246271079643
85338.93165999581106007099 446441.8469232857460156083 3.124488338062409109596729
85354.27783414960140362382 446427.4171274100081063807 9.860039637267563605860232
85360.40533110803517047316 446435.4396516611450351775 14.77524127316500113238362
85359.39874502965540159494 446435.8452072005020454526 14.91922776749293255704742
85360.63763830289826728404 446434.4020429793745279312 14.75200719746245070496116
85343.46777836341061629355 446430.9084514211281202734 2.241718561861520520039903
85342.51350126387842465192 446433.209611214289907366 -0.8869580488290513820004435
85343.31213517066498752683 446431.6571610556566156447 -1.062200258007611530786107
85396.79267806281859520823 446441.7245669082622043788 12.39474952541099028735516
85397.51836317790730390698 446442.6685823875013738871 13.37469992243491745398387
85395.46493964290129952133 446442.3345802106196060777 14.15926385850635327301461
85336.90303188026882708073 446463.6998350108624435961 2.418345246635813516888902
85336.21315714372030925006 446463.1477426119381561875 4.42031891912414298673184
85337.84343729770625941455 446464.4524219014565460384 5.075017571667231663923303
85380.51122565934201702476 446433.1292252354323863983 9.853871874395432328697098
85378.95434176776325330138 446432.2514916902291588485 9.855069010638018767167523
85380.47286791047372389585 446430.8562327942345291376 9.73205528269641462202344
85381.25109595728281419724 446431.5446123767760582268 9.854308860093786037737118
85366.70190219092182815075 446427.0811594246770255268 1.205602651570274463921351
85368.13286698395677376539 446427.2311353029799647629 -0.9286528425094588978794263
85370.14285176600969862193 446427.4400423314073123038 4.054053137550680752099197
85432.74566640425473451614 446467.1049632996437139809 16.90730697434489471220331
85433.08474079435109160841 446466.5102752498933114111 17.2992655570300044587384
85433.5113393550127511844 446467.0295524388202466071 17.01240187565516848167135
85381.04853218024072702974 446435.0506342383450828493 11.19481935555066876020192
85382.33067266488797031343 446435.583745111187454313 11.63367257607017357656787
85380.99872060991765465587 446435.0303026793990284204 12.03368237577805466287373
85333.14631946927693206817 446455.7977904035360552371 3.741592570085253477429887
85331.86720608176256064326 446458.9251641906448639929 -0.04963536320424428993636212
85332.22324930803733877838 446458.3723563858075067401 -1.06155972941550746924122
85337.11185430313344113529 446447.397817745862994343 9.870794909173627118548211
85336.43447704243590123951 446448.0336134186945855618 9.844270560860602259367624
85337.4033614173240493983 446445.6848596847266890109 9.839906134787028690880106
85393.62917456201103050262 446462.2585105588659644127 14.96590549748641763017076
85391.43890588232898153365 446462.5694759007310494781 15.130484885385303783778
85392.6447971783927641809 446461.7313684265245683491 14.9832651179488713921728
85422.28993703641754109412 446449.1772171735647134483 13.80691157296745785743042
85422.97222125808184500784 446448.7540049446979537606 12.74266507256144365101136
85424.80747023528965655714 446450.1717358086025342345 13.737743969154331935556
85413.84862449076899792999 446448.2746421535266563296 12.39348064961193429667219
85413.1488769707502797246 446448.2002540288958698511 12.17330011048611382307172
85413.60677662666421383619 446447.8754030577838420868 12.17216986070167727973512
85345.37297178218432236463 446465.7279245417448692024 10.44490312112038665759428
85344.72587682605080772191 446465.2151879722368903458 10.4399744028959347019736
85344.77862856497813481838 446465.2569767961977049708 10.99351478227534428810941
85375.42780720566224772483 446435.8275032946839928627 16.8995905050809547276458
85372.20246950030559673905 446436.034671652305405587 19.06952480092312995907378
85371.52270966922515071929 446434.3076158114126883447 17.05073750361284723453537
85341.87684333468496333808 446434.8001138055697083473 9.79410643498587774047337
85343.46621842714375816286 446436.0647995644249022007 9.866793551595089084571555
85341.75022073558648116887 446436.5882215292658656836 9.866605757936360632243122
85358.32854018280340824276 446434.8755790559807792306 14.45924274979917889538683
85356.71225218601466622204 446433.2295138977351598442 14.14835009707928215050288
85358.46284375402319710702 446433.5617752695106901228 14.40683219176291096630393
85350.13421101249696221203 446428.970687521155923605 10.09045017048454440100613
85348.56036917032906785607 446426.2450820974772796035 9.862357156508799960192846
85356.05201760276395361871 446429.6464788361918181181 12.97827349278867536952475
85353.80546232027700170875 446430.6345393728115595877 15.08232787804188390623494
85400.7392158222064608708 446481.5819633896462619305 -1.062293660687180008039832
85402.37890367771615274251 446481.3498013353673741221 -1.062293660687179563950622
85401.8810364425735315308 446479.7703698872937820852 -1.062293660687178675772202
85365.95394734223373234272 446434.8882524776272475719 16.97852975026818356241165
85341.04710639013501349837 446436.7457003920571878552 5.195553004762675897154622
85341.83750645157124381512 446434.8397164354682900012 2.701967485705390359385092
85342.25951812400307971984 446433.8220704149571247399 5.714061076826624230307061
85375.67298401187872514129 446437.1632184589398093522 -1.062293660687180452129041
85379.60133003142254892737 446436.3764513321220874786 -1.062293660687176677370758
85379.50689655866881366819 446434.753713495098054409 -1.062293660687180008039832
85379.54507780229323543608 446430.4551723282784223557 1.516638599363251405094388
85376.58600230955926235765 446429.1847403496503829956 -0.914839544073808297319772
85379.6027976710902294144 446430.5897766328416764736 -1.054521592079646241657542
85376.06124451171490363777 446430.0125283325323835015 -1.062293660687179119861412
85337.7484677639149595052 446459.6878304824349470437 9.896257648427209119290637
85336.78005788425798527896 446458.9221683004288934171 11.88911086748317025296728
85338.91486187910777516663 446460.6118234992609359324 11.94887045240342438034986
85365.02687951730331405997 446450.0860557444393634796 -1.062293660687179341906017
85361.72327721701003611088 446452.1929374872706830502 -1.062293660687180008039832
85365.74455916225269902498 446454.8548556917812675238 -1.062293660687180230084437
85352.01490583685517776757 446429.1562935311230830848 10.48959083576253625835761
85366.88123625791922677308 446429.2630730108357965946 9.85761222219995758564437
85406.47553902010258752853 446495.3116657485370524228 14.62118752465013038488451
85406.10972524230601266026 446495.7176834168494679034 15.27380978118343612948138
85405.67274145981355104595 446495.5329340272000990808 15.26648486314632435778549
85353.63627996620198246092 446431.956435798667371273 13.6910468249074330771009
85355.14833921086392365396 446432.4388031091657467186 13.90749175838288564932554
85354.24071792274480685592 446433.0065419715247116983 13.86855798451490429101796
85378.93572717133793048561 446434.1731405131286010146 10.1572175543267491093502
85340.966035240184282884 446436.9411967219784855843 8.096522535071176918108904
85340.9635239176859613508 446436.954972604988142848 9.748052820708348775724517
85339.15441983869823161513 446446.671292970422655344 9.929206459475853563390046
85338.71858616879035253078 446447.6760920631350018084 12.97161501619584633715476
85337.96826352142670657486 446449.4478057489614002407 11.5597218917115434067
85361.15291481484018731862 446426.5287852769251912832 9.793771624628963223813116
85357.79051685455488041043 446426.1517229995806701481 6.479086079453857394128136
85364.20541731435514520854 446426.8207819534582085907 4.918063819550559934157263
85341.03670400644477922469 446436.7707848744466900826 3.072597707833118807485562
85346.82387796958209946752 446428.6802826202474534512 13.11750214839032224745097
85348.8964983175101224333 446429.2755588032305240631 13.64304756107628868733173
85345.66505919717019423842 446431.27432121621677652 13.05804833793820485254855
85346.23815234667563345283 446445.8592695165425539017 -1.062293660687178231682992
85343.64568849734496325254 446444.8569831547793000937 -1.062293660687179119861412
85343.31416452869598288089 446446.745015516527928412 -1.062293660687174901013918
85353.25820094853406772017 446428.5338145034038461745 11.64843659273695486433553
85355.16962897505436558276 446428.7954058500472456217 11.61179875756334567427075
85353.24716214231739286333 446440.4539407255942933261 14.04372943789412708781583
85352.53490923460049089044 446440.4704112844192422926 14.09852386808867130696399
85352.46666973696846980602 446439.8982537959818728268 13.90445136878433807225974
85353.21836476467433385551 446439.4894221682334318757 14.12265600255635433768475
85351.942029630794422701 446444.1778947372222319245 -1.062293660687176011236943
85352.79936832620296627283 446441.1687073928187601268 -1.062293660687179341906017
85347.64645833104441408068 446443.1480105855735018849 -1.062293660687179785995227
85341.44607052775972988456 446462.6188120157457888126 10.22873258572186117021374
85341.73293441544228699058 446463.5505313743487931788 9.873663340799410548243031
85341.08793601648358162493 446462.6222928538918495178 9.874368992289259239214516
85349.53442059448570944369 446438.6352157522924244404 13.42455045558590853715941
85351.01057016765116713941 446439.5886975031462498009 13.72469716889240842760955
85349.44884042417106684297 446439.4266711270902305841 14.43154462647556357524081
85379.64615483063971623778 446434.4686312755802646279 10.98216446965788506417994
85345.38864452137204352766 446426.2764425709028728306 4.254245373427270493493779
85388.03634289775800425559 446429.4142115883878432214 6.430267333260331064082038
85387.09330504998797550797 446431.3230701033608056605 6.33862132192087290860627
85388.02842769958078861237 446429.4108366391737945378 4.03895405020584430388908
85394.06135253123647999018 446449.7997645323048345745 14.20838133951042259184305
85394.24492385910707525909 446449.3856651716050691903 14.98280442456471739376411
85394.05471933861554134637 446450.0527242814423516393 14.97826803256436001277052
85344.72179616820358205587 446428.2014134362107142806 -1.059834758138653576509114
85348.91427026037126779556 446447.3332585423486307263 -1.062293660687176011236943
85352.36836840666364878416 446451.3169271433725953102 -1.062293660687179341906017
85352.60994916378695052117 446447.8491428449051454663 -1.062293660687178897816807
85399.3210373419860843569 446434.0945022270316258073 6.827979271639161851226163
85397.60839481743460055441 446433.3841705145896412432 9.314242511033869575953759
85396.07541204204608220607 446432.7483532577170990407 6.69413532169930736159813
85349.95245601444912608713 446425.3518022641655988991 9.782695676702306997185588
85414.54770502510655205697 446448.0975327306659892201 15.06037022726696505969812
85414.24490285816136747599 446447.8513448066078126431 14.87484797323564400528539
85414.34776521121966652572 446447.8672765290248207748 15.10154175351215144473827
85414.63808495984994806349 446447.4314226949936710298 14.45968095682506238119913
85342.60020609643834177405 446433.000529727665707469 8.143452354758146327640134
85342.65734240668825805187 446432.8636035730014555156 9.726854360403242694133041
85343.8268929535843199119 446434.2129099481389857829 9.866379462592975713164378
85343.23767876766214612871 446434.7137078471132554114 9.866203685152242996991845
85357.08237045977148227394 446460.749689317075535655 -1.062293660687179785995227
85354.46731553605059161782 446462.4656805672566406429 -1.062293660687178675772202
85357.59779176500160247087 446464.385735907475464046 -1.062293660687179119861412
85353.0853260438161669299 446476.5329923898680135608 -1.050286508145215291776253
85352.91980492214497644454 446472.2565934782614931464 -1.062293660687181562352066
85348.62172268971335142851 446472.9234627183759585023 -1.059704439191705205303151
85342.72089628329558763653 446438.1977649413165636361 9.892805815231927368813558
85342.43361530303081963211 446437.2737570267636328936 9.866994642754104205550902
85342.89021949440939351916 446437.7989226126228459179 10.53982517434423193947168
85374.88478981150547042489 446432.4877159796888008714 11.97388484696461752321284
85373.80099807403166778386 446433.0700078888912685215 13.72968308393125802524537
85373.14814302326703909785 446431.9487994372029788792 12.43560029335480265899605
85350.73153855912096332759 446438.8204488536575809121 -1.062293660687178231682992
85345.33168599700729828328 446448.1360269665019586682 -1.062293660687179341906017
85347.07272510875191073865 446447.5103742443607188761 -1.062293660687179341906017
85340.979414393674232997 446440.7056150527787394822 9.868858256442482712600395
85341.55651699440204538405 446440.9534414599183946848 9.997427341322099536569112
85340.97936017079337034374 446441.6242335268761962652 9.869290229105345702009799
85364.65379627665970474482 446464.9402730106958188117 19.05873938809630985247168
85366.7064341245568357408 446465.5424831305863335729 18.91225222085141766115157
85366.22123505425406619906 446465.6378104268806055188 19.02959274048872373441554
85365.74283030250808224082 446464.2223509527393616736 17.51802481882959838799252
85343.62597045801521744579 446430.5269843525602482259 5.785638078987939358910353
85344.15116936714912299067 446429.2605108998832292855 7.82682681383300948851911
85342.93741119977494236082 446432.1873876893660053611 6.443692946720458891718408
85354.86038820022076833993 446467.6261335081653669477 17.38425102390090160042746
85356.52987158884934615344 446467.8378286005463451147 16.65256108801672851882358
85357.10735026975453365594 446468.3800218427204526961 17.11046799668536877447877
85374.61402088571048807353 446433.2993470766814425588 -1.062293660687179341906017
85369.5841115118091693148 446430.970300736662466079 13.17904265631849014539512
85369.83062340975448023528 446430.3845294344355352223 12.04184264054764597062785
85371.11823308104067109525 446430.9208937492221593857 12.06751275492982777848283
85346.36221348373510409147 446471.2698212513350881636 -0.8208591598327125149481276
85345.81215894853812642395 446470.8296240505296736956 1.063877650791327678092557
85347.2365525368950329721 446471.9695366050582379103 1.912564098122754296937842
85356.55761858934420160949 446439.5383398102130740881 16.1469009458809367174581
85356.10874284243618603796 446440.4273018038948066533 14.51807237730082178472912
85355.17357336562417913228 446439.5267453462001867592 15.29438185257610882672452
85358.28181839823082555085 446474.6338131900411099195 12.05607418539687358816082
85357.24483569571748375893 446474.2020790699752978981 12.27677706239202493065932
85358.12255184841342270374 446474.5552315699751488864 12.59791303470577794598739
85366.94530431287421379238 446484.5230841409647837281 6.631814406094270530900303
85367.22879285634553525597 446483.1415922278538346291 6.625787674752062095251404
85367.73861744161695241928 446483.4032305809087119997 6.620931630700834347180717
85366.59504352397925686091 446483.4922436823835596442 6.853622104273767057236455
85416.51334062372916378081 446453.5841014156467281282 14.23957632897104552682777
85413.50548803398851305246 446453.1434572192374616861 13.32151768535507407875684
85414.61494014433992560953 446451.9305413117981515825 15.26844732420394201710678
85371.48841601399180945009 446448.4449615008779801428 -1.062293660687181340307461
85372.63419713496114127338 446452.2756862907554022968 -1.062293660687259944097605
85376.03199466037040110677 446450.1680243706796318293 -1.062293660687259944097605
85440.88909780126414261758 446464.2374411448836326599 -1.062293660687179341906017
85437.44467610132414847612 446466.5610227210563607514 -1.062293660687174012835499
85383.42313361515698488802 446432.1201572741265408695 1.527995985688678670655349
85381.48922757792752236128 446431.2898637987091206014 4.997895264229588185855846
85395.95157489622943103313 446436.0927639256697148085 9.284473264203802145289046
85396.26177434231794904917 446435.5253164950991049409 9.313383916425722830467748
85396.35328936939185950905 446435.9688971352879889309 9.587998685681268895564244
85385.58628773671807721257 446433.0478280585957691073 -0.2546164947556938118466974
85384.42418664376600645483 446432.5489878046209923923 0.3765144845399943651642616
85384.68522165255853906274 446432.6609119859058409929 -0.7364341355788819321048777
85387.01912140350032132119 446431.5023704103659838438 4.139762594926073902001917
85414.56327788441558368504 446459.9772027917788363993 15.22277306234430049869388
85415.72870876519300509244 446461.2771047250716947019 14.24025164804621113034955
85413.67190253475564531982 446460.5294182366924360394 14.11391406095526512842753
85369.36674070147273596376 446431.2902292928192764521 11.29232153750326261842929
85369.41523483688069973141 446431.1378582505858503282 12.30994268780495914938911
85371.8139379102794919163 446438.2396329454495571554 -1.06229366068718578119956
85371.24738345028890762478 446434.6548517129849642515 -1.062293660687179119861412
85392.65554108915966935456 446431.4870848896098323166 -1.062260568346696132380202
85393.39230926611344330013 446436.4510012868558987975 -1.062293660687176233281548
85387.58062263108149636537 446444.5915264791692607105 -1.062293660687179785995227
85387.23627303527609910816 446447.6661274411017075181 -1.062293660687180674173646
85389.47990964785276446491 446449.7963486667140386999 -1.062293660687178009638387
85382.30123012515832670033 446435.5232476832461543381 9.855121510731963851981163
85396.57407122191216330975 446435.4156711255200207233 9.669281341471220869721037
85397.23504089350171852857 446433.7707754334551282227 9.838231254676744086395956
85397.28203533081978093833 446433.6535884945769794285 10.65297419452991611876769
85397.51886021700920537114 446433.3822436875780113041 12.11338650681373607653768
85344.52551331451104488224 446433.9280348866013810039 11.45917960668167445703602
85343.80043513090640772134 446435.6456252103089354932 11.09228023821144759608615
85344.23330858851841185242 446434.6210019495338201523 10.59308603958547045920113
85354.16028748887765686959 446442.5048246830701828003 16.02484672986980029918413
85356.32168771802389528602 446444.0648456858471035957 16.65063922170843468961721
85353.0382422412367304787 446446.0398349686875008047 16.10296618607930341227075
85388.14987105570617131889 446430.1733166587073355913 9.781048178097503154049264
85387.87262744293548166752 446429.7345702681923285127 9.749644129590642194216343
85388.20238960912683978677 446429.8886563742998987436 9.725594388945348001129787
85388.60422767334966920316 446438.194595122360624373 10.72636583639028984293873
85387.37351527747523505241 446437.6817769907065667212 10.38875474232044382461027
85388.51644191004743333906 446438.1573166039888747036 10.18477453374756080961561
85396.75647665259020868689 446443.6651242731604725122 15.12514888576098925909719
85397.87400000849447678775 446443.2249798528500832617 14.98782163289221891488978
85397.54021800018381327391 446444.1266881165793165565 15.12320894965280260180407
85396.61908990953816100955 446499.3192107129143550992 2.799470755113616426967837
85393.10450440895510837436 446497.8613601337419822812 5.113415885344257283406932
85396.88774516434932593256 446499.4306489518494345248 6.861673191616325162556222
85396.58289033849723637104 446449.9418026779894717038 13.33267222819029740321639
85398.3649157736508641392 446450.7145472404663451016 13.27744374889220502211629
85397.38096090755425393581 446451.0734019873780198395 14.08638363932234227604567
85397.57000800830428488553 446449.7700493973679840565 14.21623306765795469175373
85336.26249286641541402787 446448.2833976413239724934 9.471000000000003637978807
85344.55110275198239833117 446428.2961048322031274438 -0.1881162426887966199196001
85398.11277176057046744972 446443.1104340906604193151 15.02830202923925817515283
85398.03439916046045254916 446444.4031868241727352142 15.26733008241496492018996
85382.73300018993904814124 446431.8238588661188259721 7.938358555424291473912035
85379.67325835821975488216 446430.5102047223481349647 8.542464114975333089319065
85351.92678276605147402734 446431.0656832006061449647 13.97049723586323288770927
85351.08021142333745956421 446430.546017159300390631 14.2280883459220603981521
85408.3842206754197832197 446441.7911992659792304039 13.22617794927058554321775
85408.25234349606034811586 446441.8837539886008016765 13.80958885747690523260189
85406.7128251897229347378 446440.9793473815661855042 12.17252854095318959082306
85367.55923003694624640048 446433.6122987587004899979 17.38236321158270669684498
85366.14957162948849145323 446433.918169480049982667 18.17359760157720316442465
85366.7708221233042422682 446433.1879034190205857158 16.82336665459916602571866
85398.26822228118544444442 446461.8601894673192873597 -1.062293660687187113467189
85394.70447168417740613222 446456.850930592161603272 -1.062293660687179563950622
85391.70247113755613099784 446459.6043418719782494009 -1.062293660687146257259883
85378.53939154343970585614 446430.104676795017439872 9.833933480563652906880634
85373.27237517987668979913 446427.7667233429383486509 9.471000000000000085265128
85375.99564682300842832774 446428.9312775129219517112 5.107629160916902222311364
85407.4633078437764197588 446439.1843045651912689209 12.17001547025596863704777
85410.15522692521335557103 446438.7144575028796680272 12.16224517753085621052378
85408.835475252999458462 446440.8284575962461531162 12.16970850072883258974343
85449.06252010325260926038 446463.8704960449831560254 9.730313103377049799291854
85448.76375352888135239482 446464.5261228572344407439 9.035572868177974115155848
85448.38937821479339618236 446465.3415749080013483763 10.12337639692791491086155
85405.33459835279791150242 446486.5425989689538255334 14.23562747883072177046415
85405.3380092776205856353 446487.0438451392692513764 14.99189991491412499158287
85403.75616397398698609322 446486.4020563066005706787 15.01636336734927290592623
85347.19936814383254386485 446452.0988115102518349886 15.36827003023462978603675
85344.82480586774181574583 446451.6518046052660793066 14.6751416955745082049134
85345.50664450791373383254 446449.874022456759121269 14.78909394566308144192135
85369.22539826956926845014 446432.1775146549334749579 15.25541514541376564295661
85368.61608813056955114007 446431.4510325812152586877 13.54144907656509921878296
85367.46842106801341287792 446431.0005881176912225783 13.00509747283364703207553
85370.49543661127972882241 446431.579531292081810534 13.54757096135065452813251
85361.32417771819746121764 446441.8316535757621750236 15.6635790857967158729025
85359.62479038246965501457 446441.1810878292308188975 15.58370184885646203554188
85362.03946845066093374044 446440.8105445269611664116 17.60546937666749656159482
85448.52722715436539147049 446464.9693764715339057148 17.21320261875039747678784
85447.6876138989464379847 446465.237532480270601809 16.96183267163671359867294
85448.1346778270963113755 446464.3051878385595045984 17.80069364082551430783496
85343.08925052438280545175 446440.6047486123279668391 13.39919020496614265880453
85344.25375972739129792899 446434.7990506961359642446 13.12043835143997583259079
85386.44562981916533317417 446432.8988689298857934773 9.512103495332468128253822
85386.57894784897507634014 446432.5735559006570838392 8.93903770573205491700719
85386.56676554442674387246 446432.6096017581294290721 9.725067849062424940598248
85372.32636340509634464979 446456.4424619673518463969 15.41444212256122625603894
85372.68066430924227461219 446456.75914526276756078 13.94166660423467973828338
85371.99498028898960910738 446457.2573882901342585683 15.39476586311383776717321
85370.8653309638611972332 446455.8397924503078684211 14.86780355916125451187781
85378.62527440446137916297 446446.7250756962457671762 -1.062293660687146257259883
85380.38970226731908041984 446450.9808497275225818157 -1.062293660687176899415363
85382.6870973612240049988 446447.1897711961646564305 -1.062293660687206653392423
85388.40750764090626034886 446442.3514497866271995008 -1.062293660687180008039832
85386.81115062208846211433 446443.0348359938361681998 -1.062293660687180452129041
85446.80900764226680621505 446469.5393536635674536228 16.35338163399682187559847
85446.90057400500518269837 446469.1053430914762429893 16.92158100952353549928375
85447.28744500441825948656 446468.6082627398427575827 15.4912808826338359580177
85431.33718828402925282717 446460.9379296658444218338 17.96507482027333324481333
85432.37425170163623988628 446460.0832724371575750411 17.83491953400815432928539
85433.40824916667770594358 446460.6512896711356006563 17.97169459639018995744664
85431.38413961640617344528 446460.2548751296708360314 17.97222639278061961931598
85447.34427458030404523015 446458.1585883646621368825 3.930346268597108227993431
85447.58928145661775488406 446458.7282472358201630414 3.56206326749152646371499
85445.25936386386456433684 446465.2711400181869976223 17.35672283672873561499728
85445.27246455699787475169 446463.9747144789434969425 16.93293534141706047080334
85446.47226802095246966928 446464.6232865041820332408 16.91525416300633111177376
85349.69091803365154191852 446431.3809703995939344168 14.01270254398417769436946
85349.82558965343923773617 446429.8649356145760975778 13.9031177145558899610478
85350.08605906256707385182 446430.7993579716421663761 14.0322987991984096112219
85362.62593594279314856976 446435.2955556655069813132 15.07291073342353904251922
85363.46285938125220127404 446434.8929689832148142159 15.40234650391960613546871
85364.46858182399591896683 446436.8282655734801664948 15.40782937455536938387013
85362.13705450760608073324 446436.9595181597396731377 15.09578496773323941226863
85384.2090098686603596434 446444.1487892506411299109 -1.062293660687180008039832
85380.6099681125779170543 446443.6874972616787999868 -1.062293660687178897816807
85373.35311115851800423115 446430.3739247563062235713 9.856110871232031556132824
85371.98426669303444214165 446430.5503391430829651654 9.855832382464981833436468
85373.26597259665140882134 446427.8002176588051952422 9.800594603900467660650975
85384.60252739752468187362 446474.4175158681464381516 14.8144397458161094505158
85385.1105848364531993866 446475.0419197696610353887 15.12974513722253711023313
85383.67046515191032085568 446474.6249239316675812006 15.13246527490999326914789
85383.74329527518420945853 446474.2156576475827023387 15.00087150159051496700613
85374.56158328014134895056 446446.2770108729600906372 -1.062293660687146257259883
85346.96368049229204189032 446446.7649120621499605477 14.82411907026247277485709
85346.31126012223830912262 446446.2377513009705580771 14.54449701445779474795472
85346.87028893071692436934 446446.0842035278910771012 13.95774479052032290837815
85341.75387596728978678584 446439.1258227657526731491 9.868233215162241833695589
85371.38086446517263539135 446448.429288739338517189 14.47671693263352032943203
85371.36527644489251542836 446448.8415237484150566161 14.97010775791147629831812
85370.72207072968012653291 446448.4648958244360983372 14.81084453024342728610918
85371.20098251779563724995 446447.4818848787108436227 14.60294382786870670543067
85344.60089769982732832432 446469.8602768733398988843 2.345196756103510082880348
85344.07094480596424546093 446469.4258242784417234361 -0.9622670436607980715137955
85360.89346560793637763709 446426.4753532195463776588 2.632028318564960223113758
85353.81757983878196682781 446430.885869086894672364 15.33011234355345919766478
85352.62234265448933001608 446430.7595903881010599434 14.87482376330052780133428
85352.22410453652264550328 446430.4392366259125992656 14.95114332080465047170037
85352.69848129108140710741 446430.3486663063522428274 14.82164091402040995149036
85340.21662903264223132282 446457.9037693827995099127 14.35651194791151397112117
85339.52736074129643384367 446458.5668744401191361248 14.26478669175962643578259
85339.09287926147226244211 446458.2589721366530284286 14.1408414821356771540195
85357.04476370719203259796 446431.7060553941992111504 16.09467066115900379941195
85355.44005405227653682232 446431.2279152184491977096 15.70032078759022020619796
85356.4988337341055739671 446431.3213607299840077758 15.70699282017296383173743
85355.7248882998974295333 446431.5418807798414491117 15.63818946528095743531139
85346.23936769354622811079 446454.0427613012725487351 14.3801889008557139959521
85345.82317971238808240741 446452.9573651717510074377 13.76568257579398846246477
85346.35715817665914073586 446453.7325758646475151181 13.88390156250492069034408
85340.18717798228317406029 446455.1956858424236997962 14.10001292854935250886683
85343.76470671230345033109 446454.9619042070116847754 14.87127324287880547615259
85342.11156258113624062389 446458.2350692079053260386 14.80685250875589176189351
85348.57039062022522557527 446468.0063404933898709714 13.31492763917207611257254
85350.89593947188404854387 446466.2790191828971728683 17.801144367288557646134
85352.50163051181880291551 446469.4627733533852733672 15.51721264061776217602073
85342.2993586553493514657 446460.5647682767012156546 14.59814265108525077607737
85343.24361809038964565843 446461.1109851984074339271 14.83090531067825601496679
85342.96683844564540777355 446461.6402298745233565569 15.75441188304134954023539
85353.24025506785255856812 446471.9614938021986745298 12.79204006876039301232595
85354.84611359391419682652 446472.5834842948243021965 13.81278159700902463669081
85354.31708169731427915394 446472.8087112263892777264 12.94975098143569525177554
85376.17813170985027682036 446433.7076276121661067009 13.20035272059007702694089
85379.58674499385233502835 446436.114888054842595011 14.71284984718204391640484
85345.262278362424694933 446435.2472493992536328733 -1.062293660687188223690214
85349.85493594392028171569 446434.1898892838507890701 -1.062293660687175567147733
85345.28835766730480827391 446468.2444707879330962896 9.873720171446969118278503
85345.54314419902220834047 446470.6129080313257873058 9.743876903702076930358089
85344.10937340544478502125 446469.3473927121958695352 9.863591904941598542677639
85342.58573776418052148074 446443.2597734679002314806 -1.062293660687179341906017
85344.98806025249359663576 446443.4885488627478480339 -1.062293660687179563950622
85349.02081818033184390515 446428.8407247655559331179 11.22263700697026678199109
85351.69331784354289993644 446429.1521123949787579477 12.31680232428484522699819
85353.06393438247323501855 446438.6792851116042584181 15.25436774882295409838662
85351.72084569063736125827 446438.442288568418007344 14.76962409204507586935051
85348.38232573814457282424 446432.7637433928321115673 13.85007726387389404010264
85337.08479371992871165276 446458.3756129577523097396 13.70619947712463293498786
85335.08081676594156306237 446457.4554278691066429019 13.15162518144883208037754
85350.84115757084509823471 446471.8752151887165382504 9.873038117105737754286565
85347.6084037472028285265 446472.2416647826321423054 9.79968259073793390712126
85349.52168859480298124254 446470.6528286116663366556 9.8731497849604625827169
85348.01064220799889881164 446471.1705121830455027521 9.874023595913484996344778
85338.60916517124860547483 446444.9085469202836975455 9.869730539324093498976254
85365.88069628272205591202 446482.5695063976454548538 2.477126617261783181334067
85364.49692269301158376038 446485.8770454340847209096 2.058392279011282965939245
85365.49427022576855961233 446483.4892929703928530216 -0.2134327308691797431272619
85354.26932020345702767372 446425.8161122946767136455 9.802928050472907273160672
85344.71349270780046936125 446427.9708074926165863872 9.798116538499124672512153
85346.73954082238196860999 446428.6886820106883533299 11.1437380710107003523035
85346.06830948260903824121 446429.5144800535636022687 9.864208486991026703094576
85346.95028161743539385498 446428.4616529605118557811 9.863772379137531132187178
85346.2864555373671464622 446429.7578922209213487804 10.93917679969471556944427
85348.54683920722163747996 446425.293213188590016216 9.855103710261278848747679
85346.83978249966457951814 446438.8049853427219204605 -1.062293660687175789192338
85350.7869663399615092203 446431.7814417672343552113 14.17931460491259976208767
85355.79431323934113606811 446440.2628690630663186312 -1.062293660687172902612474
85353.04659848075243644416 446435.983935378142632544 -1.062293660687179119861412
85386.60241693277203012258 446432.5176624690066091716 4.160283363601458006542089
85353.78657341445796191692 446428.2459842948010191321 10.80665738913930162823362
85354.35116610152181237936 446428.4571351625490933657 10.57786585775802379316701
85334.65350972898886539042 446461.8333446260658092797 9.839309022093548406928676
85334.70451575025799684227 446459.4282360387733206153 9.87446781444715071529572
85346.25089947765809483826 446445.9259103338117711246 14.10723564483437009187128
85337.78712042440020013601 446449.9360007688519544899 13.03941292280372366008123
85337.12236853616195730865 446451.5248876455589197576 12.14497860482732072284762
85348.27390609537542331964 446428.6469989273464307189 9.863983599873098029320317
85354.26443395171372685581 446428.422011245449539274 11.07263990360958416658832
85352.05335912402370013297 446431.7728895223699510098 13.43051230802352691284796
85356.79890303124557249248 446429.469998544140253216 12.31764053045767148830691
85349.56633790858904831111 446435.1636369741172529757 14.33358722034706822512362
85350.24359068978810682893 446437.7687991093844175339 14.72347637451201052272154
85366.74734657882072497159 446447.8630337419454008341 16.37899872225495911948201
85364.48305727451224811375 446446.9585814406746067107 16.43812491284189647444691
85373.6725982244242914021 446457.0426877295831218362 13.7504167972739406167193
85373.63760312866361346096 446457.6986056562163867056 14.77051468798265965176597
85355.3688135639822576195 446434.6956905545084737241 15.57630028023793933300567
85355.24151122952753212303 446439.2108096625306643546 15.81876851140110673554773
85354.08714170845632907003 446438.5053507784032262862 15.64313395232395009770698
85346.3049532229924807325 446438.1967381004942581058 13.89026651785298582808537
85347.98821056858287192881 446438.4239836747874505818 14.28433660585985442992296
85348.45325338107068091631 446440.0800202662940137088 14.54007003859135416234949
85344.3008916852850234136 446459.7819871639949269593 14.20821688102833135758374
85343.82971469061158131808 446458.9821387476404197514 15.12092665461851836994356
85345.25897270686982665211 446459.7523993839276954532 14.84781309736469090410083
85338.81175401185464579612 446442.1360666032414883375 9.720621444232378394190164
85341.58687439172354061157 446467.3421421924140304327 9.85916212280223902553189
85337.92911948593973647803 446464.5209915741579607129 9.470999999999998308908289
85342.43017681810306385159 446468.1230941131943836808 5.152097018112862691907594
85335.3821068286633817479 446450.9966012672521173954 9.87347603505464022077831
85336.06237860112742055207 446449.3756264661788009107 9.873056471048133886370124
85336.51263525645481422544 446451.5343133880523964763 9.873000649063161660023979
85339.69527244294295087457 446445.4552179352613165975 13.06574694719402707221434
85341.71241385799658019096 446459.3466442396747879684 13.55117806679356462495889
85340.15037781422142870724 446458.7767557005281560123 13.24324567328550017464295
85340.97519438037124928087 446458.8392736971145495772 13.55652791128802547859777
85340.5327703852963168174 446459.4489185960846953094 14.02017727669109881105669
85366.79881096220924519002 446482.4035439814324490726 9.869341431317652180155164
85365.73418922470591496676 446481.8424667995423078537 9.721494025782076775499263
85366.36355608033773023635 446480.7424536152393557131 9.871334892809136007940651
85346.98293543652107473463 446448.6709557460271753371 15.00527495981877379449543
85375.99267331020382698625 446437.5830726528656668961 19.06772675220555512964893
85372.88745940483931917697 446437.6717156110098585486 17.10464912891567834662965
85339.69644406059524044394 446443.8830348358023911715 9.869182788221543489726173
85340.31511222460540011525 446443.8571339377667754889 9.869031642492352318640769
85340.0904500968026695773 446444.511276543140411377 9.965430316561748824710776
85338.17476149364665616304 446443.672121020732447505 1.273681449497729545328184
85338.98150411427195649594 446459.2552687075221911073 14.79695504980789522164741
85366.03577962660347111523 446471.6460736498702317476 16.43181203996939032663249
85368.97787096939282491803 446473.3832954199169762433 17.21026658810397691468097
85366.49898505720193497837 446473.3994405826670117676 18.79852622161312325488325
85400.28117560115060769022 446478.3469688072218559682 -1.062293660687179785995227
85403.54891031568695325404 446476.3859775506425648928 -1.062293660687146257259883
85342.22659478051355108619 446459.3860180593328550458 13.62306082775215365643362
85342.11537137845880351961 446459.8899536177632398903 13.69218215499813950941643
85336.83799804151931311935 446456.1385742746060714126 13.44517745834213329203521
85355.57013820853899233043 446465.818236009799875319 15.86288611136206405660687
85356.65019344183383509517 446466.4472297672764398158 16.05213796485257660151547
85355.08427964182919822633 446466.7398303503287024796 15.90131814784895425418654
85332.52462893954361788929 446457.3743178585427813232 9.815375494987703675064949
85332.37211220983590465039 446459.3804893741034902632 9.766713373218404825593097
85331.91015312308445572853 446458.9292275562766008079 9.830608921526648558142369
85335.88708729241625405848 446462.8867956938338465989 6.568391756115208757194068
85334.12749386928044259548 446461.4786296853562816978 3.376758044555464799429956
85332.45025729549524839967 446460.136372149980161339 1.623261620798374771368344
85332.21336171164875850081 446459.9383718179306015372 4.341677992604572544621533
85331.86763042297388892621 446458.9295292941969819367 9.471000000000001861621968
85343.86081977616413496435 446454.7297127537312917411 -1.062293660687178897816807
85341.50876046541088726372 446453.9737992818118073046 -1.062293660687178453727597
85342.53547271277057006955 446460.1301809167489409447 -1.06229366068718356075351
85352.57553209444449748844 446462.5294122697087004781 15.23928242210734218531343
85353.44815410932642407715 446465.9058162562432698905 15.6675858337002509301783
85350.85864223114913329482 446464.6577182134496979415 15.40827959754463805097657
85339.40247464364801999182 446441.3147672697668895125 9.869664185892425223300961
85379.16493229611660353839 446454.9231918458826839924 19.016484481838428877154
85376.81170555195421911776 446453.843411449168343097 19.0109516622322765044828
85377.68818789652141276747 446453.5888894031522795558 18.10564438247875429510714
85376.99390053907700348645 446454.367811361444182694 18.62290879079270666807133
85349.65101715500350110233 446473.9000634222757071257 9.745230299801376006030296
85347.59668615486589260399 446472.2577440469758585095 8.276505404617124028732178
85340.64689060181262902915 446462.7332593310857191682 9.874159018299668133522573
85362.20280948781874030828 446434.3277993224328383803 15.47048280358324312544482
85362.13969569549954030663 446434.6206141765578649938 14.98578371494288141718698
85352.88414337820722721517 446467.5535479442332871258 18.35642180788007138403373
85353.71674042256199754775 446466.789126765332184732 16.83847928876976141054911
85347.08432391166570596397 446464.0988545984728261828 16.81272440210068097599105
85347.08958917934796772897 446465.8487523466465063393 14.63144243896624274725582
85344.75153519274317659438 446465.2256685743341222405 12.99064119661208671629993
85340.81950984068680554628 446460.1564446557313203812 14.94770412039119555913658
85367.31576785199285950512 446482.1452270420268177986 9.125396315060175567168699
85367.41446265213016886264 446482.1922271820949390531 9.584848929792338267930063
85367.82286680326797068119 446482.3877331444527953863 9.212061684011228379631575
85347.06140758066612761468 446445.0390915645402856171 13.97414996944190335170788
85346.30399598520307336003 446445.0710513113881461322 13.4518946298295052343974
85346.28892218541295733303 446444.755915217159781605 13.91936513272616515735081
85333.45384861720958724618 446460.9395254052360542119 7.016458023896220197457296
85338.11294776883732993156 446449.105294794833753258 9.880330667981597869697907
85357.95249886815145146102 446447.2864712461596354842 17.30564930692991509886269
85358.10865625405858736485 446446.0771543029113672674 17.23191359312932746661318
85364.72417337690421845764 446432.4607683868962340057 16.0034888149175813509828
85366.65579829851048998535 446447.1581019950099289417 15.59765017745440296437209
85364.47687364523881115019 446446.4777339454740285873 16.09887015811192156888865
85364.92455178471573162824 446444.8893264864454977214 16.03843916332708374739013
85371.30573006650956813246 446453.5007851308328099549 19.60319316392076416377677
85371.7344630391598911956 446453.830094660515896976 19.75263143264657372810689
85371.323658140012412332 446453.8084048404125496745 19.7628027099658716281283
85371.93122124127694405615 446451.8487498313770629466 19.79063926630316316845892
85362.46339782298309728503 446429.5347125586704351008 -1.062293660687179563950622
85367.96398504488752223551 446427.5011773555888794363 -1.062293660687179341906017
85371.66605996608268469572 446430.8361350149498321116 -1.062293660687175123058523
85350.65545264264801517129 446430.8127219872549176216 13.55535790336611512429954
85342.65613713407947216183 446433.2288720078067854047 -1.062010511049397587512999
85371.02672685787547379732 446430.8824344376916997135 10.17549382996288898084458
85371.46523218558286316693 446430.9767406683531589806 9.855922198706128511958013
85372.36893952659738715738 446431.4417926235473714769 10.07998417339303109940829
85371.82924572075717151165 446438.0527923480258323252 15.85831513319939389816682
85370.88294099313498008996 446437.6516295908368192613 15.87345884437703524838525
85371.28272109678073320538 446437.3767975550144910812 16.54300944152121388697196
85369.90272477577673271298 446430.0544640132575295866 9.856104192773887717748948
85370.89455085193912964314 446429.1730262146447785199 9.856802042734848612326459
85369.70839895166864152998 446430.3856540627311915159 11.4846694969288627419246
85417.888201704146922566 446441.7953770252061076462 3.03798181875879524938
85418.50437983564916066825 446442.0509416633867658675 5.553956610495204948563241
85416.26813386437424924225 446441.1234413781785406172 4.849419811979312378014129
85359.51054007159837055951 446429.5089505403302609921 -1.062293660687179341906017
85360.72139573065214790404 446438.1799456014996394515 -1.062293660687179119861412
85359.71079226065194234252 446436.6691524118068628013 -1.062293660687179563950622
85358.48492315653129480779 446438.0111883186036720872 -1.062293660687179341906017
85386.93915958733123261482 446431.6975138238631188869 1.793202967703573902369385
85388.01525578874861821532 446429.4494839239050634205 -1.016188675805980601296596
85410.87707102557760663331 446496.7762768690008670092 18.43883982598379489559193
85413.07307884006877429783 446496.3516447616275399923 17.68483077622144605811627
85412.58954752236604690552 446496.9908080956665799022 18.21418292697596186258124
85352.09056309954030439258 446429.9481647954671643674 14.26763207191541305007831
85368.73709197534481063485 446433.2554525570594705641 16.79954682090696849172673
85355.21845191717147827148 446428.774031554814428091 9.861136063925075134761755
85354.49845612833451014012 446428.1718746373662725091 9.860057028204288087636087
85351.27277177188079804182 446429.6586285388329997659 14.20492778665483868394404
85352.09989508904982358217 446430.0461382644134573638 -1.062293660687174901013918
85357.534612085553817451 446431.7034302452811971307 -1.062293660687180674173646
85359.36561885512492153794 446431.3652732003829441965 -1.062293660687179785995227
85359.36684946913737803698 446431.8953351545496843755 16.10747727094292969240996
85359.29270998174615669996 446432.1955561775830574334 16.59784755907026720933573
85375.18530637964431662112 446430.5702837235294282436 9.854651528782600422573523
85377.07820207331678830087 446433.4005333373206667602 9.875950704434977467371937
85358.09128722867171745747 446436.2453150118817575276 16.30182806787748717169961
85345.45957062709203455597 446431.7161398034077137709 10.02663850445978788172852
85344.93398423786857165396 446432.9589706381084397435 9.880605709240006362392705
85344.86774727626470848918 446433.1174294120282866061 10.57851209207940712531126
85360.50552168807189445943 446432.8810245073982514441 16.60717338819467059352064
85359.25370404226123355329 446432.4505350154358893633 16.47482692047410068880708
85359.96367921635101083666 446428.6336702086846344173 9.858669699218408410956727
85359.15285121866327244788 446429.9103002179181203246 9.859762306995492053829366
85357.66216989519307389855 446429.6551614401396363974 9.860663450014831354906164
85358.56918829375354107469 446433.0476071342709474266 15.13245979708523414331012
85360.72901062853634357452 446430.8384904861450195312 14.06191605370390718121598
85362.10616145742824301124 446430.3695252850302495062 12.98933530241786726833197
85361.90228557809314224869 446430.3417354781995527446 11.26547468675439844787434
85357.71095737995347008109 446426.1436918148538097739 9.719439559557807584155853
85340.1084051737270783633 446442.4362688620458357036 9.869538394399910430365708
85340.45033624772622715682 446443.2528694278444163501 9.868826280443350640325662
85368.36951433678041212261 446433.8160193868679925799 17.56490542153599321295587
85368.51395110577868763357 446434.3562370295403525233 19.0136314710531415528294
85368.85666883272642735392 446433.2634355273912660778 17.13186993115202128024066
85357.30646486674959305674 446429.6798131311661563814 11.62564838627816499183609
85351.28102608973858878016 446431.4516415567486546934 13.37593592529021258030753
85351.74661470361752435565 446430.5320887159323319793 14.67089888740526326671443
85368.42676522152032703161 446436.2346642719930969179 16.48552762959365480810447
85370.03193449144600890577 446435.6145264105871319771 18.44144648599545277534162
85368.87568143534008413553 446437.1025059090461581945 16.02915729210989681519095
85347.83802776045922655612 446446.1829558889148756862 13.64310682794752871416222
85356.56244863796746358275 446428.3431085051852278411 9.860751681324540385276123
85354.79646453932218719274 446431.8454890727298334241 14.59043154001624920113045
85350.5951181452110176906 446430.0441695379558950663 14.56737114497065377349827
85350.77134435967309400439 446474.7983569600037299097 1.649899923110812904880618
85348.36043007440457586199 446428.765182720439042896 12.7583199102476267938755
85350.1990745229268213734 446428.9780943667283281684 13.52079282346292465888382
85348.65679773784358985722 446428.819000012765172869 13.47866247927725424915479
85356.5891633629216812551 446435.0589785180636681616 -1.062293660687179563950622
85354.29100757569540292025 446432.6004899099934846163 -1.062293660687179341906017
85387.3488549034227617085 446430.7007812316878698766 -0.9174251445574382879399877
85386.61347344204841647297 446432.488135569030418992 0.8486707836504630009244465
85341.28478164691478013992 446458.4727845037123188376 14.29964164677840088302219
85346.5611256105185020715 446445.3825891211163252592 13.41802470422222981483173
85347.31892698271258268505 446445.4376528767170384526 13.53145263021438005068831
85346.934473081273608841 446427.2692113750381395221 9.863314580485241123142259
85355.47037068547797389328 446428.9206226905807852745 10.5432948076699588568772
85351.25379893541685305536 446432.0763725274591706693 14.3322726051410551662002
85352.74627128851716406643 446431.1314611972193233669 14.38634349786552313332777
85359.9713876728928880766 446430.1165668964968062937 11.11462466861879150314962
85361.64715425908798351884 446432.780149598722346127 17.13645530049082665868809
85349.82796428728033788502 446439.9295292189926840365 14.83001881480201866736479
85349.56143243222322780639 446443.5014653107500635087 15.10075645904717589473876
85337.59692315866413991898 446445.072882430162280798 -0.9427642132444382649936188
85340.63550017877423670143 446444.6810633326531387866 -1.062293660687178675772202
85351.77051197759283240885 446440.0439609612221829593 13.93287410959388950004723
85351.21825084215379320085 446440.7791293223854154348 15.21715137155861974349591
85352.4554272829118417576 446440.7287929755984805524 14.52846327436513007569374
85353.12350745196454226971 446441.4400241549010388553 15.17451310020340748963008
85344.93675374019949231297 446450.5545666585094295442 -1.062293660687179341906017
85350.49500201997580006719 446469.7866373503929935396 10.46959839526273405851953
85350.48710228316485881805 446469.9958493435988202691 9.872790666548391769197224
85350.2571503535145893693 446469.5981299348641186953 10.09322134837802131812623
85337.85833316280331928283 446464.4085970388259738684 9.831411368798637084864822
85341.27083431908977217972 446442.0752270955708809197 10.66437414104345648979688
85341.0305681713653029874 446442.5959243605029769242 10.37476414076897768268282
85341.09357273012574296445 446442.4608079903409816325 10.05652833405771851005284
85349.54072075684962328523 446460.8282961566583253443 15.89496000121005181426881
85348.46170364686986431479 446460.8830083085340447724 15.13975260463204897121159
85348.19135865807766094804 446459.9798952356795780361 16.29454352831305641302606
85369.39110114063078071922 446488.0245078603038564324 0.8004659143527951270513654
85369.34577722910034935921 446487.9331015865318477154 -1.038062402298307818071521
85364.59501969118718989193 446485.9688348126946948469 -1.033528361537479067777667
85349.83628373818646650761 446469.264686895243357867 10.12597417014184308925451
85349.63016227733169216663 446469.100377892202232033 10.59491149088264982935925
85340.98111421418434474617 446460.5726420991704799235 15.22807817832674182056962
85341.00351219480216968805 446460.26835476397536695 15.09471131076722549835267
85341.46263202971022110432 446460.5498517130617983639 15.17531557401984088073732
85355.62310769702889956534 446471.0723313746857456863 16.6614733036173028324356
85340.51351854439417365938 446443.7203588158590719104 10.43942508111813616267227
85334.64520187258312944323 446458.130648280493915081 9.8744978133052789814883
85348.70710212169797159731 446438.8521462511271238327 14.03322279382815196413503
85348.88592857135517988354 446439.1642379255499690771 14.3829517087237856998172
85348.55579136070446111262 446438.6525006903684698045 14.26789811684421316329008
85336.17513900875928811729 446454.0651499476516619325 13.07774941034884896851054
85361.11859201798506546766 446444.8628292976645752788 15.40865590222103342910032
85359.13113435897685121745 446443.60600915492977947 15.04277526051349589408801
85359.89942271550535224378 446442.4225622850935906172 15.07775394423125625564808
85359.82923790796485263854 446444.8372347207623533905 16.11978259824046588732926
85356.19338131953554693609 446434.0659365227329544723 14.24268243548612211668569
85344.36179731806623749435 446434.3168656281777657568 10.17896770328701805397031
85372.85126609349390491843 446446.112714584858622402 16.41348577084824356120407
85369.94558727418188937008 446444.9589535307604819536 16.33780149512740820227918
85371.81288717738061677665 446443.8399663805030286312 19.07642842593174492549224
85344.02801362369791604578 446435.0455712050898000598 9.866765217139091603826273
85359.85822026818641461432 446467.2800332162878476083 -1.062293660687197549563621
85361.1222899215790675953 446469.9013737985515035689 -1.062293660687179785995227
85363.71050631115213036537 446468.8941525961854495108 -1.062293660687179119861412
85365.08722637467144522816 446472.9443009911919943988 18.9974118238062246177833
85365.65069183522427920252 446472.6386989662423729897 18.18004274613500115265197
85343.81665001576766371727 446433.7076283567002974451 -1.062293660687178897816807
85356.32406767326756380498 446447.4892777752247639 -1.062293660687177787593782
85354.66714208206394687295 446449.7347626705304719508 -1.062293660687178675772202
85356.39835268435126636177 446452.8546444037929177284 -1.062293660687178675772202
85350.82551115250680595636 446439.9843907443573698401 14.41730051939182288833763
85351.66685460969165433198 446440.3914152335491962731 14.50781347674732835173472
85342.43003750834031961858 446438.8885559115442447364 10.86334188057205629718283
85351.74879019541549496353 446438.1779192916583269835 15.09186005733288737928888
85352.32575507352885324508 446437.3462028107605874538 15.14606185222028855719145
85359.71931492860312573612 446459.0675293683307245374 -1.062293660687142704546204
85362.21254522829258348793 446460.5235675240401178598 -1.062293660687179785995227
85362.07784875119978096336 446456.0256722344784066081 -1.062293660687181784396671
85355.33290998346637934446 446461.4776468674535863101 18.03518123865244504600014
85354.53045182052301242948 446459.687451594159938395 17.67249139869151619564036
85355.9466490331687964499 446460.5140948241460137069 18.05070848347317991056116
85359.99097046657698228955 446437.273089823720511049 16.69892319832050375794097
85359.11219166025693994015 446440.0189513818477280438 16.89563355685362466829247
85357.87933890703425277025 446439.8743969661882147193 16.46779800586483588631381
85354.11393101551220752299 446439.2624985520960763097 15.02925972710135127385911
85354.31887739042576868087 446438.9957921672030352056 15.56346398840801015239776
85350.09789342113072052598 446454.9402244247030466795 14.4754401620058903432664
85349.65587473442428745329 446455.6935005545965395868 14.7289814976197277474057
85349.41663188392703887075 446455.105773123272228986 14.3888751048129392984265
85342.01184459887736011297 446434.8044066698639653623 -1.062291612404351326404139
85356.04844543839863035828 446432.0969190821633674204 14.99366157825465606379112
85366.90447962361213285476 446434.3606856973492540419 18.37928465662677623981835
85368.43776687650824896991 446434.5670755011378787458 19.0248282614926189637572
85368.81172833677555900067 446434.9207963967928662896 18.73014574135449450409396
85364.25041985780990216881 446445.8518632057821378112 15.88196328852252570129622
85363.91003630608611274511 446446.3710907199420034885 15.92183530685953130046073
85344.16389073876780457795 446461.3376834110822528601 14.59672234217781117138202
85343.65543348374194465578 446460.9308109927806071937 14.29801994265635478598142
85369.04519673268077895045 446457.7578929321607574821 18.30105257923296946387381
85369.765244615453411825 446457.4345344710163772106 18.19119468175249210162292
85369.89491195730806794018 446457.0211741179809905589 19.09951736962259616348092
85369.90462597656005527824 446456.9561383695690892637 17.65396190729473602232247
85374.73754735529655590653 446457.2784528841148130596 13.43725261080531474533473
85374.71708401356590911746 446457.7980062919086776674 14.24019699847910835899256
85350.19513220885710325092 446447.5827568147797137499 14.14557491327721194807054
85349.40745640684326644987 446448.2242403188138268888 15.50059226039427784371583
85348.74401912739267572761 446447.2326815348933450878 14.52606007168976454124731
85366.99250784663308877498 446440.5122265307581983507 17.2031219713624601297397
85366.21691493983962573111 446441.5273308158502914011 19.07162172290364665627749
85364.96091050993709359318 446439.5234360124450176954 16.98259804384068161198229
85361.66476522429729811847 446480.165570708573795855 5.711388970365042894172802
85362.10767645975283812732 446480.3480820711120031774 7.970243693371502402555961
85364.4948037636058870703 446481.3317506306921131909 7.759027906902731253069305
85365.03337842292967252433 446430.7055498053668998182 11.41739532892440145417368
85364.37277874498977325857 446430.6292047114111483097 10.31604160087105093168702
85365.61066461697919294238 446430.7732464384171180427 10.52390561970307025774218
85412.06473724216630216688 446458.1967203366803005338 -1.062293660687181340307461
85410.29909293993841856718 446456.4047355576767586172 -1.062293660687179563950622
85408.64962565299356356263 446458.304200461134314537 -1.062293660687179341906017
85388.05193871763185597956 446430.5799538202118128538 7.867834938320704907255276
85387.97879513626685366035 446430.824341535335406661 7.062991716288158805525654
85387.72060269670328125358 446431.687015460105612874 7.126262605811067629701938
85388.7808635066612623632 446434.6717851701541803777 -1.062293660687180896218251
85357.58753166464157402515 446427.3729416091227903962 9.859022450320903629972236
85383.60581313321017660201 446440.7414187829708680511 19.05254732132100059516233
85384.51031400506326463073 446442.1142310124705545604 17.65700178648371831968689
85381.71337986706930678338 446440.8501740842475555837 17.82201563263621579835672
85393.77875320760358590633 446431.7957950134878046811 3.514812330275779217458876
85392.18505623987584840506 446438.6393689158139750361 9.836319200663366402181964
85392.28784503223141655326 446439.4494024607120081782 9.598800921744965464199595
85391.87971196231956128031 446439.1858205336611717939 9.852688809739474251614411
85356.35485485092794988304 446474.4265285972505807877 11.60866620563402484833659
85356.91988864484301302582 446474.3178972756722941995 10.20284222457446077214627
85356.18601896808831952512 446474.4103873004787601531 9.872102259988320582806409
85354.97932958083401899785 446473.3145517708035185933 11.75506172946007055202244
85386.21588634249928873032 446441.4035687327268533409 -1.062293660687181118262856
85383.43630150516401045024 446441.4777380091836676002 -1.062293660687180230084437
85393.31641810822475235909 446443.1590633533778600395 15.1236536755256523179014
85395.30307609625742770731 446442.921781388227827847 15.11638729038125816828142
85395.20620693646196741611 446444.0239712404436431825 15.0600904698745168275309
85410.3042467226623557508 446449.1282073237816803157 16.28474214607566494805724
85409.03095380730519536883 446448.5041178978863172233 16.05575792111356392410926
85410.8183655993634602055 446449.2436153249000199139 15.09332650992720559202098
85404.91948568704538047314 446436.4165019103675149381 5.362966394864181474133602
85406.90656662822584621608 446437.2406590753234922886 5.692281124740315334520346
85404.77177536294038873166 446436.355237912735901773 9.206524977313330637684885
85398.64609589730389416218 446443.3320003290427848697 14.97378548436682521582952
85387.51418130999081768095 446430.2964045161497779191 7.833549800237143756476144
85381.05927858616632875055 446435.2356946245417930186 -1.062293660687180230084437
85380.50378063459356781095 446433.4698062135721556842 -1.062293660687181340307461
85397.90937573845440056175 446446.4207301897113211453 13.54652898299267427262293
85394.58118896397354546934 446445.2320796786807477474 13.31208731700292879907011
85396.70229795611521694809 446445.0592636738438159227 14.56771548239642122268833
85399.09813619079068303108 446452.551081176265142858 -1.062293660687179563950622
85395.05809825255710165948 446452.7332738462137058377 -1.062293660687182006441276
85386.69912908179685473442 446433.2310718382359482348 -1.062293660687179119861412
85385.26684934750664979219 446433.9431395960273221135 -1.062293660687180008039832
85385.41245765514031518251 446435.4923368338495492935 -1.062293660687179341906017
85394.1229848126822616905 446446.217758921324275434 14.73436955845629015016129
85395.79738084919517859817 446446.7103239239077083766 14.4800971619826679415155
85395.53876305186713580042 446447.2010634614271111786 15.12779661789559959572671
85398.3406860686227446422 446458.9064962710835970938 13.20816556147293319156688
85396.83076934107521083206 446458.8315606164978817105 14.03392331746697685446179
85396.2670885430125053972 446458.2434030844015069306 13.50752378917074736364157
85377.05735567670490127057 446442.9493666896014474332 -1.062293660687184670976535
85429.59447935385105665773 446446.6506626241025514901 12.00619559400871239063235
85427.00895749643677845597 446447.4801145056262612343 12.15622135387385505111979
85425.48653425060911104083 446445.0271006171824410558 12.13527792472377875299117
85425.29893061889742966741 446444.8690340694738551974 11.53865739989442573687484
85392.99747781219775788486 446443.4274194725439883769 -1.062293660687166019229721
85381.79297261529427487403 446439.2347348640323616564 -1.062293660687178453727597
85382.82722603158617857844 446435.7846041657612659037 -1.062293660687179563950622
85402.85504029916774015874 446436.5518857983406633139 -1.062293660687179563950622
85408.23675097686646040529 446437.9046710982220247388 -1.055442155017952243767354
85395.09843555933912284672 446441.2828049230738542974 12.79023993838011818979794
85393.64779505993647035211 446440.3190030931145884097 12.23983958013194950353864
85394.60602088240557350218 446440.3396963183768093586 12.07592284240794988647849
85387.18114057827915530652 446433.4935846171574667096 7.488951568280723058990134
85387.0438143992651021108 446433.9529673961806111038 8.279401348477012589910373
85387.25655811929027549922 446433.2416416359483264387 8.161017941349722804034172
85403.90362477900634985417 446452.1872913380502723157 14.52028348561338688682554
85402.55210755016014445573 446451.9733321205130778253 13.99383528974091994712126
85402.3038631689123576507 446451.2098455477971583605 15.00282290472067181497096
85372.11799594369949772954 446432.8208905064966529608 14.41284682301430564166367
85381.79917757445946335793 446463.6734357359237037599 14.57602325306861779097289
85380.52582889034238178283 446464.3830504294601269066 15.05893755865685967876288
85380.41631565029092598706 446462.7878291995148174465 15.45730114048726377973253
85394.74739271578437183052 446436.2367309254477731884 8.767109307127229911316135
85394.3915414621151285246 446437.0697588740149512887 8.786639181523398178796924
85392.82226102122513111681 446436.4127863064059056342 7.977593704949487829480859
85393.72099349727795924991 446436.7882751761935651302 8.949884060717465672496473
85390.31881807988975197077 446435.3741095999139361084 9.753928061620467104830823
85391.8476637301646405831 446436.0046588461264036596 8.933956935173025470930952
85392.91634403339412529022 446436.5357489604502916336 9.83208969110588704154452
85383.09058654998079873621 446435.9012862990493886173 11.96678257026700542553499
85363.81091354046657215804 446429.675581346673425287 9.859220714044152344968097
85365.1028428743447875604 446429.2220399699872359633 9.858274838167620401918612
85364.68369270254333969206 446430.0552021142793819308 9.857901940703298393486875
85407.67128285525541286916 446448.0918424364062957466 -1.062293660687178897816807
85405.73273071770381648093 446447.0927378165069967508 -1.062293660687179119861412
85405.20423910493263974786 446451.6160555616370402277 -1.062293660687177565549177
85407.03812784618639852852 446445.3457023937371559441 -1.062293660687179563950622
85382.14066832265234552324 446431.5695623215870000422 -0.9158260375530883345973621
85389.24402999211451970041 446430.1787884993827901781 6.615977411016233489249316
85390.59385455428855493665 446430.499210549402050674 6.594092335331126264463819
85389.0704597366857342422 446432.3480612068669870496 6.621173497925790130125279
85374.32969039324962068349 446434.1816768492572009563 15.08798211064901195754828
85384.42369442849303595722 446452.8185678484733216465 -1.062293660687146257259883
85384.82557160960277542472 446448.7278265280765481293 -1.062293660687180896218251
85369.39372008638747502118 446433.4725065394886769354 17.12325943301547681585362
85384.28378289916145149618 446432.4884644466219469905 9.322448335789840001552875
85385.06364225644210819155 446432.8244849895127117634 7.771857476579528523075169
85385.66489418686251156032 446433.08262346446281299 9.239429010994124169542374
85373.39190573555242735893 446431.2921710036462172866 9.855449871350590029805971
85380.03410276894283015281 446438.602843734435737133 18.21632555372310235952682
85383.05208648185362108052 446438.5834166025742888451 16.28278180390972806890204
85383.42581045838596764952 446432.1213065364281646907 5.82104427784567501902302
85387.65347934013698250055 446431.911288368864916265 9.250317177671364632374207
85386.80472424955223686993 446432.0226993570104241371 -0.9014133033121307647661524
85383.51968609742471016943 446445.1226654829806648195 13.81912217406149245846336
85383.66202242969302460551 446445.4783320339047349989 14.2642816964604346452461
85382.46045979995687957853 446444.7050146420951932669 13.85248959448219885359777
85368.55892842286266386509 446431.1163095751544460654 12.03029185735820938418783
85366.27835026169486809522 446450.4753284581820480525 17.79555091363734931064755
85364.44969405313895549625 446450.2201837720931507647 17.03454885869343726767511
85360.40054591499210800976 446455.1080517236841842532 19.05725790605438874081301
85362.224878218665253371 446454.5642799090128391981 17.19709378856843073890559
85363.16976604478259105235 446456.2158250916399993002 19.04071914225245976126644
85363.01292852015467360616 446456.4552075960673391819 18.7878210209525526863672
85393.41145379346562549472 446431.6436307166586630046 7.104720784553541612638128
85391.44451705983374267817 446432.6941623200546018779 6.705225932821063494770897
85372.52196951325458940119 446431.5048837982467375696 11.34959408699303473611053
85391.50295700994320213795 446449.239740871824324131 14.9977929213174085987248
85390.06325799442129209638 446448.7722994867363013327 15.12822182355238354034555
85390.15092532851849682629 446448.4490240460727363825 14.52836105860171933557012
85382.20978349092183634639 446431.5992312381858937442 9.706078991252606869011288
85383.28607252080109901726 446433.0691081019467674196 9.854077608879020289123218
85360.966568802046822384 446432.3160072561004199088 -1.062293660687180008039832
85361.78808189765550196171 446442.4668791848816908896 15.34132200757293773563106
85368.86627218913054093719 446431.1266818780568428338 9.857035199224920773986014
85379.0642188353231176734 446442.379402128339279443 13.82178081460436480654153
85377.54023029789095744491 446441.1076607723953202367 14.7984904268162296148148
85378.86863429404911585152 446440.2521722532692365348 16.94082610176243264277218
85369.41461890030768699944 446457.5918991189682856202 17.58705430136395619911127
85369.33667992972186766565 446457.4167070160037837923 17.05732174506321641160866
85369.85992385429563000798 446457.3027461775345727801 17.2668220709186499561838
85366.73521055822493508458 446430.9033143128035590053 9.966146083998719262808663
85366.79295519445440731943 446430.9100282491999678314 10.87908830220231415353283
85376.15228273039974737912 446454.154597275541163981 -1.062293660687176899415363
85377.92517189524369314313 446452.1060021579614840448 -1.062293660687178675772202
85339.68302269038395024836 446465.924603818915784359 3.355348067202142736675796
85428.25392309865856077522 446456.2997327966149896383 -1.062293660687181118262856
85427.74091821776528377086 446454.2236982135218568146 -1.062293660687179341906017
85424.94979986711405217648 446457.250759489310439676 -1.062293660687176899415363
85351.24078280148387420923 446470.3758879207889549434 12.93848129850548644981245
85362.79127961667836643755 446444.3187149757868610322 15.5906963151970661130008
85368.96176727967394981533 446441.1097073467099107802 -1.062293660687146257259883
85374.56412893757806159556 446431.617432332132011652 9.856097727671022212803109
85373.93849423161009326577 446431.8077316825510933995 9.855422039157184954660806
85347.4024694532563444227 446457.1886142109287902713 -1.062293660687177565549177
85350.23888737910601776093 446456.8071242187288589776 -1.062293660687179341906017
85348.91405746251984965056 446451.7063178265234455466 -1.062293660687169349898795
85368.80425646546063944697 446451.1272868562955409288 -1.062293660687186669377979
85386.58282657172821927816 446450.6901571100461296737 -1.062293660687180230084437
85386.41607624918106012046 446449.0715102037065662444 -1.062293660687179119861412
85407.69643460960651282221 446447.2575457536149770021 13.93509590754477933671751
85407.03620461039827205241 446447.569939172244630754 14.82687956549248831095156
85406.29789429105585440993 446445.9147042151307687163 12.77223944742488015435811
85406.56246856636425945908 446463.0397232878021895885 14.25339372443636065668215
85404.3973015616211341694 446461.5221720159170217812 13.34160767459612628726973
85406.85929525585379451513 446462.3261416723253205419 13.34706454349733562025904
85373.45972374439588747919 446449.5418899586657062173 14.71472105048863632248413
85372.20749797638563904911 446449.4300771660055033863 15.32253202644427858558629
85372.2619996729918057099 446448.9440375606063753366 14.56658742826280672488792
85357.937026280487771146 446472.0652233127621002495 16.24764417319765641423146
85359.84524166412302292883 446470.9904854079359211028 19.13483056418030159306909
85361.44748312274168711156 446472.3095688190660439432 18.07028453687219382572948
85389.47356055966520216316 446440.2148137431358918548 -1.062293660687181784396671
85360.79987575474660843611 446447.8022497104248031974 -1.062293660687178675772202
85363.49573952547507360578 446447.8662827764637768269 -1.062293660687178897816807
85361.11485840506793465465 446444.106371966889128089 -1.062293660687178453727597
85367.87653514165140222758 446447.3967804407002404332 -1.062293660687146257259883
85370.04102030154899694026 446445.5610291238408535719 15.48403199451616885085059
85369.18269220682850573212 446445.1006507908459752798 15.64428632774278149497604
85355.38325960973452311009 446458.1236351393745280802 -1.062293660687176455326153
85358.13346093038853723556 446455.9211965835420414805 -1.062293660687178675772202
85372.02737762320612091571 446457.2021619747392833233 16.52310620956523479208045
85372.37989412009483203292 446456.6016519890981726348 17.16033822868671165906562
85394.55832856551569420844 446448.2849085014313459396 14.84960222905078275346114
85394.62566693371627479792 446448.1037883923854678869 15.04141390753670570745726
85394.48312921400065533817 446448.593104626692365855 15.0351229297493205194769
85394.2225597171054687351 446447.7099848520592786372 15.12952190643559546856523
85362.8098539772181538865 446469.6607570912456139922 15.45850628635977663805079
85363.73258516438363585621 446471.0138256051577627659 16.92804809782651886962412
85361.12920359887357335538 446469.3327828653855249286 16.02086723328803685717503
85370.68418795133766252548 446444.7710556509555317461 -1.062293660687146257259883
85365.30360615417885128409 446441.7561387915629893541 -1.062293660687146257259883
85364.59053713615867309272 446445.4018964643473736942 -1.062293660687179341906017
85357.71610727442021016032 446447.5287386306445114315 16.88651790109061678890612
85355.90576351722120307386 446446.7684420007281005383 16.80466286202409875727426
85360.8807291568664368242 446436.4085701383301056921 14.89261298773547359530767
85361.08508426690241321921 446435.7460012217052280903 14.88511750545922396327114
85367.4545497192011680454 446445.8610962488455697894 15.54826688940701728824934
85360.16338131975498981774 446435.9577091414830647409 14.76927874958026976059955
85360.28838181684841401875 446436.373149032995570451 15.15836476028253088088604
85384.5627569046919234097 446434.2276783111738041043 9.854153280293905581288527
85361.83543854694289620966 446467.7722115200594998896 14.81693014742282876738955
85360.77032030600821599364 446467.9269100275705568492 15.02211765502841345210072
85361.50442139440565370023 446466.9848303195321932435 14.95188345814332642191857
85368.23521530056314077228 446466.4727566222427412868 19.02633912261034865309739
85359.21877140199649147689 446449.1734075083513744175 15.38836614210747555375747
85359.20587845900445245206 446448.5604445983190089464 16.25895616663654763556224
85361.09974598298140335828 446449.7061628390802070498 15.71327714942484732318917
85361.23222320080094505101 446472.6764906076132319868 -1.062293660687175789192338
85358.41492201869550626725 446470.520661831833422184 -1.062293660687180896218251
85368.5536743860284332186 446474.3794920252403244376 18.98762668066897774110657
85352.54440725974563974887 446466.9216075442964211106 17.77751884800499126981776
85343.71778061764780431986 446441.1285835427697747946 -1.062293660687173568746289
85389.53683932870626449585 446483.3923701379681006074 13.48522606624371356076608
85389.89574094749696087092 446482.4495300254202447832 14.43961626215697791053572
85390.55304247062304057181 446483.4573063193238340318 13.51419150317610018419145
85348.78584802729892544448 446468.4327598782838322222 12.21016397067207215343387
85346.54257505509303882718 446466.6558069378952495754 12.4360906358178695541028
85356.75580901170906145126 446467.0862924939719960093 16.10770815272277900476183
85364.18729039985919371247 446454.5695937620475888252 15.96768285269543063975561
85364.57193846440350171179 446456.2599267107434570789 18.30140609308515919906313
85339.29560899479838553816 446455.0717741205007769167 -1.062293660687176899415363
85336.03530055262672249228 446462.9737425717175938189 -0.9959834390674950910238294
85411.91722472717810887843 446502.1245460252393968403 12.15703086696116130838163
85414.14188704360276460648 446503.4684717518393881619 12.15520162433997519713103
85411.01237315739854238927 446505.1669329327414743602 12.15370451888264646811422
85423.19578301013098098338 446455.8657326519023627043 15.96351146915091945288623
85423.25022678804816678166 446454.9624633007333613932 15.84481344996548379810974
85424.56227896625932771713 446455.3335685412166640162 16.5526295663579290362577
85340.0446115889644715935 446466.2067504339502193034 -0.9545133640476650693784677
85343.76837898245139513165 446465.5990044336649589241 -1.062293660687172680567869
85347.83996476148604415357 446467.6831624900223687291 11.26527152463717307284696
85366.74893034355773124844 446455.3377774974796921015 15.5195816150516296971773
85368.49546023237053304911 446456.6196836228482425213 16.37189172053842867171625
85366.30891532108944375068 446455.8154687765054404736 16.52879846894235527088313
85357.36379006299830507487 446470.8469774989644065499 17.73221124647301749632788
85356.9041893003013683483 446469.9077200291212648153 19.42189842235934094105687
85362.69209507825144100934 446472.2028657869668677449 19.00607079875270954971711
85362.94213257949741091579 446474.6812898113857954741 15.42095069127475071013578
85357.869769446158898063 446474.5348058803356252611 9.87219381205625268194126
85358.02368119292077608407 446474.525499186827801168 10.51993667644093832791441
85386.18744509237876627594 446494.9921629185555502772 1.594124220990277063236817
85383.58285943191731348634 446493.8615132251288741827 -1.021773121594406807943756
85382.93634779054264072329 446493.64360728272004053 3.462771957953769241811415
85336.06320234529266599566 446452.1507003584410995245 9.872424389073305661668201
85336.42312953186046797782 446447.8987195520894601941 -0.9314315779526048943992578
85337.51361082660150714219 446447.401745516574010253 -1.062293660687168017631166
85345.61764953318925108761 446463.6036845985217951238 -1.062293660687179341906017
85348.22167013547732494771 446462.8161698258481919765 -1.062293660687173568746289
85336.9319969026546459645 446452.0147281712852418423 11.19541445625062614510625
85337.24790240399306640029 446451.2013060545432381332 10.71765283776213983912839
85335.63163799452013336122 446449.8046516536851413548 2.945039136535313684106541
85335.10681346796627622098 446451.0702223138650879264 8.389524133412995965386472
85331.88193725612654816359 446458.8467428655130788684 2.851695767953748017475846
85332.07290329644456505775 446459.1493712184019386768 4.831219490284847317695949
85352.27089745966077316552 446454.7917492420529015362 -1.06229366068718444893193
85334.05319246054568793625 446453.6507900424767285585 9.790528217053736881325676
85336.33737962144368793815 446453.5502036621328443289 9.933837632273462503462724
85365.68250138623989187181 446481.8212926159030757844 2.219110067582629408633466
85363.56143432260432746261 446480.9471351256361231208 4.633024396291270718961641
85365.44757121404109057039 446481.7243595141917467117 4.91391141110978946215937
85336.78695404055179096758 446452.389123642526101321 10.21819772837462103609596
85337.00162588139937724918 446451.8348761106608435512 10.53164623469320559934204
85334.90707278077024966478 446456.4969944080803543329 -1.062293660687179341906017
85334.8445674365502782166 446459.2696074431296437979 -1.062293660687178897816807
85337.50605765321233775467 446458.4900179443066008389 -1.062293660687179119861412
85334.21889632890815846622 446453.2120435062097385526 -0.9228044920618616586693861
85334.3469597809889819473 446452.9025462311110459268 2.449858560281862995822166
85345.58975991717306897044 446465.8996593685005791485 11.24148110513401732646344
85343.06493036042957101017 446460.5458585462183691561 14.08669921598868057799336
85332.23138762166490778327 446459.9594246039632707834 9.738948312883900726433239
85332.35070014267694205046 446459.3703438129159621894 9.481028352595533448265996
85351.0028689133032457903 446460.9328369286376982927 16.64891374269786794570791
85351.00024973374092951417 446460.6335141772287897766 16.9948449570044530787527
85353.41607126804592553526 446461.2719957194058224559 17.58058118107155820553089
85347.05933397288026753813 446465.9107712442055344582 -1.062293660687179341906017
85335.83913395619310904294 446453.3572289473377168179 -1.062293660687179563950622
85355.12636220916465390474 446443.4584089525742456317 -1.062293660687179563950622
85356.46961009303049650043 446442.0602213020902127028 -1.062293660687178897816807
85354.58795443673443514854 446441.6782881889375858009 -1.062293660687179785995227
85371.3931550382258137688 446453.9738627470214851201 18.8590050692441693058754
85371.2881459260534029454 446453.9266174162039533257 18.46469310253258910847762
85371.29667770591913722456 446453.9331334889284335077 19.58056135950596399197821
85336.58395818316785153002 446452.9148155698785558343 11.64873641754319777419369
85337.33360526511387433857 446450.9802741604507900774 9.89014246710344480106869
85335.19023070551338605583 446450.8720624095294624567 9.742339349989563856979657
85342.87547452149738091975 446462.427651057718321681 14.7513324664197398305987
85341.81919164604914840311 446451.4635796044021844864 14.11822884564933033857415
85354.5836756697972305119 446458.5719565689214505255 15.988265307108626700483
85352.30172823296743445098 446456.9084517940646037459 14.904617779121243970053
85354.9291232387040508911 446458.046155651449225843 15.32604696280712985867467
85349.62890215497463941574 446473.8840842319186776876 4.503962369125001252712082
85350.86083666990452911705 446474.8699757939903065562 4.715170450345430808170022
85347.10580263001611456275 446461.1145400497480295599 14.40200402266243351334651
85346.38793098369205836207 446462.2393920480972155929 14.56055827388513179698748
85345.43419459008146077394 446461.2529761935002170503 14.18250379462582699829909
85360.04167653793410863727 446470.1491200829041190445 17.94266894044998394974755
85351.0453320446249563247 446470.2214444802957586944 11.08851476003115976709523
85349.75585640757344663143 446469.2012341096415184438 11.65631961903418556403267
85379.23372812927118502557 446465.2854075947543606162 -1.062293660687180230084437
85375.7498915402393322438 446462.9319583156029693782 -1.062293660687181562352066
85375.18744843390595633537 446467.0984314813395030797 -1.062293660687188223690214
85339.53601714727119542658 446461.1051052660914137959 10.19981399087456708230093
85335.06389191860216669738 446457.5516764260828495026 10.17912977115975969866213
85334.81488566259213257581 446457.7667087602312676609 9.875369092177960439471462
85335.25426569489354733378 446455.3452929852646775544 9.873136114144982045104371
85336.35711394590907730162 446458.5857689135591499507 10.17553183583093989739154
85334.22875178238609805703 446453.1875949802924878895 6.149587227023665114700179
85335.03899620087759103626 446457.4597325708600692451 10.7848866976249819771283
85342.19257733675476629287 446463.2067885670112445951 12.96850777724355197051409
85341.49182614622986875474 446462.6541192230652086437 10.89951576879336236913787
85339.87447346899716649204 446461.3571303235949017107 13.01253075775121104129539
85335.55223897009273059666 446455.5713621117174625397 11.18079360300535185501758
85335.50626033247681334615 446455.6900127254193648696 12.79240085702582341298239
85347.98746441045659594238 446453.3831566249136812985 14.09099392091468772036933
85346.97934052748314570636 446453.3824923082138411701 13.95052621531256775710972
85346.87247709324583411217 446452.9274708482553251088 14.05326486765590843219798
85347.24003606929909437895 446452.5929859676980413496 14.77244320538771304995862
85349.375025103785446845 446463.2032423135242424905 14.84799258423587531297017
85350.62148476822767406702 446462.6508022899506613612 14.98096677327068704244084
85340.01170366482983808964 446462.2441886555170640349 9.874382744481739138109333
85346.96811690382310189307 446444.6627450892119668424 14.4848249195572069680793
85344.04956701061746571213 446453.2976420183549635112 14.6321692227600053115566
85345.33154842625663150102 446454.0851109850336797535 15.01686641893114249057817
85344.51856141754251439124 446453.2783869399572722614 14.30797622119174050681067
85349.74423044810828287154 446469.186008340388070792 12.96536225424731725297534
85343.40062816572026349604 446464.1653537080273963511 9.878158765827498299927356
85348.79194213080336339772 446473.214282537461258471 5.680872426564327781761676
85344.97658807772677391768 446466.3971579637727700174 9.874212275993617282665582
85346.5539488827926106751 446466.6647592700901441276 10.09348374788338276175637
85352.25080202074605040252 446471.2457121475599706173 9.87278364631616511815082
85352.08069332932063844055 446472.2307041434687562287 9.873083618774716185839679
85345.02616563114861492068 446465.4906837662565521896 10.12359785245881482751429
85346.21008397421974223107 446466.3920090585597790778 12.82449577227521331224125
85430.4358956179057713598 446508.646352394251152873 3.302511388356288879464273
85428.18534158314287196845 446507.7191291414783336222 5.405991412151338160185787
85429.52164182577689643949 446508.2693941571051254869 5.445651538164803184827178
85354.64925112864875700325 446461.7264095554128289223 17.72812213229443045747757
85346.81386764174385461956 446470.1473271289723925292 9.873686000892812231199969
85350.02115724497707560658 446470.0927428968134336174 9.872924616328676350462956
85345.49924478573666419834 446470.5792053561890497804 5.548154514461875130848512
85343.59864449090673588216 446466.8934027241193689406 9.873883041242191183073373
85353.54313061387802008539 446472.3177110918913967907 9.873882347083904775786323
85352.812127903220243752 446471.8498385071870870888 9.872540257139569064293028
85353.43614892236655578017 446472.1171090053976513445 10.34074930499616939982843
85358.37530590499227400869 446442.2943673763074912131 -1.062293660687179119861412
85344.65832697019504848868 446460.8454587783198803663 14.05007161994604203414383
85345.33719531576207373291 446460.2783126235008239746 14.10540964127401508676485
85349.42775419233657885343 446469.507806776266079396 9.874216251643018082972958
85348.76685112078848760575 446463.8456381465657614172 15.49643038493499780372531
85347.02166768719325773418 446468.3211499808821827173 9.874729830618598214186932
85373.29901624281774275005 446441.8599277901230379939 -1.062293660687146257259883
85348.18808116634318139404 446467.958542365173343569 9.917818161189256187526553
85349.81264692074910271913 446461.5928822878049686551 14.91275767155418741083395
85363.17853726292378269136 446464.7513880528858862817 -1.062293660687176011236943
85362.05916746347793377936 446462.7828794204397127032 -1.062293660687180008039832
85349.37351077924540732056 446468.8975909705623053014 9.929004321916238495759899
85349.79502344124193768948 446469.424643019970972091 9.874105361910759270926974
85360.61760429588321130723 446468.5198872517794370651 15.10818213472761328830529
85360.14915125342668034136 446468.4836460912483744323 15.35077156548247323542
85364.49296474648872390389 446462.2993253389140591025 15.39009817179720940316656
85363.47414654234307818115 446461.5636699746246449649 14.99078826922936791277152
85364.68833389464998617768 446461.9478473318740725517 14.73429648605105413139427
85339.92429606600489933044 446463.0686989040696062148 -1.062293660687181340307461
85393.65272684844967443496 446440.2951898194150999188 9.830743787253828358529972
85394.37821348078432492912 446440.5960308106150478125 9.577818514248082948370211
85394.23276616644579917192 446440.5353272566571831703 10.43428284661936800148396
85350.76827188213064800948 446470.7452103136456571519 9.873466565999843069789677
85354.57689537988335359842 446465.3060703761875629425 15.69509369361249895291621
85357.32904163865896407515 446473.1682489051017910242 14.20173295424035408984764
85351.0915383969695540145 446470.259782301087398082 10.13244074159720042871413
85359.86850024727755226195 446462.2093010632670484483 -1.062293660687179341906017
85359.86675619115703739226 446475.8107196003547869623 9.871428924464307641528649
85359.45101940620224922895 446475.4217738930601626635 9.870979477145395364345859
85359.90747395118523854762 446475.4473102976917289197 9.87085485686242591896189
85345.38522949434991460294 446462.3813940331456251442 15.40668796305075360919545
85345.40041520797240082175 446458.1773583170142956078 15.52968134497281127437418
85345.33146243877126835287 446459.3504729639389552176 15.49910968542892852894965
85355.30966358678415417671 446462.5857954710954800248 16.84294426297835656214374
85356.97962499453569762409 446462.4990147342323325574 18.01354156564335440293689
85357.83683050076069775969 446463.315005387703422457 17.31901532194117976359848
85364.31010464229620993137 446481.2561975141288712621 0.3009515547672023672021169
85364.26662699140433687717 446481.177360618079546839 -1.029922966773338055546105
85361.738776150465128012 446480.1933196240570396185 -0.9413376034815693627066935
85353.04681798303499817848 446476.6141605103039182723 4.426191217528005594772367
85355.04084800502459984273 446477.4022347391583025455 9.81561673622411845485658
85357.27312184790207538754 446478.3558970027370378375 3.545889553162806961950082
85371.76403459548600949347 446456.5994031146401539445 19.67512488153655780820372
85369.92136712458159308881 446456.9197286357521079481 19.66493569566348753596685
85370.13843387972156051546 446455.6407802196918055415 19.72222222987872441990476
85371.17440045962575823069 446455.9668768550618551672 19.51238872055359152568599
85414.95806743997673038393 446504.8495869821636006236 12.1544441897722048651076
85416.78743314940948039293 446507.648517975932918489 12.09987184168127605232712
85412.88322069005516823381 446506.0291244119871407747 12.10241541318236357938076
85417.21390493743820115924 446507.8619429958052933216 9.121002261716249392975442
85360.71001111359510105103 446475.6449863950838334858 9.976860290278649401329858
85360.00157733610831201077 446475.3487846302450634539 10.33677508462018224122403
85361.03087214191327802837 446475.7787878550589084625 10.58193445317163750019063
85433.70564265506982337683 446484.7891336052562110126 18.04982579210349058485008
85432.13756523125630337745 446483.471413412771653384 17.13884948197772928324412
85434.32508864875126164407 446482.2196947121410630643 13.84852893213654567716731
85364.90969117241911590099 446481.5022068230318836868 9.734091850418650437859469
85365.652167951047886163 446478.9564724029623903334 9.871186881182131500622745
85366.19977259419101756066 446484.4990069761988706887 9.853688595978088216043034
85365.38968278755783103406 446483.7394957579672336578 9.734963153507051103474623
85365.81491630130039993674 446482.7261428475612774491 9.725152531058371963013087
85447.27791960777540225536 446458.7442841440788470209 -1.061542102239128704255222
85447.76197590958327054977 446458.8009259040700271726 1.445758735873157396767397
85346.11915428070642519742 446470.8922175070038065314 -1.062197302956938482765281
85347.93521216796943917871 446469.0983127232175320387 -1.062293660687179341906017
85358.9008699321566382423 446468.0040150871500372887 15.40955793267086093578655
85395.15216392252477817237 446497.5686333844205364585 12.16935707874811001261151
85393.63084666125359944999 446495.2662506718188524246 12.168928811725216121431
85395.61170119979942683131 446495.5549196724896319211 12.16718307242451935223926
85396.04283432029478717595 446491.0900537953129969537 12.22545563938328072595141
85395.60144876496633514762 446492.0390613588970154524 13.32104604553116011800284
85395.46891201422840822488 446492.424645144899841398 12.29706027479475238806117
85373.20339969899214338511 446468.6879855940351262689 18.34990295861967268820081
85373.28088191313145216554 446468.4734304007142782211 19.028220295611344425879
85373.60643822952988557518 446468.1349203205900266767 18.22941720177604452146625
85373.88087878104124683887 446468.4470016576815396547 17.63915702191065904003153
85361.52185005799401551485 446471.2463012880180031061 18.67325781709342891190317
85362.51685294981871265918 446468.9641965206828899682 14.58441545105715064778451
85361.47638091113185510039 446468.8359777226578444242 15.0479600864018436823244
85358.89145356672815978527 446456.6471178377396427095 15.99391840056773972378323
85360.63281832794018555433 446456.4564297596225515008 17.33554289334487208407154
85361.37658072880003601313 446457.3652634625323116779 16.44405702471860664104497
85332.3397787468129536137 446459.3628158968058414757 3.362703230890599304103716
85332.24892311076109763235 446459.6730481010745279491 1.932577670260174462768532
85364.82214965908497106284 446456.8368912239093333483 19.01159271341725442994175
85365.91769307096546981484 446457.5252800813177600503 18.99738144073514689580406
85364.22914267463784199208 446456.829379641218110919 18.9858678436605927686287
85364.49597732833353802562 446485.9049609414068982005 7.301355390048490434651285
85365.71659293098491616547 446482.9568739306414499879 6.053649104745856490694678
85365.39335254978504963219 446483.7295012110844254494 7.996192479256228224926417
85364.580567962970235385 446486.0300424801534973085 4.414951262854155622505914
85345.42238369661208707839 446465.7687181360088288784 9.88084671727017749276456
85425.26433073310181498528 446511.2003189446404576302 9.471000000000000085265128
85425.97259533181204460561 446509.825626968580763787 6.840535527533453397097674
85425.27589582519431132823 446511.2032058830372989178 4.215095132214765172307125
85370.74518202507169917226 446483.7759818694903515279 9.745620702014964109594075
85368.86682549401302821934 446482.8819035555352456868 9.74448341575214094234525
85370.56369060973520390689 446479.7731436823960393667 9.868798205887653551826588
85361.81393877370283007622 446462.2769071163493208587 17.0474979142027223133482
85361.03460040119534824044 446461.322283045738004148 16.09163066849453471718334
85362.39679256928502582014 446461.7572256458806805313 15.88996574195445887767164
85415.08044757250172551721 446498.0111979296198114753 18.22716566543154925739145
85414.19595188365201465786 446498.2461061940412037075 18.38377003537659604148757
85413.5041458697960479185 446497.725636918970849365 18.44720106047726204678838
85441.87086384092981461436 446482.8370634225429967046 4.597398682865842189926298
85442.55858978429751005024 446481.1771255869534797966 6.924670621945294257670867
85442.6244513228302821517 446481.0181872844113968313 4.934912066637012983960631
85366.57169100380269810557 446473.8010195185197517276 19.0094936540187404716562
85368.51827951008453965187 446480.8381139331613667309 9.87074353736487530852628
85367.58404994399461429566 446478.5717659458168782294 9.870641448178281152081581
85358.26510240430070552975 446464.4677973070065490901 16.1198170404789422605063
85358.0865565428975969553 446464.8616782007738947868 16.12260526753413003575588
85358.41561847733100876212 446464.1193501279922202229 16.46728711419502033663775
85361.2581949562591034919 446475.5312094115652143955 13.08570747762557395788008
85358.98115248292742762715 446474.5532772070146165788 13.1410564044053099763687
85332.28625591316085774451 446459.3201328115537762642 0.8868715402246074575032253
85332.23638217717234510928 446459.70425274723675102 0.1712752716578969103267127
85354.96891514203161932528 446468.7858502083108760417 18.9106298226070919099584
85336.73083242328721098602 446460.776337369519751519 -1.062293660687179563950622
85380.34487076826917473227 446474.5967581969453021884 14.34641569100338287512386
85381.20975717021792661399 446474.9130812376388348639 14.40781619007082525740771
85380.88198376940272282809 446475.5660394965671002865 13.67332766256189380271735
85374.08773465253761969507 446489.9154474827228114009 -1.027912419874602578673262
85375.08519573869125451893 446484.7015597510617226362 -1.062293660687178231682992
85371.28376968677912373096 446486.1750706458115018904 -1.062293660687180008039832
85365.04507073364220559597 446468.4500645622611045837 14.10177915193499842416713
85365.56616806672536768019 446469.5585578136378899217 13.90047337802636384651578
85364.09536548687901813537 446469.606447884114459157 14.56503936618227434962591
85433.22773928090464323759 446503.2874900656170211732 9.381568475241419235999274
85433.23112140153534710407 446503.2888870284659788013 11.0536071742812591622851
85434.11714495682099368423 446501.5519681531004607677 8.856122780674381189669475
85409.77597362559754401445 446486.3204817925579845905 15.02135956613188483288468
85410.13519378351338673383 446487.0284493472427129745 14.35576028595934161558034
85409.42944171956332866102 446486.6264264921192079782 14.34517710548716529217472
85352.64318401577475015074 446476.2651481446227990091 9.80647466921351451674127
85353.12847089077695272863 446476.2060104089323431253 9.873832578761806644251919
85358.74867297579476144165 446475.1328756230068393052 9.871114164850025574082792
85358.04912343151227105409 446475.6785178459831513464 9.872207338629422679332492
85371.32211309588456060737 446456.0257382042473182082 16.07521714595092632293927
85371.07269435434136539698 446455.9246203535585664213 18.29862842868096706183678
85385.10266720503568649292 446475.6196099072694778442 15.12893820879111750343782
85385.67037652138969860971 446475.0529696114826947451 15.05183748938508792036828
85385.77536583258188329637 446475.553309402777813375 15.14238499387531788897832
85362.70596293731068726629 446467.3270432509598322213 14.67620762008933255060583
85363.42163069687376264483 446466.8976002296549268067 15.40027045320398535466211
85364.5773728032800136134 446485.9312621467397548258 9.851704375271713942652241
85401.41643654207291547209 446482.0634105951176024973 15.66785773206330034668099
85401.44791622472985181957 446482.3004845360410399735 15.7989535755418391005378
85399.94133348744071554393 446481.2223584104795008898 15.38500102496687560460487
85358.24564791287411935627 446478.7459989623166620731 -0.96713362512667300219249
85361.320752369036199525 446478.2444165250053629279 -1.062293660687180230084437
85365.703436282929033041 446470.0879682512604631484 14.28007444640160450433086
85366.55866019333188887686 446467.7492433142615482211 16.07350424781256847950317
85365.00360654237738344818 446467.4930133041343651712 15.48879759867171124199103
85365.58335452796018216759 446466.8492587407235987484 16.82196097959639047303426
85372.34391717490507289767 446466.5293594822287559509 16.85521372602279654984159
85371.30683563633647281677 446467.6342429599608294666 19.05736428500104651106994
85373.932130127985146828 446467.5928193186991848052 17.4649772430256717825614
85365.77779968614049721509 446474.185532265983056277 17.9404394927149581917547
85368.18859850826265756041 446475.4473014563554897904 17.53979960223223599768971
85376.48381651792442426085 446481.4940604428411461413 13.58767976319801817908228
85376.49685167349525727332 446482.2176378771546296775 12.49844878603991027432585
85375.62437209424388129264 446481.8655432580853812397 12.13905170829429636114583
85363.35269303695531561971 446465.9452615123009309173 16.79428836013513759439775
85362.33801121432043146342 446466.1675252803834155202 15.82705539943489725374093
85362.51633864537870977074 446464.2815890019410289824 18.77762601333035163975183
85364.50297779066022485495 446457.5035709085641428828 18.14487605928505686847529
85396.98801016088691540062 446488.2093101342907175422 -1.062293660687186225288769
85393.07143188788904808462 446487.6152371544158086181 -1.062293660687146257259883
85394.62747180952283088118 446491.258209544699639082 -1.062293660687146257259883
85417.23918902101286221296 446507.872430837363936007 3.533701814780049410558149
85412.66601060732500627637 446505.9754757630289532244 6.793199856234380717978638
85361.45401586149819195271 446477.5689922352903522551 9.871475629902031201368118
85363.145938462796038948 446480.6393061299459077418 9.869373178751690289800536
85365.76712499474524520338 446482.8379889490315690637 3.363609803781074880646429
85408.77950000582495704293 446499.3732192414463497698 12.89161946044855788784389
85408.24793712004611734301 446499.5055203367373906076 12.35964323791287711173936
85407.76035474501259159297 446499.1031729465466924012 12.66140142358503517527879
85407.77232735890720505267 446437.599740023841150105 7.656382222130580395003108
85408.27542059142433572561 446437.8084018270019441843 4.098518003542921839255087
85434.12666619702940806746 446493.6415565652423538268 17.9886252405826105871256
85434.04623135815199930221 446494.6244026695494540036 17.84906520121714379456535
85433.17792073563032317907 446494.1470923915039747953 17.98135982554654077603118
85433.48017240848275832832 446494.4863591071916744113 17.18023967220041114956075
85366.8586313934501959011 446486.8283490974572487175 6.633595823989352879834769
85368.20405863839550875127 446486.7143552546040154994 6.619110249136412882364766
85368.78847058086830656976 446487.735085824562702328 6.83736613418882832604595
85368.88871951150940731168 446487.8160507528809830546 6.356273830096596633154604
85368.51779173058457672596 446474.6278807538910768926 18.98354249885140632159164
85370.69343977153766900301 446479.7991976292687468231 12.08940823536184794306791
85369.36995584610849618912 446479.2489836526801809669 11.06061318790348657614686
85370.49450547085143625736 446479.6882740111323073506 12.57375124872906724249333
85365.29783013294218108058 446477.5540305329486727715 11.13744258007820953082501
85364.1427046328317373991 446477.0728685219073668122 10.1099943485732541859079
85363.85466670816822443157 446476.954091650724876672 10.78538546946741938370451
85365.95298265373276080936 446485.5526502250577323139 6.678311889549032542845453
85367.30136321349709760398 446485.9237422503647394478 6.628728932153467923171775
85378.01901068681036122143 446467.9961446162196807563 -1.062293660687181340307461
85380.5735651622962905094 446469.5120222816476598382 -1.062293660687180008039832
85360.85431499095284380019 446475.7051855234894901514 11.8823365940781684457761
85362.60134231924894265831 446476.4309186313184909523 11.06032783525698626192479
85401.13021697304793633521 446493.4234834366361610591 14.96887532513024865465923
85400.28293913177913054824 446491.6339920666650868952 13.61689753456804830022975
85401.55683477064303588122 446492.4826345403562299907 13.66038389312257272933948
85360.24073690477234777063 446479.5787683693342842162 7.431770259420197533017927
85359.9674990893981885165 446479.466174689179752022 0.5791375348668128530960075
85357.70877561341330874711 446478.4145546561339870095 9.867671771762962507068551
85396.09971567157481331378 446489.6982831886853091419 13.44344681926356876999762
85395.68897058680886402726 446490.1925502103404141963 12.43965330379148959139002
85394.9521117510594194755 446489.4820522627560421824 13.05380592983201992751674
85383.69932018379040528089 446480.9952282935264520347 13.59693814601648753637164
85384.42715383892937097698 446481.054289588239043951 13.34153232513149234250704
85383.73743601022579241544 446481.7220825799740850925 14.37683264253802484233802
85364.63123938562057446688 446473.0174053130322135985 18.98923897290639573043336
85363.80083050228131469339 446472.4235901492065750062 19.01360395868136166086515
85431.66789213978336192667 446490.2843334597419016063 17.28588781732632995158383
85431.03384275641292333603 446490.9745186934596858919 17.25643736828246588288494
85430.49396036885445937514 446490.6530258322018198669 17.25411961315435505071036
85421.5187497905280906707 446509.5141065251082181931 12.14871432264612138851589
85383.22356617494369857013 446487.3918132673716172576 13.18668871405140841090997
85383.3956154332117876038 446487.2703123782994225621 12.59011130379619736174845
85383.55051610604277811944 446487.3320801156223751605 13.66459733560653866391021
85384.79437205899739637971 446487.8334237977978773415 12.3395414399770082525265
85381.32368743354163598269 446484.4083139872527681291 12.17462001271326776929982
85381.31975698957103304565 446486.4689403121010400355 12.175885313129695575185
85378.28330762390396557748 446486.8902683635824359953 12.17780966602709291635165
85406.47134212014498189092 446499.4206082648597657681 12.15933935441956492695681
85403.90957047198025975376 446497.8530917629832401872 12.1611916594977689243251
85405.83703092767973430455 446497.6667094338918104768 13.61684706003350342484737
85369.29419317333668004721 446485.0184764948207885027 6.610607634173105928709901
85371.24317753728246316314 446484.0151823993073776364 7.217724612187379484851135
85372.0481741109979338944 446484.9449954209849238396 7.602388399721503375872089
85366.4730124120251275599 446468.8202947670361027122 14.40620164464030139583883
85365.90414187670103274286 446467.9569219553959555924 15.35087838509428692645997
85369.08625796728301793337 446487.3867163015529513359 6.943071279967896636264868
85372.16181525599677115679 446485.826720837561879307 7.796735812522166853000272
85374.95755804494547192007 446485.3218811250408180058 11.39038054502489316632818
85374.95424671686487272382 446485.6100773861398920417 12.17583720936402613688188
85374.45716748578706756234 446486.461164768785238266 10.01700792541955209458138
85370.58795267873210832477 446476.1250189312268048525 17.71342284905048458654164
85370.17321169584465678781 446475.6490534674958325922 18.25858017409834843647332
85370.69033141256659291685 446475.3118588976212777197 18.13729755023237188993335
85370.43308976956177502871 446475.3741037079016678035 19.021227823721950755953
85375.52966435032431036234 446475.7788701927638612688 15.03703789755665454208611
85376.86629727932449895889 446476.6068408785504288971 14.99614819143612187701819
85376.74690271753934212029 446477.0126176297198981047 14.42434931480798532277277
85370.56879214147920720279 446477.0597877909895032644 16.59037655631181351623127
85373.31787579960655421019 446469.2461168494774028659 17.78568218655685484463902
85402.51904507365543395281 446454.3529214769368991256 15.46060676065827088621063
85400.6230189357593189925 446453.7344337502145208418 15.61502914383992646207844
85401.8075667269149562344 446452.9772473390330560505 14.17080096920152953998695
85390.18504123059392441064 446477.0887049003504216671 15.26076835531914177579438
85392.13507392210885882378 446476.9730355005012825131 14.12709465892310234380602
85391.88176791729347314686 446478.2385956827783957124 15.78507583481808396186352
85395.39881622057873755693 446484.4096498070284724236 -1.062293660687146257259883
85407.55936001555528491735 446481.3696267139166593552 14.88443271531106759653085
85408.64874491222144570202 446481.7044135184842161834 15.22939659836324466368751
85408.82298834252287633717 446482.5057777194306254387 14.1466048253977980664331
85383.44224082383152563125 446476.8832738746423274279 13.72136528018306833587303
85382.66426313584088347852 446477.3265172457322478294 14.56899669128231877834878
85382.54721412324579432607 446476.9000688886153511703 13.98333770350828331174853
85381.2966414863767568022 446472.0106350776040926576 13.53545077433855325921286
85381.17334174751886166632 446471.169297885790001601 14.02997428797540280243084
85382.17209770917543210089 446471.9442152180126868188 13.59360162792108006613034
85413.64040320196363609284 446470.5851982184103690088 15.02810099770796981033527
85412.89398774149594828486 446468.7804252404603175819 13.36916737988939551939893
85414.69997088349191471934 446470.0198312330758199096 13.76786051944742084174322
85441.35286087288113776594 446482.1336507621454074979 10.53674297907073409419354
85441.5748117125331191346 446482.1218497019144706428 12.48683263868400850071794
85441.71148723113583400846 446481.9335869668866507709 11.11933081852671634237595
85440.43981677056581247598 446482.1650780049385502934 11.61675128405636314710137
85366.10109233440016396344 446482.0432345829904079437 7.468982578014768947127777
85366.06067204645660240203 446481.9775603002635762095 8.221150973481785584340287
85365.8882080805633449927 446482.5501740556792356074 7.966715024603309380779592
85399.08704399832640774548 446493.8174642219673842192 15.09676627970348938845291
85397.54195079187047667801 446491.9496815181919373572 14.96181208859724520721102
85399.33752287503739353269 446492.6947707698564045131 14.97504994921357734938283
85371.33016701154701877385 446475.3644716547569260001 17.4745587541942910547732
85371.56061903027875814587 446476.7809618599130772054 17.02186096499455203456819
85449.00773407872475218028 446459.3182869760203175247 3.909499374382499059521479
85375.10780376936600077897 446445.2563195984694175422 19.07412140825677582256503
85376.83244245471723843366 446448.3751610207837074995 15.4828921601032654109531
85374.26227206777548417449 446447.465630296734161675 15.24746224058857713146153
85372.92489726988424081355 446446.9035338902031071484 15.26193341249636326040218
85373.01102274963341187686 446447.3255978135275654495 14.67589155071072681835176
85367.57030341883364599198 446468.8677180368104018271 15.01755328273334555433394
85367.69283261478994973004 446469.6058021161588840187 13.98240479205975361765013
85403.33091429107298608869 446456.8613620976102538407 13.37034921496970341081578
85399.25578091604984365404 446455.3141150660812854767 13.41966071295321505374432
85402.26174045559309888631 446455.7222569867735728621 14.20481070080121455134758
85418.63390850037103518844 446497.0018127116491086781 16.8696528616523053756282
85419.45530946238432079554 446497.8573615661589428782 17.01188746176568855617006
85418.7415933115262305364 446497.9492200505919754505 17.25151413770072750253348
85403.01496875027078203857 446496.6043385746888816357 13.45268255505743759670167
85416.6720084210392087698 446502.3184000232140533626 13.38932895196413497274079
85415.31492490634263958782 446501.48522395477630198 13.79337129629191593949145
85418.0715082676470046863 446501.7698379390640184283 15.08194023485647150550903
85429.94141303750802762806 446446.7945395026472397149 6.756867745323801521806217
85415.84950753976590931416 446498.9309844792587682605 18.3963351134621042604067
85414.80992028664331883192 446498.9639408657094463706 17.26173942298570196385299
85437.7981057511642575264 446483.5861575292656198144 8.932502718600076718757919
85437.72892562611377798021 446483.6728979959152638912 9.510730710586354774704887
85437.54814154902123846114 446483.3293780087260529399 9.222296651299796366174633
85388.31267189378559123725 446495.8737073063384741545 5.944136469681494894246043
85387.39789861274766735733 446495.4942592157167382538 4.155070058728554727167648
85386.02066014142474159598 446494.9229804964852519333 5.554500103317313808304334
85433.19182340016413945705 446503.2732839984819293022 13.1881089038863201778895
85433.42964502163522411138 446503.2116120461723767221 15.60856585031072363278781
85433.4282920538098551333 446503.2147212481359019876 12.93745327067991723879459
85434.2644676735217217356 446501.1963992059463635087 12.74208610603150226836533
85435.23091552819823846221 446498.8638407666585408151 10.17400109786017026181071
85390.28545648846193216741 446444.2555660073994658887 14.31751822098841131492009
85392.06558085778669919819 446444.0773037013132125139 13.43962803347029577594185
85391.97877315805817488581 446445.258660445804707706 14.6491324324113278976256
85412.54215073502564337105 446497.561906288203317672 18.36941833819973979302631
85435.19739245109667535871 446496.8786705598467960954 17.21055948197292195800401
85435.8624381055124104023 446496.9340940847177989781 17.21318955103820513841129
85435.66329826101718936116 446497.488154774357099086 17.35749207829476503661681
85435.67415655743388924748 446497.6407181009999476373 17.95361035660536330738069
85388.33283058401138987392 446482.7313373635988682508 13.28024531154286869139014
85389.24917758663650602102 446484.173388772876933217 14.59692706475175683067391
85415.84180315204139333218 446440.9858641017344780266 -1.011147961562197883367276
85412.4033317382272798568 446439.5204848516150377691 1.165136371793456193657335
85412.01366041427536401898 446439.3588717401144094765 -0.915290513058296784087986
85415.14341593410063069314 446445.06688703439431265 -1.062293660687191776403893
85410.4453995979274623096 446500.5416614137939177454 12.17671233395212126993101
85411.53870938644104171544 446501.4276011011679656804 12.15641836583606583133133
85409.7284980409312993288 446501.8386941663920879364 12.15808711133652231239921
85431.83231649640947580338 446505.3951901837717741728 18.61335714122539997106287
85432.31999302649637684226 446504.1300014290609396994 17.68692664298524164223636
85431.90787822299171239138 446505.5005174502730369568 17.91849105928810814702956
85429.30873725115088745952 446482.9839002854423597455 18.04983552740649699330788
85430.34736889734631404281 446481.457290470483712852 15.19781447078917047122104
85427.35364185216894838959 446505.1033263158169575036 15.8635052805126388619783
85427.40766485777567140758 446504.1156207777094095945 17.38174086906340676250693
85428.75393753231037408113 446504.2371058679418638349 18.54929357312875026764232
85421.49145721357490401715 446503.8543180240085348487 14.08572140783890702664394
85424.0974496046983404085 446504.0525682601728476584 15.41143959647319761074868
85423.87977453792700544 446505.6124136613216251135 12.93786435934280731885337
85436.35110064789478201419 446468.4399978407891467214 16.83523332076704193127625
85435.06164430774515494704 446468.1769423983059823513 16.990070423809587651931
85435.37115073377208318561 446467.4591217110282741487 17.3069252556675898802041
85447.94030882725201081485 446458.8750044749467633665 2.755580024477538803040488
85423.53621662897057831287 446471.7598432874074205756 17.0171719840435109460941
85424.49763950954366009682 446471.6973147172247990966 16.92448897072869229418757
85425.25039073079824447632 446472.3153100778581574559 17.26997660269147516487465
85424.27438632299890741706 446471.9411971143563278019 17.83416655614239587634984
85393.05027242726646363735 446439.8945382577367126942 9.162980415386572374814023
85394.22116245332290418446 446440.5307750124484300613 9.164638344237900469124725
85418.41715770454902667552 446499.0078448851709254086 18.00906459487677935271677
85420.45945995676447637379 446498.4785194452269934118 17.14940252368249673509126
85419.87167679722188040614 446506.6736936373636126518 12.15102693878237261060349
85417.93662744660105090588 446503.6252166443155147135 12.21602962253809643300428
85416.75201551258214749396 446497.4911526512587442994 17.4689122390590441114
85417.7146427356346976012 446496.926719444920308888 16.86326843666536845489645
85424.70107270145672373474 446487.2914362849551253021 17.2266299512811507099741
85423.84017027566733304411 446486.5341088366694748402 17.23019235478759725310738
85425.20070759713416919112 446486.9968500069808214903 17.62653474170510037311033
85436.37537285685539245605 446467.091224485426209867 17.98945890057199648026653
85398.54794702147773932666 446500.1193009248818270862 1.501272555913981454622785
85396.69781006008270196617 446499.35186384292319417 0.6079633532438951659671034
85404.84086118615232408047 446495.6652470537228509784 -1.062293660687146257259883
85408.96833481019712053239 446490.6235146243125200272 -1.062293660687162022426833
85403.18873094978334847838 446490.3470882910769432783 -1.062293660687146257259883
85430.76363871488138101995 446484.0266230248962529004 -1.062293660687255725250111
85434.60306879364361520857 446481.6793038465548306704 -1.062293660687178453727597
85430.71234193674172274768 446479.4180265128961764276 -1.062293660687178453727597
85419.85014302152558229864 446489.6048307488672435284 17.07245095370496201780952
85420.58234851859742775559 446489.9301733586471527815 17.07856858199707517087518
85420.17766264111560303718 446490.9067275004927068949 17.08657992441315442988525
85420.89004477257549297065 446504.9835840482846833766 12.15005396318449726322797
85428.51356433310138527304 446506.7647017444251105189 10.27697952269079983977917
85427.43290909305505920202 446507.1645649505080655217 9.378024090240522525618871
85427.25417368322086986154 446507.2312036200892180204 10.6375469975935530442257
85425.27851551797357387841 446511.1546429116860963404 12.10906768850187020802878
85427.81523754072259180248 446502.2216317373677156866 17.65161769285503723381225
85424.81413348770001903176 446502.6238458515144884586 18.49887846431868254626352
85425.29828068982169497758 446501.4951857530395500362 17.83245512233315466232852
85432.49564774434838909656 446503.8107028100057505071 9.955634055532470938487677
85431.94693783699767664075 446505.444444126624148339 10.92006209624367052413163
85432.23185030587774235755 446504.6005612848675809801 11.59147468433671512855199
85416.08829751911980565637 446487.2312923269346356392 17.41696464528651944192461
85415.62253412367135751992 446487.2342830220004543662 17.0297499845779221061548
85415.29036262151203118265 446486.9023118874174542725 17.15974213892465627395723
85415.36896115382842253894 446486.9362639213213697076 17.47221079170106605715773
85414.31963922688737511635 446477.6714646217878907919 15.96228609120509389640574
85414.52890578300866764039 446477.2192198758712038398 16.0304767843318707321032
85414.39637483419210184366 446479.0365189124713651836 16.40464831708701609613854
85425.72125042160041630268 446504.6187349599204026163 15.57360643137148059622632
85413.37606459410744719207 446506.2700062606600113213 2.570939693501407941056414
85398.69105213432339951396 446485.4022437792737036943 15.10803314234676264504742
85395.83565623075992334634 446484.4784901621169410646 14.98710613689805626336238
85399.11012155121716205031 446484.4727608439861796796 15.02104401677078904242535
85432.92094463351531885564 446503.518783167761284858 9.012723967440907202330891
85432.60166600153024774045 446504.8030487822834402323 8.977645156087838529401779
85432.37465983426955062896 446504.1710739420959725976 9.232129627049637576874375
85435.59649442293448373675 446489.6904228088678792119 17.87550334815207975225348
85433.13335609599016606808 446489.9304272675653919578 17.99377917293030648693275
85432.98844612239918205887 446488.8153280692058615386 17.98912928790261034350806
85423.76919660925341304392 446507.9800517937983386219 -1.062293660687179563950622
85420.27739807497709989548 446507.2515453085070475936 -1.062293660687179119861412
85422.40919716907956171781 446509.9218056269455701113 -1.049431736366016831851766
85414.96777007122000213712 446487.0748043971252627671 17.02529763320869449216843
85414.78209061581583227962 446486.6936025284230709076 17.35562650615154112188065
85424.74228024881449528039 446491.7776113058207556605 17.11488587734079658275732
85422.99225759704131633043 446491.1523019624873995781 17.10142683146033704133515
85423.28053535189246758819 446490.2276798366219736636 17.09331589943710127954546
85424.37059990807028952986 446490.6415712989401072264 17.4145386591672242104778
85426.8570016391749959439 446500.4605102163623087108 16.87132532095045789333199
85432.32347468183434102684 446504.3263237879145890474 15.95453544526267464220837
85432.683811462193261832 446503.2517400789656676352 15.56248099406901808094972
85432.44962730378028936684 446503.9509149524965323508 13.53690368295317192348648
85449.92387414550466928631 446463.4007422714494168758 2.749501605472612908442898
85429.30089340305130463094 446506.4225198003114201128 15.09659610530839302100503
85431.92795491113793104887 446505.4785479470156133175 13.19143328182394903080876
85429.0278338188654743135 446506.5748412641696631908 12.9576503703668901579249
85431.85643633473955560476 446505.5305641936720348895 9.8316879605318021617677
85395.70950998963962774724 446492.6833788122166879475 13.51432691380999884245284
85396.13246083680132869631 446493.1021839358145371079 13.13248629318494131723583
85395.49128102701797615737 446492.4661845507798716426 12.98374149493712970127035
85422.55569107683550100774 446497.6536924981046468019 17.88820405916521139033648
85422.29719252542417962104 446498.5436856201849877834 16.87037997461740346238912
85421.32960395795817021281 446497.7138309187721461058 17.29826093028052369504621
85426.19096907549828756601 446497.5249526092666201293 17.85211244370275807114012
85426.39287273751688189805 446497.6082851887331344187 17.39760223574710096272611
85426.92396358762925956398 446497.8283711494295857847 17.50731498563954247060792
85416.9546581585454987362 446493.6970550810801796615 17.5934276463075534024938
85418.27564777908264659345 446493.7710384574602358043 16.93601290197661413117203
85418.09748585379566065967 446494.3075105538591742516 17.97872082884965294624635
85425.20266398292733356357 446505.9990091996151022613 13.18119540168815362335408
85423.57994286323082633317 446502.8139806757681071758 16.94792143539640250082812
85423.89269673095259349793 446502.3633176558068953454 17.81988465490393025447702
85424.72000454396766144782 446507.0736153810285031796 12.14826512184645324055055
85425.40278594006667844951 446506.6841934560216031969 12.27747296903674190104994
85426.49428151258325669914 446508.370774558512493968 12.12395872971330668121936
85423.77555028672213666141 446509.5971111787366680801 12.14896351364998139388263
85417.13665017430321313441 446495.4020055247819982469 17.85361264176584938923043
85416.59124909446109086275 446495.2097132729250006378 17.81507846429464692050715
85428.35721979121444746852 446506.8192329513258300722 13.84848562591512965980201
85426.45219052210450172424 446505.6855343659990467131 14.42851363867853642375394
85418.9473579712794162333 446500.7878647996694780886 17.10312088403417263293704
85412.79783785727340728045 446463.3387851840816438198 15.11572226387122341861868
85411.04267285850073676556 446462.7925809119478799403 14.89920483128976691489243
85415.12189545821456704289 446448.0768166554044000804 -1.062293660687179785995227
85417.83246770892583299428 446449.385609048418700695 -1.062293660687176233281548
85433.08837479332578368485 446490.0555447103688493371 17.78221884694554688621793
85431.99437191190372686833 446489.5948195420205593109 17.86230107788837173643515
85420.37152037984924390912 446497.7255198812345042825 16.87724113693903404964658
85419.82866385858505964279 446497.0974957387079484761 17.2832081752736890223332
85420.9065603601629845798 446500.9621017086319625378 18.50593046798449492484906
85407.71195758153044153005 446491.0670986886252649128 14.0283235976850555459805
85407.37910335234482772648 446490.5367908006301149726 13.76895723193504394998854
85408.25587501376867294312 446490.2896200472605414689 14.1503837018491243071594
85430.1956470625736983493 446494.2796260170289315283 -1.062293660687177343504572
85429.91075528820510953665 446490.4351757360273040831 -1.062293660687177121459968
85426.33942762680817395449 446491.8865819579805247486 -1.062293660687181562352066
85435.08299175130377989262 446495.5616902451147325337 17.19821067479818665901803
85436.15167228569043800235 446496.0017885765992105007 17.20581525571791203788052
85431.66533257262199185789 446501.3321279949741438031 18.00358929509379279920722
85431.72277523502998519689 446502.2396833408856764436 17.14508921650988071405664
85430.46309584105620160699 446501.9727213745354674757 16.87862025473716798273927
85425.12753773352596908808 446497.2274399778689257801 17.98865000483050735624602
85425.69601232385321054608 446497.3188505864236503839 17.01316952982522678894384
85425.78815593448234722018 446498.8749960610293783247 17.99512465686919071572447
85422.46595894666097592562 446494.4636082634096965194 16.99931640853347758479686
85423.63064154218591284007 446494.0198453853954561055 17.97059463089101782884427
85422.76039636331552173942 446496.1021979801589623094 17.84592009525140099412965
85411.34337213140679523349 446494.1617866645683534443 16.73345930783866464253151
85413.36815668382041621953 446493.7962837615632452071 17.87161522580748140853757
85419.56542610525502823293 446492.4553038027952425182 17.3338838946438329458033
85419.14543861732818186283 446492.6339149635750800371 16.98184189317332837276808
85418.97394351969705894589 446492.2089927027700468898 17.31247251930077624137994
85428.7269778131740167737 446507.9417442771373316646 8.548289021461897618792136
85429.27637262761709280312 446507.9892784713883884251 8.853214722011101045495707
85431.10062933059816714376 446508.8110561888315714896 8.721488019570619698583869
85428.78713263182726223022 446507.9675001191208139062 6.8408291045788134354666
85415.42021744331577792764 446489.0718278521671891212 17.04813079978787015988928
85416.38398638638318516314 446489.5258712227805517614 17.83141814642158351489343
85414.81905618286691606045 446488.8795304027153179049 17.8186611883144827572778
85418.0482058148190844804 446496.4153209762880578637 17.21522290879849137468227
85419.7580954734148690477 446496.3364650034345686436 17.98763929496323044077144
85414.96951379736128728837 446494.5171343060210347176 17.82429404931122007837985
85418.6616930016316473484 446492.9119037180207669735 16.96486425864756242276599
85417.11354041371669154614 446492.5140584901673719287 16.94487694250045706212404
85418.59573234546405728906 446492.428719323652330786 16.97622104257436603802489
85412.41293173501617275178 446493.3462618349585682154 17.93880348933593538163223
85389.22449696267722174525 446496.251932478160597384 3.634474892185501015973159
85412.23606606453540734947 446501.0129739767289720476 12.58246392574862149160708
85413.64626857833354733884 446499.1207712764735333622 16.29963981622251623093689
85413.71620540424191858619 446501.9195971051813103259 12.15421656457819210572779
85401.04943384122452698648 446484.8651323402882553637 14.39456122136028071167857
85401.56445221591275185347 446485.4908765843138098717 15.01826214678763982135479
85415.45916733349440619349 446493.2314230643096379936 17.97679906829916163246708
85411.08598677492409478873 446499.8646028475486673415 13.58917019848290230754628
85413.71763700929295737296 446501.2065962217748165131 13.2159659656565473540013
85383.92476839838491287082 446472.4542317501618526876 13.8511610744779218862277
85384.62823554124042857438 446471.6969961739960126579 15.11239246669525293498282
85385.26901509895105846226 446472.585036714153829962 14.36194073753430799911257
85401.66862267329997848719 446487.5120116367470473051 14.21110836068461935610685
85400.77936885652889031917 446487.3285539032658562064 13.9771734914271252847584
85401.07251877190719824284 446486.6290961472550407052 15.01572195174000157180672
85437.52215389783668797463 446472.1828354719909839332 -1.062293660687180008039832
85440.50759187787480186671 446471.2207407813984900713 -1.062293660687180452129041
85426.37938266145647503436 446490.6414465606794692576 17.98370885802087215665779
85427.45166797460115049034 446489.5003680738154798746 17.83986548657677317919479
85427.83101033209823071957 446489.91172616375843063 17.84230894989883253742846
85414.32950431024073623121 446488.6769944279221817851 17.12857448396007953306253
85407.41950662998715415597 446485.8442295503336936235 14.26844542429440387820705
85409.01372775215713772923 446485.7642481515067629516 15.38227878220422795152444
85415.87108657727367244661 446498.4271833692910149693 18.2897504293486399262747
85446.91153957412461750209 446470.6561561068519949913 8.854495192888126808838933
85446.52388551602780353278 446471.4130442922469228506 8.94094885837436414988133
85445.74860815348802134395 446471.6758887572214007378 8.951971398842056615308138
85396.35239192447625100613 446487.4102611185517162085 14.979068651158247149624
85395.72021660211612470448 446488.3682962118182331324 15.10949841141373006792037
85393.77880559326149523258 446486.4869557477650232613 15.10575004214707917071792
85404.39332980530161876231 446474.6270285090431571007 14.94321093616153284244774
85401.71822533775412011892 446473.692882353556342423 15.09070011006542522125073
85402.51299098122399300337 446473.2757718440261669457 14.16555410853255914105375
85425.27788101065380033106 446494.8024748554453253746 -1.062293660687178453727597
85426.92879301634093280882 446497.4299835913116112351 -1.062293660687178897816807
85427.79146454224246554077 446495.0555476864101365209 -1.062293660687178009638387
85401.59792867711803410202 446501.2682991614565253258 12.15844981123956181079393
85402.21770734732854180038 446501.6415180442272685468 9.519765000210878014286209
85399.58444325097661931068 446500.5492397123016417027 10.05859939450222206858143
85395.14262643267284147441 446481.8279684378649108112 12.7577450946833188538676
85397.35825026735255960375 446482.7433688293094746768 13.35700454247007407104775
85396.56350511030177585781 446482.6590646932600066066 13.87708212976713895159264
85402.35365016436844598502 446489.3229745380231179297 14.28631928473742362939447
85402.14117270390852354467 446489.7836696310550905764 14.96502339632097289268131
85401.07021208989317528903 446488.704885440762154758 14.17590161110918423048588
85414.76313527101592626423 446488.1729891523718833923 17.03510286202539703026559
85402.75993515594745986164 446487.3645451496122404933 14.9658091981997607433641
85427.73922784102614969015 446478.4059589170501567423 14.06386156442314927517145
85428.46353370204451493919 446478.1896983860642649233 14.8449239490150688425274
85428.41178470823797397316 446478.6258631955715827644 14.15088028422395538541423
85410.5139069848955841735 446463.6090241558267734945 13.63370715913749009473577
85410.13954811451549176127 446464.0372763642808422446 13.51863569252403429743481
85409.9084904977644328028 446463.5405492375139147043 13.4121829402121317542651
85409.84075093475985340774 446463.1721322882222011685 13.82587117099361506689092
85398.15133997367229312658 446499.9546807434526272118 -0.919426387010170875768722
85415.17520805633103009313 446502.6296952039701864123 12.15418475017872701471333
85414.35335591649345587939 446501.7942901411443017423 12.72994192010889769051118
85415.22439320934063289315 446500.448504169296938926 15.29078926633146906510774
85398.07666551150032319129 446447.5733519822242669761 14.37377248668810558740461
85399.43337659872486256063 446447.278210157819557935 13.29286183975687407610167
85399.40706085957936011255 446447.6627599411876872182 13.79152595338392295332142
85424.79411826129944529384 446496.9457555768312886357 17.23191314481837110861306
85424.01357865813770331442 446496.6215411978191696107 17.01098717103922908222557
85425.51466992484347429127 446496.506373155047185719 17.00627248098485466698548
85416.17843279341468587518 446498.1773843137780204415 18.05202461619169440609767
85395.40028840233571827412 446480.457731270173098892 14.89471070563079457826916
85396.30695336039934772998 446480.1364523002994246781 15.80159064295395765498142
85396.53037161193788051605 446480.438769448664970696 15.62828605404279613821927
85429.05436781999014783651 446499.3674695356748998165 17.99670654839106376243762
85430.09075008080981206149 446499.1410796549753285944 17.85778718192571190570561
85431.18801826113485731184 446499.7049681742792017758 17.98967700734615249302806
85405.94350102792668621987 446492.3771260569919832051 15.09715841740286279559768
85406.30400754707807209343 446491.887120384257286787 15.194794546789937683684
85406.44360518976463936269 446492.7165324572706595063 15.34423645506517708270167
85433.49647214073047507554 446499.0754469902603887022 17.85758839493730931735627
85434.41691566037479788065 446498.372184078732971102 17.98898112227152168429711
85434.42259276009281165898 446500.7806828302564099431 17.91181499477926308827591
85432.80847209575586020947 446500.178935810923576355 17.99831834205443570340321
85429.99820656047086231411 446507.9892339933430776 8.863515091393358247273682
85413.79958000041369814426 446492.5473134461790323257 17.9747389286904670768763
85415.87185050458356272429 446493.24808102025417611 16.91269089377709633481572
85414.50939952890621498227 446492.4341993090929463506 16.89678456985006249624348
85416.09165938427031505853 446492.2673450338770635426 16.93187767940097998575766
85418.86292227773810736835 446492.1536159289535135031 17.87060427500698622793607
85416.75563544765464030206 446491.2890791505924426019 17.82858779001398019659064
85418.05733012895507272333 446490.373801040172111243 17.96147140469619074565344
85421.17620383777830284089 446495.450419106287881732 17.86864402493183590081571
85437.8580696224671555683 446472.0018362168921157718 18.34345860022921215204406
85436.89979639012017287314 446471.602398814691696316 18.03501317897848110760606
85424.73671569228463340551 446495.4771868654643185437 17.018903033658222767599
85422.80910991967539303005 446496.123160972201731056 17.01501408528504200035059
85433.27439634695474524051 446496.6462273551151156425 17.98057341039829637452385
85431.28882156901818234473 446495.6816542433225549757 17.83924040772965824430685
85432.73130501520063262433 446496.2769785373820923269 17.50198489043219396421591
85411.83145967332529835403 446445.7560852429014630616 12.17160019649022117960158
85410.75070495015825144947 446445.7184413775685243309 12.1734355629355786021506
85411.47215414863603655249 446445.2631915041711181402 12.17212636190998509277961
85424.71367692500643897802 446492.9683852526359260082 17.8484910407535082299546
85422.96384263793879654258 446492.2419023209949955344 17.82424580886678100455356
85426.35749274445697665215 446493.6447086563566699624 17.82692098984153616925141
85426.91639305447461083531 446495.5035993896890431643 17.83977957944152947789007
85425.59909300018625799567 446494.956624264654237777 17.84797245064477522191737
85413.27130767398921307176 446486.4548630341305397451 17.16086462070701301740883
85411.38754423028149176389 446487.3160160263651050627 16.5845973322237618674535
85411.05722949153278023005 446485.6509858309291303158 16.14919782833940331556732
85423.32990526592766400427 446492.338423330569639802 17.11437338310043188016607
85424.59493607886543031782 446492.8557177991606295109 17.12436087407159845952265
85413.26129012541787233204 446479.7467429937678389251 15.87984752003113442242466
85412.76004174747504293919 446478.2240368970087729394 15.5591263458785409312668
85412.85597005239105783403 446479.5787137842853553593 15.68678924438678556896321
85426.77495797642040997744 446491.6554707623436115682 17.12221296069041187593029
85426.58325166351278312504 446492.8603204458486288786 17.13345173321032177682355
85425.86168166788411326706 446492.233902719512116164 17.12418618423881611079196
85416.30694569600746035576 446481.1886620128061622381 17.36818286911492492663456
85415.87381175660993903875 446481.2709861774928867817 17.43200768898464403378057
85416.31036034938006196171 446480.3425250628497451544 16.82015042558629147606553
85422.36018905903620179743 446480.0719866222934797406 18.04389685464319725838322
85419.11324472856358624995 446480.0128465449088253081 17.98713850956071524933577
85418.44085897246259264648 446478.4789869867381639779 18.03454166179560047567065
85416.34846794312761630863 446491.6453504119417630136 16.95217373900317170409835
85391.56083459453657269478 446460.7741640704334713519 14.39457521786673943609003
85391.77694519476790446788 446460.3151853393646888435 14.98302242857679544840721
85391.81304278854804579169 446460.2411173171713016927 13.88643774972659095112704
85407.45897279771452303976 446498.5535014152992516756 13.29896669311309942429489
85398.03218724446196574718 446490.404851239756681025 13.61160267887588659618814
85398.02017343032639473677 446490.9875439872848801315 13.60418728518416742190311
85397.35389040889276657254 446490.4610589980147778988 13.58708049799491490716719
85418.06609684079012367874 446491.8323778407648205757 17.28474495576497460547216
85426.4031884328433079645 446484.0337290326715447009 17.05561680511363675805114
85424.86084859722177498043 446483.1385594623279757798 17.29033271732571819256918
85407.73235403138096444309 446491.7684821660513989627 14.90535064932241304802574
85407.90596578165423125029 446491.2454144820221699774 15.38107619832430295048198
85407.72415103681851178408 446491.7984408778138458729 15.48742144098142681230001
85407.10410209403198678046 446486.5294827356701716781 13.09992982946471151706191
85406.74151297895878087729 446486.6613083815318532288 13.52675205102149291747082
85406.53025802967022173107 446486.0679533162619918585 13.37848109725387324431267
85406.94796690777002368122 446485.9258077120175585151 13.85176439844021167857591
85405.89738961569673847407 446485.3630607613013125956 14.04498551129459116282305
85416.49644050640927162021 446488.347152863338124007 17.04447035937686649731404
85418.08262204885249957442 446489.259366685408167541 17.06038513801926370661022
85416.67800224290112964809 446489.5051664386410266161 17.0573505388764310453098
85441.42742710154561791569 446477.5046852313680574298 18.25180809702125017679464
85442.04774658038513734937 446477.763415446097496897 17.25534534395825758679166
85441.27287549340690020472 446477.4410586185986176133 17.07789708566268060963012
85426.49912143543770071119 446508.546742726699449122 6.537127075393813768755535
85426.71488561230944469571 446508.0187487568473443389 8.242534104320640153673594
85426.94422507728450000286 446507.4604921107529662549 7.035498852596501428990905
85388.34157613477145787328 446489.4210042202030308545 13.80387294956664945289049
85392.04655399895273149014 446490.8940346860326826572 13.81681429280806838733042
85390.15732168511021882296 446492.5759308568085543811 13.82958187793022375444707
85431.91238062744378112257 446459.8307569099124521017 17.34555518943312435453663
85431.33420026965904980898 446459.6455230812425725162 17.837369661319620206541
85430.26445987743500154465 446459.1945055156829766929 17.49534918744529221612538
85400.05327627567749004811 446483.8624229439883492887 13.4904867320240260397668
85398.57496456000080797821 446483.5278710891143418849 13.92745870512832162546601
85431.27670455981569830328 446505.7452333190012723207 9.692200511089513526030714
85431.68925488625245634466 446505.5922850442584604025 11.07341372822254221830462
85397.10882958186266478151 446489.5973278403980657458 14.22466756965233969367546
85395.94394878014281857759 446489.1127633256837725639 14.23167382217354060003345
85424.20367035968229174614 446447.6824799688183702528 12.15981248298443162525473
85404.52025007788324728608 446476.1008121099439449608 15.06915225200840424690796
85402.99947059317491948605 446476.7708949380903504789 13.10392357150201192439454
85402.31906589616846758872 446475.0518068508827127516 15.13556117972358627810081
85407.62804903501819353551 446475.7028611653950065374 14.59479561006550518698077
85408.2816550458810525015 446476.2274590051965788007 14.94097020602100656105904
85406.13650692743249237537 446475.5147196835605427623 15.07993548697017693882572
85405.18604736412817146629 446472.1273271362879313529 15.10344658972058340395961
85403.77739132534770760685 446472.4528690726729109883 14.08042687976869622445975
85402.94601676604361273348 446471.2278042194666340947 15.10297335166952059637424
85422.0605861048970837146 446476.6419964302331209183 13.69974256568892378993496
85421.81122430147661361843 446475.9268706980510614812 14.09806215863572731450404
85423.26361834222916513681 446476.2323318448616191745 14.54439696045074192909397
85412.78901473598671145737 446473.7772419859538786113 14.57268521986714659988138
85411.64572083359234966338 446472.893313391599804163 13.94720874741861926793263
85413.06915497305453754961 446472.956955007859505713 13.14501118278072056000383
85433.13593919755658134818 446498.2462649725493974984 17.65293584849247920942616
85433.59451512859959620982 446498.518141499487683177 17.76841054677927544958038
85433.66434669654699973762 446498.6158385365270078182 17.11103662443948536520111
85425.26882567767461296171 446452.1757285064668394625 16.29706895185169202022735
85424.3040856588922906667 446453.3057977825519628823 16.00508761303703408884758
85424.6206164057512069121 446451.8052744473097845912 15.84179658713906491129819
85427.34359402718837372959 446480.7826136882649734616 16.06642490409316081922952
85419.57641208441054914147 446448.8882315228693187237 15.0515172077694625585309
85420.57500555778096895665 446447.6231630779220722616 12.53232962360883462338279
85421.91044794036133680493 446448.4156160186394117773 12.89532919366346774836529
85393.49680910429742652923 446433.9996978154522366822 7.762111360385370417702688
85405.97694182448321953416 446436.8919457689044065773 12.1147688750774911170538
85401.73252545666764490306 446435.1736182255554012954 12.15082809769338112459991
85407.22066867291869129986 446443.9621820070315152407 12.18760296288973421496848
85405.66443385949241928756 446445.1197980752331204712 12.17973454205155192653365
85404.76594260898127686232 446442.8179935644147917628 12.17782012119349133172364
85387.7386592294933507219 446437.8345760887023061514 11.53162655123784041677482
85401.80676209201919846237 446441.2953362446278333664 13.63605406880858161855485
85402.60576898932049516588 446439.4747096140636131167 13.02079641608415272457933
85402.77344536698365118355 446439.3009903578786179423 13.77262291485794776235707
85397.73540688352659344673 446439.7160248267464339733 -1.062293660687182894619696
85393.86618177212949376553 446439.4172678370377980173 8.887506622212013596140423
85394.64344787724257912487 446439.6920990539947524667 8.878936403517794673234675
85394.01754755887668579817 446440.250646589498501271 8.901593798132907409126346
85398.90795750594406854361 446443.554966048919595778 13.8451325904468820482407
85398.66799629054730758071 446442.6068265206413343549 12.5527497041869757765653
85399.92716426475089974701 446443.2319757331861183047 12.71009237758884857782959
85413.49901724168739747256 446439.9749288752791471779 2.925571302481801971850928
85383.56729017388715874404 446432.182049587310757488 -0.9144848441911802572334977
85384.44869675317022483796 446432.5597269061836414039 -0.9144235117780831201272917
85405.82527653528086375445 446436.7921856592874974012 2.328783409613750521316433
85394.60029428175766952336 446440.3369310474372468889 9.051252932165606779335576
85418.51294832500570919365 446475.2913537990534678102 13.67452456769476043518807
85416.94442735021584667265 446475.2841910496936179698 14.24475595028096819305574
85415.93595612590434029698 446474.5339548752526752651 13.73890484592770278027274
85396.26998610349255613983 446436.1775330230011604726 12.04426861058375841651014
85397.60932126321131363511 446444.7784847409348003566 15.12538688410042198029259
85398.10330427013104781508 446444.6140571187133900821 15.74734437376337936598247
85398.49228935276914853603 446444.0193462496972642839 14.81597011498794280726088
85383.47018111056240741163 446444.3151236510602757335 13.7628166947697003763551
85381.4553933691349811852 446443.518478259036783129 13.78168432600764425899342
85381.91476321397931315005 446443.4076627598842605948 14.04904531606297624080071
85388.42198188212933018804 446431.2479944408405572176 6.593788918727196524116607
85388.28858816296269651502 446430.5924491487676277757 6.585436694054428663491763
85392.77901580426259897649 446441.8738565035746432841 15.12025130840096664996963
85384.05672183980641420931 446432.3907595962518826127 3.618630614230794684260673
85384.4190526757447514683 446432.5466613987809978426 4.781404424677376141517016
85376.78036601920030079782 446429.268184899294283241 2.153222508202334406490763
85428.94692976879014167935 446446.3820698874187655747 4.776589459329313669400108
85427.43951655171986203641 446445.756858615146484226 3.221775482484804609129014
85428.95345152312074787915 446446.3847748353146016598 3.135340214752988519109067
85392.11442165733024012297 446434.7506201473297551274 7.284511181070914886959144
85388.22598447240306995809 446429.9950680574402213097 8.127613706792933712108606
85394.77655298428726382554 446439.8989042055327445269 9.299947659567093793953063
85395.18581978448492009193 446438.8779272433021105826 8.980509777649432479051939
85386.23454787186346948147 446433.325839969445951283 8.943925743529714367241468
85399.84729628439527004957 446441.9194856946705840528 12.18141918360250741670825
85398.07625513593666255474 446442.133105131855700165 12.18411657385147250920454
85397.95005775289610028267 446441.438126153836492449 12.18306468209863346885413
85373.3448275169066619128 446439.3002890388015657663 14.91167079222772784419249
85372.16915987586253322661 446462.8641993196215480566 14.88804093359761360204629
85370.81940199814562220126 446463.2311130103771574795 13.5206713617653164760668
85369.916531371432938613 446461.9607245477964170277 14.85031323199710229232551
85384.20316941142664290965 446432.8074464796809479594 -1.062293660687179785995227
85385.98292585340095683932 446433.2191655779024586082 -0.908792048204772662245432
85385.48862057131191249937 446433.0069430383155122399 -0.8966775484101369153577821
85386.34929049752827268094 446433.1323220705962739885 4.844099828217549585929191
85384.64893294249486643821 446432.6464357819641008973 6.092544971940792031261935
85381.13182605861220508814 446441.44261304842075333 -1.062293660687179119861412
85391.01842198464146349579 446439.0795740222092717886 9.852350039337672171768645
85368.14253294446098152548 446449.4164693297352641821 17.82326757970409403242229
85367.87171176793344784528 446447.9739726029802113771 15.84669052999291949390681
85368.887876228938694112 446447.8779019548092037439 15.07481329604583919490324
85371.85876394016668200493 446489.0470822590868920088 8.098567392106474471802358
85374.3726650597236584872 446490.0913904346525669098 6.67874491609673892611454
85370.81201132609567139298 446488.6140971489367075264 6.356234567758687781235949
85392.15931889440980739892 446439.6734500326565466821 10.43496398093673427354133
85391.81583070693886838853 446439.53043038968462497 9.902987440465260249311541
85369.22147031973872799426 446459.3220516582950949669 -1.062293660687179785995227
85364.7761195580824278295 446459.1952862684847787023 -1.062293660687146257259883
85387.7292398440622491762 446440.6261948313331231475 16.3751029379797934382168
85394.50518976883904542774 446432.5467186319874599576 7.93336977706919910247052
85385.61258704344800207764 446433.058662441442720592 1.169740106155986003599878
85383.81873704007011838257 446432.375611302733886987 9.8353202271288839853014
85381.95687686000019311905 446445.0843330524512566626 14.73686231293316062362919
85380.32677294175664428622 446444.2659123041667044163 14.5235360610586887730733
85381.47703858530439902097 446444.2470362894819118083 13.80022218536085887308218
85394.02060546756547410041 446446.3810045242425985634 14.99541595648724623401904
85391.58297109442355576903 446445.5437687148805707693 15.1327779765599146344357
85384.58495172655966598541 446436.3335914016934111714 9.85441561599571791418839
85386.99703622248489409685 446431.5549034689320251346 9.318793474562902190427849
85385.2298241503449389711 446457.7159240980399772525 13.86731840207784749452458
85386.03770695923594757915 446458.0353083904483355582 14.24907256711039416074982
85385.52780758698645513505 446457.9691999653005041182 15.13240203516913240378017
85387.56551531194418203086 446432.2103063337854109704 9.687404134021925017350441
85387.13255457951163407415 446433.6536756257992237806 9.710766769943072418413976
85387.45997597793757449836 446432.5596560948761180043 7.459481237385557683694515
85373.4194392109930049628 446458.1964832022786140442 -1.062293660687173124657079
85378.25466243556002154946 446457.5438792527420446277 -1.062293660687181340307461
85390.42297381979005876929 446437.2813716658856719732 -1.062293660687180674173646
85361.62190977379214018583 446445.7396223599789664149 16.4020360999354188891175
85378.70464845740934833884 446454.572016296733636409 -1.062293660687180230084437
85377.5567913810518803075 446453.5786411998560652137 -1.062293660687179119861412
85369.72852967257495038211 446455.0054861283861100674 -1.062293660687146257259883
85372.46725566072564106435 446447.6695068139233626425 14.31774368986983247964417
85371.63922334229573607445 446447.0856145539437420666 14.54708041460493994634362
85372.15212325513130053878 446446.8661471991217695177 14.83072874295222476348499
85368.55877753811364527792 446443.7933439426124095917 17.23482643435873740145325
85397.3500862080545630306 446480.7825984676601365209 -1.062293660687187113467189
85399.01537486106099095196 446474.7523442984092980623 -1.062293660687146257259883
85368.09466988536587450653 446447.3275057089631445706 15.27540272812220578657616
85365.51920607362990267575 446444.09357372613158077 16.12235898079450535647084
85365.57215278981311712414 446443.5574582020053640008 16.16100708070864655496734
85366.67029257217654958367 446444.1003956595086492598 15.87790327770448506328194
85365.28060987475328147411 446443.5419814093038439751 15.88703727196037895907921
85361.05683397920802235603 446440.3975501146633177996 -1.062293660687175123058523
85351.68232903679017908871 446468.067000000097323209 -1.062293660687188889824029
85354.84772892652836162597 446465.357457576144952327 -1.062293660687180452129041
85363.0213100318651413545 446439.1725322244456037879 17.64941671245894738717652
85360.77280858374433591962 446468.8020916244713589549 15.43934224043136183013303
85367.22281195232062600553 446452.8811108920490369201 14.98246621885554219488768
85368.56022385277901776135 446453.2503704351256601512 15.02678375812450894954964
85367.61729732854291796684 446453.7224601306370459497 14.83097583438287614399087
85371.90177068737102672458 446457.4140598407830111682 19.48412750380532898475394
85372.35201134863018523902 446456.4683869694708846509 19.48741618326201319177926
85372.7737738321884535253 446480.6631108071305789053 12.50305954714621137213726
85373.09152335800172295421 446480.9733435999951325357 9.869419786331164345938305
85379.81442564046301413327 446475.9416067078127525747 14.2555694301203956797508
85380.47841596156649757177 446476.5779728768393397331 14.80195906913769654522639
85348.19602311783819459379 446450.0997835274320095778 15.40578475464850960463536
85357.15968173094734083861 446452.1749311283929273486 16.7517983958123863885703
85355.19394968495180364698 446451.6792479441501200199 17.10184831834494900704158
85356.37298004406329710037 446451.3146109172375872731 15.93640675403969453327591
85351.62237757741240784526 446448.4011026055668480694 14.49357713359283650333964
85352.55848304927349090576 446447.8618027975899167359 14.39261396359226807817322
85352.98763233535282779485 446448.991352254815865308 14.53178543532319544340226
85351.71106466690253000706 446449.4112680559628643095 15.97560342928896837122466
85365.96424542469321750104 446430.3474753218470141292 9.857818264609083058758188
85370.27651822799816727638 446451.3772174590267241001 18.93720536322293668263228
85370.46120474053896032274 446452.0236973345163278282 18.07469368740487425384345
85369.92724209855077788234 446451.4569106809212826192 18.59972439086481088565961
85360.39515192006365396082 446479.6423984888242557645 9.514885168327815279099013
85356.70988698252767790109 446466.250210499856621027 -1.062293660687178453727597
85357.11633067057118751109 446467.2649803115054965019 15.95979726639696494316922
85360.81497905067226383835 446479.8153975359746254981 2.011423789215506907623876
85362.29495248338207602501 446480.4252532953978516161 1.437509695535750919859197
85340.92339624969463329762 446451.573604099452495575 -1.062293660687180452129041
85335.57881206301681231707 446455.7776081163319759071 13.13222975357099109317005
85343.67655511644261423498 446464.383937265956774354 10.77642531640999301600914
85342.75447407871251925826 446462.9541952700237743556 -1.062293660687179785995227
85332.25721103422984015197 446459.6547984526841901243 5.24761793698027378951565
85332.19858209441008511931 446459.9107434213510714471 7.045466801989507921177847
85331.86671548064623493701 446458.9113534526550211012 7.620447676969713590722222
85332.3433014775364426896 446459.3655170635902322829 7.339560772127729393332629
85342.49049763935909140855 446464.5418278268771246076 9.873747693737612962650019
85344.82798678560357075185 446461.3586808829568326473 14.208738657453212184123
85359.38241288576682563871 446475.0924104825826361775 10.33459171472206961084339
85359.8588577102345880121 446475.2901526050409302115 10.96887024064205107265479
85332.26382659742375835776 446459.6401433703722432256 -0.2908950033717426775226045
85332.24424162418290507048 446459.940157783858012408 -0.993495673563023484753387
85357.49323835971881635487 446444.9485046832705847919 -1.062293660687178897816807
85340.64011044043581932783 446461.9798560957424342632 10.53247180646807201753745
85349.06307629872753750533 446473.4312655710964463651 3.086552747384788908391329
85353.04545278643490746617 446476.613509052200242877 9.319182361961162897046052
85403.85532853880431503057 446480.5997045999392867088 -1.062293660687180452129041
85361.38252495914639439434 446461.1559060791623778641 15.62087111187741861328959
85362.36412457804544828832 446460.8638178979745134711 15.27500295110530359465884
85366.99043185563641600311 446463.0519731765962205827 -1.06229366068718400484272
85360.60673579307331237942 446476.2344889704836532474 9.870834968994612879100714
85384.02874264256388414651 446480.4586193418363109231 13.88591758958044941607568
85366.10897324024699628353 446482.0234581172117032111 3.892390420432517483817492
85378.13752370301517657936 446479.9498719418770633638 14.83734156192445574617977
85379.11544168587715830654 446480.3521724703605286777 14.98717443806311067078241
85377.63308526233595330268 446479.8739829218247905374 15.13781444190600389276824
85359.60911925915570463985 446445.8394058819976635277 -1.062293660687178675772202
85366.3294674454809864983 446484.3469784051412716508 7.489749797853787249835023
85372.80128132636309601367 446475.9420107119949534535 16.52150554374424373804686
85374.24699999415315687656 446475.0344827637891285121 15.92337208056145847479002
85374.20936750904365908355 446476.5877957076882012188 15.58784172621363417476914
85365.95307550029247067869 446482.3972265235497616231 6.834297108100800599572722
85349.6607313337444793433 446452.701641697552986443 15.97018826710898942167205
85350.37001634873740840703 446450.2688066406408324838 15.90305237389889292387579
85377.72379993915092200041 446470.2349322494119405746 15.08557356964366391594012
85376.6609742697182809934 446471.8666676667053252459 15.30527008964964252868413
85375.60490046069025993347 446471.5260439020930789411 15.98149321749141194004551
85423.49115846244967542589 446474.0495315854204818606 17.98893756700111268287401
85423.53107028499653097242 446475.5416614026762545109 15.75809174169273418897319
85420.84493238381401170045 446472.8520676031475886703 18.04520671429256495343907
85406.15349683324166107923 446503.1229070112458430231 12.16092666284080792138411
85406.88242301427817437798 446500.8944491673610173166 12.16092454857653848421251
85406.78984199158730916679 446490.9573663249611854553 14.04456684815345113293006
85407.15997608705947641283 446492.1132664750912226737 15.28738553307580261275689
85366.83987634701770730317 446482.7093848914373666048 7.839206614670525041788096
85368.96632831198803614825 446482.9311830781516619027 8.09521736485312715103646
85379.51080239657312631607 446492.0896863003144972026 12.17690481694589799133155
85382.25175980167114175856 446490.9168083670665509999 12.17758626881745165349002
85383.70023583879810757935 446493.9223671171930618584 12.12388101313330679431601
85382.05990002123871818185 446493.2800566199002787471 7.287007222083290436387415
85404.96264336569583974779 446495.8463545697741210461 15.75905435923131925335383
85406.73461689529358409345 446496.6545696489047259092 15.69439164281422982583081
85404.69870864169206470251 446495.9633216033107601106 15.25123011541285400483048
85369.3365850190311903134 446483.1293013111571781337 6.602810281907081524366276
85365.71002086132648400962 446486.3316159851383417845 6.675715053487838446244496
85375.62934485089499503374 446490.612661395687609911 2.546072142058052101276644
85376.94396345796121750027 446491.1579653859371319413 7.310491674706020681639984
85379.35651112291088793427 446492.1586905099102295935 4.173332824716744049453609
85400.37807295759557746351 446500.8784374305396340787 2.957398750429610867485053
85405.89937328302767127752 446494.4122995241195894778 13.8417018112332286250421
85406.18248122064687777311 446493.6456712669460102916 13.79885479485761656803788
85406.19263224169844761491 446494.1265324715059250593 13.89640873994725644990922
85406.91303043036896269768 446487.2270707740099169314 14.27639969215843862571091
85407.46812647402111906558 446486.948152071563526988 13.50325623387361417826469
85409.93155586377542931587 446490.4734762001316994429 16.52100680623270534397307
85408.61281236488139256835 446490.9699904827866703272 15.89058447566976717268972
85408.53487325592141132802 446490.2036551489145494998 15.71926368951307395604999
85379.55388414119079243392 446492.2405608666595071554 6.904828516081789935299184
85395.571659152876236476 446483.1675714300363324583 15.11298372856279570441984
85416.17182006598159205168 446482.2601969791576266289 -1.062293660687181340307461
85420.05159344461571890861 446481.4453578253160230815 -1.062293660687146257259883
85418.78240419201028998941 446477.6895938607631251216 -1.062293660687146257259883
85403.90355136999278329313 446484.8242829614318907261 -1.062293660687176233281548
85399.51254114463517908007 446484.6102071097120642662 -1.062293660687146257259883
85393.59879007196286693215 446484.3488751215627416968 13.98305438669943612239877
85392.26067690053605474532 446484.1329006081214174628 13.55431926461226765923129
85392.05050269224739167839 446483.6632217095466330647 14.03585069431631637826285
85390.39831690445134881884 446490.1110331604140810668 13.02022865208037316619993
85394.10383795977395493537 446479.2582399584352970123 15.79903531025109408858498
85393.33010868172277696431 446480.248327903391327709 13.922502773400889708455
85392.22175711287127342075 446479.4416020706412382424 14.44719115823212263194364
85396.59474638913525268435 446493.4448527174536138773 15.07164099285393632499108
85395.57813193487527314574 446492.3914191353833302855 15.09422351618176527665582
85395.85569976191618479788 446491.4903941556694917381 14.91347034256632575477397
85395.53139958724204916507 446492.1911235908046364784 14.2597833043381889694956
85402.66149426042102277279 446494.2198567024315707386 15.10742399474936981107476
85401.06271509423095267266 446494.7392456830712035298 15.03450964271114997927725
85413.96541531670663971454 446506.3760774050606414676 -1.060875033259368160898362
85419.51241133021540008485 446508.8138306474429555237 -0.9344451325057955282105127
85401.56615081644849851727 446483.3616415568394586444 14.36231399562669786007518
85402.15100214634730946273 446483.0018257637275382876 15.26800972359158414803915
85402.98389433504780754447 446483.6651698491186834872 14.78761594402826773375637
85409.46870248239429201931 446478.907664308906532824 13.884311700573629622113
85409.57164344406919553876 446478.1954152451362460852 15.05824987783211277303508
85411.78517866822949144989 446479.1136115369154140353 15.21941467087724753071143
85400.27136124428943730891 446489.203001439746003598 15.10458910494509687794107
85401.44454614145797677338 446490.8993949713185429573 14.96498621417658192456202
85420.1077815196622395888 446482.8391015137895010412 17.45299791205179928965663
85420.22183090420730877668 446483.7738028138410300016 18.02615902249609192153912
85419.65836602311173919588 446483.9078410459333099425 18.25867735346140818819549
85383.23063558452122379094 446485.815489957807585597 12.17282122571207914063507
85384.1517010293755447492 446485.7857254694099538028 12.17200232528643155660575
85384.38401020964374765754 446486.4552235096925869584 12.17204888712067223366375
85411.70878343144431710243 446492.0015859127161093056 17.55139043066635906598094
85412.08748751824896316975 446491.3990120813250541687 17.46244364696004680581609
85412.63011429189646150917 446492.0642702794284559786 17.96672437016414036747847
85412.29982588918937835842 446491.5724836423760280013 17.2936469812644055821238
85384.50322268513264134526 446476.9455524064833298326 13.39854175534620495113813
85385.35716694578877650201 446477.3306154718738980591 13.34904386214063976012767
85384.94535968468699138612 446477.4103038340108469129 12.97118998419075275307932
85391.28410901552706491202 446493.1442909840261563659 13.00650861970686733570801
85391.72313177831529174 446493.1894662583945319057 12.16972711053844413697789
85390.68014431952906306833 446492.9245594529784284532 12.55413526903662102540693
85405.13261148400488309562 446484.1013734719599597156 15.47188375102440005548488
85405.806498461271985434 446484.8815292275976389647 14.71552238290254877028929
85403.78147583200188819319 446484.9298403995344415307 13.38104053772674539857235
85389.19672177097527310252 446492.3586688467767089605 12.23228241037018904080469
85386.67705541275790892541 446492.6724182808538898826 12.17376195704972730027293
85386.81210616311000194401 446491.4715847100596874952 12.17257276989487912999266
85387.54766401744564063847 446491.5861908488441258669 13.81659472951626277392734
85410.20191750055528245866 446487.3790732430061325431 15.24088534340090639318532
85409.63405069962027482688 446487.9942589670536108315 15.95512910381585314212316
85409.44213343480078037828 446488.20932276506209746 15.30716404498668126166194
85431.31584335865045432001 446503.3710531225660815835 17.48916423059728586508754
85431.40862775593996047974 446502.648940247658174485 17.00662979759545478941618
85413.84974093688651919365 446487.6420215849066153169 17.02640974969854426035454
85412.92659294327313546091 446487.721286595449782908 17.31469009976102668701969
85413.47932068810041528195 446486.6652661854168400168 17.01523182110245002718329
85405.25757601369696203619 446485.9762726796907372773 13.31408630420972727392837
85405.66396303645160514861 446486.2394570793840102851 13.56821191895438261099116
85404.96975735710293520242 446486.0827069867518730462 13.76666605161726941730649
85393.17447582175373099744 446485.5742279725964181125 14.3291855055763726056739
85391.25896133843343704939 446485.3374977874336764216 15.013754515094177577339
85392.21414865748374722898 446484.7781560955918394029 13.83382679906300971595101
85417.04190719717007596046 446470.8501135104452259839 15.32636413873414404918094
85416.96472268113575410098 446471.0339642983162775636 14.67031941487839041826646
85417.4558006688894238323 446469.8401451082900166512 14.46319282445033493900155
85407.6761041170684620738 446494.9061272268299944699 15.1358975486189670789372
85407.50962288574373815209 446494.837397138646338135 16.06435298311212633848299
85407.18159212115278933197 446494.7007491101394407451 15.90509515375264193437488
85407.70785782570601440966 446494.4545675805420614779 15.80726165214958278681934
85433.33376377332024276257 446496.4650987752829678357 17.19730213163856902269799
85433.6869374944653827697 446496.6710994114982895553 17.51851108697449532769497
85433.37799155514221638441 446495.9293596734059974551 17.19394240832443543354202
85396.10280558295198716223 446485.8327781147672794759 13.41835148512150865940384
85398.08748152523185126483 446486.9692367263487540185 13.54982941930540896180446
85398.0095434091635979712 446488.082047345582395792 14.96430673171972358659332
85392.49007559279561974108 446461.4120974144898355007 14.50423395189162789620241
85394.6632417637447360903 446488.2150647188536822796 14.78542023248510162147795
85406.362025143374921754 446483.7674383094417862594 15.24882206469715661967257
85407.84269329506787471473 446483.2395444180001504719 13.84945153376410864609625
85407.22469104654737748206 446484.6851272003841586411 15.80043553570578929168278
85404.04713237893884070218 446470.540324514964595437 15.09843298047934645467194
85412.14847904049383942038 446502.6285941092064604163 -1.062293660687179341906017
85410.39434433661517687142 446498.8505987056414596736 -1.062293660687178675772202
85408.24152103930828161538 446504.0519143276032991707 -1.046422397081374189298231
85389.72335791653313208371 446471.7959123524487949908 13.88126709505595890448149
85388.39163410365290474147 446471.8239579200744628906 14.76547700504994153902771
85388.56759786586917471141 446470.7663450686377473176 13.19158759096357158568935
85399.52112338256847579032 446490.1102199240704067051 14.95823953694176466910903
85398.12019647112174425274 446489.5186657357262447476 14.97483316955445964424598
85385.2114930554962484166 446482.22011324402410537 14.2384131911346436538679
85383.42168628245417494327 446482.2580470096436329186 15.12694293473460582788448
85402.87344493316777516156 446482.6880067505408078432 15.6962596131613629779622
85403.11864508331927936524 446483.1706801042309962213 15.61650860261709539145158
85404.01629159004369284958 446480.0214025910827331245 14.74531661965101037026216
85402.40401116153225302696 446479.1638508184114471078 14.97261234481040403920815
85404.03397492042859084904 446479.7954830265371128917 16.43527534062133454995092
85402.99561299446213524789 446488.0589416086440905929 14.21593888919152348648822
85405.33993132913019508123 446488.3581496717524714768 15.0592090848782049761212
85403.11350740764464717358 446488.9585291245603002608 13.44868047122203158494358
85417.55858075994183309376 446469.6465890540857799351 15.97733452095240735957304
85417.75514100755390245467 446469.183124022267293185 15.97923826703950744843041
85418.45473758595471736044 446468.9413656635442748666 16.33881066177355023683049
85408.23230470843554940075 446486.7101275308523327112 13.53441130512937640162363
85410.56295240150939207524 446465.1349913650192320347 14.886652260432342131935
85409.96601978474063798785 446465.10146566346520558 15.09974519874489296000775
85410.6559284140239469707 446464.4946950115263462067 13.87900809925531575572677
85409.58010243777243886143 446463.9074420543038286269 13.67487780551166309805922
85406.11135669630311895162 446451.419500918360427022 15.01799738465051348157431
85405.03684629881172440946 446450.6265919189900159836 14.58240778450314856229397
85406.67977656000584829599 446451.1355162367690354586 14.36189603227526134787695
85402.34771155162889044732 446478.9529805480851791799 16.61062533085453551962019
85396.33300594717729836702 446478.0309946960187517107 13.31745420861983042470911
85399.08560636085167061538 446479.1988011358771473169 13.33167752051593346607206
85398.9493715048156445846 446479.4432414870825596154 13.70221353027399935342601
85393.44486137523199431598 446487.4695180748240090907 15.10113798159627584993814
85390.99505825624510180205 446486.4453944924753159285 15.10815200708388417183414
85392.69873036011995282024 446487.6311721375095658004 14.44197443818198856035906
85430.33914560198900289834 446495.2900280039757490158 17.84469274901363533558651
85429.25771045972942374647 446496.3197554010548628867 17.98230518527979526766103
85428.28644157024973537773 446494.5570864315377548337 17.96890809117463660982139
85403.14485547404910903424 446481.8481963147642090917 14.52468864602793985341123
85421.11400462703022640198 446480.8346864728955551982 17.99310012533947755741792
85407.96802995722100604326 446492.0153918367577716708 15.95486799596156757274912
85407.88367467152420431376 446491.276244657055940479 15.66699014333094197581886
85422.43759670293366070837 446454.6594127724529244006 15.8984062182441654442755
85423.01506800440256483853 446455.0922142001800239086 15.78212965999848194087463
85423.25830630677228327841 446454.737671895301900804 15.49876799915185898726122
85391.74663022044114768505 446481.4165334959980100393 15.03074333958763020291372
85391.71579732376267202199 446482.6226580155198462307 15.11702157886309194623209
85390.6132694712869124487 446481.3023815723718144 15.12015128714085498984332
85404.96442323303199373186 446462.7215877521666698158 14.77327666744960588118829
85403.10590644192416220903 446462.220960225211456418 15.10494381991941992282591
85396.54095413083268795162 446480.0007102036033757031 15.60889537931460679942575
85397.44551701718592084944 446480.5892479196772910655 15.80034122816705988157082
85389.06950609601335600019 446473.2231018616002984345 15.48585197279816050297541
85389.43127227110380772501 446474.379331939562689513 14.27577343737321946548491
85388.08328197916853241622 446473.9639529697597026825 14.10574457118899438512472
85419.22171136518591083586 446490.4550877597648650408 17.07802793175790867508113
85416.26656883905525319278 446491.0868939697975292802 17.2024293414190090345528
85417.21750052896095439792 446491.5257934982073493302 16.97215500341047800247907
85426.49194034711399581283 446481.4737706526648253202 -1.062293660687178453727597
85400.34761512864497490227 446445.0460926505038514733 15.20503189892304440888893
85400.75272285548271611333 446443.5897816538345068693 12.73312096566602846792193
85402.34015060668752994388 446445.2024695356958545744 14.18776407164018671380745
85442.39151755826605949551 446471.0270873874542303383 16.92293172554037283816797
85440.52479601098457351327 446470.2669710831250995398 16.92065489503548292304913
85442.89543930492072831839 446469.924544046982191503 17.89451801791218343851142
85414.60987957194447517395 446447.4600270939408801496 12.81901565180971047652747
85415.27519328979542478919 446446.7510731552611105144 14.25875168025289951856394
85427.81811428164655808359 446507.5670085116289556026 8.624153894996526403815551
85427.8587895538512384519 446507.5837794335675425828 7.470745347665408431225842
85427.0675468731060391292 446507.2575343057978898287 8.779023472799705629654454
85403.89010674912424292415 446490.1148667330853641033 14.48067758209500510702128
85410.26448868965962901711 446486.4300473087350837886 15.27705584253077475409555
85409.94148075573320966214 446486.0726224657846614718 15.72821385098605517782744
85399.81355096616607625037 446482.761019520927220583 14.17645889730690811347813
85399.9620280615781666711 446481.9496736740693449974 15.48924952837013258033494
85399.71206815096957143396 446487.3002242767252027988 13.45651902785822073838062
85402.05469803445157594979 446480.4391359849832952023 13.34980651127565032254552
85397.53363637300208210945 446493.4504391510272398591 14.77027459834280875838886
85397.32792139028606470674 446493.9717439812375232577 13.8592911702822636499377
85396.84009330165281426162 446493.4952332561952061951 14.27440971932299795810195
85419.72944669988646637648 446481.5424727624631486833 16.75197798355788947333167
85420.21059469885949511081 446481.2512247343547642231 17.2214594902958140210103
85420.34829763950256165117 446481.6774496842990629375 16.87190764890895167127383
85429.76753730313794221729 446506.3028567676665261388 10.86514276952489410632552
85432.65020612304215319455 446503.3526017935946583748 12.65975901693608740572472
85426.8253089128847932443 446507.5020771643030457199 12.13594615252091735158047
85427.43049288583279121667 446507.1645552663831040263 12.70746326096449685394418
85427.75246674899244681001 446507.0464997184462845325 12.20516152101953544217849
85429.22416986808821093291 446498.7548523636651225388 17.0218117446176897544774
85429.1380693744431482628 446498.7444496083771809936 17.84818814466499858895077
85428.23432807631616014987 446498.3706582334125414491 17.34124952026958155215652
85431.09122450734139420092 446495.4813358236569911242 17.17936210710547229041367
85431.77099707907473202795 446495.8805082961334846914 17.38946750278530117839182
85431.1458481580630177632 446494.7413049929891712964 17.17272782257746044365376
85425.96899186490918509662 446509.836961755296215415 10.43438810303086583530785
85438.93070940488541964442 446469.5114357625716365874 16.85351394925139700831096
85437.71532799894339405 446470.5557151950779370964 17.77482570642492731849416
85438.35984712211939040571 446468.0279070293763652444 17.88734235670353100999819
85431.79687473418016452342 446505.5939629176864400506 8.946243689214263383746584
85432.54899604480306152254 446503.6528520141146145761 11.48076055522903082817265
85432.65355276857735589147 446503.0471268589026294649 16.93139106844528996020927
85447.5496888908528489992 446458.712742975156288594 11.20636478833629645635028
85448.68566008911875542253 446459.2758070336421951652 12.31984369661596900868972
85447.88243876876367721707 446458.8509655522066168487 12.13189982054042559411755
85433.2443375078437384218 446503.1776472049532458186 16.84236047448050044295087
85433.73285030157421715558 446502.4512386146234348416 17.64687798060757017992728
85415.51625446730758994818 446491.5925393477664329112 16.93777540813429283161895
85415.36653604425373487175 446490.7872399211628362536 16.95617315757542087339971
85415.77338442459586076438 446491.1715863763238303363 16.95307892572375507711513
85423.16922961128875613213 446482.9400886821676976979 16.80155908556318067326174
85422.06825722492067143321 446482.5332255539833568037 16.74872731535873882080523
85422.26974588920711539686 446482.1080382642103359103 17.23232460391904652396988
85374.64444910985184833407 446453.2506987843080423772 18.84044336170410005593112
85373.40305290347896516323 446453.008953359501902014 18.61269777367908062615243
85373.48268848059524316341 446452.5073359495145268738 19.69084284365765213919985
85431.52231159567600116134 446483.8396863072412088513 18.03775033593897703099174
85429.40163015441794414073 446484.4640842984663322568 17.85939107389150493077068
85432.73536737805989105254 446503.0996359629789367318 11.60811637887299596627599
85431.75352572303381748497 446506.795959225099068135 8.916536015065283038438793
85431.07741647529473993927 446506.0282897864235565066 8.926154235086624311179548
85432.07745578257890883833 446506.474278846406377852 8.787012786928576346667796
85422.41171249796752817929 446510.0179943313705734909 0.6496959403723268078323372
85425.2725234999816166237 446511.1858493458712473512 -0.9812672172357507216489125
85432.14326699191587977111 446497.6726934220641851425 17.1839528123502098821973
85431.29476824929588474333 446497.3876363171730190516 17.09764764188378194376128
85431.83868462772807106376 446497.5454756339313462377 17.84765869099623003535271
85442.47881505780969746411 446477.9422343685873784125 17.81608255407086005561723
85422.18236742680892348289 446494.5854304824606515467 -1.062293660687176233281548
85419.77139999752398580313 446493.2913320515654049814 -1.062293660687178009638387
85418.38682569774391595274 446495.6515033805626444519 -1.062293660687169349898795
85412.77342688252974767238 446491.9636353421956300735 17.81559737862224324089766
85412.88137353037018328905 446491.9850548736285418272 16.87701102598925118059014
85432.71416105785465333611 446503.1641495360527187586 13.73087874591838541959987
85429.86739290747209452093 446500.7625849789474159479 17.84951641557398716031457
85430.37248179527523461729 446485.5005756104364991188 17.25157491046607205475993
85431.05309415920055471361 446485.0224004587507806718 17.99919786021957079924505
85430.59913496412627864629 446486.1329490134958177805 16.86898789726205905026291
85424.92245987556816544384 446499.7970021782675758004 16.84808219736789780540676
85432.66466630347713362426 446503.3072689588298089802 11.10426467124007920972417
85439.37987657758640125394 446482.4604697306058369577 12.66385699851053381337351
85432.74424457682471256703 446498.0563298971392214298 17.10886046818821881743133
85432.93474421085556969047 446497.9605257699731737375 17.9876259634560291544858
85432.98943841578147839755 446503.1890614474541507661 10.44482221241844932535514
85432.70922423321462702006 446503.1774956617155112326 9.577266759229608794612432
85427.52897523154388181865 446507.4477928763953968883 5.521900814983704108840357
85427.22409896960016340017 446507.3226246419362723827 5.212386085391977452729861
85426.98088880062277894467 446507.3739947492722421885 5.571204788774101857029564
85420.68493758166732732207 446471.0072188827325589955 17.57501467914589454721863
85420.77721631278109271079 446471.0524994545266963542 17.34028730829913556021893
85421.28458067463361658156 446471.4800740345963276923 17.86074934568195615725017
85419.77680761174997314811 446472.7568471737904474139 17.56684234607714145681712
85427.09337874813354574144 446493.3605187981738708913 17.14135670070166739265005
85426.41232868505176156759 446493.4091245834133587778 17.13819077062622397988889
85396.24931027881393674761 446491.4198836429277434945 14.96056009155124399967463
85398.79772435393533669412 446448.7650157900061458349 -1.062293660687179563950622
85402.57055693193979095668 446448.9106545696267858148 -1.062293660687178453727597
85435.50945322551706340164 446498.1915795025997795165 15.64182123583689509871419
85427.25751431460957974195 446507.3358661559177562594 5.9346282001508958714453
85427.79085712626692838967 446507.5563728726119734347 6.733117574868785482067324
85430.0010842203046195209 446506.2162243824568577111 9.198617921713170275666016
85424.57854299122118391097 446506.4606607870664447546 12.14688696645012910835248
85422.31272264174185693264 446507.2499284060322679579 12.15059515716486338021696
85400.28065133989730384201 446500.8380269293556921184 6.636028474590239589758767
85442.26292494752851780504 446479.3012886819778941572 17.07771989254898059584775
85442.2433957438770448789 446478.2226696278667077422 17.06672332037811656846316
85408.92954678273235913366 446504.4255900226999074221 6.908719557507889241776411
85411.03574081631086301059 446505.2992396155605092645 4.290759408292664112138937
85408.21050534579262603074 446504.1273315296857617795 4.438945405851241865491374
85424.93138120129879098386 446494.6815829437109641731 17.13762268577005087877296
85448.64739497634582221508 446464.4772662097821012139 17.83977970538771629094299
85449.2475843761203577742 446463.4661906000692397356 16.48061953267461987593379
85433.32774387052631936967 446503.457526674319524318 6.416119676740875021891952
85430.27259614276408683509 446455.237970690184738487 17.96938490983438541093165
85428.30849279602989554405 446454.5140270304982550442 18.0108068739405275948684
85429.87702634136076085269 446452.8267653261427767575 14.58321550876853756051332
85421.2848531461349921301 446476.2140928393928334117 13.6899623175031930344403
85421.25916222065279725939 446475.4622473045601509511 14.45389349151988156449988
85424.74914893884852062911 446479.3295839802594855428 15.48758981423672409505343
85422.6159134145564166829 446479.7836259593605063856 17.5260135092910154241963
85427.61987663939362391829 446461.4465543213300406933 17.11782239594829846396351
85428.63022829615511000156 446461.9900959370424970984 17.22878644653939872455339
85428.12414553586859256029 446462.5264110706630162895 17.86634643560675073103994
85438.03641123870329465717 446490.4918569261208176613 9.099884745021642018514285
85437.89677751755516510457 446490.8302077730768360198 9.889848563555160509963571
85438.27254289867414627224 446489.9226830802508629858 10.08543920720194719820029
85413.6904249914368847385 446462.7148298489046283066 15.15156082479782106986477
85413.0762618421867955476 446461.4404953254852443933 13.88907867456123312877025
85414.58600185709656216204 446462.3157583817956037819 14.19547269568896830094218
85440.47309483772551175207 446478.7077464520698413253 17.56268510522270887008744
85439.75890806422103196383 446478.4142479179427027702 17.78841013797104864124776
85440.05456529144430533051 446478.5318990157102234662 17.48371217689340539891418
85442.71904220827855169773 446478.0408620110829360783 17.32322790156038649911352
85442.75095603839145042002 446478.6812305602943524718 17.07363860645422803941074
85445.86357394715014379472 446465.7618515592766925693 17.79860404125967221489191
85447.58206701585731934756 446466.0283892704173922539 17.28486977228650900428875
85446.3062355589063372463 446466.2081413549021817744 17.97692612720687321825608
85441.60056514070311095566 446482.1120121126878075302 15.08367555379974156437584
85440.37487524673633743078 446482.1681709373951889575 15.46798678456200271114085
85440.88300280604744330049 446482.1510830354527570307 16.54263054898407148129991
85431.80258958492777310312 446452.2821453075157478452 12.56015167134568777385084
85430.82020447589457035065 446451.5933082522242330015 12.157377825388827830011
85432.14814353414112702012 446452.0136005422682501376 12.15547389907436581779621
85436.23030309197201859206 446496.4522781646228395402 13.89277506036247267218187
85418.043889929263968952 446451.2278662887401878834 13.60527558234288925120836
85419.27445278738741762936 446450.3749159741564653814 14.6933263207018285356753
85419.38107188117282930762 446451.8177209831192158163 13.61360905976756008328721
85439.86319984479632694274 446478.7162059469847008586 17.90429635488252202435433
85379.03504605228954460472 446492.0253467516740784049 -0.7801874500449420546388524
85434.18679917641566134989 446492.9384097993606701493 17.80276702695022805755798
85433.1708494420163333416 446492.5218006846262142062 17.85700608412895462606684
85434.23661364692088682204 446492.9587084102677181363 17.31981121084346142424693
85426.81082916766172274947 446507.7877903454354964197 9.507435182402687701141986
85428.11433493072399869561 446506.9120911737554706633 8.889956543676440503531921
85421.72360645562002900988 446489.9727588513633236289 17.08345212105080790365719
85421.9713981159875402227 446490.6130137478467077017 17.09079287592777163240498
85402.55206013526185415685 446501.6442960512358695269 -1.060537623144377716855047
85400.96865505403548013419 446499.312371474748943001 -1.062293660687179119861412
85398.27238777100865263492 446498.4722650281619280577 -1.062293660687179785995227
85387.11142886696325149387 446492.3096752783167175949 -1.062293660687177787593782
85385.73234389786375686526 446488.5686655743047595024 -1.062293660687178897816807
85380.60243453673319891095 446490.7813301112619228661 -1.062293660687203100678744
85427.9808971065649529919 446507.4068060434074141085 8.849317552927594476841477
85436.24342747636546846479 446496.420614851638674736 15.81739472667103996172955
85421.61095805602963082492 446489.5040543270297348499 17.84094240034030320884995
85403.27956761146197095513 446458.2641419419669546187 14.99950401718825077068686
85402.19722330496006179601 446457.8104453756823204458 14.99531600794058405767828
85403.33152374267228879035 446457.6423129643080756068 14.20260964745602194625462
85401.86356646237254608423 446458.8153350237989798188 15.0895519271806239913758
85392.56445040644030086696 446456.8299722738447599113 13.70289195209558741339606
85391.4037204306514468044 446456.2210672356886789203 13.51744052746158786248998
85392.34529495754395611584 446456.5478302763658575714 13.42044386326988636426449
85420.26021406539075542241 446442.7791874690447002649 7.332107934914577462848229
85422.40075885984697379172 446443.6669949522474780679 3.794702633905772337641338
85425.08127404088736511767 446444.7787593229440972209 6.870769726318648018548174
85413.99518612974497955292 446450.0871116479393094778 14.26771035979455248821068
85413.15089071357215289026 446448.9599728367174975574 13.08443384355197736113041
85414.62348111746541690081 446449.7015998081769794226 13.58693419729394946671164
85380.67317699582781642675 446443.9059025940950959921 13.80728693965803088872235
85380.50393823566264472902 446442.829509905306622386 14.04387452733671537430382
85396.83521819172892719507 446433.2412217045202851295 9.125174108973117981236101
85395.50563794937625061721 446432.5128440096159465611 8.231887603002087772097184
85405.8007684013427933678 446440.6435768496012315154 13.77430097557997079604775
85403.33425963092304300517 446442.0515025716158561409 13.77286793077606574797755
85408.75696900892944540828 446463.9770486631314270198 14.28570037527773983754287
85413.70060272606497164816 446463.878575965587515384 14.92224159856787224498476
85428.83860894289682619274 446461.0577616077498532832 17.03496532551996622828483
85429.55004324334731791168 446461.0961884311982430518 17.24391113271815356711159
85429.9428458208276424557 446462.1035316946799866855 16.86808180751477692638218
85433.18992428378260228783 446454.2708674532477743924 14.69647343096941227713614
85436.42924568700254894793 446456.0419556749984622002 15.3488974081925757531053
85433.96716022030159365386 446456.8920774551224894822 18.01950835089859737081497
85434.07341977277246769518 446495.7889829479972831905 17.19569742290869385215046
85424.05913690956367645413 446489.3079220697982236743 -1.062293660687176677370758
85426.28033989196410402656 446486.6781939687789417803 -1.062293660687179341906017
85424.61205142477410845459 446487.5220070487121120095 -1.062293660687179785995227
85442.30506120919017121196 446474.6752146171638742089 16.99108335252612178578602
85443.41786352818598970771 446474.4357906128279864788 17.74918369329204281825696
85444.16840852169843856245 446475.4717309375992044806 16.96935996809075675173517
85423.45823990774806588888 446465.8077540111262351274 18.35947584004943777813423
85423.52968805297859944403 446464.4045911291032098234 17.52215290601246522328438
85425.0203093621094012633 446464.3097517407150007784 17.10434799759151758280495
85388.62347935003344900906 446488.2324110588524490595 12.16901527527776316617292
85389.26653174681996461004 446487.5494854401331394911 12.40262790407834359029948
85389.33020905690500512719 446488.6070346278720535338 12.16856869771176974381888
85404.22514470295573119074 446445.5168638242175802588 -1.062293660687178897816807
85404.64714756657485850155 446440.8651852141483686864 -1.062293660687180896218251
85451.18678216067200992256 446460.334263493015896529 8.825024464813111535477219
85392.66751367005053907633 446447.0478822184959426522 15.13241371859180617320817
85393.49117774756450671703 446448.0179291687090881169 14.31395173251367580746773
85403.28521080338396131992 446493.2238238017307594419 13.70199086931401488698157
85419.30028181566740386188 446468.0402291620848700404 -1.062293660687182450530486
85418.68091118683514650911 446464.0603617769083939493 -1.062293660687146257259883
85414.86542456815368495882 446466.6010278051835484803 -1.062293660687146257259883
85433.1514728915790328756 446461.9091405892977491021 17.81306829261349022885952
85434.96335197566077113152 446461.9217394738225266337 17.97267307971280558831495
85434.4777746660984121263 446462.4292643716908060014 17.84784129228046722914769
85402.44205949750903528184 446443.9835709075559861958 12.26772382012094197989427
85402.08517375396331772208 446441.6377183219301514328 12.17851166916691063590861
85434.25357972676283679903 446448.7159000994288362563 12.14691626220096409838334
85433.81753708164615090936 446451.1893867147737182677 12.15364219431968528795096
85432.01112747922888956964 446450.2619807571754790843 12.15476637533476811370292
85425.7106733877444639802 446445.0529975500539876521 -0.9728648033374880377266436
85449.14471748359210323542 446460.6939648488769307733 10.37228444398113680335882
85448.99508520856034010649 446460.2077235082979314029 9.466544831992852238045089
85449.30135614243044983596 446461.2082721666665747762 9.767670345703860945718588
85411.65036197498557157815 446456.0523493831278756261 13.50939948434652038145032
85412.88705336159910075366 446455.799434325541369617 14.67414979212838943567476
85413.6708974480425240472 446457.0313830345403403044 13.29047740724692161506937
85437.87134862117818556726 446472.4840243182261474431 17.35827507520649959360526
85438.17927503783721476793 446471.9415514037245884538 18.48329743929145863035046
85439.12842629360966384411 446472.5303386411396786571 18.34937672842810130191538
85394.47723346312704961747 446456.5506029544048942626 14.12012200421006724582185
85393.50097544393793214113 446457.0697169930208474398 13.47717462425050172214469
85392.98103007435565814376 446455.6827488880371674895 14.42259457034839797984205
85405.63419206046091858298 446454.7134959824034012854 14.3481044602079208516443
85405.12682058123755268753 446455.6651365034049376845 15.62221942287274956129295
85403.90520797029603272676 446454.9278876074822619557 15.46020587252293054802976
85424.71251962301903404295 446444.6258155805990099907 1.368180094679445124583594
85411.562446297422866337 446457.9197300496161915362 15.24349262539783822489881
85411.24048274506640154868 446456.933628764352761209 14.22500867890430242823641
85447.28945683455094695091 446469.7605083102826029062 0.8824659521901956349410057
85447.43883537051442544907 446469.3342018811963498592 -0.9966955715497768375499277
85446.16941317640885245055 446472.3586474781623110175 -1.015424565329700490323717
85446.00639019205118529499 446468.8026212843251414597 -1.062293660687178897816807
85390.76280355794006027281 446475.7926810866920277476 13.37517038111845479875228
85391.99712053005350753665 446474.0559270389494486153 15.79216572568344112426075
85411.51209794808528386056 446483.7373642844031564891 15.63622719825830031936675
85411.51496764662442728877 446483.7360384623752906919 15.93371568939833871070277
85411.15390716184629127383 446484.5077359339920803905 15.88262223048314147888505
85391.53118316787004005164 446484.0492744968505576253 -1.062293660687146257259883
85389.09422430752601940185 446481.0244294913136400282 -1.062293660687167351497351
85385.81321349825884681195 446484.0835202680318616331 -1.062293660687146257259883
85406.88286484350101090968 446460.8703181436867453158 15.09980575435713312515418
85409.215878852060995996 446460.8651879812241531909 15.10315914325323838340864
85409.70084681182925123721 446461.9969643556396476924 15.10518570518022407611625
85407.33875610012910328805 446461.7979135307832621038 14.23634167115323201358024
85421.45249154689372517169 446451.3956920841010287404 14.56016170992644376269709
85420.86441106034908443689 446452.8967429403564892709 14.20932759725888061552723
85420.07372277198010124266 446452.1892539698164910078 13.628763021053929449522
85419.44396937631245236844 446452.8047768929973244667 15.31918797085648620281972
85422.22290863000671379268 446451.3462329318281263113 15.05068134385166978006509
85421.57634528151538688689 446450.463796159194316715 15.0935308255284983403044
85422.71599573914136271924 446450.2398698661709204316 15.07478349337651479800115
85443.62426721023803111166 446470.8674689329927787185 -1.062293660687179119861412
85442.16283743131498340517 446471.8990567110595293343 -1.062293660687179785995227
85442.48008217761525884271 446473.659541335713583976 -1.062293660687176455326153
85417.14828884620510507375 446470.6051614456227980554 15.9660662009962059926238
85417.59729059989331290126 446470.8534211176447570324 16.31010928044127439306976
85416.7128656485874671489 446471.6234060717397369444 15.98178996669627061066876
85420.25055646765395067632 446477.5599855391192249954 15.63038945134452362140109
85389.92009906990278977901 446440.7986982108559459448 15.32077670606090791238785
85391.65229961174190975726 446440.3373692159657366574 13.52668664662803976739269
85391.33717642775445710868 446441.4133549141697585583 15.13746342989830928615902
85411.22080117592122405767 446444.2078558046487160027 12.85313620571113624180271
85411.15239317010855302215 446445.1537505883607082069 12.6232742656550716020547
85411.15495990535418968648 446445.1011351323104463518 13.60705917941784903746338
85397.89020947177777998149 446465.4353153997217305005 14.97608324162031401272088
85399.26114121703722048551 446465.7847875101142562926 15.11359496079278486035946
85399.42313650934374891222 446466.4003656967543065548 14.47938983851322269913453
85405.28703562769806012511 446469.6766001704381778836 13.19794045160993967158447
85402.94531625079980585724 446468.6023511631647124887 13.3544589488316418623981
85404.23942366908886469901 446468.7804737500846385956 13.89654147922886906485473
85432.57608450777479447424 446471.8189595381263643503 17.37542403010995784029546
85433.50099494137975852937 446471.8547685329685918987 17.18344799137063461103025
85431.47130902211938519031 446473.208443519426509738 18.3936741059416917210001
85419.2854239605221664533 446454.3759914414840750396 14.67204192676665286398929
85420.07240639989322517067 446455.8033554083667695522 13.36382561073650343530517
85419.84695468450081534684 446456.0089698950760066509 13.61609598362875495070057
85418.10727836716978345066 446455.0154629157041199505 13.32725794665032559294104
85426.05403799512714613229 446460.3680212012841366231 16.74252402676494710931365
85425.43969824879604857415 446459.1513839943800121546 17.51284021849895466971248
85426.77675663366972003132 446458.5147573346039280295 18.30902385181882152664912
85439.11918563228391576558 446476.5464853222947567701 18.259032806100652379655
85438.17139581596711650491 446476.1530377009185031056 18.2175634331876423743779
85438.47014834822039119899 446476.0639767288230359554 18.43955139861134995271641
85433.2307272664038464427 446491.895437512663193047 17.27436146303526598444478
85432.86674894804309587926 446492.395859195152297616 17.48872953339487423818355
85432.47658883855910971761 446491.8015895792632363737 17.26205841900236848118766
85444.41284509545948822051 446475.6586328205885365605 16.00177181869896969601541
85445.14967818872537463903 446473.0147801112616434693 17.44727738000283068231511
85445.34004735002235975116 446472.4194435985409654677 17.04347795326445336172583
85419.79370114198536612093 446490.9327770422678440809 17.82805131709162438369276
85418.33345575578277930617 446490.3299768336582928896 17.71895258975860443229067
85422.97393085628573317081 446478.3654780717915855348 -1.062293660687179341906017
85421.23997356656764168292 446475.7837793444632552564 -1.062293660687179563950622
85400.03684640633582603186 446463.071031430154107511 13.87952713138053617569767
85401.20586589424056001008 446462.7326635273639112711 14.96825764473994446746019
85401.00248511921381577849 446463.5019739260897040367 13.8397746327168711388822
85422.17669479601318016648 446493.5376497369725257158 17.3972032084150889374996
85423.62986791724688373506 446450.5393402877380140126 15.02929104820571737377577
85423.61184988576860632747 446450.7269435562775470316 16.34949089469560945531157
85423.31972828201833181083 446451.0978694005752913654 15.75909397931213540289264
85424.0866083653672831133 446451.0082622819463722408 15.66196435057337765783814
85389.58626834159076679498 446437.288025244080927223 9.852313156897869461658956
85387.85706699678848963231 446437.5759720935020595789 9.853812498458438540183124
85387.6560976294131251052 446437.0124815742601640522 9.852796422804200204836889
85399.11811765626771375537 446476.261614843737334013 14.73029997975609717286716
85400.30170378417824395001 446477.3238236541510559618 15.59492526541209578283542
85398.8912961979367537424 446476.8916144933318719268 15.82759110748269115731546
85402.64117724428069777787 446472.3508078106096945703 13.63761539408926637406694
85402.79501627852732781321 446472.8063288747798651457 13.37566084117053932800445
85404.6871255710138939321 446465.3787604673416353762 13.37325036448963722079952
85403.03882640106894541532 446465.4208333879942074418 14.05502178592883666397029
85403.11560968715639319271 446464.786089895002078265 13.29630254332325023369776
85403.31522146824863739312 446464.0935918708564713597 14.32385261218355054779749
85433.03048718509671743959 446457.9414402711554430425 17.86010345987568470604856
85431.68312355864327400923 446457.4000346350949257612 17.84030840854561006381118
85431.53447586580296047032 446458.2538448579725809395 16.92116696255123287073729
85442.63677121444197837263 446479.2081022551283240318 17.07438706973859154913953
85433.64479557327285874635 446467.4679231158806942403 16.90714523721618078866413
85435.82256045450048986822 446468.9123362281825393438 17.24732140656047718607624
85447.23802350624464452267 446459.1856293358141556382 12.58657845514714601620199
85447.84410247906635049731 446459.2351379611645825207 12.52410795717579006236519
85447.35665448823419865221 446459.6895420016371645033 12.08329537200613046366016
85437.82300560874864459038 446466.5376970754005014896 17.9435577018011365169059
85434.2486760864412644878 446465.1484364590141922235 17.99191660124780867135996
85435.75822392533882521093 446465.5891316230408847332 17.81828212991827697919689
85435.72923958161845803261 446465.8069103473098948598 18.00361546457553174604982
85440.48887616285355761647 446466.3164297908078879118 16.78415283301068328114525
85440.85348789638374000788 446465.1261839386424981058 17.85322939807437947479229
85443.18036631375434808433 446465.9750691726803779602 17.96079768014454103308708
85443.20242027426138520241 446478.0650615436607040465 16.94244956395970902462977
85429.41867713799001649022 446486.5893572565400972962 17.46722219139638099250078
85430.99770757078658789396 446488.0170892193564213812 17.98807135112014421451931
85438.75256909921881742775 446456.7304389680502936244 -1.062293660687178453727597
85439.82879166994825936854 446460.3951382813393138349 -1.062293660687146257259883
85443.45685329583648126572 446455.7508597775013186038 -1.06229366068718489302114
85427.90614595543593168259 446460.1867398868198506534 17.41345102154312129982827
85428.18932033097371459007 446461.2595920413732528687 16.75740481015205318726657
85429.32327686688222456723 446460.1013308222172781825 17.95963531918266298248454
85423.0428912376519292593 446443.9333243145374581218 11.77801381509209655007453
85422.85619913791015278548 446443.8558923245291225612 9.332260705013933232976342
85447.7589317598904017359 446457.1623899429105222225 6.53755416094418961847623
85428.80442725203465670347 446458.0056005951482802629 -1.062293660687179119861412
85428.02566474316699896008 446467.822941704245749861 18.39336540906944961193403
85428.97589511162368580699 446467.3899337777984328568 17.99521170582962525941184
85429.73641606960154604167 446468.4789819715078920126 18.42259934034474611053156
85436.24419362362823449075 446477.3032991570071317255 17.91045401893806143789334
85435.4249524920160183683 446476.5873214604798704386 17.73949617078814000592502
85436.70159691701701376587 446477.1242608558968640864 17.74124022568253522535997
85430.15236474103585351259 446491.279284299467690289 17.31300264512630349145184
85431.17418034363072365522 446491.3436890444136224687 17.24837363401031709031486
85430.89956160433939658105 446491.5873303534463047981 17.76236279300184506269034
85432.27137838373892009258 446506.0067419982515275478 3.772615683509093376102328
85432.62191078417527023703 446504.8959362031309865415 -1.0546875260154371378718
85431.07468609669012948871 446508.8350311933318153024 -0.9145940268239313164500004
85449.4075468010560143739 446462.6376556057366542518 17.11145687434191842157816
85449.25564378927811048925 446463.2005942024989053607 17.99283250329678196521854
85417.98267724379547871649 446477.029994845506735146 16.25324050607147441382949
85424.3592802533385111019 446470.5396183955017477274 17.45512430339694276426599
85423.74359295509930234402 446470.3749231378897093236 16.9600111783347067273553
85423.34196509871981106699 446470.2677726544206961989 17.41878708715979939825047
85415.91587585149682126939 446484.4362438606331124902 17.82800537817121266925824
85415.71977051967405714095 446484.1245132411713711917 17.87174601559854636434466
85416.31308585760416463017 446483.4760369721334427595 17.90796111016610225874501
85436.34536618995480239391 446487.390605475171469152 17.85639208479244999239199
85437.38298163108993321657 446486.2535103413392789662 18.0331095033664574600607
85437.46170439109846483916 446487.1565346539719030261 18.00567103970054461115069
85448.58041387496632523835 446466.3127643748885020614 -1.060678738929903719423464
85444.9494206930830841884 446465.1188322058296762407 -1.062293660687180230084437
85439.09022784250555559993 446450.5890810918645001948 2.915639216025341706739482
85442.39107106698793359101 446473.9938809687155298889 17.76279214987266996672588
85439.15302837596391327679 446482.2307521101320162416 15.43121474309138640990113
85431.11674001258506905288 446508.789322632597759366 3.885138212720713468684153
85430.55508419651596341282 446499.3316655373200774193 17.05669533577847829519669
85422.59581044863443821669 446457.2536249489639885724 14.58245725692560945674359
85422.40628134991857223213 446457.5269912834628485143 15.14435616910371074084196
85422.00757097642053849995 446457.3558898674673400819 15.0567958666806394063542
85422.61533161913393996656 446457.2106363570201210678 15.38428369123817063268689
85427.62285853279172442853 446495.8288931030547246337 17.06580100285986389963
85427.16441028400731738657 446496.7060678782290779054 17.03409682383079726264441
85426.63517666843836195767 446495.9245872848550789058 17.04318106239648855648738
85447.44758568338875193149 446460.0772546718362718821 13.69750250595551932519811
85447.86520851381646934897 446460.7634895616210997105 15.06756923036250306324746
85447.36205007811076939106 446459.9394942051731050014 14.12899564669896790292114
85440.81329913096851669252 446485.3899002129910513759 3.98180571823937734521337
85441.1444641709967982024 446484.3494561439147219062 -1.051298540951586701908127
85440.03549620656121987849 446487.2674249663250520825 2.455513284446633637259083
85428.47853536525508388877 446468.5561224841512739658 17.36540447328704317442316
85428.04854246103786863387 446468.7823186750174500048 16.92803939418042702413914
85427.29692464786057826132 446468.5091603791806846857 16.88542394969867999066082
85439.26674176607048138976 446471.1696203328901901841 17.7685802948616675678295
85437.49296378711005672812 446471.254570542776491493 18.24980688341575429944896
85419.07067427868605591357 446452.1858899385551922023 14.25719110968073088940855
85418.25321295241883490235 446452.3126892044674605131 15.18458591895338471999821
85395.00050935200124513358 446448.689539899758528918 -1.062293660687179341906017
85412.60226495697861537337 446451.6144635166856460273 14.64666545725953916701201
85413.32197273196652531624 446450.4851660281419754028 16.30319410881825348269558
85415.04006857505009975284 446447.0886943976511247456 15.07137883913569709193325
85430.61598001433594617993 446465.6485686830710619688 17.1542052342955066990271
85431.40230875505949370563 446465.4770438164123333991 17.57854130659595526253725
85431.63636547808710020036 446466.4122171212802641094 16.87039818797664025851191
85427.85554064223833847791 446473.4199945436557754874 17.79727220350581973207227
85430.69357212814793456346 446474.7789987988071516156 17.89467686991315886757548
85428.51015014629228971899 446476.0039334669127129018 18.04654787235502411135712
85430.11656866411794908345 446474.1736268370295874774 16.9744026436114907596675
85442.51097844171454198658 446479.8621297068311832845 15.18030404918338760467122
85437.31628169186296872795 446477.3904049493139609694 17.79565360059467593600857
85437.00350136123597621918 446479.5710445104050450027 18.03844057053746041674458
85434.56853013978980015963 446467.3710730534512549639 17.09752029298744702145996
85441.60501749742252286524 446483.4787852197187021375 7.341828013175728528949548
85427.29279846577264834195 446470.0101096188300289214 17.55204368718897711687532
85428.67607114241400267929 446469.6094219640945084393 17.00912498884384760344801
85428.90240102636744268239 446470.3400167874060571194 17.37269001830136971875618
85427.60767786696669645607 446477.2714612552663311362 15.69842242207963778355406
85430.18727252518874593079 446478.4419981691753491759 15.54240726127356175823024
85432.59000592371739912778 446465.7180459909723140299 17.79615187825649158526176
85425.88114494229375850409 446478.9540855547529645264 14.20086146791667047750707
85424.96643484036030713469 446478.799111273605376482 14.54158980416919888511984
85443.37139198658405803144 446478.605443810869473964 8.950480737506943285097805
85443.4590462843916611746 446477.7105437860009260476 8.946607270490803287543713
85443.86254750670923385769 446477.5701747543644160032 8.952776101449529733145027
85429.99543722724774852395 446488.7649768203846178949 17.29268941967352546384973
85428.88537471003655809909 446489.0130491016316227615 17.26440607884596190046977
85428.86411675499402917922 446488.2839713810826651752 17.46656756052488645991616
85430.54680427233688533306 446488.8780103785684332252 17.98565498918458516186547
85442.52947479519934859127 446481.2473864259081892669 2.349218516544365975562414
85441.48455112046212889254 446482.1081634613801725209 17.07360066602361214904704
85442.55715552956098690629 446479.7300225042854435742 17.78323335952412520555299
85439.56769539964443538338 446488.3966410787543281913 0.227133030020231108103701
85443.00963057295302860439 446479.8675614396925084293 -1.047938623771987654009763
85438.46274830210313666612 446479.5474697030731476843 -1.062293660687179785995227
85442.5427244303427869454 446477.8754536994965746999 -1.062293660687179119861412
85431.55202945033670403063 446479.9539063037955202162 14.11047734737407033378531
85429.48355077198357321322 446478.9478131611249409616 14.33569195064890244850631
85448.0486360632348805666 446467.9283708454458974302 3.791803979636583665779881
85421.03381625976180657744 446492.9073987985611893237 17.97177060339074472494758
85416.91863258941157255322 446481.3653480684151872993 17.32494316618132046414757
85417.34217824967345222831 446480.5240303660975769162 16.76444534710936196120201
85418.77720635551668237895 446481.2597354724421165884 16.77519622161845447294581
85443.18709842358657624573 446477.9433671284932643175 10.77107687330596341723776
85443.60768545742030255497 446476.2968692536815069616 11.74843119433318072708516
85443.23797558985825162381 446477.2080752865877002478 10.11292583945209067053383
85414.90032841257925610989 446486.5872442124527879059 17.97466190388005813360905
85415.40463673810882028192 446485.3693090159213170409 17.96628278364839914615914
85415.67795244655280839652 446485.3295080358511768281 17.83847416225888338203731
85416.46625284175388514996 446485.678193389147054404 17.90939036033913112078153
85427.97594853973714634776 446492.1245240811840631068 17.8433632037291438621196
85429.64607435053039807826 446492.8120477000484243035 17.84504159281749480214785
85428.44956669183738995343 446492.6827415396692231297 17.14059056442929929175989
85419.97575727591174654663 446471.0531899274792522192 17.36776998568531027444806
85417.93161528169002849609 446472.4997830231441184878 16.74281893269127152734654
85426.82446562054974492639 446493.8375405046972446144 17.50760836261205710684408
85434.6664985085662920028 446494.8793778227409347892 17.47370240732067259159521
85389.36358913709409534931 446489.3547417898080311716 -1.062293660687177343504572
85441.99457874390645883977 446481.2001422186149284244 9.615304964340040783099539
85442.29891951299214269966 446480.7283607957069762051 8.945350965883218208318794
85441.88524867208616342396 446481.4834208583924919367 9.126364564161319137269857
85437.53167878299427684397 446493.3111588539904914796 2.924158392304056164334725
85437.17982688797928858548 446493.9118263180716894567 -1.052438469657984931870942
85435.82257145369658246636 446497.4359535968978889287 1.639547227732241152509118
85429.97460637269250582904 446467.0539751912583597004 17.5497513748802838051688
85434.81601468806911725551 446492.8620521384291350842 17.28087630333216040412481
85433.53257988780387677252 446502.9630946863908320665 3.094062170855371274313939
85433.94055623294843826443 446501.9781717151054181159 -0.09768691920544231299672333
85434.74210199355729855597 446477.1813264762167818844 -1.062293660687178453727597
85432.71942467543703969568 446475.6678140372969210148 -1.062293660687178675772202
85426.62482930174155626446 446497.1407169658923521638 17.01160008627193320762672
85421.16768383578164502978 446450.9290380537859164178 15.01563766674264854827925
85447.42416579209384508431 446458.6603249384206719697 12.37346285540748347386852
85447.49094261553545948118 446458.6870516714407131076 12.60597012770547031834667
85446.9588234568655025214 446458.4916903811390511692 12.86947304198804964414649
85440.12441411741019692272 446467.4362056823447346687 17.87092332637780955906237
85424.26769496816268656403 446482.6451467587612569332 17.52229772516125549941535
85424.30660781198821496218 446483.6182600773754529655 16.86954114885181610361542
85439.45401880628196522593 446480.6029566321521997452 18.03229571662368257989328
85417.88177800166886299849 446479.6032927770284004509 17.87270419932437093279987
85448.70671727100852876902 446454.581287248816806823 3.875264015022817254418896
85447.95108063038787804544 446456.7007594420574605465 5.147739058275528911678975
85448.77027998589619528502 446454.7009861523984000087 7.975913314657940844654149
85447.16686777104041539133 446453.9389298714231699705 8.018930203144098101120107
85436.42744137177942320704 446495.7460622186772525311 17.19153680545343476637754
85436.97406571840110700577 446494.6571477170800790191 15.57287171806459369349795
85415.40899661170260515064 446490.5723857466364279389 17.96458448169766697333216
85411.01547506451606750488 446494.5058094939449802041 -1.062293660687174012835499
85414.42350023536710068583 446491.7402424435131251812 -1.062293660687183116664301
85420.61613764794310554862 446494.9404868710553273559 16.95191514102154428655922
85420.98192201378697063774 446493.7192080249660648406 16.98942642458780838410348
85421.47560982964932918549 446491.5948198565165512264 17.09851685561586620565322
85421.26416902548226062208 446490.5215227998560294509 17.08677148234033538187759
85414.42640557278355117887 446490.9224380166851915419 16.93460803927063551554966
85414.65049341166741214693 446490.4169696543831378222 16.98742091402319687176714
85415.73394918120175134391 446487.7560825239052064717 17.03584613707058181830689
85398.74616648993105627596 446493.7050591013394296169 -1.062293660687179119861412
85401.34845285306801088154 446496.0689544734195806086 -1.062293660687176677370758
85407.49168884899700060487 446463.9120556057896465063 14.97491335235194220842914
85408.01108769114944152534 446465.5587900279206223786 14.95476740341872812223301
85406.8598434119630837813 446465.069093527679797262 14.97182990847632844122472
85405.27539995944243855774 446473.9235943819512613118 13.5041017748235976370097
85419.75190583226503804326 446508.9147061377298086882 6.34074627051257966314779
85422.74211613998340908438 446510.1550458104466088116 4.149905800800689270602106
85420.04089723856304772198 446509.0345798153430223465 3.315897128397685911238568
85390.28110526976524852216 446480.73850524693261832 14.92688777699379265584412
85389.2495211886998731643 446480.3698850597138516605 15.01853493257553928685866
85389.65190323091519530863 446480.1246517003746703267 14.39442326209706912720776
85389.23044213945104274899 446481.0042750716675072908 15.12215844603878522889318
85400.15258660008839797229 446479.4767821049899794161 13.47771620612897436330968
85399.4269955153577029705 446478.3493599782232195139 14.47135201987066466244869
85400.97902471125416923314 446478.887155664328020066 14.59714280062837588047842
85399.99154463606828358024 446472.9873283050837926567 15.09577514090491234810543
85400.37734179409744683653 446474.2752246573218144476 15.13607256150392821325568
85400.67200827317719813436 446473.0343387259053997695 14.86453837983713377468575
85433.79080742712540086359 446471.4434190868050791323 16.88317309196524007575135
85434.8778631995664909482 446472.4423752924776636064 17.20266827959420297133875
85418.61197251621342729777 446480.626066800847183913 17.17577801584769403575592
85385.23573483356449287385 446465.3089178529335185885 13.46956854884167142927254
85384.42778813501354306936 446465.3965480307233519852 13.59691784265232961104175
85384.23396448233688715845 446464.8657925014849752188 13.50424755013909106082792
85396.68556896106747444719 446479.3913700484554283321 14.78768374269982821545
85403.28955743303231429309 446437.2857668270007707179 12.17308605600178239569686
85442.50078981982369441539 446468.067000000097323209 -1.062293660687192886626917
85393.94025339544168673456 446463.6564622692530974746 15.11767332734573976438242
85392.21893603749049361795 446463.8252579015679657459 13.85837461683702365178306
85408.48744073578563984483 446464.3191366812097840011 14.9621450752787250593201
85408.52970705943880602717 446464.9583282344392500818 15.10193762827838170892392
85398.7104548032657476142 446464.3909856044338084757 14.99739017890497372320624
85396.44322998942516278476 446464.6531600712914951146 15.11758388518848228443403
85396.51336320916016120464 446463.4530393174500204623 14.9645201304611514814269
85391.93026608662330545485 446491.6676819287240505219 12.35410664646441247782604
85393.28670545692148152739 446492.7723780719679780304 12.16744462643250201949741
85392.33919493314169812948 446472.4366646358976140618 13.20558093962795709330749
85393.46285822795471176505 446473.0771819269866682589 13.46729060340977213172664
85393.37168549375201109797 446473.5895467970985919237 14.30278352292998889083719
85394.01187222919543273747 446457.9577913066023029387 14.4803917240786290676624
85392.64633661994594149292 446457.9047503196052275598 15.1345849806069558951549
85392.6583589969523018226 446457.7068002497544512153 14.94770536063749233335329
85395.69558798070647753775 446462.5902393339783884585 14.31716068527237162300025
85395.12070577572740148753 446462.8899153208476491272 14.98248888178697413309237
85419.36874807998538017273 446472.4858388365828432143 -1.062293660687180008039832
85421.21282818452164065093 446473.6193518601357936859 -1.062293660687178453727597
85421.97364834959444124252 446471.5928682350204326212 -1.062293660687179119861412
85407.75412565184524282813 446452.2359945392818190157 15.10870019687185994428091
85406.33907557069323956966 446452.8751370955724269152 15.00737806554647768564337
85402.03956585949345026165 446472.1490017473697662354 13.581527006777438515428
85400.87581704917829483747 446471.9374057115637697279 13.27162530283398389485683
85401.65640818040992598981 446471.5415721245226450264 14.12550849110858308677052
85401.63247070208308286965 446472.6913585222791880369 13.86673340287400080228508
85411.38859891834727022797 446453.6169960011611692607 15.02638991985267047368779
85409.22780021770449820906 446452.8496861221501603723 15.1069022866135735938542
85411.00791880220640450716 446453.0158821510849520564 14.46928050192416925767702
85386.2764608536526793614 446463.3290877942927181721 15.19858149266606694993698
85384.65719497382815461606 446463.6484739216975867748 15.13747807245892396110776
85383.41800840134965255857 446462.1703358566737733781 15.33134270168864254912933
85394.34639235453505534679 446449.0292350746458396316 13.9928123538291675487244
85394.3395837633142946288 446449.0531054314924404025 13.66720605262205623375849
85388.35536981001496315002 446475.277314773469697684 13.96441673909660252661524
85387.97246598520723637193 446476.7301949203247204423 15.79690409401492345864426
85394.98610297843697480857 446478.5030521841254085302 14.55827993308535184269203
85394.2875051593582611531 446477.1519677639589644969 13.35793210830467536709421
85388.32356824581802356988 446489.268203930405434221 12.70418281504271718063137
85389.29109048328245989978 446489.6596819678088650107 12.23674020611384705148339
85381.78894422641315031797 446461.6530689928913488984 15.39719361136281783331015
85382.44329291628673672676 446462.888389719242695719 14.9994636350324963558478
85382.23616083025990519673 446460.5890932371839880943 13.75119238705006452505586
85393.56192145647946745157 446476.2994772274978458881 14.01983599819771164618487
85400.04596523194049950689 446445.4602474522544071078 15.7334995052861508213482
85398.88085927540669217706 446445.7658200002042576671 14.80807125905782406505296
85406.97891265728685539216 446449.4808494197204709053 14.39943887283212831107448
85406.60241956336540170014 446448.5179923080140724778 15.35766970008817189352612
85407.79208920293604023755 446448.2793683630879968405 16.23150712807286311090138
85405.05178505982621572912 446460.2384304509032517672 14.98203489412533429003815
85404.85693068710679654032 446458.933730794582515955 15.01480035381784894354951
85405.46750554758182261139 446452.3521928430418483913 15.11317397134071427444724
85405.06923260664916597307 446450.9617473590187728405 14.98861732008670522020566
85393.12424615302006714046 446484.6908975903643295169 13.30315045060893552886228
85402.50230083552014548331 446471.9257768362876959145 14.08331994258052866086928
85407.57029236757080070674 446503.861771092691924423 1.792996887804011896250245
85409.58721740037435665727 446504.6983918910264037549 2.579727952724649053806161
85424.41748266408103518188 446502.4069277888629585505 -1.062293660687179563950622
85446.50745594000909477472 446471.647647565754596144 1.947434164325015482077674
85391.65560390905011445284 446439.484965299372561276 12.22789140772725424710643
85388.83795327044208534062 446438.3116652096505276859 12.21943054298216146946743
85390.59862886865448672324 446439.0231532701291143894 10.88507209612443737967169
85397.97358081083802971989 446448.5058453612145967782 15.12102960047337596449779
85396.64285984716843813658 446448.0746000431827269495 15.12291215537282695891008
85397.8002143398771295324 446447.9250649265595711768 14.96238866245574605784441
85396.70546069175179582089 446448.9112397495191544294 14.97710584925405008505095
85417.97293383722717408091 446472.9764160533086396754 16.15622787325678544334551
85417.44101728027453646064 446474.1714716505375690758 14.01383250923371903695624
85417.04121628277061972767 446473.4140168409212492406 14.91076786325508507502491
85423.55564702037372626364 446478.2963441066676750779 14.66606016017189695332945
85422.42954962450312450528 446477.5484347304445691407 14.23447881194547193217659
85423.24185979053436312824 446477.7398208838421851397 14.0134382360223206376304
85397.31450222525745630264 446499.4482199741178192198 12.16712568620072332237214
85399.80994421527429949492 446498.8590939549030736089 12.16467238364445613285625
85403.66840069528552703559 446473.2374028286430984735 13.47005968841881795583504
85405.397683707982650958 446467.3087647431530058384 15.10435507988817604996257
85405.07786658032273408026 446468.4140713760862126946 14.97499311038188984923636
85403.49435854498005937785 446467.6157709520775824785 15.10505607402422967311395
85410.96950551442569121718 446467.4917045771144330502 14.01725388048704878940498
85412.57483064990083221346 446467.3443695151945576072 15.08447299955387244096983
85404.00048132440133485943 446470.0591736314236186445 14.45163453907256645436519
85405.72845780261559411883 446471.1143172948504798114 14.97089193670341344954977
85399.62407303787767887115 446471.1452300115488469601 13.59197679830987937066311
85412.92169742577243596315 446460.8694004220888018608 13.33398992040045349938282
85411.71713442097825463861 446461.2144569374504499137 14.31018568497700726993571
85396.95025703018472995609 446447.5527395436656661332 14.93943097928898389170627
85407.84216594962344970554 446463.0943277603946626186 13.5431842208230772683919
85404.92195122562407050282 446446.8092419013846665621 15.04628814263246283644548
85404.1083391967840725556 446446.4733354634372517467 15.12571263321070880181196
85404.41742925818834919482 446446.0781854609958827496 14.21083978264934621904558
85411.32388229420757852495 446480.2100599822588264942 -1.062293660687159801980783
85414.6117892198235495016 446457.4550655215862207115 13.23740530881106280958193
85414.21501894568791612983 446457.9662632533581927419 13.9863689992804189898834
85415.00433629749750252813 446457.0754522202187217772 14.06293357257390397307972
85412.97322150482796132565 446460.3727476719650439918 13.9565732785071112687092
85404.0250671854882966727 446466.5748082034988328815 14.97592697846859799426511
85391.55304044605873059481 446437.8202716761152260005 9.852458602834591516739238
85390.68099896344938315451 446435.9782419078983366489 9.851333806398631764977836
85404.93629239969595801085 446463.0014071782934479415 15.10595780419706102293276
85405.34618055552709847689 446464.3441067849635146558 15.08572287721887406064525
85393.82806497582350857556 446470.036899517523124814 14.62760556297122427338309
85395.61575323603756260127 446471.0217092373059131205 14.96226376687396175668709
85394.09262478176970034838 446470.5582175627932883799 15.1102711457120726379344
85405.34138251545664388686 446457.7882390476879663765 13.35099790366197325397479
85389.15104631069698370993 446462.7797965339850634336 -1.062293660687146257259883
85393.62089114400441758335 446463.7585012965719215572 -1.062293660687180674173646
85394.46907996117079164833 446440.6347412454197183251 11.2896025793686973770491
85394.96827229093469213694 446439.487130061665084213 12.11663327748705398789753
85373.47423105024790856987 446442.2758725163876079023 15.80824218534896097310138
85385.2695687880041077733 446476.9970209064777009189 13.79597812702821713060075
85376.71982355881482362747 446478.0237681628786958754 13.85897950371389697465929
85375.33429501712089404464 446478.3575850953347980976 14.55576255999164381194078
85374.99895252822898328304 446477.7574403741746209562 14.87894426107606804521311
85387.14919910758908372372 446471.0409729487146250904 14.360715317950957015114
85375.49335533456178382039 446452.7098076181719079614 18.15991636451678559183165
85365.83046735353127587587 446442.9124838024144992232 16.85905479864267419998214
85366.01732645160518586636 446443.4004909347859211266 16.23577697268532915586547
85390.05484951706603169441 446463.9943955655326135457 14.99174989452082407126454
85390.06819292342697735876 446464.6429406902170740068 14.98823254902320201153998
85389.28838573851680848747 446464.1742731419508345425 15.12727494286921370303389
85390.03332657180726528168 446464.4049706679070368409 14.64590285083735210491795
85408.56708967070153448731 446444.5968496604473330081 12.72171915339852432680345
85408.65841795974120032042 446444.6388441344606690109 12.38261029067947660564641
85384.30891251149296294898 446471.1709215959999710321 15.58444077350595691200397
85383.17915941411047242582 446471.4488295373157598078 14.68872020446636916801708
85383.31727962491277139634 446470.7557043784763664007 15.59053284012564155602831
85351.28588521848723758012 446457.0182644483866170049 15.711170815251300325599
85371.96527016354957595468 446470.4859551680274307728 15.3185029751388057661643
85369.77217253533308394253 446467.7121118454379029572 18.12992916063325310460641
85384.35003299781237728894 446475.5043974742293357849 15.13050949132872524671711
85383.16246375154878478497 446475.1757678985595703125 15.12947830985265618153335
85356.57832505971600767225 446443.7768863074015825987 16.52724496583469004917788
85357.82030701526673510671 446443.6460187258780933917 15.58083063394412981494952
85357.59082545609271619469 446444.3347261934541165829 16.7361020482242146556473
85400.64137274780659936368 446440.5779026801465079188 12.17988444141395021347307
85398.60887003561947494745 446440.5827562461490742862 12.18130389981710592905984
85388.21416321022843476385 446444.7175165344378910959 15.84974356613785673175698
85387.93609788356116041541 446445.4622725670342333615 14.71149323728296920421599
85386.24339003863860853016 446444.0168795802746899426 15.84812045533995039647834
85370.11993890107260085642 446435.2256184135330840945 19.05401193219133304523893
85370.28772000683238729835 446482.0755065162084065378 -1.062293660687177565549177
85368.64912522271333727986 446480.6021066928515210748 -1.062293660687180008039832
85367.90821377612883225083 446482.6774259777739644051 -1.062293660687179563950622
85381.80814458525856025517 446458.7770006411010399461 -1.062293660687178009638387
85382.94958233204670250416 446461.2301859421422705054 -1.062293660687178897816807
85385.4693126423517242074 446460.2443069361615926027 -1.062293660687146257259883
85446.68717226371518336236 446469.7769254634622484446 12.17725721410762851348863
85446.06519585277419537306 446470.9868833680520765483 10.5427278877505834486783
85445.24078013288090005517 446473.168422531511168927 11.96145578349072913226792
85369.88051397383969742805 446455.3991419535013847053 14.22344705574081658028263
85369.8714078509365208447 446456.4082908082637004554 15.18282561278459752429626
85369.25812635904003400356 446455.6653198846615850925 14.43561805478817916537082
85370.05819454646552912891 446455.7434434709139168262 15.4791820792751106949936
85376.20500899470061995089 446449.031818477320484817 14.09398859201547793418285
85380.47271384128544013947 446455.9784490473102778196 16.88857990295358746379861
85381.21528197624138556421 446457.7337021626299247146 16.12238489559799248240779
85380.03032026819710154086 446456.7013667260762304068 16.93782725008903256025405
85407.64765548100695014 446477.8684950300958007574 -1.062293660687176899415363
85448.43771447669132612646 446466.9808177960803732276 17.84291099043478112662342
85448.01876318000722676516 446466.6684806227567605674 17.48653170017290747750849
85396.36276276025455445051 446490.5124712763936258852 13.7800374673591008445328
85396.91324177214119117707 446490.7003973711398430169 13.797261515754289717961
85370.75957497587660327554 446471.4568278735387139022 -1.062293660687146257259883
85375.74343259747547563165 446472.0917057956685312092 -1.062293660687179785995227
85413.14104367193067446351 446480.2169587148237042129 15.91731400926619954816488
85413.295086494050337933 446479.8811283453833311796 15.07713064513467315919115
85413.00439747511700261384 446479.6395287025370635092 15.23354090113732262068424
85411.18084027910663280636 446489.139868171070702374 16.81891471594270015543771
85398.2648951489245519042 446490.2251192901749163866 13.99828965097883859414196
85399.5326395365409553051 446490.4013512042001821101 14.52356833621238330067627
85412.82612364678061567247 446480.8969526951550506055 15.91928100128000522772709
85413.87387543260410893708 446481.9868794691283255816 16.70374252970389150618757
85420.40058247205161023885 446485.3943844110472127795 -1.062293660687180896218251
85410.16535792440117802471 446486.210493770893663168 15.9105673597189785084538
85372.88050946487055625767 446489.4723951318301260471 1.691338554648517344958236
85371.73087938128446694463 446488.9953702008933760226 4.526960992751692280933185
85373.80323133728234097362 446489.8551892433897592127 3.821044115605428448390057
85410.82659249486459884793 446494.0652573757106438279 17.42825979960116455913521
85408.89247567149868700653 446493.8254182735690847039 16.6705648090336104871767
85410.92123183724470436573 446493.5168203357025049627 17.32691625471071716901861
85402.3556861084362026304 446497.1469338384340517223 12.22762924431243192202601
85401.70983168600650969893 446497.9414210786344483495 12.16333269290155882913496
85425.66303329421498347074 446510.5791608833242207766 4.24657678139260585936654
85419.9587172895553521812 446465.4176921818288974464 16.36161277238562306024505
85422.07923268391459714621 446467.1145905015873722732 17.4815990626613029235159
85420.79247479540936183184 446467.4074153329129330814 17.07240367000444436484941
85429.80035684075846802443 446479.557540674286428839 13.75204705352849643418267
85429.21601026573625858873 446479.8368999513913877308 13.75921091879854429862462
85429.09136680570372845978 446479.1367698527174070477 13.80302720437726371471854
85422.26959813362918794155 446443.6125950588029809296 -0.9027459571473526178664315
85447.22116908476164098829 446458.4543447301839478314 4.844375519195357249202516
85439.71615830401424318552 446473.8779191632056608796 -1.062293660687179785995227
85448.4208820424391888082 446455.5751631419407203794 9.137405073588759307767759
85448.03896999047719873488 446456.491183883510529995 7.692758302377337820132652
85447.50376500192214734852 446457.7775826066499575973 9.09752446689753568875858
85449.33370732427283655852 446464.8250975320697762072 7.539285188683706451229227
85443.97132583263737615198 446475.6198358568944968283 16.10886041156783932137841
85444.21197532689257059246 446475.7181260098586790264 14.67331553741562899517703
85443.77500486455392092466 446475.8807526683085598052 15.15586825552168548369991
85424.6011192880105227232 446486.6894072553841397166 17.98395510729606172617423
85439.96131131358561106026 446457.3440320927184075117 15.11091542093994810613822
85444.12845386746630538255 446458.8034657441894523799 14.71450590049128415159885
85441.71884345416037831455 446459.7458554115728475153 17.63923317607126861616962
85442.38683485826186370105 446481.5885920342989265919 8.817630634725448501853862
85443.34246054063260089606 446479.272627122700214386 8.839726626532021569460085
85437.52795654587680473924 446493.1925593832274898887 17.28585855698953466230705
85437.02772941964212805033 446493.4419537138310261071 17.30947176405726040115951
85436.70578537072287872434 446492.6992703728028573096 17.32241856165045845727946
85449.57545198989100754261 446462.6021598396473564208 9.046318888571917682384083
85450.57927949889563024044 446461.8105566258891485631 8.852943983675196193416923
85449.95137331054138485342 446463.326730203814804554 8.849750713986813011047161
85450.57435961371811572462 446461.8308092197403311729 8.11923541998755204929239
85435.12372262441203929484 446486.8742928756400942802 17.87340039742591812910177
85444.39239011143217794597 446475.6792799590621143579 16.70784871267506233039057
85443.76759725272131618112 446475.901267523760907352 16.5774228674252519510901
85441.72411038793507032096 446477.1238708746968768537 18.30426737305294082602813
85440.23375938997196499258 446475.0197892460855655372 17.44670266062660246575433
85442.33176120789721608162 446476.5562529113376513124 17.84157061108617270406285
85444.28038515344087500125 446477.0220566431526094675 2.495667771155140268746209
85443.43918921230942942202 446479.0520464975270442665 -0.3724782239795309535246304
85447.86250100788311101496 446466.6017123327474109828 9.710328984932962370635323
85448.44439041559235192835 446465.2202916398528032005 9.319258927892130728309894
85434.65743936884973663837 446464.5507360571064054966 17.31265347261244968990468
85435.8445983423589495942 446464.3696720792795531452 16.76639679430394025416717
85443.62433267968299333006 446476.201698899851180613 17.25544163329845659404782
85443.09271437529241666198 446477.5657008570269681513 16.00804996374084510080138
85443.07462883090192917734 446477.6120490118046291173 11.92109312507839469219562
85443.61704132336308248341 446476.2736091717379167676 13.75804143236502063984972
85437.31761649083637166768 446493.8278071154491044581 7.048990036013711879547827
85438.1627390103240031749 446491.4639853374683298171 8.994557420581401174786151
85439.30045780673390254378 446489.0417211882886476815 4.120216455926141385646133
85439.25108913800795562565 446489.1608913465170189738 8.210143925421874655512511
85447.58692944377253297716 446457.5781644312082789838 4.070247162822986375374512
85435.97238224466855172068 446463.060264075524173677 17.84883345432896462057215
85435.56159902525541838259 446463.4794187635416164994 17.37858313054755043935984
85443.19010981732571963221 446477.9483080693171359599 9.944403078105192861357864
85443.01046194951049983501 446477.8400083659216761589 9.346533990218425458351703
85443.06557140832592267543 446478.4271638462087139487 9.862754459463246803352376
85439.86626405970309861004 446476.7074480882147327065 18.45831054798207659928266
85446.17625922626757528633 446472.4468976997886784375 8.63713700915745796748979
85446.12126225295651238412 446472.12569206248736009 8.958018176015670519518608
85448.3122488558292388916 446465.5107354815118014812 15.54494294622688421725343
85449.4251897684735013172 446462.7135499839205294847 15.00521852599394811988986
85449.13701750224572606385 446463.7077433776576071978 12.39424814811023445315641
85421.5535361087677301839 446453.5683226461987942457 14.79447682598780211549183
85422.76971696548571344465 446454.2527432377100922167 15.06808244806551222438884
85422.40750395640498027205 446454.2611906221136450768 15.9407145517179493765525
85445.62689059066178742796 446473.7726444159634411335 2.073807868362079975810275
85448.43923302262555807829 446466.9769729701220057905 16.11247390400357915041241
85448.43678378582990262657 446466.987047475588042289 14.26178360873857542401311
85448.0301168153528124094 446467.972352301178034395 14.7735075134012436848252
85444.80689547146903350949 446475.7514720484614372253 -0.9112905886252871123787145
85435.78118081150751095265 446493.7438075024401769042 17.99032238362590518931938
85435.2866429252753732726 446493.3904538791393861175 17.35941872601858548819109
85435.90080370905343443155 446493.6422838797443546355 17.79150159635022276916061
85439.23321552156994584948 446486.516432432341389358 8.933592624963280215411032
85439.46727231901604682207 446484.7520722655463032424 8.913190919647311361018183
85440.80328330067277420312 446485.4139308551675640047 8.753065592860917121242892
85432.10004112655587960035 446449.3985407552681863308 -1.062293660687179341906017
85436.23366444271232467145 446449.4870725846849381924 -1.043732857297204885682618
85448.05573530544643290341 446466.2497722137486562133 8.959082959484179653486535
85449.03394176150322891772 446465.5368861038004979491 8.853922454676148134922187
85448.54227278036705683917 446466.4052511164336465299 8.96331835715742641923498
85443.96867716596170794219 446475.7909613213851116598 8.944645372509054226384251
85444.09159158215334173292 446476.1232384716277010739 8.948260286925242112943124
85443.69485942696337588131 446476.0805705970851704478 8.997251224981857475881952
85443.6879566215502563864 446476.0975890328991226852 9.39884777204653154569769
85446.76185269378765951842 446469.6324570321594364941 10.46586482202591561474492
85434.38501849430031143129 446468.5192448821617290378 17.35948112949925103976057
85434.8189706958073657006 446469.646841104666236788 17.93331535558508704752967
85433.38504870928591117263 446469.2927063416573219001 18.06722250259632644997509
85435.15976092846540268511 446471.7214182792231440544 16.9592122875015256511233
85433.56981564751185942441 446491.6485341220977716148 -1.062293660687179785995227
85435.73572637177130673081 446497.3981096092611551285 -1.052277111560884437224672
85437.59723711269907653332 446491.5493366781156510115 12.78949298286672942026598
85437.89467616000911220908 446490.836678028863389045 10.99145901673605330017836
85437.64430912159150466323 446491.4379885469097644091 11.24485786859586688990476
85444.1800215716939419508 446475.7049645905499346554 12.66595545356820373683604
85444.12329939883784390986 446475.68160131765762344 9.462401244979007586266562
85434.40212050665286369622 446477.2408560967887751758 17.9607157139378585952727
85434.24877887322509195656 446478.386528410657774657 18.0458798464033165487308
85431.91751811659196391702 446477.4017713295761495829 18.04581835360719210825664
85432.40860292292200028896 446478.6135067040449939668 16.67559201098786303418819
85443.37822932668495923281 446479.1991560391616076231 4.600723071097130301154721
85444.30482139336527325213 446476.9630082631483674049 8.807522682373559064217261
85427.94395191350486129522 446479.9465924145770259202 14.41098493883130515769153
85429.53244128536607604474 446480.4372650203877128661 14.15651926632281210061137
85437.59901623871701303869 446477.4998545128619298339 17.06588408764344677592817
85436.98740823514526709914 446477.2432881037821061909 17.27504755754809195877897
85437.28724555809458252043 446476.6506711962283588946 17.02928063378823253515293
85439.58258390602713916451 446487.2150537348934449255 10.9973744664069101872883
85439.22001208217989187688 446488.1498841374996118248 10.09160604649173720304134
85439.34619917295640334487 446488.0582796298549510539 11.86541775105811424850799
85438.99357638279616367072 446488.1883728533866815269 11.22962666234919737462405
85439.72013487861840985715 446476.7966924821957945824 17.68652948787391210316855
85427.70096577941149007529 446484.579380449780728668 17.05696340480124106875337
85426.70081739114539232105 446484.7332815987174399197 16.97094933247069903359261
85438.63686830986989662051 446489.048637178901117295 9.093634492352448361884854
85438.30593523111019749194 446489.8422259642975404859 9.345554793103833191025842
85437.67588262856588698924 446475.9482194605516269803 18.28951007502321601805306
85438.08457921689841896296 446491.9751172884716652334 15.48387377466350578458787
85442.10412772797280922532 446480.9162963682319968939 12.82443902907967547832868
85419.70369541303080040962 446493.291136167652439326 16.97654647994283294565321
85431.74250859743915498257 446491.2513575335033237934 17.26245350861674410225532
85433.10678968628053553402 446491.1375533213140442967 17.29133425727035699992484
85432.19782817208033520728 446493.8622637157677672803 17.85035708501892770527775
85432.55710736943001393229 446494.0117199418600648642 17.77395221100986688611556
85432.06563461331825237721 446494.1654241508804261684 17.17098536389987017969361
85436.44565396753023378551 446476.2919645357178524137 17.02340729895637139179598
85435.88782757289300207049 446476.7814257008139975369 17.0345287466874282245044
85443.09433638784685172141 446477.5640189099940471351 10.18030687491168961855692
85424.23425336740911006927 446477.6968115096096880734 13.71874324666112165971299
85441.33103949353971984237 446477.3180706215789541602 18.46946290774022969571888
85442.79666210153663996607 446477.9237857791595160961 18.48069604823389511238929
85440.99595292452431749552 446478.9384042417514137924 17.80452593628808699577348
85442.88308772390882950276 446452.1621990167768672109 7.915621152887731604153032
85441.89285932142229285091 446451.7514941401313990355 2.100830830106826141445708
85444.44510987834655679762 446452.8100597676238976419 3.595928122246649927262752
85448.4924522626242833212 446461.7888796465704217553 11.42802880789867181476893
85448.61136534383695106953 446461.9832945903181098402 10.61682875188208186045813
85449.39536421782395336777 446462.6186639952356927097 11.16627375562983104373416
85444.4451277148473309353 446462.9382125633419491351 17.62703132666679195494908
85446.13927053310908377171 446463.4362060644780285656 17.83800038623838446483205
85444.197213337043649517 446475.0369584477739408612 17.45023760447556782082756
85440.31907260821026284248 446472.8494485311093740165 18.50168305052349282391333
85442.7371558065788121894 446473.931117349595297128 18.51036332503511516733852
85447.34628297833842225373 446468.4937421407666988671 10.27531667047777830248378
85447.37726183707127347589 446468.4334457500372081995 9.591186141050199509550112
85447.47293249389622360468 446468.9085335296695120633 8.96201847984149502224227
85434.55568322179897222668 446476.2368625039234757423 17.8050957057447334364042
85434.96230723701592069119 446476.3940098485327325761 17.30452102427889471414346
85443.25759383110562339425 446477.1613662163726985455 14.96967103340266369571054
85441.84843885945156216621 446479.4728623603004962206 17.89847784211352532679484
85447.90182222923613153398 446459.5621426295256242156 12.19776221402326399356753
85447.97166987715172581375 446459.1351911138044670224 12.61836253401401997109588
85434.46598714239371474832 446478.673555182118434459 17.87548491785172188883735
85433.95329888928972650319 446474.4020163517561741173 17.72494174003780287307563
85435.32549123751232400537 446474.9718662144150584936 17.60791651777163835390638
85434.52673906603013165295 446474.657463083800394088 16.99876724897735158492651
85435.30014529429899994284 446474.9219716611551120877 18.3724019059439349632612
85438.76053482759743928909 446474.7722305680508725345 17.64225517156167555299362
85438.01107088889693841338 446475.2001206374843604863 18.0575200570807865574352
85436.51846857802593149245 446473.7048809462576173246 17.54644374048341504135351
85433.37810933543369174004 446492.3921089933137409389 17.26572093419341058506689
85435.30688590520003344864 446491.5706455224426463246 17.32419904282259182082271
85442.5049852992087835446 446479.8804340659407898784 8.996307098999004381312261
85422.93849726319604087621 446486.6886863469844684005 -1.062293660687178009638387
85438.54965648874349426478 446476.3106724555254913867 17.72524493930029620969435
85437.40840306953759863973 446475.8363032560446299613 17.63358138008451092559881
85437.80927868615253828466 446476.0365631539607420564 17.02648130079619193111284
85419.30445452795538585633 446486.5384309007786214352 17.85010022504820170752282
85419.58386225772846955806 446486.6396615614066831768 17.40015753324313863004136
85420.33613012019486632198 446486.9118160463985987008 17.72542472665153567845664
85437.64979753296938724816 446491.4246680461801588535 16.27495212318456552225143
85438.00872580015857238322 446490.5583665470476262271 15.05488067066141155692094
85425.94393143773777410388 446475.2739754923386499286 17.67558704468453356639657
85425.93540438283525872976 446474.9613204288179986179 18.04479111320460305023516
85408.75980737258214503527 446471.5591083851177245378 13.73370982744503798755886
85407.96903517149621620774 446471.6465984206297434866 14.36617264323651710355989
85407.80973302944039460272 446470.7271360683953389525 13.18894941482591676162883
85425.78262057327083311975 446493.2601693593896925449 17.13384103994367535506171
85432.52047912841953802854 446482.1035884419688954949 14.81155874972709263204251
85416.818799737942754291 446479.729694489564280957 17.39279748407082237804389
85438.56061740877339616418 446485.264029190584551543 12.65481090439994993346318
85437.77919694669253658503 446483.7683145712362602353 13.91058894584411476103014
85437.71370243345154449344 446483.6457337594474665821 13.34184783386146300188102
85441.81775109395675826818 446481.5169805524055846035 18.00877311202220809605024
85436.45950808165071066469 446483.4406294801156036556 14.36418936957248071450977
85437.30387202258862089366 446484.3895817271550185978 15.27754672731209595326618
85438.8138507319672498852 446482.8144174237386323512 8.908282525140709395827798
85438.36858554613718297333 446483.7315954880323261023 8.924886115517484341808085
85434.90995516537805087864 446481.5138191325240768492 13.85550425575556765522833
85432.56707090127747505903 446481.1649640982504934072 13.78311636928466654694603
85429.80069113289937376976 446486.0312552534160204232 17.00893527075608702148202
85432.44715076337161008269 446498.2201614236109890044 -1.062293660687164242872882
85433.52676072236499749124 446475.8473527598544023931 17.8594006787388472901057
85408.36190997384255751967 446497.7059677671641111374 15.13036684452571378756147
85440.80108906570239923894 446477.2453146111220121384 18.18074110362053374956304
85432.90383481801836751401 446474.9509600920719094574 16.99320289332134592541479
85434.24335451761726289988 446476.0915602986351586878 17.05215695073025372607844
85432.10051722863863687962 446470.5116812186315655708 16.88685442454287510827271
85430.67364837863715365529 446470.8802939780871383846 17.27450286605597895572828
85449.44513427892525214702 446462.0394650237285532057 9.684363347853524928154911
85449.70887593762017786503 446461.8107294710935093462 8.961454606210255136033993
85432.16501490586961153895 446487.4741548654274083674 -1.062293660687178675772202
85430.68400133504474069923 446488.685249477974139154 -1.062293660687178675772202
85423.72869552466727327555 446487.2814839835627935827 17.20779893888400025048213
85422.66504960560996551067 446487.2399633850436657667 17.18799518673989012995662
85437.99828786950092762709 446490.5834865363431163132 16.53684947032632024388477
85439.61802052831626497209 446487.3423900504712946713 14.84143922026407302894313
85438.65948052685416769236 446485.4529380385647527874 14.03619754235662675512231
85444.87205832009203732014 446472.2191880374448373914 17.03676872786595453135305
85444.42006544767355080694 446475.6436045303125865757 11.17225542677135763369733
85444.49946300449664704502 446475.4053429043269716203 13.30481918687658016153819
85439.37016568069520872086 446482.4666799944825470448 9.973119159830297064672777
85441.02016879869916010648 446482.1451021198299713433 9.560858127192940258964882
85440.17389981599990278482 446482.2276707842829637229 8.877801015320127220320501
85427.11923671732074581087 446487.6046734995325095952 17.84347513541259289127083
85426.62418385925411712378 446487.4470091668190434575 17.80527375922680377584584
85426.58543958100199233741 446487.2911127720144577324 17.98982176238947161550641
85413.1734843752346932888 446466.2298461234313435853 14.89737741279313176789856
85412.30171196020091883838 446465.932346044632140547 15.00482629169246173717056
85427.57027829712023958564 446483.6917632069089449942 17.85826312313621855309975
85427.55073102135793305933 446488.1843748051323927939 17.26072695418928049093665
85426.91645388795586768538 446487.5401025805622339249 17.28777469198209360001783
85427.73653129278682172298 446487.810511418676469475 17.31378648135206788083451
85422.75861268934386316687 446487.7972461784374900162 17.8657493769084894097432
85423.66896626428933814168 446490.3508374681114219129 17.84733331357164942687632
85431.65540269484336022288 446492.0471297312760725617 17.98797420137333347156527
85429.48843175012734718621 446491.0093699037097394466 17.86811487917772467426403
85432.80075629921338986605 446485.8952749673626385629 17.86906958212223273108066
85433.39291144316666759551 446487.2167055654572322965 16.84632931717239401336883
85425.5946752792369807139 446477.7304334069485776126 13.74149385861843875034083
85425.29461054858984425664 446478.598437189357355237 14.02791455159237798966387
85417.9228409178031142801 446486.2562549546710215509 17.86204218406218302561683
85417.18517518225417006761 446485.9497198423487134278 17.1184067891199909183797
85423.09559233201434835792 446483.5349302556714974344 17.12977660798276957621056
85421.78002861904678866267 446483.01690030621830374 17.1339867804442143039978
85428.67387452072580344975 446485.3022971504251472652 16.83000041763041565445747
85425.05785327391640748829 446484.3687015036703087389 17.16000023515678662988648
85420.77843342811684124172 446489.1616716194548644125 17.11859630077056593222551
85412.26539792287803720683 446479.9722813374828547239 14.01278640857248625195552
85410.35395874611276667565 446479.8158763499232009053 13.08029391543969843780815
85423.7915158469695597887 446483.9704905695980414748 -1.062293660687179341906017
85438.30955388743313960731 446484.8024330749176442623 15.23461750417664539725138
85427.45492430184094700962 446492.4816362812416628003 17.13327902925588119842359
85427.69113068256410770118 446492.0089541829074732959 17.164997227860993689319
85419.25255996661144308746 446487.1669186701765283942 17.98181168874562274595519
85420.7617043205100344494 446487.0725519760162569582 17.87010898431765326677123
85420.81769175187218934298 446487.494061322242487222 17.98224997536253866314837
85419.55489267004304565489 446484.3774214041768573225 18.29564493713669648400355
85419.44513409239880274981 446484.3444970316486433148 17.19935864029010730291702
85419.18502718540548812598 446484.048287686426192522 18.44548525948178507860575
85416.69271356491663027555 446487.3745148127200081944 17.96730108486627841557493
85416.77020544356491882354 446487.5115418700152076781 17.0551115231122309978673
85415.67526697552239056677 446470.5572541038854978979 13.93297021595433449192569
85416.32433702942216768861 446470.9808799729216843843 14.12219451444973827847207
85416.02439807982591446489 446471.2478732586023397744 14.60462140060732671997812
85423.08791225808090530336 446486.0303652978618629277 17.89307846807122359678033
85422.91966842961846850812 446485.2804679825203493237 18.11509245074572405087565
85423.73756684656837023795 446485.6494023191626183689 17.98943657300468856874431
85423.55609042281867004931 446484.5965252560563385487 17.69507109839305769583007
85424.64840407144220080227 446485.1813267125398851931 17.79194257016775182478341
85421.01445713125576730818 446481.9105136471916921437 16.91747952395333243202913
85421.31401912705041468143 446482.3069656080915592611 16.79625647297857327089332
85421.1035396391962422058 446482.6337329543312080204 17.06135332002061133493953
85421.5892688360036117956 446482.0762727180263027549 16.9907363183635276016048
85419.40105931553989648819 446488.595679518417455256 17.84029482551252598909741
85420.95957195926166605204 446489.085829924966674298 17.97865424827110558680943
85419.85460136905021499842 446488.7819321081624366343 17.38543682001139245585364
85426.67751833927468396723 446479.5480428887531161308 14.60355192999127993402908
85420.44938316852494608611 446482.2861481828149408102 17.00707931972327102698728
85404.2650412150687770918 446485.9244264877052046359 13.97368501314327104978474
85418.22739237207861151546 446483.8337290698545984924 17.18913136899072924279608
85410.90743550998740829527 446482.4664647127501666546 15.22957509469943282454096
85410.46885540167568251491 446482.783251551678404212 14.63164991245739621206212
85408.98677662137197330594 446481.8456083683995530009 16.29607425978608148398052
85410.41390724069788120687 446475.856500214256811887 13.27864494635102232678037
85419.24932711101428139955 446486.069668347539845854 17.15120531507031387263851
85418.55155531935452017933 446486.2702437643893063068 17.66824262637066667025465
85438.3708918858174001798 446485.9731145160039886832 -1.062293660687180008039832
85401.4261512785597005859 446487.887326733092777431 13.61059427493663243069477
85396.08912365103606134653 446493.0594879848067648709 14.32039158276145407455715
85396.15916950200335122645 446493.4378936568391509354 13.86728574708396344306038
85418.15956900961464270949 446486.3375924235442653298 17.12443862447755549283102
85409.55745330917125102133 446485.712421207339502871 15.87771806157091347699861
85410.23102900000230874866 446485.4519954773131757975 15.35367698221761578736277
85410.32765633099188562483 446485.958740414644125849 15.92703967572053258550113
85408.86056690075201913714 446488.5084585799486376345 15.58146592599955937430423
85406.56362446729326620698 446487.9792943456559441984 15.09693515917033224127408
85408.0263051400106633082 446488.1596345816506072879 15.12361659644604650054589
85403.58838082445436157286 446494.052826549275778234 14.52828064192227053297302
85403.92387490408145822585 446494.538970943249296397 14.93946888894134517045131
85414.02214757693582214415 446478.3113285170402377844 14.6431592285048637336331
85413.69065752004098612815 446478.4704050597501918674 15.69259854372919882337101
85409.03105189448979217559 446485.4213347388431429863 -1.062293660687178453727597
85406.48416095110587775707 446484.978020459006074816 -1.062293660687179341906017
85406.20078214132809080184 446487.9292775996145792305 -1.062293660687175567147733
85399.86117465510324109346 446497.3003841480822302401 12.16497372554754896611939
85400.59474515676265582442 446496.8741266984725371003 12.16415171755818391829962
85408.47557061188854277134 446473.6654479096760042012 14.95839426367560598407636
85406.77797380000993143767 446472.9659753181040287018 14.95734026921241621721492
85407.29151360331161413342 446472.2931134055834263563 15.10079153713335387010375
85448.67452140417299233377 446462.0882679059868678451 9.780621442814224408834889
85449.39664503218955360353 446462.7956122538889758289 9.86151216707042088671642
85430.29330891107383649796 446474.9636082904762588441 -1.062293660687180008039832
85418.54858125452301464975 446488.3323855340713635087 17.05399049535913746922233
85404.64591841997753363103 446439.5321640222100540996 12.17261547893767215100524
85400.04501659251400269568 446488.2558324063429608941 14.14261249775439921450015
85400.7091409256390761584 446488.2526879952638410032 13.79922667384599677120605
85394.15867260933737270534 446495.0855005230405367911 -1.062293660687179119861412
85403.31273421157675329596 446502.0957353474805131555 3.804681559769049759012205
85398.36989259037363808602 446495.9327110359445214272 12.16473881607309870389599
85397.77775558315624948591 446497.7400450787972658873 12.16590754525999784618762
85404.89671314030420035124 446483.2452572445035912097 15.35143108895444363781735
85406.66313887503929436207 446482.9718683203682303429 14.12090470119311724772615
85396.20425942547444719821 446490.3554130314150825143 12.51616238215742704653621
85396.74241054081358015537 446482.1093694468145258725 13.24507994193105808733435
85396.08976095469552092254 446481.4603434307500720024 13.8163053446481747243979
85394.56363584563951008022 446483.8094315662747249007 15.1119349061482246554533
85393.6590894191904226318 446482.1988312384928576648 15.01227977382820100160643
85393.80664674335275776684 446483.7645592203480191529 14.82752876785068529841283
85395.59276549241621978581 446492.5698646469973027706 14.13764973375230127317081
85389.29962285654619336128 446494.9697998775518499315 12.17300082061445820613699
85389.5706977690861094743 446493.3615580020123161376 12.17186890113980624050782
85390.4795047465740935877 446494.0944737624959088862 12.17157792940095006883894
85402.05608933033363427967 446488.4292019696440547705 13.33239614614426393757185
85404.74436239620263222605 446492.2928057829267345369 14.92320720038911474603083
85404.64801085750514175743 446491.71883734519360587 15.09940366472767614425265
85405.55010082878288812935 446491.5703878472559154034 15.0975159716982183510936
85404.75427506784035358578 446490.8468754549394361675 14.94669791044186979434016
85411.42955044354312121868 446483.6373660878161899745 14.28925666848815012599516
85410.78667517208668868989 446485.0646239820052869618 14.59572321404226613594801
85394.54158710034971591085 446492.8113549089757725596 12.16690907673104149466781
85394.97343623686174396425 446490.8861856666626408696 12.16482308400641265677677
85395.20383596362080425024 446479.7473301223362796009 15.78975962857713533082915
85394.8646245974232442677 446479.8064140650094486773 15.54216961162053856071452
85400.32132739273947663605 446487.9035598417976871133 13.56520033785987777719129
85408.3418675868451828137 446504.1818206064053811133 9.41889339823276294794141
85406.53858674554794561118 446503.4338194499723613262 6.982640516525933982450169
85396.20544580450223293155 446493.1870862885261885822 12.16660397348706545983532
85395.52460176228487398475 446493.0376025575096718967 12.1653986346432123610839
85398.4568836831022053957 446493.9387969939270988107 14.61328141146041126319233
85400.26787384093040600419 446495.5465137585997581482 13.3284080905284536555655
85443.11121990575338713825 446478.3072655730647966266 12.38434332467076970374364
85442.22821083685266785324 446480.5949723885278217494 10.5879608823265751738063
85403.89410408417461439967 446492.7216901184874586761 13.74518377724621842617125
85403.27865078533068299294 446491.4848745010676793754 15.09979999233453007434491
85396.6754857696796534583 446490.209558662201743573 13.57826102560298764387881
85396.35421534471970517188 446490.4184591325465589762 13.16062158198982245949082
85399.1483813275262946263 446483.1048273135675117373 13.24209378704309258978356
85383.72005987227021250874 446485.2138624428189359605 12.48742624374427734323945
85397.98303195656626485288 446477.4236010260065086186 14.86691229748952203237877
85397.86977790195669513196 446477.0823435587808489799 16.62445993868878346688689
85398.90546693556825630367 446477.6722186492988839746 16.45089598259791330292501
85395.51186915869766380638 446493.4918394605629146099 12.64233510596294252081861
85395.63989545928779989481 446494.1341850546887144446 12.54332607230915996865406
85395.15322914239368401468 446493.7428292981348931789 12.16617031198173570771814
85395.52519816305721178651 446493.5123916547163389623 13.34193076046746107010676
85393.55051769704732578248 446491.0843700332916341722 12.16685661145922203729697
85394.18110826193878892809 446490.2265079914941452444 12.16515751374991261002378
85391.03956653262139298022 446492.6706063186284154654 -1.062293660687178675772202
85439.61744341465237084776 446487.3463524325052276254 12.78928394054373463006868
85439.33573551135486923158 446488.0790007789619266987 13.70224269964619701056563
85398.42805591260548681021 446475.2217007364961318672 13.58768737518382963003205
85400.14265531151613686234 446475.7168076016823761165 13.25868112864174008791451
85395.55355296107882168144 446479.6674693530658259988 15.70248636425522192894277
85398.75497366634954232723 446481.2525128323468379676 15.77005886674520773738095
85410.6447696698596701026 446485.6106455472181551158 15.37684354847778855912566
85394.18602697900496423244 446480.3810898005031049252 14.25634625693081858344158
85400.764955133679904975 446491.285136059217620641 13.95829359582390161165222
85400.10192975348036270589 446491.1222598912427201867 13.79038023018030045818705
85395.36244785005692392588 446481.2615744835347868502 13.66134084540699511478579
85395.55880878937023226172 446481.5336070380290038884 13.37377449912919047392279
85395.65693247326998971403 446482.0949169056257233024 13.59363187372829884225212
85395.00734115022351033986 446481.7731198727851733565 13.41232667088295826829381
85404.0118163560691755265 446482.5977950992528349161 15.0053565570927371908283
85405.35020725220965687186 446485.4809730959823355079 13.52643988803794705688688
85405.90252066358516458422 446485.6734123638598248363 13.58173863006823722798799
85366.56537447322625666857 446456.8073805922758765519 17.87899025679094577867545
85404.63582995074102655053 446483.4184181587770581245 15.69675053910616391306121
85399.04665526945609599352 446480.7910193763673305511 15.30858849841046342987738
85404.39132720166526269168 446479.7061724428785964847 16.58758891825046433154967
85403.7743285718752304092 446483.057384264306165278 15.69071778038605202709732
85405.26918888118234463036 446482.6961300370749086142 -1.062293660687179341906017
85424.63417947276320774108 446506.222015207342337817 12.49062244063030036045348
85409.37349850052851252258 446467.421631299308501184 13.28684118222574284118309
85408.17004954580625053495 446466.4259743394213728607 13.89473105694809085264296
85410.37059589328418951482 446466.3629644431639462709 15.09883698962252651654126
85387.46212763387302402407 446484.9704827467212453485 15.11671802301744449437138
85387.89701198409602511674 446486.6410962924128398299 12.93760782876376858041567
85386.86771247402066364884 446486.4477351685054600239 12.58760602906490966290676
85390.90028835495468229055 446469.233906365348957479 15.1155318650704693084208
85392.38247145416971761733 446469.6993987777968868613 14.97786238130207792096371
85392.45307872601551935077 446470.2131902180262841284 15.09919668671432901874141
85371.52851261333853472024 446477.266257033683359623 16.86806594009371096376526
85392.17129727409337647259 446497.4450697357533499599 12.10753598545886333681665
85391.31031125715526286513 446494.3084947543684393167 12.16990066645221624241913
85389.5845128565706545487 446477.2949072244809940457 15.78752875726289417457338
85388.80139623634750023484 446477.7207201580749824643 14.90657048255782868295682
85393.9984874016372486949 446485.3289538266253657639 13.60552262594910999382591
85391.56716458460141438991 446484.2502381757367402315 13.51054088824858645523364
85407.30752759026654530317 446477.9683622014708817005 13.95640495002214542807906
85406.25267301061830949038 446476.8472468933323398232 14.97292416155016603340755
85407.56616455376206431538 446477.3879231042810715735 15.00095925649709727167647
85398.97910046976176090539 446478.904967798909638077 13.58193209875184592760888
85395.48548236429633107036 446476.3515538762439973652 14.91383845611649938689425
85402.49488588386157061905 446472.5002153139794245362 13.38438264288770440657572
85402.34901419954258017242 446472.8263990115374326706 13.65010836822118456268527
85402.06855368860124144703 446472.5610253296326845884 13.4475037583000442964476
85408.09333884560328442603 446478.8730580674018710852 13.09783646644305576955958
85385.75858906930079683661 446482.9331106707686558366 14.84300464234005545449691
85386.502927236637333408 446482.4377169235376641154 13.84901607501573117531279
85393.87989509412727784365 446481.4347327839350327849 13.71331940711358932105668
85394.43706321661011315882 446481.6942504452890716493 13.75634731631548568486778
85385.81562408708850853145 446464.7801707762992009521 14.39475634156325156709499
85387.48241723248793277889 446465.2656292329775169492 14.63993954044614298481974
85386.60358517756685614586 446465.6128175116609781981 13.78413745219952168952204
85393.16560934648441616446 446478.9730948475189507008 -1.062293660687146257259883
85386.86234935063112061471 446483.3331020578043535352 14.77452606925094613643523
85394.66894275939557701349 446476.58049342519370839 14.23422653483940258922757
85383.46551275291130878031 446481.3516971454373560846 14.77254616095788186669324
85392.75435164087684825063 446475.5939489364973269403 14.46759753545852511535941
85395.27845271826663520187 446475.4644764221156947315 15.89687835348210143138203
85385.12395386688876897097 446480.4610809479490853846 14.45269187977999614247437
85385.92732662413618527353 446481.3627641763305291533 13.73634929566528484201626
85381.99220709348446689546 446474.6872697944054380059 15.13174862056966318846207
85382.01257507711125072092 446475.5553096655639819801 13.9408125444438706352912
85387.615121045833802782 446479.2796252600383013487 14.39838632136829232877062
85388.16805278307583648711 446479.910363980510737747 15.00380026333239591451729
85387.69489314424572512507 446479.6680935395415872335 14.93580705112403350653949
85393.20490030314249452204 446481.1569859266746789217 13.71953559049026161176243
85370.938768889827770181 446457.3357152480748482049 -1.062293660687179341906017
85388.84147714327264111489 446474.9066383620956912637 13.34947128217966394458927
85385.85282246972201392055 446485.8630272755399346352 12.83644050313622386738643
85390.16896189724502619356 446471.4354502305504865944 13.17832376081817891133596
85389.66664447332732379436 446470.4549807145958766341 14.32038235423439154203606
85390.85966585409187246114 446470.9815505773876793683 14.26998572047037328047736
85386.98974869195080827922 446479.579155928862746805 15.12499817414360236966786
85385.78618277682107873261 446478.8387701695319265127 14.88113027862472748097389
85389.96043687727069482207 446477.7728127831942401826 15.5520360899493965689544
85389.05270943933282978833 446478.4895590186933986843 13.90589956425205819812163
85403.47450890786421950907 446480.7577985958196222782 13.58837419820348912935515
85374.35756483866134658456 446485.4246085325721651316 9.095422220558273096457924
85374.54543591839319560677 446485.58740865474101156 8.635129487895619959658688
85373.81373337433615233749 446485.6357500406447798014 8.364838747215760150766073
85383.07172123091004323214 446476.5322450678213499486 13.66366540814079577614848
85383.03746574811520986259 446475.3179771932191215456 14.9354466866922859225042
85383.65968017543491441756 446476.3185775845777243376 13.81861979221773317760835
85387.83348612663394305855 446478.0960820921463891864 13.73861148728440007005247
85387.82931779265345539898 446481.3319268201012164354 14.76949408174680833383263
85387.38491290893580298871 446481.7704121429705992341 13.98549002491796144909131
85386.97636592319759074599 446481.2987301048706285655 14.36479934440039230025832
85390.12926624546525999904 446473.2356009194627404213 15.77727292956399551826507
85393.48908189599751494825 446448.7123287520953454077 13.25452633586095529949489
85392.16103829351777676493 446448.1692447381792590022 13.24766091670073109298755
85393.20652243096265010536 446449.3781354941893368959 14.12716585955610248959147
85393.72800287770223803818 446477.4429569027270190418 13.89613973902814336724987
85425.09072295702935662121 446446.522204588633030653 -1.062293660687179341906017
85381.70890855912875849754 446476.2898225130629725754 13.67911713318222766133658
85381.24483936543401796371 446455.0580611449549905956 -1.062293660687182894619696
85369.88815231977787334472 446467.5076696787145920098 -1.062293660687181340307461
85366.72847685765009373426 446471.7815983376349322498 -1.062293660687178897816807
85359.13016276925918646157 446444.0188745178747922182 -1.062293660687179119861412
85388.01309308354393579066 446459.9627611354226246476 15.00455486929659265626924
85389.00103054550709202886 446460.3595833496656268835 14.99004550101207300372153
85388.56377845820679794997 446461.5563660228508524597 15.00100933114636703180622
85381.48885858275752980262 446461.8338961016270332038 15.12371277108380418496836
85381.61918375911773182452 446462.4935871550114825368 15.06619944164087598892365
85377.6166975612286478281 446472.6525491088395938277 15.14076270903320775573775
85379.22679116387735120952 446473.7157544502406381071 14.97749903839646101744165
85377.59418500626634340733 446473.1550579475006088614 14.80485185059221997505574
85379.11187033778696786612 446472.4909445387311279774 15.13801448532407079028417
85387.62683219699829351157 446465.0294107439694926143 14.99606846611213306630361
85389.30893639750138390809 446465.5631491511012427509 15.12823763752660077841483
85385.69706121836497914046 446475.7871428609360009432 15.79702105951860069410486
85385.10993748139298986644 446476.2741383170941844583 14.80495455045617703149219
85384.82650122074119281024 446476.3000038920436054468 15.12590342317593616883187
85386.63943141991330776364 446476.9517354762065224349 14.71792585434034350555521
85365.5350925870006904006 446476.2768908473080955446 -1.062293660687180230084437
85366.24371894402429461479 446480.8735928662936203182 -1.062293660687178231682992
85369.16196716768899932504 446478.4590030916733667254 -1.062293660687178897816807
85389.40803771083301398903 446472.3897599646588787436 14.98283893917091802450159
85391.14065329977893270552 446472.73114465840626508 14.40574658552947973078062
85386.02745203497761394829 446466.0129404806066304445 13.53921305984902545560544
85386.76597506919642910361 446466.7141579714370891452 14.07445375025395684076557
85385.61639618215849623084 446466.2599516849732026458 14.10018937750802692221441
85394.08470176928676664829 446449.4329233405878767371 13.757444942778045415821
85386.8121539911808213219 446466.2634759974898770452 13.44112028929032653934428
85385.97230004184530116618 446464.3361383193987421691 15.00947145592416909209987
85384.57817302383773494512 446479.4862026333576068282 15.12889208552536857155246
85385.67904893253580667078 446479.0312050590291619301 15.12657540664372568528506
85387.20795292314141988754 446480.7477205165196210146 15.12434495991410621229534
85384.82907231540593784302 446473.7313116965815424919 13.85706822681736305469258
85386.20765651488909497857 446474.5030299309873953462 14.1043500532461827390307
85402.34858273352438118309 446445.9008568929275497794 16.26316522013296150817041
85399.24542622063017915934 446444.2607623677467927337 14.70689938631703697069497
85385.44706099244649522007 446484.1545811647083610296 15.1131990194300023233609
85387.49497348426666576415 446483.9180834207218140364 15.11852748047216188354014
85385.48346833499090280384 446484.6205147496075369418 14.48314928559746483927029
85388.14388833136763423681 446469.7835927223204635084 14.38647074766412714552644
85389.75952010917535517365 446470.0350935289170593023 14.99840254300407060839007
85411.1086731255054473877 446505.1950138656538911164 -1.060325886470764089608565
85375.16494408852304331958 446464.9769966716412454844 13.73807762816072575162707
85376.05739550181897357106 446465.0065176454954780638 14.08836028569954912370576
85376.08280150721839163452 446465.6548310709767974913 13.72814305879627028161849
85375.1305405622988473624 446465.610209834179840982 13.74218517707772591052162
85389.13011159271991346031 446478.8435626684804446995 13.42222296025583183620711
85390.28832980409788433462 446478.960797918785829097 13.966828324499701352579
85389.96325272315880283713 446479.2007075463770888746 13.40286913980306948701582
85388.05613502298365347087 446469.3108462238451465964 15.03934872173901560188369
85380.85267232971091289073 446474.4155119935167022049 14.93392033946901165109011
85383.1828938841208582744 446467.2966011682874523103 15.04089881145505103177129
85381.95286399332690052688 446465.6104445329983718693 15.14584755396152182527203
85385.17378623403783421963 446466.923361309920437634 15.13706313174693640632995
85384.76938218993018381298 446471.0351939116953872144 15.79618890908154504870708
85383.01546904040151275694 446470.2263636321295052767 15.73041761768290491829703
85384.9309602997382171452 446470.1948241810314357281 14.47633960342163206291843
85388.46575714519713073969 446472.3840802956838160753 15.56749543405215874258829
85393.14643834155867807567 446465.9197179166367277503 14.98990545181469080660008
85396.11460712102416437119 446467.140096173738129437 14.97908886523958216230312
85393.32605624735879246145 446467.2073063927819021046 15.12084474034343628545685
85385.41201757402450311929 446465.8468191559659317136 13.65787161789189774196984
85385.63718918367521837354 446465.5213442204985767603 13.41131381845059067359216
85406.14450817322358489037 446480.5846676702494733036 16.58135051669779258531889
85405.15565937220526393503 446480.2588218371383845806 16.42886560723128042127428
85387.89697176155459601432 446474.617813844233751297 13.38826996160120685885886
85387.78498036897508427501 446465.9052901789546012878 14.01769804243804706800347
85366.10813340749882627279 446482.0254333372577093542 1.830907686350587981749527
85399.75325945099757518619 446461.937655798508785665 15.11414749408180036027716
85386.02609279376338236034 446478.0638096789480186999 13.22416672186389519083605
85383.89413750900712329894 446469.1436553755193017423 13.63327910933648112745686
85382.43931463446642737836 446468.5633603806491009891 13.65201019558002215603665
85382.61299946211511269212 446467.9511994271888397634 13.72637725180246448530852
85387.0202904590405523777 446475.3264317677239887416 14.70111640219459303580152
85409.06502735370304435492 446479.7445860846783034503 13.74094097261609626059453
85407.00887176609830930829 446479.9477343641920015216 15.34316830184393332103809
85385.11627614153258036822 446490.8029969646595418453 12.2214209321205427016821
85388.96980463893851265311 446493.6404350291704759002 -1.062293660687178675772202
85389.02404405412380583584 446468.4888504667324014008 15.12553355415031752784216
85385.26357017073314636946 446473.2456088392063975334 13.56627329883495747253619
85385.12116103047446813434 446468.0970028782612644136 15.04009095909730753248823
85386.78569800445984583348 446467.4034872979391366243 14.99534512481571901787447
85386.63052698588580824435 446468.7127694858354516327 15.06327155959581176603024
85384.75574601102562155575 446468.4157484557363204658 14.3436591015575256591319
85402.63571288078674115241 446463.321184730448294431 14.97086733292884730417427
85388.77516091478173620999 446481.8010071005555801094 14.6714468408663112342083
85390.0458802868815837428 446482.0772080660681240261 14.98712849354860843220649
85383.27885054433136247098 446476.9757354100001975894 14.21338364270934384592238
85383.68683525934466160834 446476.743502345634624362 14.59150118624560832358839
85383.19723336688184645027 446477.0228227095794863999 14.98134847075550446504622
85381.67006959982973057777 446478.4505724687478505075 15.12767934910955602845206
85381.98089582717511802912 446477.335615208838135004 15.00377667504101530937533
85383.40568950057786423713 446478.1445173516985960305 15.13063955430934193202575
85378.70804514065093826503 446467.4741467894637025893 14.27405510981031078188153
85378.13982160534942522645 446467.8776446913834661245 15.24556412028231378030796
85377.68737321309163235128 446466.7345256136613897979 13.7984585210572916480487
85391.6363244407984893769 446467.6700573988491669297 13.806554825811423015125
85391.40758205314341466874 446467.8597246386343613267 13.46377427883765953708917
85390.63071755542478058487 446467.8160866430262103677 13.4106684514793332851923
85384.37878991744946688414 446478.0612161269527859986 14.94885509697462744327368
85382.94573073042556643486 446479.4477966561098583043 14.40297736173435794171382
85383.5299824125540908426 446479.8510347357369028032 14.51271966307658622952204
85383.18762530006642919034 446480.4330162605037912726 14.62667443746457607289813
85385.77511937919189222157 446483.2453301222412846982 15.12523089928383512869914
85380.29091609043825883418 446476.7982118017971515656 15.13464004793512529545296
85378.30650978388439398259 446476.2744286116794683039 15.1378077257964189783479
85379.21009697702538687736 446476.0930184065364301205 14.86479042325757937703656
85379.46788302075583487749 446477.6532453602994792163 15.00094501197223806343573
85364.18950260375277139246 446473.5136187628959305584 -1.062293660687179341906017
85385.89508565464348066598 446470.2445484734489582479 13.94472909014696426766022
85386.60748038471501786262 446471.8533802508609369397 15.80460254114401053016081
85377.62194840935990214348 446473.8090970510966144502 13.83471581343948209052996
85376.189825417022802867 446473.2469163065543398261 13.78981857341727490506855
85376.37040342901309486479 446473.1849570620688609779 13.99530193011432643857006
85386.28864114133466500789 446469.6154223867342807353 13.60216450332847593074348
85383.57054639022680930793 446473.6557470957632176578 14.40214036191390434282766
85386.48701444228936452419 446473.7393873846158385277 13.581974338469363416948
85387.1406471635855268687 446474.1797319200122728944 13.37668144472629450092427
85386.86674366264196578413 446474.4239202990429475904 13.67188776819577356036461
85382.46023276830965187401 446473.6779842114774510264 14.99239250072360896126611
85389.22314551456656772643 446463.2716412043664604425 13.87805553807455360981749
85389.1943271743948571384 446463.3038651253446005285 14.78032139364510655354934
85388.91054633187013678253 446463.6113199925166554749 14.33961434725870276452042
85379.48212052545568440109 446471.2696898849098943174 13.86751710640258572482253
85379.71167358782258816063 446470.6386034870520234108 13.9404399912911323156095
85380.43041127485048491508 446471.4471808078815229237 13.32600803061069605348621
85392.24766332775470800698 446469.4456428996054455638 14.70918741266467577588628
85392.70857051450002472848 446468.9812174327089451253 13.82526087465061337411498
85393.15584782925725448877 446470.0101892065140418708 14.96721541443469760679363
85394.72658514542854391038 446493.5852457266882993281 12.16642060472774389268125
85390.61673863604664802551 446464.4189113819738849998 14.29934449958911635292225
85390.31246186031785327941 446463.4869025791413150728 13.17588463103612816951227
85391.99560656069661490619 446464.2942071777652017772 13.23852885228825471131131
85394.20146257348824292421 446474.5333698506001383066 -1.062293660687146257259883
85390.93687020184006541967 446472.097333125420846045 -1.062293660687180008039832
85388.93667090819508302957 446475.6457188238855451345 -1.062293660687146257259883
85391.42718037043232470751 446467.0500007010414265096 14.45017651301843564226601
85390.72751231046277098358 446466.3086509483400732279 14.99664286537743862481875
85391.07578838063636794686 446484.5319849048391915858 14.10935795186331098705068
85390.8245059810287784785 446484.0478355392115190625 13.63929629843219970553037
85394.62398889509495347738 446474.1430293774465098977 14.35176702604316290035058
85397.72018675385334063321 446470.418758119223639369 13.51849971068442890498318
85397.94031960472057107836 446470.8208255097270011902 13.39692305359609214576722
85397.65429559579933993518 446470.9414994858670979738 13.7184941622033349517551
85394.07436544584925286472 446472.6477747915196232498 13.76323706566399707185155
85395.25587188838107977062 446473.0889059767359867692 13.82959837830011728954105
85394.6026845506567042321 446473.0671224756515584886 13.4630330239896860433646
85391.32909674900292884558 446468.60402026551309973 14.08403959492561341448891
85405.36331665495526976883 446466.9926661295467056334 14.80660040187583170734342
85392.49079584442370105535 446457.2658036695211194456 14.39560993396318622217223
85401.55727542708336841315 446470.4606470562284812331 15.10896692663705920267603
85400.47600396932102739811 446470.3753040141891688108 14.94475451443273605889317
85394.70378721770248375833 446473.4978782414691522717 13.32173550119754246168213
85394.94665704644285142422 446473.784901673614513129 13.6052170029383372451548
85391.52700000000186264515 446468.067000000097323209 -1.062293660687170682166425
85386.04614796418172772974 446469.3228527737664990127 -1.062293660687146257259883
85393.71609844546765089035 446471.6482709762058220804 15.0496396828726712868729
85378.19138887418375816196 446479.4669000740977935493 14.21581006396605317831927
85378.901045850885566324 446478.220817228255327791 13.97334485485696298212588
85379.45732181114726699889 446480.2568434675922617316 14.43886812725464707796164
85399.26331175447558052838 446460.482419841515365988 14.97726765488968325712449
85401.25150867945922072977 446460.1901848263805732131 13.31131324646550240231591
85400.8847760153585113585 446461.0520488961483351886 14.81961805092651829340866
85388.17151690438913647085 446472.566861566505394876 15.79194921748649527160069
85389.36061792759574018419 446479.4651059411116875708 13.57721643801376387727942
85389.49376815599680412561 446479.1345712982583791018 13.20954624650292075216385
85383.85160099266795441508 446476.1207341288682073355 14.99557612376997539627155
85384.22049562975007575005 446476.8217411977821029723 15.04407051669570449803359
85383.66994646529201418161 446476.7530454460065811872 14.98218930430576989465408
85383.59609429514966905117 446475.5701958189019933343 14.90477588344787740481934
85385.99750072284950874746 446473.693855675111990422 13.39242492399694484106476
85386.52251561683078762144 446473.005762962915468961 14.48076041419282233846388
85385.85371344383747782558 446475.6270082005648873746 15.66445115263788423476399
85383.44806019109091721475 446483.303291565680410713 15.12358046677612577468608
85382.30009367203456349671 446484.3557413266389630735 12.89572439271387693793258
85380.44732163492881227285 446482.6158498512813821435 14.36641493980472361613465
85385.11164914374239742756 446477.6858626081375405192 13.26980839596051708895175
85384.53437976536224596202 446477.447468681144528091 13.42772785578028837960574
85384.34106494298612233251 446477.7407123523880727589 14.18191397339795933874029
85384.31211290761712007225 446477.5886682298150844872 15.03852417738277758019194
85384.27407320468046236783 446477.1652320923749357462 14.53410845084159674911461
85384.47059565789822954684 446480.1933224028325639665 14.44918153715731534703082
85384.52731940390367526561 446485.036054927040822804 13.25941087801605711149477
85388.34311881515895947814 446481.3697959950077347457 14.99022326207873234693579
85394.70911495450127404183 446494.5670199478045105934 12.16712574738431484888679
85386.22165501270501408726 446461.101362895336933434 14.22099468604316285791356
85386.34879021604137960821 446461.4936496149748563766 13.70487023151357597328115
85385.05463323851290624589 446460.9187212747638113797 13.76538023090402163006729
85380.59238726158218923956 446488.6664755303063429892 12.17723400120092946963268
85381.4769472682528430596 446487.9368562524323351681 12.17612942583770418991662
85381.41588380691246129572 446489.441354622773360461 12.17751742675222281775405
85385.32734047442500013858 446477.8207163619808852673 13.62764843418151272658179
85383.19516430690418928862 446484.8649289364693686366 12.68665686183830310085341
85383.43276589694141875952 446490.2256850600242614746 12.17577391767903094432768
85383.59749149247363675386 446490.2242017533862963319 12.88883961230650143647836
85382.32395258262113202363 446489.6158831575303338468 13.7858491744333964135194
85382.84982692792254965752 446488.192314866348169744 13.27894126478742897745633
85382.98100177341257221997 446488.1723393739084713161 13.77898128878771721872454
85384.88188821483345236629 446478.0758519312948919833 14.29594835367905147904821
85388.39633893505379091948 446478.751202146930154413 13.10254762062276867595756
85388.87828757478564511985 446478.8826004821457900107 13.20375944159101067043594
85388.58069030573824420571 446479.1189989070408046246 13.4146007569692233829528
85387.57520090318575967103 446478.7034321267274208367 12.8132824546966226364475
85378.21551728722988627851 446475.022549155168235302 13.87085036027934847879806
85379.89386242642649449408 446475.7550930625875480473 13.92058915970802068784451
85378.35514471342321485281 446475.6261152233346365392 14.6972234756429944724232
85380.06819267914397642016 446474.9249668623670004308 13.67909188984883428474859
85400.02221226584515534341 446458.6789308181614615023 14.3333377579686587210972
85387.08257487235823646188 446473.7857665029005147517 13.82253434505921063646383
85394.48495100112631917 446480.7532081383978947997 13.87923846378998682382644
85383.33406018473033327609 446487.275469507381785661 13.5985595079610455115926
85383.93551553445286117494 446480.5465903639560565352 14.4890709150952421424563
85391.37939219744293950498 446483.5980251591536216438 13.76748449301568477665114
85383.51497405483678448945 446479.3359037593472748995 14.97584276588183271883281
85391.03230257697578053921 446478.6821192263159900904 14.85083876048884654608173
85391.20608817413449287415 446483.7930185814038850367 13.43206138037338881474625
85388.60027459728007670492 446479.3114666944020427763 13.82633936041166755614995
85388.56107133034674916416 446478.5793109040823765099 13.46306642393711250349497
85390.73486988460354041308 446480.136410368955694139 13.72832695720532569794159
85389.92694304249016568065 446479.8067664039554074407 13.73851175960544779286465
85393.34236489034083206207 446480.6141356891021132469 13.37854040330674365577579
85391.25003938877489417791 446479.7498519034706987441 13.37695696980101800477314
85384.27180377539480105042 446477.1519547345815226436 13.43994165363382187194929
85382.90540040349878836423 446464.8641317891306243837 13.76601865790587275739654
85383.23433818858757149428 446463.3513183941249735653 14.83456051641826789477818
85383.59904237568844109774 446464.1479051230708137155 14.05382679001975176902306
85387.78685134972329251468 446467.2458608708111569285 14.22414889388579872786522
85384.23437752010067924857 446476.8336213044822216034 14.08155962692299745242508
85377.98893797439814079553 446471.8689000583253800869 14.98439651791021987037311
85378.70157937330077402294 446472.161636336415540427 14.83058931491985887873852
85382.14551420653879176825 446476.9487048349110409617 14.31067975939542336050181
85378.58713474843534640968 446475.9082233590306714177 14.97951004047435397126264
85383.12767197989160194993 446487.5959888384095393121 13.53288301231498103049944
85378.66171183135884348303 446483.1315059431944973767 12.24175881117115594065581
85383.84791307654813863337 446476.1018708167248405516 14.73004813841180293820798
85364.83297004384803585708 446470.5687322330777533352 15.55686637639329816806821
85383.88845421407313551754 446476.4387020788271911442 14.24910669648348537918991
85383.89187701480113901198 446476.4677397735649719834 14.83071625800407744577569
85381.5346672624145867303 446486.5976660915184766054 -1.062293660687173568746289
85369.45186585818009916693 446462.5182526341523043811 13.74211658013219405916061
85369.95942864719836506993 446463.6980317801353521645 14.06669724388717135354909
85368.99230149679351598024 446463.3366994586540386081 14.12887562375652805712889
85375.34146566674462519586 446472.2524585489300079644 14.75903608238420794407375
85374.54403812684176955372 446471.7439264276181347668 15.02839081083276440153895
85382.00925806049781385809 446480.0600713302846997976 14.49825122731633797457107
85383.95771411950408946723 446454.3460164627758786082 15.34620605197076947945334
85385.4159399090422084555 446456.226310341211501509 15.03528495542915521809846
85383.35155353788286447525 446456.7629656993085518479 15.28137872522905027494744
85383.55282400273426901549 446464.282987611775752157 -1.06229366068718444893193
85375.741028570118942298 446468.7054295531124807894 16.54258592367271063494627
85375.32122842712851706892 446467.8947908448171801865 16.98360255488066528073432
85376.92511931175249628723 446467.8766021864139474928 16.01005970443922521440072
85379.35668172359874006361 446477.6705777972820214927 14.11189420105814384953646
85380.34114810856408439577 446479.3627470234641805291 14.28013458912246136378599
85374.73855794375413097441 446474.3306231750175356865 15.01499504313187038917476
85374.45250295221921987832 446474.6800484277191571891 15.72295384315526511898042
85373.77665561631147284061 446474.1454590879729948938 15.33845849482817413900193
85363.35182270112272817641 446476.7346988009521737695 12.56826874532389659577802
85365.33625663581187836826 446465.6447140611126087606 18.48089934000378065093173
85384.73248285317094996572 446468.8635327069205231965 13.669774653416974175002
85372.95179836444731336087 446474.790226465614978224 16.70135486559084725399771
85373.59909655671799555421 446474.6223812057869508862 16.17416705852103575580259
85369.62214941003185231239 446471.8597661255626007915 14.49294138313932478467905
85380.71317128113878425211 446473.1411830118158832192 15.13525345473682293118145
85382.50220219192851800472 446472.8987496664631180465 14.01547884749258798819938
85398.42304659621731843799 446483.1824539690860547125 13.38431550579283779711659
85373.96093191781255882233 446459.2831891707028262317 16.9846641904060930983178
85375.74250197225774172693 446460.222406445536762476 17.29105486768102295513927
85373.72876822896068915725 446460.4769345174427144229 18.95221492288201758924515
85386.12171652661345433444 446462.1629001990077085793 13.69784098242934788913772
85386.53229231397563125938 446461.8470513923675753176 13.28511784364946102243721
85387.7524464576126774773 446462.4914954275009222329 13.16737982663072337174981
85383.787754467484774068 446472.9395123057183809578 13.41349998501103790715661
85374.495432797193643637 446471.183202738466206938 15.84444373595202293358852
85374.25496020138962194324 446470.1028934370260685682 17.06968771495286318895523
85384.21043336782895494252 446464.0179304729681462049 14.51609784112044643222816
85357.69679243325663264841 446453.1352452082792297006 17.78674556870538481234689
85357.61607060964161064476 446454.7026213109493255615 17.95625187393997634899279
85356.25861615962639916688 446454.4913289092364721 17.52684546328623227395838
85374.63951765038655139506 446462.4485528034856542945 17.00686303636549112638932
85375.19971381904906593263 446464.5711229133303277194 14.21058632437409485760327
85373.65191539027728140354 446462.9528333769412711263 15.65873676982132778334744
85376.46189758395485114306 446472.4571556088048964739 15.15012456172451216218633
85376.86860747488390188664 446473.0909715070156380534 14.44943031113943909815589
85380.67567124676133971661 446466.2675504845101386309 15.03538185059245968488995
85371.5578049890318652615 446463.2517257870640605688 -1.062293660687178675772202
85381.33080540105584077537 446459.8886424217489548028 13.2544313821789749852087
85380.95594638197508174926 446459.5181752521311864257 13.31466331750136156131248
85381.2523842762311687693 446459.4234027129132300615 13.6434956852971769336591
85380.6836621239926898852 446480.9975908022024668753 15.00566669514852513600545
85378.65518986991082783788 446471.2561530930688604712 14.33225806837562288365007
85371.59077569888904690742 446473.0425780373625457287 15.04698241246318524133585
85376.37199727677216287702 446475.00292747508501634 15.00175022702214810976784
85374.62108829119824804366 446472.5786904561100527644 13.82124112119350378691252
85375.31493444507941603661 446473.6294938538339920342 13.70825617697686382712163
85377.19642728782491758466 446475.3364512435509823263 14.9899722211473278576932
85375.81800175408716313541 446467.1897162992972880602 15.66641409334756218640905
85359.90406893655017483979 446475.3015510265831835568 12.57750306417155350402481
85361.03839103392965625972 446475.7803510843077674508 12.44511949371233150429816
85366.15990678488742560148 446476.668672561994753778 14.42823559620165063677177
85380.97101493383524939418 446462.0406133403303101659 15.33845190232742616842643
85381.88187068569823168218 446463.0969488476403057575 14.65637766221392546128754
85357.22352231248805765063 446474.2090180002269335091 11.36847316101638050156453
85379.02735698124160990119 446465.6933447018382139504 14.88053348454611146678417
85378.00285988183168228716 446465.6846412039594724774 14.26920556105234005883631
85377.10108986623527016491 446465.0276423831819556653 14.69176357613237904331527
85378.28423655025835614651 446464.411893791111651808 16.20046833259766216883691
85372.57309051133051980287 446471.3426155110937543213 14.40486638971732169522966
85369.51680607729940675199 446470.4837074896204285324 13.79455124833142853901791
85383.10033958639542106539 446472.3675811535213142633 13.5455969058342695632291
85371.52734772658732254058 446465.0970170999062247574 15.19748838689128334067391
85372.37138925543695222586 446465.8299393584602512419 15.77643308830972657119673
85370.15052891553204972297 446465.8349636063794605434 17.18443969246850500098844
85373.94061549041362013668 446473.4713949986617080867 14.21266352500596674701683
85365.7582082498847739771 446482.8603534531430341303 -0.586685214020323142491975
85365.83463358778681140393 446482.6998995751491747797 -0.9621604699394744608653696
85365.9683768820104887709 446482.3608055700315162539 -0.8594748756653736165844748
85371.38111564716382417828 446474.826353956013917923 17.6303530312769574095455
85368.95108367972716223449 446478.8861504049855284393 12.82161981601322686685762
85366.86235431152454111725 446469.7916182187618687749 13.7314428762528706329249
85373.97677933626982849091 446472.0163395136478357017 14.26443626792353924770396
85375.88143116592254955322 446466.2238471766468137503 14.16254661476797060970512
85376.87516418991435784847 446465.9476116152945905924 13.71953374907221245848632
85371.4511915316543309018 446475.4414099636487662792 -1.062293660687173790790894
85376.81173168375971727073 446474.6933710515149869025 14.2549339835292201428274
85369.48063342396926600486 446471.4524683559429831803 13.96446150708134048556985
85368.01193659620184917003 446470.2699638556805439293 13.73277727345193177654892
85371.36656427281559444964 446472.1282047354034148157 13.80202073519470040707802
85372.53065678341954480857 446472.9939175204490311444 14.37796246604882099973111
85387.18591133657901082188 446488.5145043428055942059 12.17139975556560393954442
85385.76366333718760870397 446487.3858570466982200742 12.17118685769907671101464
85378.2665811953047523275 446468.7655345001257956028 15.12035348554061009451743
85377.45066710634273476899 446469.4382865221123211086 15.4215148803857058368294
85378.80346482356253545731 446468.7664281426696106791 15.6558386840836192277493
85363.0656822094606468454 446460.3784353728406131268 15.17510571004975084008493
85364.47695897887751925737 446459.606793469691183418 15.018959355748796369312
85364.72907978891453240067 446461.238496997335460037 14.76589345643825801346338
85373.84545260296727064997 446472.7375168361468240619 13.70662565646651565032244
85410.91394343263527844101 446480.8185952138737775385 14.20265721192412833318031
85396.76149490174429956824 446457.5441434430540539324 14.06636871837630309300948
85397.17269408800348173827 446458.1544985412037931383 13.53069689964575950114067
85378.95364194251305889338 446469.3315098777529783547 -1.062293660687179119861412
85378.12185017582669388503 446470.7332439548335969448 -1.062293660687178897816807
85367.68292462368845008314 446467.6712414131034165621 16.89226356927186856182743
85377.95791008978267200291 446466.051985532627440989 13.70315333897619325398409
85361.38339213008293882012 446460.2278862209059298038 15.52701827857259786469513
85359.31693954797810874879 446476.9673129879520274699 9.87115900732849738119512
85359.30084068397991359234 446479.0329677314148284495 9.871876578469528595860538
85372.44913566377363167703 446465.329386221943423152 14.96849551187951377073659
85374.03301745168573688716 446465.354198558023199439 14.0072088931939777722846
85390.10822083766106516123 446463.4330206215963698924 14.40148587564946147665523
85390.10782815425773151219 446463.4328107868786901236 13.75203026089951130472855
85390.05696447717491537333 446463.9861655651475302875 14.01271405054272634060908
85363.38501738732156809419 446468.1329027405008673668 14.46904624844374076531039
85365.72161811840487644076 446486.2951109861023724079 7.873341179216005514263088
85365.52275536698289215565 446486.4125083775143139064 9.76988022542708556272828
85365.85107647354016080499 446485.8842776344390586019 8.051153455498711863924655
85369.74057936279859859496 446466.7617525183013640344 18.84818435684096016302647
85359.74456427134282421321 446479.3743094706442207098 3.256926223732651504150226
85365.76107448777474928647 446482.8532897855620831251 4.887125613719117467326214
85365.45050131955940742046 446481.7255669289152137935 8.325302253335831181857429
85365.47580113275034818798 446481.7369133414467796683 7.213594377513124378253906
85360.82850154752668458968 446479.7352968489285558462 9.854460158332241093148696
85367.32480436039622873068 446478.3980924015049822628 11.97812094390329029636177
85383.73356279623112641275 446476.7164367341320030391 13.85027811460863844672531
85388.55902328317461069673 446457.013585892622359097 -1.062293660687163132649857
85384.83704728010343387723 446456.5468499260605312884 -1.062293660687178453727597
85371.31292696927266661078 446479.0794847512734122574 14.0043293902381744686636
85377.18215362115006428212 446488.1979639073833823204 -1.062293660687179341906017
85365.53790543170180171728 446481.7615837249322794378 -0.8638891403008268632390809
85366.02057341588078998029 446482.2436482766643166542 -0.942392710705973080109743
85365.52366043477377388626 446481.6106007792404852808 -1.061619385990980157785657
85393.49789076377055607736 446472.7654285406460985541 13.23917266117736524222437
85376.03545583026425447315 446482.8684997110976837575 11.60975101618828553284857
85376.30847866227850317955 446482.2444849647581577301 10.29541711961942773712053
85376.25630014420312363654 446482.3655363601283170283 11.90292476845439750832156
85366.10063731098489370197 446482.0446427840506657958 5.664475248844912158574516
85366.05307684073341079056 446482.1586044745054095984 4.66443619968308187395678
85382.21195179696951527148 446489.5834817134309560061 12.78109056140427135517257
85365.86232972391007933766 446481.8952699240762740374 0.3787611164773558858342994
85399.69471111943130381405 446478.0001438424224033952 16.41475415075292332289791
85399.40795270544185768813 446477.8801692536217160523 15.81071826173936933912501
85365.9364890360739082098 446481.9261237930040806532 -0.4060275928952022939100175
85365.9541095625318121165 446482.3947652077185921371 -0.01171979943350014152780858
85362.04473834736563730985 446475.4482385001610964537 -1.062293660687179341906017
85363.90940330458397511393 446475.3592717290739528835 -1.062293660687179119861412
85366.53804003096593078226 446482.5393107678391970694 -1.062293660687179341906017
85365.62027228454826399684 446483.5659591335570439696 -1.062273716283074209698611
85381.64568082649202551693 446460.7998220816371031106 14.44304104142332434435048
85380.27712837995204608887 446459.9771352675743401051 14.05254092492064010855302
85381.34859649793361313641 446460.1942938989377580583 13.7078784527861827768902
85388.80317758585442788899 446495.9199652516399510205 -1.062261540226189016067337
85383.94286143541103228927 446474.5262072753976099193 -1.062293660687183338708905
85386.49076232366496697068 446474.8584843187709338963 -1.062293660687179119861412
85385.37490879477991256863 446473.4800584038021042943 -1.062293660687179341906017
85392.14565221557859331369 446459.5371627392596565187 14.9969853356036022518083
85391.34095396366319619119 446459.5972344232723116875 15.1259598045015710710004
85393.13694491368369199336 446459.1800664804177358747 15.13200302045352252378052
85361.93997374843456782401 446466.4092813324532471597 15.21287698806525945371959
85372.43104078721080441028 446484.4229810813558287919 9.870703198752211804389844
85373.23541625723009929061 446484.4598737780470401049 9.826886312660937150553764
85373.02627376682357862592 446484.8647422416834160686 9.64709714935226436693938
85363.45575288504187483341 446463.6686700336867943406 18.12034520525538283663991
85361.62437868448614608496 446463.6292087289039045572 19.0738006818235739103784
85370.90226425319269765168 446458.7996239474159665406 19.99727937907422159469206
85369.57729862225824035704 446457.6224034286569803953 19.74393861878796840869654
85370.94728062943613622338 446458.2829646929749287665 19.65978323811663841524933
85368.65013377259310800582 446466.1194620425812900066 18.56356601568668196478029
85375.74358909398142714053 446476.5167525064898654819 -1.062293660687146257259883
85379.04390147609228733927 446478.9703734755166806281 -1.062293660687180674173646
85379.87960339165874756873 446474.943722262978553772 -1.062293660687197549563621
85427.4336395699210697785 446472.6181048383004963398 16.94724588671978082743408
85426.26735808463126886636 446472.4789022745098918676 16.93942833324215513357558
85427.01208799931919202209 446471.5205727368011139333 16.95176319269231512976148
85356.96967751231568399817 446474.6083278267178684473 -1.062293660687179563950622
85378.9898482958524255082 446461.1618864369229413569 -1.062293660687181562352066
85355.81229196143976878375 446468.1100394130335189402 -1.062293660687174456924708
85372.40648791480634827167 446472.1626443066634237766 13.71373963621013913893876
85391.57500210471334867179 446454.788302297645714134 -1.062293660687146257259883
85368.85124760688631795347 446455.1594811333925463259 14.45429619471451587742195
85357.12535925372503697872 446459.4742694878950715065 15.75272646265772813478634
85373.0093081887171138078 446472.3510662653716281056 13.71001011160240601327587
85373.30096816798322834074 446471.8990648911567404866 14.02268231438348777828651
85372.99664347343787085265 446472.8906967855291441083 13.92792569483895626092362
85369.80439076457696501166 446467.1332784303813241422 19.01510168603662620512296
85370.93195308616850525141 446460.1421518027782440186 18.16021903775734713804013
85363.64314740676491055638 446476.8660626811906695366 10.23373585558591969402187
85363.74806418157822918147 446477.124454083910677582 9.870355333451778179210123
85372.32568270883348304778 446463.9839616919052787125 13.32594178208127289053664
85372.89413736276037525386 446464.0988042900571599603 13.50296634305833975986388
85372.60530532449774909765 446464.333759702742099762 13.36100474863665432678772
85368.32773305528098717332 446452.7697891698335297406 15.60739408846250242390852
85369.65505922090960666537 446453.811336803890299052 14.86341680092686345915354
85372.39404878579080104828 446459.4398470317246392369 18.2122816746539299970209
85372.36520300648408010602 446459.8537349327234551311 18.86247675851338101438159
85371.68859247009095270187 446459.6309877050807699561 18.94832396936004315080027
85361.93154806006350554526 446453.3608153247041627765 16.02748294164512188331173
85361.45647311469656415284 446452.7537619154900312424 16.13381234241184714051087
85362.59460648041567765176 446452.6710484725190326571 15.94918109238397185833946
85380.49210826322087086737 446474.064718408219050616 15.13413339180976890929742
85382.16411076541407965124 446468.9205411731963977218 14.28983378588653962992794
85381.15219970872567500919 446469.5139346668147481978 15.79198741579878273455506
85379.6216905530309304595 446468.1259994472493417561 14.68619401036831106921454
85373.60440562882286030799 446461.3577693255501799285 17.99012325344807550209225
85379.2529600314301205799 446471.8307126570725813508 13.8731331699261328793682
85378.72750852785247843713 446472.0014101756387390196 14.12224298035009972807075
85382.41101899243949446827 446471.7052100106375291944 14.00033011976427310685267
85380.75637522350007202476 446482.2026036557508632541 15.12316815213995901956423
85391.24750639764533843845 446463.2213551824679598212 14.16159945347833470918886
85390.56426666908373590559 446463.0755374813452363014 13.9539320434310827323543
85376.12328268412966281176 446482.6648465174366720021 9.435913385879951320589498
85375.99230527660984080285 446482.9642160904477350414 9.111421052709404833080953
85376.26425844237382989377 446482.1318343484308570623 9.141015806969406298776448
85385.97480030341830570251 446474.0603062128648161888 13.6782155901378832396631
85376.34505643189186230302 446461.6654415797675028443 17.7302685656353666843188
85376.21498901068116538227 446461.6526604975806549191 19.01737901443437550597082
85376.5149055554938968271 446461.2090565677499398589 18.01247371504486594062655
85387.48278145951917394996 446472.4882301121251657605 -1.062293660687179563950622
85380.22143625661556143314 446470.7084818262374028563 14.10907923592619361841116
85382.33623065601568669081 446472.4746103989309631288 13.57697496456726860003528
85384.74315499214571900666 446471.8229300943785347044 -1.062293660687179563950622
85396.44842315361893270165 446462.1299170255078934133 13.36650009490843338255672
85398.353494929542648606 446462.8298397574690170586 13.27814847204404458125282
85387.65038908719725441188 446466.2402663644752465189 13.54742942574376129982738
85384.36929884423443581909 446465.8042285778210498393 14.17963918893437380575051
85378.92309207329526543617 446472.1992718511028215289 14.29379116081303990881679
85379.11498769451281987131 446471.9857662515714764595 14.44253165971925056965119
85381.93383955533499829471 446459.7830492209759540856 13.52539299755851942563822
85382.64260457346972543746 446459.9441608415800146759 13.72795648529579004559764
85382.67949710098037030548 446460.4156156229437328875 13.20454160388500142175872
85382.29319512163056060672 446470.3203423786908388138 15.60607590534144684113471
85372.91808895175927318633 446478.4408679816406220198 15.87656800662393052903099
85375.7858449651685077697 446458.3381839584326371551 14.38971099777435824762506
85367.1581016434938646853 446470.7858616924495436251 14.4201875233639729145807
85367.03494558251986745745 446482.0824864017777144909 9.717665698120988793107244
85366.98393850054708309472 446482.2442602902883663774 8.949360790420410438628096
85384.94171320099849253893 446490.6551134510664269328 13.78547896607238776311988
85386.5849504883517511189 446491.3626047834986820817 13.1759428110084044760697
85383.12186851369915530086 446485.093176154070533812 12.17306248058525675048713
85382.62104289612034335732 446484.7826467497507110238 12.41927830778254815413675
85370.51934913436707574874 446464.8712867996073327959 15.49109222078101844033426
85378.06440615237806923687 446481.108824674563948065 15.11787581814667547064346
85377.00418796806479804218 446475.9405311938608065248 15.1395133628239264567128
85373.45882069563958793879 446483.5695822577690705657 9.87045154785537803832085
85360.03486787629663012922 446461.1885601123212836683 16.51904447179556001401579
85359.77465991021017543972 446460.5369329744135029614 16.08727101689051508515149
85360.89539911744941491634 446460.8450106073869392276 15.572855766488181927798
85360.05314930365420877934 446460.3660013288608752191 15.78370702098209044095256
85367.66993302712216973305 446463.4686580875422805548 15.16156554528941846626822
85372.31844842733698897064 446460.1577932614018209279 18.97867391021134508832802
85370.81592360114154871553 446459.2331736948108300567 19.14759551115717428615426
85372.90261019003810361028 446454.3864682656130753458 17.12674128461802069978148
85372.89004449326603207737 446454.4210565093671903014 16.51054426854399537205609
85372.47587550987373106182 446454.4235579853993840516 16.16430489706419137974081
85373.38554927179939113557 446454.0744749204604886472 16.80467842092959784849882
85380.31923684566572774202 446478.026380868221167475 13.98702660713653145307944
85375.64763052031048573554 446482.1028059560339897871 9.163428444818302764929285
85375.89499797529424540699 446482.5228251562803052366 8.968793827938560170309756
85374.27783566556172445416 446480.7052809698507189751 -1.062293660687185115065745
85377.49693253664008807391 446482.1346274243551306427 -1.062293660687179785995227
85379.64528875690302811563 446481.2246601211372762918 -1.062293660687178897816807
85381.44688158440112601966 446479.5366793622961267829 -1.062293660687179785995227
85375.75573706233990378678 446483.5038175368099473417 9.614692958169133163437436
85375.64870414073811843991 446483.7493099172133952379 10.75737524764259944731748
85369.26455833532963879406 446463.1150500719668343663 13.07242169231198936074634
85370.33657274235156364739 446463.4793860226636752486 13.49585707463784878257229
85371.88347541142138652503 446463.9426172772655263543 13.22475702711741440964488
85357.15363627165788784623 446461.7746307124034501612 19.07428025099568458244903
85360.46639791154302656651 446466.8806841314653865993 15.17433869089231102122994
85376.72989446681458503008 446457.8684353034477680922 13.16078076452506806504061
85378.63114100601524114609 446459.0868788679945282638 13.73521974143163859594097
85366.35837867791997268796 446462.3841849086456932127 14.34274408912110310154731
85388.13833134205196984112 446453.2925384796690195799 -1.062293660687146257259883
85367.40758483675017487258 446470.4954356568632647395 13.82159302052358285095579
85358.52016916172578930855 446466.7894721985212527215 15.58158458804357771043669
85347.52161783847259357572 446462.2590628026518970728 14.53395892494853924858944
85348.08483526342024561018 446463.2724182913079857826 15.05534684028977743253108
85347.34702501354331616312 446463.3101129072019830346 15.57776725782001392417442
85361.39700439001899212599 446475.9301011148490943015 9.893984395152214617041864
85365.78610512464365456253 446481.8647538280347362161 9.164102441010495425643967
85357.29295217682374641299 446466.6691583512583747506 16.12552908248660088474935
85358.03889280208386480808 446466.312880028854124248 15.71963326686168826995527
85357.72880418160639237612 446465.6875664229737594724 16.12184389494930769615166
85359.69096772601187694818 446450.8220657390193082392 15.55213691137465836789033
85357.75186197024595458061 446449.9843066867324523628 15.23606647295329707958444
85361.17489618240506388247 446466.0733173203771002591 15.24441152935407650659272
85358.96315970949945040047 446460.6083157088723964989 16.31351109531562926235893
85359.97471733250131364912 446459.9212225902010686696 16.13423434585222082660039
85364.34928419445350300521 446458.3371903105871751904 16.8179654590572020822492
85354.39671282733615953475 446463.5300258058123290539 15.55375252819928277858708
85343.87667480489471927285 446460.3524645185098052025 13.91176862414449466598398
85350.72578982239065226167 446445.6047432839404791594 15.41660950282659747756497
85351.69055042632680851966 446446.9404545341385528445 14.21855940513928295843016
85356.90493314129707869142 446461.3201630952535197139 18.3685598277859583049576
85356.12815907204640097916 446461.0008501493721269071 18.16781805343168798572151
85352.72947857833059970289 446467.9326517965528182685 17.79829995828515976086237
85348.59761256928322836757 446461.3450970001285895705 14.62026633343801051978517
85348.81948380096582695842 446462.3664956963621079922 14.71678186065324034359492
85360.55206492310389876366 446453.6389862201176583767 16.84373858427049341912607
85359.00681474988232366741 446453.6709942164015956223 17.86639050552664187421215
85359.36387110821669921279 446452.9773179859621450305 16.5844327949291461266057
85339.24188980860344599932 446458.9335735510103404522 14.23571871275110645171935
85342.06812899443320930004 446458.65329671127256006 14.51780442207484789207683
85342.26232051633996888995 446459.0593556950334459543 14.02693558756583769309145
85342.91244283522246405482 446458.9171751036774367094 14.64431483614752593780395
85344.46738137424108572304 446451.9911534962011501193 13.95512616675479122818615
85345.56580923899309709668 446445.2804800453595817089 14.37858599894647859684937
85346.07891073769133072346 446445.4729526765295304358 14.36833805523896501199488
85339.50635259180853608996 446459.3555178401293233037 14.70315303387435434956387
85342.94667345199559349567 446459.497228648338932544 13.79282309299857622875152
85347.33851539746683556587 446454.6673442982137203217 14.63512073146613445828734
85339.82409310209914110601 446458.8228658143198117614 13.78768688398557529239952
85339.9577104144700570032 446458.5937607660889625549 14.12289261074059254497115
85340.05518782029685098678 446458.4284273212542757392 13.63657354888631445533065
85340.45849441860627848655 446458.5069178870180621743 13.73455458070850809804142
85346.25205593681312166154 446444.8033373852958902717 14.33462925419190270304171
85345.96026189679105300456 446442.8722512380918487906 14.2447169328010811995
85339.97278478227963205427 446459.1360763731063343585 13.8989316135129232776535
85341.56924507000076118857 446440.1613768236711621284 9.868714072170730489119705
85346.10261058868491090834 446445.4084395082900300622 14.2123828128869877929219
85346.13393480906961485744 446445.285891353094484657 13.71220456821214028764189
85351.92532754421699792147 446455.5691635522525757551 14.7649672891863783519284
85352.23620596085675060749 446454.469001221121288836 15.08087428917770367320372
85352.77829028909036424011 446455.1728268699371255934 14.86222839345680490907853
85422.17314677177637349814 446446.5173629989731125534 12.1608077916145749242105
85420.79795691609615460038 446445.3712148438789881766 12.16160300081799050531117
85423.1949899001483572647 446444.2930176427471451461 12.15686956766399795526468
85340.04963680348009802401 446444.5450752928736619651 10.84106228092901424986394
85343.55131934084056410939 446445.6548130330047570169 13.96702362193661350886487
85340.77890875577577389777 446442.297112896223552525 9.868474824647934795507354
85340.87251322658266872168 446442.7097826118115335703 9.868651453699142095388197
85341.38453974285221192986 446441.8296637263847514987 10.0812990107392508321027
85364.3839826203475240618 446430.7443971971515566111 13.18437862291527729041718
85366.57937272073468193412 446439.4256762766162864864 15.8374909807327739486027
85365.15501237745047546923 446438.7400227646576240659 15.68259737647397145110517
85359.84025190499960444868 446441.6658319893176667392 15.02438089292787815054453
85358.71247493324335664511 446441.0284795939223840833 15.24035365230382765844297
85357.54885907766583841294 446440.6653526790905743837 15.06033656727878167203016
85358.91814747733587864786 446440.372062194743193686 16.36556123947763197179484
85363.81128049356630071998 446430.5638681730488315225 10.68050664470735533484458
85359.36399179535510484129 446436.4262863764306530356 15.81650003228332934668288
85360.51045152418373618275 446436.8090262631885707378 15.67518529136561156178686
85369.92691776891297195107 446446.880484921217430383 14.92834446376328827454927
85369.45400225311459507793 446446.0213744940119795501 15.10853526645830058328102
85370.45883011187834199518 446446.1732615326764062047 14.88130542301299641394507
85371.32704773900331929326 446446.5537762591848149896 14.78776522056800146742717
85360.09948544780490919948 446433.4489777656272053719 15.48638625542642621724099
85371.66202454795711673796 446439.1618090771371498704 15.24324556648542028369775
85371.93586359075561631471 446438.4995712422532960773 15.24470586785517234318377
85367.82708892562368419021 446439.3417270816280506551 16.00449237356281528832369
85367.36990629590582102537 446440.0884946025907993317 16.32978171999220506904749
85368.41732215519004967064 446440.2219430602272041142 15.87487339972614108773996
85363.14785372157348319888 446445.2902205940335988998 15.69711744766268957107513
85403.43275672914751339704 446439.453410766611341387 12.17920667629745778981487
85403.00195135180547367781 446439.2499230256071314216 12.72155616502273467460782
85402.95346588222309947014 446439.0529353863094002008 12.17438271444511066476935
85403.38427993422374129295 446438.6592967911274172366 12.17309244203616991342187
85375.41335391018947120756 446442.434536052227485925 14.83500326725170737063308
85376.39060826737841125578 446442.4059264322859235108 14.18285704673493086147573
85376.95993967987305950373 446443.0251285777776502073 14.75825474902654299569349
85359.12916920613497495651 446458.4977760760812088847 15.93605835982387119997838
85359.02555201253562700003 446457.5848406852455809712 15.86935155950555831338988
85359.93999402555346023291 446457.5576920460443943739 15.99615833658716290699431
85358.12065525104117114097 446444.8843812801642343402 17.12307250807138814252539
85360.66389930251170881093 446430.1743353237397968769 9.860712233328285947209224
85371.07827422348782420158 446445.979841425665654242 15.50175883792396724913942
85366.04599122288345824927 446452.1794561643619090319 15.28415149366206016168235
85366.60087450596620328724 446453.8891314364736899734 15.02425240378883586345182
85361.44829861033940687776 446449.4241201439872384071 16.35777097347866515519854
85357.65107887834892608225 446458.1371601928840391338 -1.062293660687179341906017
85361.02957874754793010652 446453.4095767253893427551 16.19013495354717591112603
85368.49858574643440078944 446438.2604319876409135759 16.03131864927623695393777
85356.46225680952193215489 446443.309158465766813606 15.90552182918180079695958
85356.60405018476012628525 446456.1184561437112279236 15.4487790585704729551253
85354.1834154400130501017 446455.4198713777586817741 15.07190530595553568105061
85349.2607725292764371261 446445.0730857468442991376 15.17842247483329209956082
85348.44986135994258802384 446445.08334777457639575 14.77734088256439193287406
85346.95954504994733724743 446454.2423970033414661884 14.22995117217582539126397
85347.75793971375969704241 446454.1563049584510736167 14.10398023185244298360885
85356.57395497005200013518 446441.9434610087191686034 14.59241743929471368801387
85357.46744478048640303314 446443.1591781310271471739 15.07503695801516130359232
85356.53266298043308779597 446442.6531283567892387509 14.89615899828797296322591
85358.2889924588380381465 446442.2028220869833603501 14.8427860599381897799276
85371.32584502409736160189 446458.931367583863902837 18.11124403758064005387496
85371.42725552298361435533 446464.5063985238084569573 14.36514735378937857035453
85357.8560116331500466913 446448.4818079140386544168 15.53242188188059458298085
85362.35425525285245385021 446458.3627784712007269263 15.56410248256006667588736
85448.54103550178115256131 446461.8683084942167624831 16.04980714293164112405066
85383.77822778202244080603 446446.6820243691909126937 16.00765338236910295677262
85383.91924908797955140471 446447.9075248207664117217 17.57914172721610412963855
85382.5643708216812228784 446447.5803673469345085323 17.88102180391466333730932
85383.88427610398503020406 446448.003464904089923948 16.73241904404126856320545
85397.70330740208737552166 446459.840950596786569804 14.99094915886333545529396
85394.82329812309762928635 446458.6482175323180854321 15.0047175241194139516665
85395.79087078067823313177 446460.2905192856560461223 15.12479806036401086544174
85371.18424232541292440146 446449.8984443619847297668 16.65254451537854052389775
85393.83439347040257416666 446459.761505774746183306 14.86132047092953989420039
85370.16585346570354886353 446455.5901219313382171094 18.01117533052635266699326
85370.35316572101146448404 446455.6303803763003088534 16.44711640131924923480256
85371.77755071110732387751 446454.1337765772477723658 19.53835551449745722152329
85377.42176073827431537211 446460.0575960614951327443 15.98136124705557925551602
85393.87004398719000164419 446448.4558322615921497345 13.88780728037681377884383
85394.07550090823497157544 446448.8050424074754118919 13.48299194482214602430759
85389.85679597032140009105 446441.2356734023196622729 15.18961376023794684897439
85391.01927365294250193983 446442.3162261485704220831 14.96570862111124000648488
85363.02978819189593195915 446428.7517810118733905256 9.858644723851769597899874
85362.79042415192816406488 446430.3253239960758946836 9.859533612892066756216991
85398.69975768712174613029 446449.729468010482378304 14.98731393410873025118235
85399.50301125620899256319 446450.604451959312427789 14.15957459126833128948419
85396.70644253911450505257 446434.4794989618822000921 9.310149935217713945689866
85368.05968280407250858843 446457.1542913690209388733 17.46287539611498473846041
85410.5136628084146650508 446451.7494340098346583545 13.44967631968517451923617
85411.9274644388206070289 446452.3173245313228107989 13.47508074660748178530412
85380.23156863581971265376 446458.6917906004237011075 14.10949346897451839311088
85378.11884979807655327022 446457.316066342347767204 14.86676752001717183304663
85410.37541699119901750237 446445.4486020498443394899 13.07529988311851454341195
85410.04026989605335984379 446445.2905425471253693104 12.37522955959041937035181
85409.8848442480230005458 446445.2180451240274123847 13.60777174824947621800675
85374.75278737948974594474 446439.2440339644090272486 15.88309301188795430448408
85394.52601878222776576877 446457.5790060540311969817 13.59930707865132859524238
85394.38412628023070283234 446457.1344500810955651104 13.35971127900493549134353
85371.20427910867147147655 446452.593772321764845401 17.67761259772680304536152
85371.57227943549514748156 446452.1615813465905375779 18.56420442829325523348416
85371.52678600081708282232 446452.7274927475955337286 18.18012413211797451140228
85388.24118047661613672972 446449.1092982834088616073 15.12874346349429544034138
85391.18810462295368779451 446450.2909845164977014065 15.13330173892723706785546
85407.05524499257444404066 446447.6896828643511980772 16.01848692025305354036391
85405.9685878430464072153 446447.2413544630981050432 15.54210755275162725297378
85393.20128600155294407159 446450.3058387463097460568 15.12652980479341557895623
85393.19979916576994583011 446451.1397287512663751841 15.128779065265293368725
85387.19819133949931710958 446447.0943519410793669522 14.4905875240337707055005
85386.01559288812859449536 446447.4557166410959325731 15.72368088486428483463442
85385.95743990963092073798 446446.6145858007366769016 14.54302935821702291718793
85390.02664980226836632937 446459.8831726509961299598 14.98179964950106501930804
85389.61740624207595828921 446460.2293906045379117131 14.57719580642374523904437
85389.02523645696055609733 446460.1409212826984003186 14.70559931142625487154874
85390.71532635866606142372 446459.301227046933490783 14.97219158727751775472825
85390.1890991792461136356 446458.5691336701274849474 14.98101364115585631964223
85390.91806772073323372751 446457.1768794537638314068 15.13823100602746407616905
85380.31665675244585145265 446446.8278586913947947323 18.38862235023789537535777
85378.39027792423439677805 446446.6757481330423615873 19.05136591593672079625321
85378.95807451222208328545 446445.9208650988875888288 17.87303863847645857276802
85378.32680138689465820789 446444.8607641039998270571 16.66904322292547035999632
85381.08724749460816383362 446445.8605273988214321434 16.45233254618101881305847
85394.95282495346327777952 446454.8169981854734942317 15.01545257266132260554059
85394.25476738717406988144 446455.5698663194198161364 15.12752322469689403305892
85393.12707200048316735774 446454.2294997544959187508 15.13073905074549507787651
85421.067091521414113231 446443.1882332012755796313 12.13501778128461161543328
85417.54001215136668179184 446442.2884692864026874304 12.16115830356480742580061
85423.02848860096128191799 446456.2544887745752930641 14.78343572612022960299782
85422.88570556626655161381 446456.582575848326086998 15.12392362040337623341202
85422.64054800826124846935 446456.4513561690109781921 14.29579223562177681117191
85416.27712525581591762602 446455.1810915564419701695 14.43956388364295939652493
85414.39235760162409860641 446440.4389598828856833279 12.14920142586676021778658
85410.64356953476089984179 446438.7906098884996026754 9.470999999999998308908289
85415.42193099451833404601 446440.772472203359939158 7.198501816596973412742955
85414.01700623532815370709 446448.3542169053689576685 14.42744586552992736017131
85413.73284303149557672441 446448.3983178032212890685 12.88149673294909725029811
85411.20175244347774423659 446464.1819830202730372548 13.28348441748736519230079
85411.39956039242679253221 446463.6988820428960025311 13.97474889443826562285267
85445.05832457345968578011 446453.0643952976679429412 6.346660913423797900634327
85425.70040590933058410883 446448.4727486604242585599 12.15984915285228851189459
85413.12712738259870093316 446462.2746456853928975761 -1.062293660687178231682992
85418.12408280230010859668 446460.2247290569357573986 -1.062293660687178897816807
85416.16896400894620455801 446459.1524768993840552866 -1.062293660687179119861412
85422.63524050283012911677 446445.089501408685464412 -1.062293660687179119861412
85416.98217228511930443347 446462.3942824086407199502 13.52466039474705539191746
85417.95204076956724748015 446462.9537863716250285506 13.39483610616540865123625
85417.36950681432790588588 446463.2559691768256016076 13.9262146679996181575234
85417.55977574473945423961 446462.3950542744714766741 13.80969879188753779430954
85428.0362808885402046144 446456.8315690641757100821 16.88288367525183630846186
85426.22414350224426016212 446457.4006645999033935368 17.60436275829833263628643
85426.4240776916267350316 446456.2948738928535021842 16.83840668362838499660938
85422.76959695626283064485 446447.5170563121791929007 12.16131946062241375727808
85421.16313736139272805303 446451.9621370809036307037 13.65652859401295771135665
85420.34752755495719611645 446460.3935710464138537645 -1.062293660687175789192338
85422.67143486450368072838 446464.6068827349226921797 -1.062293660687146257259883
85412.55839694377209525555 446445.8876481881598010659 12.17099922284320356880016
85412.35077611856104340404 446447.7914495193981565535 12.17406337981705100048657
85432.51517616164346691221 446451.5044184797443449497 12.15446875219623379393852
85429.87332100437197368592 446468.8311974562238901854 -1.062293660687179785995227
85433.08227956750488374382 446469.5277970604947768152 -1.062293660687187779601004
85431.71892538052634336054 446468.0687294193776324391 -1.062293660687179785995227
85421.32737893004377838224 446447.6136905044550076127 -1.062293660687180674173646
85417.82258376808022148907 446441.7681614794419147074 8.050014986761707902473972
85420.61911856901133432984 446443.0854408131563104689 -1.062265151405098917436476
85413.21573242256999947131 446448.1099140035221353173 -1.062293660687179563950622
85412.77815027770702727139 446449.9654664332047104836 -1.062293660687179341906017
85402.0806704915885347873 446440.6589605886256322265 12.19185711818854578325499
85402.01004145483602769673 446440.8205198071082122624 12.70634084510826156133589
85401.91670466330833733082 446441.0311395453754812479 12.34695453853115587605771
85402.05158545931044500321 446438.7143060321104712784 12.1756490841481088693854
85402.38130821108643431216 446439.1677799646859057248 12.17466199318143615926147
85396.6247958863532403484 446450.9581824333290569484 14.3220035866799406676364
85397.39833406564139295369 446452.3849587818840518594 15.61014224530286753633845
85405.05416373648040462285 446447.1026106264325790107 16.25598519328149293983188
85398.87842455213831271976 446444.9679082251386716962 -1.062293660687182450530486
85399.49896200676448643208 446441.8788821880589239299 -1.062293660687180452129041
85392.59371739551716018468 446449.6902056439430452883 14.98259254500470305515591
85410.07218408222252037376 446442.3159813644015230238 12.17042278007593658628593
85411.52473245657165534794 446441.0383795920060947537 12.16679915749728380092165
85411.42815944203175604343 446442.3900458345306105912 12.17002642323651606659496
85406.25946636291337199509 446443.3778557766345329583 13.80376606402819739116694
85411.89654792027431540191 446449.4284824711503461003 14.58893851631751381603408
85410.78192889322235714644 446448.7192778431926853955 14.2114432311430807232
85412.36410747995250858366 446448.7555500277667306364 13.27015354181383699483376
85417.75816733218380250037 446441.7414442652370780706 10.78401247505740023768794
85417.73283357202308252454 446441.7419164586463011801 12.06608419274395593845384
85411.25798855483299121261 446444.3735219300724565983 12.17159991783202954707122
85411.98572296503698453307 446443.9614933776902034879 12.1705877688405657011117
85412.20280837558675557375 446444.7916973971296101809 12.17011261185231418835428
85402.45239224756369367242 446439.7761158178327605128 12.17590295931449873023666
85401.59256170674052555114 446440.6314537774887867272 12.17814878649537035926187
85396.15005303701036609709 446444.4537253438611514866 15.01481642315938636045303
85396.99667170134489424527 446444.8028088219580240548 15.01873695633430116913587
85388.68609100533649325371 446448.0717323059216141701 14.99533522250695583011293
85401.80918690236285328865 446441.3449402027763426304 12.87323038669027752689544
85410.60291848525230307132 446445.3274283124483190477 13.8237414277934860251662
85410.96971795581339392811 446445.7133569548605009913 13.69348423301364547910453
85410.90523026770097203553 446445.6991388870519585907 13.41440852855659215947526
85401.4775629006908275187 446441.4886070815846323967 12.17904440239526842049145
85400.94044111183029599488 446441.596524344349745661 12.17978808526063438932852
85411.09603224400780163705 446443.0705493041314184666 12.78698739214497948069038
85410.78782453596068080515 446443.0434859245433472097 13.81382536473591748915624
85407.5727833193086553365 446444.1066863519954495132 13.73526388126962594071756
85398.79461008634825702757 446439.4566680052084848285 12.17973374786263995872559
85402.78992518254381138831 446445.9276576628326438367 15.25869017376069436409125
85404.29731585085391998291 446451.362825112824793905 15.11155540417155407340033
85396.07742797867103945464 446451.9073578612878918648 15.6178194317691350079258
85396.29595910137868486345 446453.0548223370569758117 14.43728296219219586760119
85400.82496882301347795874 446448.1085372024681419134 13.60939753640131932854729
85411.82532268937211483717 446443.4242706627119332552 12.16940774969719818443536
85411.19352935749338939786 446443.117224481247831136 12.32700487687983503803935
85400.85393891260901000351 446438.815265595621895045 12.17745037010320530157514
85393.92551827729039359838 446437.2027680093888193369 9.270008702612120288222286
85395.03079923611949197948 446437.6580248830723576248 9.031059272003412630169805
85394.62467808330256957561 446438.0448228356544859707 8.84636653781391402162626
85395.53404853324173018336 446438.0088934570085257292 10.07545508498958319876238
85394.78893712030549068004 446439.8699191866326145828 10.35505554183840715154474
85415.40384068079583812505 446451.1356768777477554977 15.11328650177864219017465
85415.59400548838311806321 446450.6989281030837446451 14.18921398977901482396646
85395.96904247329803183675 446436.9277124662767164409 9.629972240009893269530039
85396.2032835652498761192 446436.3414978999644517899 10.24650211730191173842286
85423.81278404801560100168 446454.4367031101719476283 15.97179702434686809908726
85423.64753928192658349872 446454.8191966131562367082 15.48781122967521639566257
85424.09648402658058330417 446453.7812613868154585361 14.52931550101174984490626
85408.95471613667905330658 446443.7234718034160323441 13.81579773972769942247396
85397.91612725285813212395 446443.1677610206534154713 13.88055892889311948579234
85428.05740656520356424153 446450.4729906516149640083 12.16550297449462547660914
85428.94677494638017378747 446450.9991894889390096068 12.40666869839941632847058
85428.18763266873429529369 446451.188334923645015806 13.16548176265652259075978
85429.32811344960646238178 446449.9681036882102489471 12.15731514386756728640648
85407.77934014970378484577 446447.9889384905109182 15.32100743468236458966203
85408.9548288174846675247 446448.1368740582256577909 14.47939312589625160399009
85401.6762668346636928618 446457.4704929022118449211 14.84033848637249874968802
85407.04518117272527888417 446445.344525451771914959 12.17754739858737700330948
85407.39596712037746328861 446446.0484729459858499467 12.28307918100259499283311
85413.80784655295428819954 446445.7675705073052085936 12.17014701949105948131091
85413.74006000146619044244 446447.0452753828722052276 12.17234147879015182525109
85395.42927634270745329559 446437.648018148320261389 9.35216582558730280538839
85395.51857065501098986715 446438.0502976838615722954 9.052584310876623518993256
85425.6566318214318016544 446452.8837678401032462716 16.58984964402494455271153
85426.73937386773468460888 446451.4989512955653481185 14.53593359679207530632539
85400.27741376096673775464 446457.1939816384692676365 15.12010704377826897371051
85398.37744594858668278903 446456.2115573631599545479 14.97944782089679094383428
85409.35472227261925581843 446454.735816164524294436 14.07083801798316891051854
85408.40649633889552205801 446454.826360149891115725 13.33605229686144610923293
85409.02363529648573603481 446453.9378809292684309185 15.06648991659493219685828
85414.79081675736233592033 446451.3054258296615444124 16.09858656739234916699388
85414.35228998924139887094 446450.7474908205331303179 16.26850820845072576048551
85423.30268802530190441757 446444.0708545311354100704 12.09439768141794324662897
85426.79121507322997786105 446452.9799657621188089252 16.73882821183838487399953
85413.09973189924494363368 446453.8956609864835627377 14.4840277994965411778594
85417.70478896862186957151 446449.4356299304054118693 15.05538752724394946369557
85418.01886474444472696632 446450.3915155831491574645 13.97389439597032989581749
85417.3641657851985655725 446450.3137894848478026688 13.7113255067309527390762
85408.87024811182345729321 446450.1249074804945848882 14.56893202292968858557742
85411.66402175516122952104 446450.6263820835738442838 15.35683575010501478175229
85410.739706379798008129 446446.3818934439914301038 12.1741177066890937652488
85409.8474113969859899953 446447.0283646807656623423 12.17567189305869312931918
85410.60378546496212948114 446447.5952489167684689164 12.6128220057446434054782
85417.26015227637253701687 446445.5708513864665292203 12.16550666388964074826617
85412.83056232784292660654 446454.7845802631927654147 15.09916021423001453172219
85411.69927596185880247504 446455.0942780218902043998 15.00012064609985529273217
85411.17412944592069834471 446444.7470746757462620735 13.72036710305184570302117
85403.25551673867448698729 446446.8685351090389303863 15.66426772246009235800557
85402.55161216158012393862 446447.4888625511084683239 14.57494595285566951758938
85404.04244439079775474966 446451.9265294134384021163 15.00516664646286280060394
85405.05152115791861433536 446452.3847496836679056287 14.94131089220966046582362
85399.55518751211639028043 446446.9437241014093160629 13.73864922195021698314576
85399.69500511715887114406 446452.8276448445394635201 15.03439494031911571880755
85391.88949137974123004824 446461.1951296062325127423 14.96785415305383892814461
85389.18223323306301608682 446462.6837227767100557685 13.68158607765705880865426
85389.47875350659887772053 446462.9957839110866189003 13.63860884525283978518928
85389.13755571767978835851 446463.1366638065665028989 13.27774092893805324422374
85391.75394299095205496997 446465.0732836264651268721 14.58024371380529160546757
85390.66897928001708351076 446464.9095193019020371139 15.01482601649325410164693
85428.15697607757465448231 446466.0317642706213518977 -1.062293660687175789192338
85430.35557119356235489249 446466.6096617782604880631 -1.062293660687179563950622
85432.29359581356402486563 446465.4214502711547538638 -1.062293660687179119861412
85388.86070098623167723417 446445.6493671676144003868 15.00822610977607141080625
85388.40467537053336855024 446445.181970505858771503 15.13475961195410590676147
85388.89806931493512820452 446446.0298382242326624691 14.45273067150753476539649
85396.91114871256286278367 446472.973687460005749017 15.03484302745947864821119
85403.18629928176233079284 446450.2040602988563477993 15.01816176910190847593185
85396.53368722953018732369 446450.0712547510047443211 15.01682762568233542310736
85393.70750034344382584095 446449.235666351392865181 13.71057556599826199317249
85375.18618402647553011775 446456.7383763894322328269 13.90326085223962770953676
85376.55032749306701589376 446456.8740527209010906518 14.55227807825056984825096
85379.72878565137216355652 446461.3097731387242674828 16.22513921442429918329253
85380.35770171902549918741 446460.9551696256385184824 15.49415492359300472458017
85406.53508043228066526353 446465.5662799992132931948 14.13696441139021686694832
85389.77618286560755223036 446443.4227642262121662498 14.59534349267926423010522
85390.2540631831216160208 446442.4141074823564849794 14.57602092306732011195436
85391.03235173078428488225 446443.0313129857531748712 14.17106160074314935570783
85408.21245101153908763081 446441.7090992083540186286 12.17099451379457342170554
85397.18993244966259226203 446443.1023055919213220477 14.23922752523715118400105
85395.2121202907437691465 446456.2017546894494444132 14.91908665036059389308321
85396.59286575927399098873 446456.8684001207002438605 14.80522324997229866028192
85395.576254832893027924 446457.0927056391956284642 14.01546990533161896053116
85396.26110853630234487355 446456.1748502943082712591 15.12071145254485493580887
85399.65751647997240070254 446452.03955098707228899 14.11314143726415970547805
85385.2326741737051634118 446443.1631818906753323972 16.51155178154929359379821
85399.14700174205063376576 446448.3552058425266295671 14.80152114319871436975973
85401.83740294254675973207 446451.8989263484254479408 13.6569946319832400405403
85391.61758183958590961993 446442.8352143511874601245 14.69622516976818360490142
85396.92499684181530028582 446444.3983758919057436287 15.1240029042154890959182
85404.44634432546445168555 446448.8930530521902255714 13.84254932846670982371506
85398.58073302845878060907 446448.2945438063470646739 15.01973466192820616527115
85401.27209780203702393919 446461.4827709065866656601 15.11152075194351951381577
85396.52852478483691811562 446450.1755874010268598795 14.5539403518785661617585
85387.18226989312097430229 446445.6310884986305609345 13.9781273277259074916401
85387.18730545698781497777 446446.4582363461377099156 13.74424921256101228550506
85386.3852961648372001946 446446.2625791570753790438 13.75523177415421649527616
85389.13339780319074634463 446442.9539792640134692192 15.06205572595156283455253
85390.13726078001491259784 446445.2089095652918331325 15.13262726647254829970279
85389.85680075522395782173 446444.4310463883448392153 15.13432851628843422986392
85393.2976309929508715868 446451.3992262434330768883 14.93346475792891681066976
85395.6096696073655039072 446453.6068980306736193597 13.43366335212734696824555
85392.95507885992992669344 446452.8309805343742482364 13.58779758484948629870814
85390.49627462707576341927 446447.4989116275683045387 13.22524500597113394917415
85390.29260374585282988846 446444.1937121025403030217 14.95523655701645537874356
85390.58135457025491632521 446446.3610921689542010427 15.00712162205759270250383
85378.34147691744146868587 446460.9534082054160535336 16.76663278559114544918884
85377.6099524787423433736 446462.0442586589488200843 17.01782818274915243250689
85389.31689684813318308443 446451.157876540208235383 13.38996473695043398777216
85376.94420163602626416832 446450.6153713875100947917 14.15099545607403364044785
85376.26734698817017488182 446450.5209927936084568501 14.43085899341047451116538
85375.71688100084429606795 446449.7827996950363740325 13.82729657319702987194887
85393.2770951993006747216 446449.8581228665425442159 14.66412116415804156588365
85393.18580562167335301638 446449.9352513540652580559 14.98006951600479830233326
85392.48390214526443742216 446437.6917222476913593709 9.852263960430686751124085
85393.60014325001975521445 446436.7384541978826746345 9.340412179181626584067999
85393.13122073143313173205 446438.0376676248852163553 9.477489667882514012831052
85397.63455325488757807761 446457.15324453852372244 14.98688828060371847072929
85391.04254154086811468005 446443.7665065752225928009 13.81914340308743405216774
85390.00631214216991793364 446446.7943872548639774323 13.98327131771091380585403
85387.89403051963017787784 446449.9005870168330147862 14.08046008780310032193483
85386.96345900715095922351 446449.0947814802057109773 14.78377083857326113047748
85385.86312315637769643217 446449.1117528247996233404 15.3928825338610479889212
85387.15991904270777013153 446448.489750014734454453 15.13530514508507174298302
85384.69844649199512787163 446454.0612474248628132045 14.46264229179298332894632
85384.35318102763267233968 446453.6553827700554393232 14.07310398322273492510703
85384.94165953868650831282 446453.7366212504566647112 13.82930727546566629371227
85386.25682187837082892656 446458.1227320910547859967 14.99893346109728398118932
85390.22834355408849660307 446461.02087201684480533 15.12705736235470688200166
85378.66719600500073283911 446491.8727624982711859047 9.471000000000000085265128
85385.50295737200940493494 446446.0413216571905650198 13.96361941635486125790067
85384.57062726929143536836 446445.5329315421986393631 13.77836311349409648130404
85391.34840130538213998079 446455.423267233301885426 13.91136663894655001172396
85389.77208458929089829326 446455.0448173123877495527 13.572906606256225359175
85390.93157415346649941057 446454.357303216471336782 15.00057492986714713367746
85386.2882693669234868139 446457.587289704941213131 13.67188446173795313143273
85385.09868554671993479133 446456.9179903468466363847 13.84191100676407160108283
85386.8005522561288671568 446457.11230665777111426 14.51446116527936958107148
85385.00701788133301306516 446450.2804673838545568287 15.601952144501764152551
85383.46566574355529155582 446450.4257608709740452468 16.44862379853102396509712
85383.66178043752734083682 446449.0144982475321739912 16.64300145627591831498648
85398.50738938842550851405 446452.6828277006861753762 15.45041792962937243771648
85398.65600972430547699332 446452.9898525317548774183 15.62033428905550636045518
85390.80474960095307324082 446452.3846652709180489182 14.13950011460843114718955
85388.89679889174294658005 446452.1571319802897050977 14.84166338695021458704559
85389.34755105315707623959 446429.9579003090038895607 6.475401002233045488765129
85385.80930436408380046487 446445.1730778425117023289 13.81128348907035352510775
85403.42144788209407124668 446439.4482756418292410672 12.88618158001807323387311
85404.24493511382024735212 446439.8367312799673527479 12.54075215554250632976618
85386.59638418752001598477 446447.9211791780544444919 15.258576819658250300904
85397.6849242165480973199 446443.3729173379833810031 14.37035197663456287386907
85384.86895225732587277889 446457.5797527138493023813 15.03238873351123672250651
85398.14450693628168664873 446443.1079315873212181032 14.60274703643509930373057
85376.44872014546126592904 446445.2977207926451228559 18.50087627300941406360835
85387.97827841635444201529 446443.7360105128027498722 15.50766325836687364869704
85386.74360238021472468972 446443.393437814200296998 16.26683009632508714048527
85385.20665450672095175833 446438.0858841738663613796 -1.062293660687191998448498
85390.72998470957099925727 446435.535504056722857058 6.840375000555436457716496
85386.64109400755842216313 446450.5158423260436393321 14.49568351982882496997718
85388.22883552996790967882 446446.0355969375232234597 14.02036810587910586889393
85388.6605074053950374946 446446.5317078835796564817 13.53690584893676884803426
85367.56467431338387541473 446447.6142771573504433036 15.50172019380614329975288
85367.60123322477738838643 446446.869709485734347254 15.42293130968077896625346
85389.76580462028505280614 446441.1173160730395466089 15.73559777118848757027081
85390.76416889992833603173 446456.2219169981544837356 13.9149804459445860516098
85379.20083950934349559247 446455.0601339568966068327 17.88723058165795265495035
85380.0886609075969317928 446454.2960766470641829073 17.4426236661887337220378
85379.11241616607003379613 446455.5630237424047663808 17.65733608430682721746052
85379.55740392558800522238 446443.4577027320046909153 13.81778921629074474708432
85383.67211931597557850182 446453.7111083384370431304 14.57806277307493303396768
85382.66358261866844259202 446453.3301126195583492517 14.63699591558200729934924
85383.64181453411583788693 446453.307926920591853559 13.99761624328732168009992
85410.59463816859351936728 446438.7703152265748940408 1.984923138672969766815868
85376.62284288680530153215 446451.1965886360849253833 15.21170752718771268519049
85373.7525577486667316407 446450.3549901295336894691 15.73944969308336716551366
85374.85264401441963855177 446449.9015625962638296187 14.38732544447545791399534
85369.53247327773715369403 446441.4153313926653936505 16.97526734602828213382963
85389.15772761811967939138 446444.0362739023985341191 14.78910857621105812143014
85387.98432177164067979902 446444.4799093777546659112 15.38121154511958543764649
85377.5615646523074246943 446449.325307059392798692 14.49944722212290137974833
85381.98406709962000604719 446448.0681593311601318419 19.08042817908247457125981
85378.91131333058001473546 446448.2403529942966997623 16.99526027805598715758606
85378.35251548855740111321 446448.9218138562864623964 15.61147132828346428823352
85382.80911783241026569158 446436.1381403117557056248 12.71561201085117964737492
85375.78563544079952407628 446441.7228691668133251369 14.07266111776072214922806
85375.21224700957827735692 446442.0384470474091358483 14.36409853871103869948911
85375.05303224285307805985 446441.4231261766981333494 14.35472984945869079353997
85372.81859332622843794525 446448.1379699039971455932 14.19921743573091355017368
85377.43647506943671032786 446450.3171461548772640526 13.81156925097827681270246
85377.29150643767206929624 446451.0122161352774128318 14.52325416970349181156053
85375.97503093763953074813 446451.7967474334291182458 16.50486404833768716571285
85378.53327814815565943718 446452.7209499243181198835 16.29231582971476299803726
85370.77339918067445978522 446451.0630150808719918132 18.6395542388395512034549
85372.89300720997562166303 446451.2999397716484963894 17.67613646317534659146986
85372.55540171037137042731 446451.8849314695689827204 18.75574400447827372317988
85374.63893734394514467567 446440.3853147567715495825 14.5294797167556097861052
85373.97475449506600853056 446441.6445843155379407108 14.55772169371924107394989
85376.46250371380301658064 446441.8162148948758840561 13.83685770123141089982255
85370.54445794776256661862 446439.5548706784611567855 15.43848304921063174788287
85370.43037261627614498138 446440.7608119351789355278 15.43092314326233172039338
85379.78739388227404560894 446439.2033262539189308882 19.05491852393235063800603
85373.8644901728694094345 446447.8992131375125609338 14.33951704798481863178949
85371.45815559147740714252 446443.2468518937239423394 18.53028526504765949312059
85374.66654395383375231177 446448.5681213883799500763 13.82957345566552298521401
85373.47029764768376480788 446448.7054782172199338675 14.00741070433357826630072
85368.74284248106414452195 446446.0013435462606139481 15.2618061360785581825894
85371.00112443367834202945 446427.6376576004549860954 9.849239115264124322379757
85371.5113788010785356164 446427.5827764660934917629 6.877322742343255690400383
85363.83415745740057900548 446442.8426024279906414449 15.7077031275750300665095
85374.99316464610456023365 446432.5319698037928901613 11.22028563107669540954703
85363.84129757076152600348 446438.8093186893383972347 16.60663023841527063950707
85373.70590666374482680112 446431.9978822317789308727 10.78976832489852277774389
85373.39886311192822176963 446431.8701724895508959889 10.25071880669045754075341
85374.42845987989858258516 446432.2968895141966640949 10.39331135351949164657981
85375.0817490221670595929 446432.5423128876136615872 9.85572851509221692367646
85378.30078281745954882354 446442.5579466776107437909 13.81981964235570892185478
85377.363826434884686023 446442.8166310436790809035 14.19178430478599217678948
85377.36380412998551037163 446442.0616670562885701656 13.82431876781561186362524
85385.3350271277449792251 446432.9427859759307466447 9.726163982474968605629329
85378.23271957022370770574 446443.4199358984478749335 14.56024694482259285166492
85386.55372501205420121551 446432.6372201558551751077 6.586651947811087204343039
85388.68115668470272794366 446434.6779123741434887052 7.993993443687758215787653
85388.49993150973750744015 446434.4567396826460026205 6.610915037461799315110511
85385.59743564050586428493 446438.0217111264355480671 13.82259911828946208345315
85386.75095209343999158591 446435.8683441306347958744 9.853051062508994206723401
85382.6435674232488963753 446488.5997376450686715543 12.17524182495608542353693
85385.68061160095385275781 446442.4465265172766521573 17.07745284463847568190431
85385.1601068203744944185 446436.7608937200857326388 12.03968941408172454998748
85385.14084963870118372142 446436.7540596888866275549 10.66553292792823448564832
85386.20501575573871377856 446437.1045448275399394333 9.854034381609135806456834
85380.7423839785042218864 446459.8585367501946166158 13.580427421987167235784
85380.52622481402067933232 446459.6440693531767465174 13.38887402214520960797017
85400.65700698414002545178 446450.5148500410141423345 15.02317315401098163363258
85399.6305897092679515481 446448.874443841865286231 15.12082837802939749849429
85401.4632329862070037052 446449.5046112480922602117 15.03863766268325719011045
85385.6003156822407618165 446443.125636397919151932 16.80200987092742792583522
85386.96845309300988446921 446431.9478006592253223062 9.849044586111478594148139
85386.702895396898384206 446433.1818952059838920832 9.852022458778733948747686
85389.4081190097494982183 446446.8156305289594456553 13.57459423636334605589582
85386.48502229718724265695 446443.9156008491991087794 16.15382318728759258874561
85388.48302992396929766983 446446.9226760253077372909 13.53177655734781126284361
85388.71712103915342595428 446447.3863625570083968341 13.97110054117297472942028
85387.90847217115515377373 446446.8850630279048345983 13.77243364698361638431834
85387.42831522654159925878 446447.7513984151883050799 15.13471712125827828288038
85397.726955540114431642 446449.3333589346148073673 14.97943904721924823775225
85396.8199185352714266628 446449.221567838336341083 14.57932672867598888899465
85408.8472072072618175298 446446.8628975622123107314 12.60881395118220460460634
85401.46842257915704976767 446442.6820075475261546671 12.18041275598102402000222
85400.87784950726199895144 446442.9505975657375529408 12.18215349123547674992096
85396.13637962070060893893 446440.4061003054375760257 12.18396021850735877478655
85395.71286871480697300285 446441.1578846805496141315 12.20166679617086202824794
85408.32996069551154505461 446446.1040982378181070089 12.17637444970346827233243
85407.7927339763700729236 446446.5699262071284465492 12.8289070453461047094379
85399.60104685580881778151 446442.68455796706257388 12.18320004485892127377156
85398.85998367046704515815 446446.8669276457512751222 -1.062293660687179341906017
85409.15881620906293392181 446444.8338003693497739732 13.7701486879992511802584
85408.36979899117432069033 446444.5036835688515566289 13.52975475496663726460156
85417.99885786019149236381 446451.5747867925092577934 14.00495503805673891406514
85415.61488292124704457819 446446.3883786065853200853 12.74928407476497227435175
85397.40944681674591265619 446452.66392005659872666 15.4617898557644384283094
85427.9638193007413065061 446449.4672575214644894004 -1.062293660687178897816807
85427.82548627370852045715 446452.0868917548796162009 -1.062293660687179341906017
85430.0977990661485819146 446453.3976984212058596313 -1.062293660687179563950622
85407.75676428338920231909 446456.809638368955347687 15.60883576316761356395091
85404.88173267790989484638 446452.8168533882708288729 14.17684220658472504794645
85408.37537390056240838021 446445.4009450695593841374 12.17677293439695240806486
85406.79241298168199136853 446454.4747935514315031469 13.49185158753533286812853
85402.06500964773294981569 446442.9759137018700130284 -1.062293660687178897816807
85415.50227502765483222902 446447.231211236969102174 15.07605540839777624739781
85405.60133712645620107651 446447.0897319750511087477 16.0204325841183496947906
85411.2618755024450365454 446443.1486480674357153475 13.24630209135720093627242
85415.52273208415135741234 446449.4951684930711053312 13.76480772998845303334292
85416.65920471939898561686 446450.7488897824659943581 13.59893590246777073105022
85399.85486808899440802634 446451.371586026216391474 13.21822314266573528129811
85400.63860333885531872511 446452.0632406611694023013 13.65560253009355662356938
85399.41642746230354532599 446457.2710049450979568064 -1.062293660687179563950622
85402.55015442178410012275 446454.6889859562506899238 -1.062293660687183338708905
85416.83801991460495628417 446456.1285869359853677452 15.09335540855695967366046
85414.66627360787242650986 446454.9652780260075815022 15.01283016390860680644437
85409.39635433233343064785 446446.0800982379005290568 12.17642535927460301081737
85408.04000223420734982938 446450.8896098834811709821 13.33928131671450501016807
85430.09937278325378429145 446465.8604747293284162879 16.80223501012482856253882
85430.60535065909789409488 446466.4123636476579122245 17.01075233733403635483228
85401.1650599018030334264 446468.5478324112482368946 13.93481625473302010220777
85401.97175047233758959919 446468.5185737358988262713 13.38338196448029293605941
85402.22040623197972308844 446469.6395068195997737348 14.9354222696032152839507
85418.27872251924418378621 446485.5144843829330056906 17.14641691672824208581005
85372.8710011293733259663 446485.0985083970008417964 7.929315852740127290587679
85372.45704326880513690412 446484.5930157441180199385 7.923309816002428895842513
85372.42404993860691320151 446484.5781256112968549132 8.405512663322955546618687
85372.95872985922324005514 446484.8318343408172950149 8.65196312425628022424462
85376.16600062702491413802 446483.0538581034052185714 12.17806621348376694413673
85377.44165986207372043282 446483.3054296390037052333 12.17699327189449753916506
85376.55635722304577939212 446484.1652003634953871369 12.17908456248434667656966
85392.30286377908487338573 446461.4874720573425292969 14.91445007678047218746542
85447.80698504421161487699 446462.5498177579720504582 -1.062293660687179119861412
85445.25518508850655052811 446462.5851706313551403582 -1.062293660687179785995227
85414.68099445858388207853 446483.6458379238611087203 17.34285761296847283574607
85418.00375324982451274991 446453.5037337335525080562 15.07419201127229158032605
85412.88431664247764274478 446490.811033406644128263 16.9058685544040230297469
85413.36530440961360000074 446489.9619870780734345317 16.98466092736446597655231
85426.92000158045266289264 446476.7988763087778352201 -1.06229366068718400484272
85407.35203452747373376042 446474.0208259247592650354 -1.062293660687182894619696
85401.75835133049986325204 446465.1917000054381787777 -1.062293660687179563950622
85404.89499141274427529424 446471.0451094690361060202 -1.062293660687146257259883
85406.54598275946045760065 446465.7904892393853515387 -1.062293660687179563950622
85393.0915883534325985238 446497.8549287824425846338 -0.9311224963337226823156811
85431.54883753917238209397 446491.8535660951747559011 17.50491447648906628842269
85438.03087147168116644025 446491.8115445286384783685 9.353263110241229583152744
85404.7696520093159051612 446499.9922884237603284419 12.16093423334064382856923
85406.4851376755686942488 446500.2815139357699081302 -1.062293660687179341906017
85416.24980285471247043461 446469.7493646091897971928 13.92371281169991625858984
85415.30771294693113304675 446469.2849397039972245693 14.0223487423263346585145
85416.07981781753187533468 446469.1493007437093183398 14.62204564239956461335623
85400.68047621824371162802 446501.0038743473123759031 8.525632462677871004075314
85417.21964789187768474221 446483.2861485417815856636 18.45296311788822762878226
85373.54993477520474698395 446488.5284437403897754848 9.195050965916982121939327
85374.52575747208902612329 446486.1592040923424065113 8.715190038389350135616951
85428.27233973801776301116 446471.698168864066246897 -1.062293660687178453727597
85433.79209678935876581818 446473.380606575810816139 -1.062293660687178675772202
85437.62773717704112641513 446491.4791493303491733968 9.092796633205400880228808
85438.05964610794035252184 446491.8394349217996932566 9.882244899659127668201108
85415.52691697292902972549 446457.8322051787981763482 13.23920961717374567001571
85416.19000335577584337443 446458.6236018430790863931 13.79415434732200651524181
85432.03286059842503163964 446497.6273022310342639685 17.75778390717745125471083
85423.6293931463296758011 446473.7931889111641794443 -1.062293660687182006441276
85436.69486660392431076616 446475.540099160629324615 18.11177767991004117220655
85436.71064596876385621727 446475.3257617836934514344 18.42320905801358676967538
85438.5704096663830569014 446485.2799946722225286067 9.99280083570533328440888
85438.55167348918621428311 446485.245230758679099381 8.952830527913139491147376
85439.14142772016930393875 446489.1215614282409660518 -1.058815549050358795213356
85427.03159343845618423074 446507.2497093147831037641 1.094256851817568598761454
85427.08890428127779159695 446507.2672527835238724947 3.997224415945729081300897
85439.45056114188628271222 446486.9645444953348487616 12.62706162171540213989829
85439.01626077690161764622 446486.131639596598688513 11.3030331150951823815376
85434.6874953336373437196 446500.175405953312292695 5.284198901835903683377182
85435.94039191708725411445 446497.1517051247064955533 6.985756854198230669794611
85432.11817463778425008059 446506.3764524268917739391 6.952323657000655465765249
85421.71804049651836976409 446453.9495392327080480754 16.33737672366828164172148
85422.22541344175988342613 446454.7457389521296136081 15.68993189234734764170298
85426.90149703578208573163 446507.5645004337420687079 6.112793960838223128462232
85426.88701689887966495007 446507.6026156193693168461 5.250313144898305139918193
85439.25756440906843636185 446488.6817155028693377972 8.952011232853779532092631
85438.90334775857627391815 446489.6088298391550779343 8.966553655361769514797743
85439.23141152113385032862 446486.5444828280014917254 10.11471380548388054876341
85427.22473807510687038302 446507.3229764054412953556 -0.9139929549810282827237984
85420.97316179002518765628 446490.8330352248740382493 -1.062293660687178675772202
85427.26338771569135133177 446507.338287832448258996 6.538740541642394710208919
85420.64646909777366090566 446476.7287727863295003772 14.11276658734440658804488
85422.4356308077258290723 446477.2684945958899334073 13.80369061744766412402896
85421.831192780751734972 446477.7369825155474245548 14.90262614963769927101112
85433.18213050940539687872 446499.2222594855702482164 17.08641927383136760454363
85432.6472177560644922778 446500.1455563470371998847 17.05176116194593660679857
85431.85487644170643761754 446499.8713001607684418559 17.04886334829184946215719
85432.80942021936061792076 446499.9439523235196247697 17.63758618050093929241484
85445.4648739203839795664 446472.0363490497111342847 17.00675412731243696384809
85443.88719718901847954839 446475.6043157625244930387 11.03552972804860310418462
85434.57645749668881762773 446461.0106873693293891847 17.83636624244091706259496
85433.97326469629479106516 446460.4770770877366885543 17.27202529192340918484661
85444.05033040535636246204 446475.6515491526224650443 11.87306933185042723266633
85443.14974245500343386084 446463.616364794026594609 -1.062293660687179785995227
85429.16178424604004248977 446487.5263679087511263788 -1.062293660687178675772202
85420.43081366950355004519 446476.3250666498206555843 13.69495314911820216252636
85431.28990616695955395699 446469.2667811193969100714 18.00763253573657607375935
85429.62239277602930087596 446469.0993461432517506182 17.29633236489114267442346
85435.84547092170396354049 446488.0251308500301092863 -1.062293660687178453727597
85407.42770875390851870179 446499.9347176974988542497 12.15924324199231065790627
85401.03562807697744574398 446496.5374713896890170872 12.31985278617103674037025
85401.31866878426808398217 446496.3501396193169057369 12.77982617472847515216472
85425.92964063926774542779 446495.2976155102951452136 17.04600355496552666068055
85404.15286975100752897561 446495.7930123925325460732 15.10252680684520676379634
85403.02735688879329245538 446495.6590794239309616387 14.87881641916403907544009
85403.26342744012072216719 446495.2960044885403476655 15.1038503024660357709763
85403.96161119051976129413 446495.0064543610787950456 15.10893466966063414247401
85401.56362579390406608582 446491.8304017753107473254 13.64905972383745336173888
85428.47724173686583526433 446507.5980319979134947062 8.851265320640484546288462
85414.85054315184243023396 446499.0777948331087827682 -1.062293660687146257259883
85390.81161498626170214266 446483.1741347178467549384 14.00501424382605542007241
85396.86204600692144595087 446499.4199889376759529114 11.9547643119017070745258
85394.73564620413526427001 446498.4476172644062899053 12.15391804833427258358824
85405.11315253424982074648 446502.8425491308444179595 1.156530867386980743205527
85398.6506005035771522671 446500.1618816041736863554 8.050328341255466924053508
85381.85568343018530867994 446481.9714066179003566504 -1.0622936606871695719434
85385.07627234949904959649 446478.4504606304690241814 -1.062293660687146257259883
85388.32630868437991011888 446489.2691793990088626742 12.40098816541673620861275
85412.65183313473244197667 446486.5122735450859181583 -1.062293660687259944097605
85418.54503747021954040974 446501.5798015662003308535 -1.062293660687177565549177
85400.55629584132111631334 446480.4077100365539081395 14.0715190149161486488083
85403.65604221234389115125 446502.2381395564298145473 7.07175972094462323980224
85385.4526040378405014053 446494.687350741820409894 9.471000000000001861621968
85384.97376435903424862772 446485.7603611921658739448 12.42819570077667101770658
85391.45009606599342077971 446492.9765427267993800342 13.68275778461642744332494
85391.27188669424504041672 446493.0682745059602893889 13.81582331621893722228833
85390.05782258301042020321 446496.5975960672367364168 10.77602350782264650774778
85389.12502666201908141375 446496.2106721828458830714 9.630861949663524157472239
85387.94738582712307106704 446495.6581339846597984433 12.14363611808113851964208
85388.5414324123557889834 446493.7369077409384772182 12.17316394797141754224867
85389.43630791152827441692 446496.3397916905814781785 8.141685851101282622721556
85392.1877730853739194572 446490.9504147105035372078 12.78020619114695577422935
85390.63166938675567507744 446490.1771991152781993151 12.16901552140272002588972
85399.24491774800117127597 446490.8220529803656972945 13.71070830008897978302684
85399.72889083721383940428 446491.4032021553139202297 13.61200243769956408357302
85392.35981419746531173587 446490.6461854797089472413 12.16777602140608038894243
85392.14906794216949492693 446489.695621241582557559 12.16780309321694808488701
85387.72136094339657574892 446495.6284314377699047327 9.778955103437390050657996
85405.27662849993794225156 446489.6690538550028577447 13.37761867650421265807381
85410.65760737888922449201 446505.1423898105276748538 0.5687585699888647594590907
85411.52741113801312167197 446505.5031845368794165552 2.348700681612561513844639
85398.29790246617631055415 446494.8400474856025539339 13.16283168985191309729998
85408.00266914076928514987 446483.7917644201079383492 -1.062293660687179341906017
85399.99176809882919769734 446496.0047868923866190016 12.46914282825340514193613
85401.41307284041249658912 446497.0295071334112435579 12.16263033344966792981268
85427.47983169087092392147 446506.7720504648750647902 13.439702805882237868218
85429.67254365001281257719 446503.7128999303095042706 -1.062293660687178897816807
85434.28226043624454177916 446500.8804935913649387658 -1.055674412675050133358923
85426.73032965367019642144 446507.9837991272797808051 4.003875681581494205829586
85436.66321450423856731504 446495.4077547164633870125 10.2160394680963104718785
85430.5559855196624994278 446506.6872308436431922019 8.902278661562622374958664
85427.41938498060335405171 446499.7219871819252148271 17.8605011018878521156239
85428.40706057946954388171 446500.8039233275922015309 17.18405292216697333174125
85373.67285782680846750736 446487.2418072177679277956 8.591780233837027935805963
85418.37332910249824635684 446499.9332226143451407552 18.47202577737661854939688
85411.44607645722862798721 446493.3448929170262999833 17.50988082794377476147929
85407.74244815185375045985 446499.3617079633404500782 12.26048716894480428152292
85438.23356249445350840688 446477.7981429998762905598 17.8337588877988473257119
85434.87733494881831575185 446473.4178054219228215516 17.75905056690108452244203
85443.49439712280582170933 446476.5731226840289309621 9.077895090256935972661267
85435.1192552458232967183 446475.8187439126777462661 17.01288801009534523700495
85439.54552568281360436231 446478.2337285525281913579 17.05448722132939565199194
85438.2513172749022487551 446476.8471191688440740108 17.03553501889184218498485
85438.79401462087116669863 446478.0020447521237656474 17.33693593669241650445656
85444.67200023411714937538 446458.1362437062198296189 -1.062293660687179563950622
85443.94308774145611096174 446476.7313409078633412719 8.94887561928879549100202
85444.6028077651426428929 446474.6471581132500432432 18.53408344734352652949383
85450.46554015441506635398 446461.5426515102153643966 8.969829225717910858861615
85428.19303435832262039185 446469.1949438764713704586 16.88307006403725551990647
85427.70814528809569310397 446469.2235650359070859849 17.01054694613040041417662
85435.9677866658748826012 446452.5675313497195020318 12.1523016229022182699282
85434.904202633275417611 446453.3506761566386558115 12.24112423329597376664424
85434.29610431595938280225 446452.5893210509093478322 12.15489034959449554662569
85434.30644922444480471313 446453.5404931494267657399 12.89975313945617862998461
85437.75714256297214888036 446458.3483799506211653352 17.98696955739000813423445
85443.91426228347700089216 446475.5960189644829370081 12.65172786580669139766542
85433.78274070793122518808 446467.8217334368382580578 17.08776700196105480245024
85448.29672720665985252708 446466.786005398549605161 13.7083178805846106484978
85447.87196026384481228888 446466.4735565014416351914 14.78681235834497798009579
85447.90766088778036646545 446466.3938989674206823111 13.35167364397450029400716
85431.63203963785781525075 446452.8346419205772690475 13.50262566087385884827654
85432.88082856076653115451 446452.9479227194678969681 12.89249035475427795915948
85442.95655346874264068902 446461.9626181908533908427 17.97979414480359849903834
85442.84262174699688330293 446463.0264521603821776807 16.86758244101271486670157
85440.86287016650021541864 446462.1946309388731606305 16.87171816249431444134643
85445.87383519959985278547 446471.2585981409065425396 16.34119539708841273295548
85440.88738454802660271525 446473.648686653992626816 17.45973558691594007541426
85443.87719978021050337702 446472.4547759901615791023 17.42113774160952388569967
85444.48230333681567572057 446462.7241741751204244792 17.8575496873516001983262
85447.25613814435200765729 446468.663478693226352334 17.05459303893452016609444
85446.50271603486908134073 446468.9718395027448423207 16.95481969536835009648712
85446.72633294458501040936 446469.4491179496399126947 17.27622868291931368389669
85439.71117855823831632733 446474.2974735143943689764 17.15383872099246431730535
85439.26608128722000401467 446473.7714050840004347265 16.95606183426954061133074
85442.01079343004676047713 446468.3806112639722414315 18.01056776804799142155389
85444.69785686369868926704 446469.4528678234200924635 18.01142249788922100606214
85440.02529370675620157272 446476.9241014335420913994 17.05060420109106189556769
85443.14212967321509495378 446477.8972061833483166993 15.04354487051418232113065
85445.42746591214381624013 446473.8475166531861759722 8.956840337990604083984181
85445.62681108654942363501 446473.7728275876143015921 8.809240985698590264973973
85444.20491489161213394254 446475.7155723298201337457 9.092543273334877440561286
85438.36597457561583723873 446482.9837327195564284921 11.58210835551523487652048
85438.2477371520217275247 446482.9948925809585489333 12.57456277721317583484506
85441.50452364534430671483 446479.1401024452061392367 17.22438119870504991126836
85437.74914848771004471928 446482.7916732722660526633 12.7152587460040606970324
85437.47979215954546816647 446483.1987092222552746534 12.21130150980473594302111
85437.4647137240826850757 446483.1695121644297614694 13.09516340388618260703879
85440.30917339652660302818 446482.1695747876656241715 13.86543215259728967225783
85423.55306603122153319418 446469.3371329453657381237 -1.062293660687221752425557
85443.48658462236926425248 446476.595991274225525558 9.865216255026295399943592
85445.5778326870349701494 446471.7536650309921242297 17.28246779900188201395395
85446.04473909005173482001 446470.9015651345252990723 17.97663594454365920682903
85444.28766131128941196948 446470.5880924332304857671 17.81644178855200166822215
85444.71433556574629619718 446470.545427343575283885 18.00438426614300979622385
85444.91083722292387392372 446471.3910830751992762089 17.35744353896392055958131
85443.9214932028844486922 446471.0400420796358957887 17.30587369151775689601891
85444.6512327023665420711 446464.6488163213361985981 17.21027354955892718635369
85444.40211640854249708354 446463.8789930803468450904 16.9526474429484856898398
85437.24832258113019634038 446477.3487554718740284443 -1.062293660687178675772202
85440.03206405398668721318 446487.275709778827149421 8.388123213655880761052686
85440.13605151858064346015 446487.0246962730307132006 6.357929425749327734251892
85437.1660395250073634088 446482.5537145143607631326 11.42638573453691286374578
85437.522870640765177086 446482.6999353160499595106 10.29202380856195908620521
85437.16548334104300010949 446482.5538480267277918756 9.40277938419488101828847
85437.7149934856133768335 446483.6461087755742482841 10.37958762146789126745716
85442.67269242291513364762 446479.4432020278181880713 9.948822225309191580322477
85435.90041978906083386391 446479.468267718912102282 -1.062293660687179785995227
85414.99417664794600568712 446475.2455144742853008211 15.42018792789141912180639
85415.95270194203476421535 446475.2606302996282465756 14.83776805811904786480682
85416.10922563019266817719 446475.9501325531746260822 15.78817337152589139748216
85437.33957407201523892581 446482.6251474014716222882 12.01849394633738654647459
85437.89025033748475834727 446482.8494095937348902225 12.19813567486119687544033
85438.66022006403363775462 446488.9926253652665764093 16.62224408200913927657894
85437.8169831709674326703 446483.8426271012867800891 11.98829575558422178005458
85425.58579243434360250831 446499.2427366703632287681 17.5629958214448258502216
85438.19533321777998935431 446484.563381505839060992 11.06881210108981328232858
85442.82230878804693929851 446479.0574293369427323341 9.196763601214838601549673
85441.2264687825518194586 446482.2613071103114634752 8.86057681573730526736199
85441.48075012337358202785 446483.128434750426094979 8.863550904512466743767618
85438.23195021462743170559 446482.9888357250019907951 9.697410038109234520220525
85435.29986625637684483081 446495.14029344153823331 17.47566810782297608284352
85434.95798886535339988768 446495.0466626822599209845 17.19147523073088024148092
85439.20436956649064086378 446478.192405486071947962 17.81614885543388382416197
85421.47850754082901403308 446471.2838201053091324866 16.90761316662164759350162
85423.14089361223159357905 446470.2444236275041475892 16.9053771638000718269268
85423.01888658190728165209 446470.885108587215654552 16.91046462993365295801595
85445.24662807004642672837 446473.1516736217308789492 10.47117772285642445240228
85419.81059907886083237827 446461.0061299533117562532 14.84763213490231059665803
85420.98821704342844896019 446461.127753363223746419 14.41052420393680222332478
85420.5560626157239312306 446461.3493633820326067507 15.20098877844855245200506
85448.12343885777227114886 446467.7474875135812908411 8.210504398935213998811378
85443.6423509189480682835 446460.6073691293713636696 -1.062293660687179785995227
85445.22720022613066248596 446473.209409159142524004 9.731928283872203877535867
85439.56773249147227033973 446477.3984619087423197925 17.04673945884614383317057
85439.89355515901115722954 446473.4616710069240070879 17.21303942286377619552695
85439.37526637528208084404 446472.9767486247583292425 17.50349247679307040925778
85448.1604052039620000869 446465.8411901106010191143 16.77781708365472823629716
85417.87908328500634524971 446500.174737519642803818 17.35813479286356653119583
85448.32071682758396491408 446466.7972517364541999996 9.752929115453882857877943
85445.67719654714164789766 446471.851554902212228626 9.94513814942729368340224
85445.56784190678445156664 446472.1841667883563786745 9.371798338619765189605459
85445.73995936177379917353 446473.0439685960882343352 8.958068327002472130971
85445.22722939036611933261 446473.2093211361789144576 9.25609928531511982896518
85439.08259383834956679493 446450.6569604798569343984 12.12066648545879665732627
85446.07401393640611786395 446470.9697206550044938922 9.461855196013161162227334
85448.12814378904295153916 446466.7154478473821654916 12.50670702622196017728129
85446.5988942460244288668 446469.9500789245939813554 9.084086933808848129956459
85447.66593787928286474198 446468.4464185716351494193 8.96257690918486282782851
85449.42382849335263017565 446462.7287943102419376373 12.83800968670598052767673
85449.25270622532116249204 446462.5352353194612078369 13.47924696651585385609451
85447.61247211889713071287 446467.9756389870308339596 10.82198804941005754187699
85447.85518970189150422812 446468.0504459370858967304 10.05108939590362204796747
85431.17885925476730335504 446489.254642670915927738 17.3103846597486388247944
85432.23567009833641350269 446489.7360048503614962101 17.31064721238810832915078
85409.64208007194974925369 446444.2679254199611023068 -1.062293660687179563950622
85448.69539027988503221422 446454.5969556696945801377 12.06420844648976320456768
85445.00751648687582928687 446453.0433222513529472053 8.815871485825606868047544
85420.88166258001001551747 446459.1461162055493332446 14.33986175717312860911079
85421.18154545343713834882 446459.0245825079036876559 14.19343541827717913861306
85421.33299740904476493597 446459.3502276274375617504 14.20370455113517316192429
85421.27157817404076922685 446459.0623950307490304112 14.49203639411968858041746
85440.13788826258678454906 446468.8153069735271856189 17.84770793673170174997722
85448.05102905626699794084 446465.968643242318648845 17.14135476585220629885953
85447.35657709905353840441 446468.4762838261085562408 9.162768036007632233008735
85448.17393942360649816692 446465.8146806383156217635 12.5357092853097089601988
85450.56856434504152275622 446461.8447959792683832347 6.332545552797165022695935
85447.85825750989897642285 446466.5035530666937120259 16.09284714003560878836652
85448.34271436286508105695 446466.8060247678076848388 9.222730420933329398280875
85445.07604236363840755075 446461.486780235543847084 18.02821278014485884000351
85447.48045406860182993114 446460.1315492708818055689 12.81947016595263022509243
85447.50181109253026079386 446460.1683732593082822859 12.08819018623817242996665
85448.07410428894218057394 446461.1041956982226110995 13.17772861145556895223763
85447.54397655080538243055 446468.1110644551808945835 9.730336715184389362320871
85439.90987885431968607008 446463.2556515430915169418 17.42369761532861716091247
85439.33440437870740424842 446462.2769968225038610399 17.12746261136027925431335
85439.89000073005445301533 446461.4845648229238577187 17.17801327675682188100836
85447.88010386831592768431 446460.787882878037635237 11.58023789095468636389796
85448.11317210599372629076 446461.509023630409501493 16.31243399467163968097339
85448.66545859842153731734 446462.0738472415832802653 12.8805153271174592788384
85443.8270385858922963962 446452.5537341632298193872 11.99689860538540209233815
85447.18532999587478116155 446458.5613901760661974549 8.244812966787005592550486
85447.6631432116701034829 446457.3936180882155895233 7.547940354418149588866527
85424.24004588350362610072 446488.3337571521406061947 17.85443690792489945806665
85439.13643426079943310469 446482.5861074687563814223 14.69265043921847180286022
85438.21472197784169111401 446482.9827084032585844398 13.4074417040335536199791
85437.57612277787120547146 446482.7213132536271587014 13.55599000442812140931892
85423.81078331105527468026 446471.7115770753007382154 17.72357652397656124776404
85423.48193920726771466434 446471.8260734463110566139 17.79995478612325499057079
85423.53837194015795830637 446471.757649350562132895 17.54892514763610833483654
85436.98507328120467718691 446494.0870513791451230645 17.34101107546808151482765
85437.22237094794400036335 446493.8573616917710751295 17.28298880181664642918804
85437.11023734525952022523 446494.2732716985046863556 17.91485408148247060466929
85431.67611945593671407551 446464.8509935384499840438 17.9937820817817630825175
85440.08274651192186865956 446487.1533682879526168108 4.407253896236873913494492
85426.74950182483007665724 446479.0300584163051098585 13.76633975753514782525144
85436.46359228994697332382 446495.8894548977841623127 4.225155315358803953529332
85429.40902904850372578949 446492.7161740966839715838 17.21441704937349115311918
85430.97651891654822975397 446493.3600765796727500856 17.41653780341091817263077
85438.09229433335713110864 446484.3674552399897947907 11.90700876727137469401896
85425.07090956870524678379 446485.6723037308547645807 17.99070920283515206961056
85440.5715774874115595594 446454.2026461283676326275 -1.062293660687179341906017
85434.22656837872636970133 446501.287870587024372071 3.769771841078179974715567
85430.6440329252218361944 446480.5935247393208555877 13.77478214267099687617701
85433.09247786163177806884 446475.6081073039676994085 17.07216076726897568960339
85427.71968501344963442534 446479.2859858260490000248 13.74882822748000066326313
85434.68221886664105113596 446500.1881409059860743582 2.244485702945309579803279
85436.63456596217292826623 446495.4769318508333526552 6.165502283442610753638746
85441.7831093085405882448 446481.7486765081412158906 9.793721028512647919228584
85426.60734082119597587734 446486.2920447580981999636 17.9919173303368928884538
85426.57905030075926333666 446485.2555359491962008178 17.33990453590513070025736
85428.01131232548505067825 446485.9397992060985416174 17.41245259547808643674216
85437.72893369184748735279 446487.9726686897338367999 17.8750052849232865526119
85436.61132985155563801527 446495.5319314589141868055 17.76846471690699047485396
85437.88623415322217624635 446491.7462596074328757823 16.948094035435310900084
85438.08315313336788676679 446491.9754968744819052517 17.23618690087910110264602
85424.3029067569732433185 446488.2018167809583246708 17.19642624957638687988037
85425.67139978485647588968 446487.3556397281936369836 17.24435841339330721666556
85436.8319482107472140342 446488.3734536411357112229 17.10684767111120407889757
85428.1730007245932938531 446501.2278224792680703104 16.92958617421204081665564
85436.15760205444530583918 446488.790763633674941957 17.14781128188294090364252
85436.05198957554239314049 446493.5389068235526792705 17.28860970658638152031017
85422.54063679787213914096 446491.9219956122105941176 17.10662944726336576195536
85437.17827509535709396005 446494.1641133794328197837 13.21310591416920132701307
85438.07109218405093997717 446492.0092621350777335465 10.90059538083464651947452
85437.31921888081706129014 446491.8289505411521531641 17.86204880414410567368577
85437.67090031231055036187 446491.3719634474255144596 17.64930848669083829349802
85437.78168467925570439547 446490.7796690785326063633 17.99721522009167884448289
85429.92412775188859086484 446489.6031257075374014676 17.26892601447208974718706
85428.03952438596752472222 446478.864986854197923094 13.73858005292527018070814
85421.34480539079231675714 446491.5797781171277165413 17.85626950363741372029835
85427.49773863544396590441 446489.5171114621916785836 17.43243722393845374085686
85432.59564101227442733943 446495.3790986271924339235 17.18520834413378395311156
85427.30505060177529230714 446498.1352982182870618999 17.99193645867384105940801
85427.45619138513575308025 446498.0489282652270048857 17.80731861663545956275811
85423.73709189232613425702 446494.1849976451485417783 17.37511932629412569895067
85422.71262908681819681078 446493.8438605233677662909 17.02122195330284881720218
85427.11321453815617132932 446497.251689069380518049 17.01828354071685112103296
85425.83401403257448691875 446487.1954858226818032563 17.86276919538883944937879
85414.4310435606021201238 446486.9271793789230287075 17.02228477594263367222993
85428.49918696226086467505 446486.8391721824882552028 17.86733692824929775611054
85409.00470505756675265729 446484.0488317488925531507 14.25294953009816012468036
85407.22808182814333122224 446486.2622283199452795088 13.52147270979237880794699
85435.29110604456218425184 446495.1341331154108047485 17.86377916873948379361536
85411.97795907588442787528 446483.691354701470118016 16.19497121374696035900342
85421.72146261359739582986 446486.0252119915094226599 17.20162832613373282697466
85420.11526758460968267173 446486.1798060507862828672 17.16676791290349513019464
85421.56453974347095936537 446485.2411847354960627854 17.59634785847084614829328
85432.07552225652034394443 446475.3308678538887761533 17.89316810554004888444979
85432.70822734107787255198 446475.4462239878484979272 17.53445981717600332672191
85428.43995311250910162926 446479.4296705423039384186 13.75118216486839983758728
85422.13680446779471822083 446485.3725495912949554622 18.53117191609872449475915
85422.34482390683842822909 446485.6521477605565451086 17.6565554327439073745154
85422.96695203376293648034 446487.868765601422637701 17.2161245110237821620558
85418.70705994746822398156 446482.2509857108234427869 17.43488457510021305552073
85419.53421759440971072763 446481.9315384264918975532 17.01406564059700343705117
85421.33726630591263528913 446483.8575058016576804221 17.79115714384944268999789
85417.48427195886324625462 446489.9792382334126159549 17.2933229124160021683565
85438.70970356577890925109 446488.870456075354013592 11.05036340399099792364268
85422.84885080298408865929 446485.9164654738269746304 17.48695125718777632073397
85422.64261010338668711483 446485.6665016310289502144 17.98637392459171024938769
85429.85125382032128982246 446494.3075089125195518136 17.16196159841402035794999
85430.66690615154220722616 446495.0601974247256293893 17.1720604552638960171862
85429.50843400323356036097 446494.9449318600236438215 17.49887475280844029157379
85426.62198619525588583201 446489.1979016591212712228 17.83931840436418880813108
85425.74248270591488108039 446489.0186777407652698457 17.98510751067533064428972
85426.11790572138852439821 446488.9060119592468254268 17.21338390010369678861935
85425.00083345899474807084 446490.8999540997319854796 17.83538629459126667597957
85428.03436911919561680406 446487.9334948151954449713 17.86084362227275690315764
85436.15636359553900547326 446482.0945024543325416744 13.7985235179896577051295
85435.68474569974932819605 446482.649366889672819525 13.81146163650621616625358
85428.35053688746120315045 446489.6561792571446858346 17.23803131648562114719425
85438.77110983406601008028 446488.4100182910915464163 17.86520262389536384262101
85439.3470303594513097778 446488.0561527302488684654 17.86047213959469814881231
85438.6480116992024704814 446488.7245727575500495732 17.49170999072452303835234
85438.37776545104861725122 446489.6691547257942147553 13.92790083035308157377585
85432.52289331555948592722 446493.4135106367175467312 17.98684204790560769993135
85437.32836756858159787953 446482.6198837712872773409 13.05539800705215114362545
85436.3731339779042173177 446485.4507724782451987267 17.48374900233898543433497
85436.58551355093368329108 446475.5231499734800308943 17.01666146013106484247146
85437.12227083866309840232 446475.9815153906820341945 17.02361413356859998202708
85437.77803265323746018112 446482.9977355533046647906 8.92875332698042178947162
85436.84040554075909312814 446482.0121911309543065727 14.31273161276331684632623
85436.64130709943128749728 446482.7413691346882842481 13.81186994360260911207661
85437.5906640531902667135 446489.6507785526919178665 17.33425446863914487494185
85438.12248094721871893853 446489.9108178216847591102 17.3635789869982168909246
85437.70448610917082987726 446491.2929290500469505787 10.59972124408808369366852
85438.29494074691319838166 446489.4935974692925810814 17.04937639469465082697752
85438.28555109621083829552 446489.0513533532503060997 17.04268699554742383384109
85437.34789820779405999929 446489.0919246250414289534 17.03508975923664081619791
85437.04977737563604023308 446481.4160146485664881766 15.34702587821569075288153
85439.33052680418768431991 446488.0869837964419275522 15.43374452898589233029725
85427.49012961065454874188 446498.0626344847842119634 17.03385165996001759936007
85441.46876555682683829218 446482.1304437896469607949 9.406026099302110310418357
85441.50766207832202780992 446482.1289840596728026867 9.989080065916260409153438
85440.67048519739182665944 446483.4508749372325837612 8.881402536170703854168096
85436.66566011730174068362 446491.4127444569603540003 17.99591017456289421261317
85435.9589967312931548804 446491.2792247888864949346 17.34339174630432722779005
85436.24498984662932343781 446491.3789410956087522209 17.79994909404901193283877
85437.27031458377314265817 446492.2914197140489704907 17.34320573287143929519516
85429.60980784473940730095 446493.2000095646362751722 17.14981945493655501877583
85429.84978100398438982666 446496.7219192156917415559 17.10844260162250307644172
85429.44211039356014225632 446497.8083602861152030528 17.05000073356784184852586
85428.70089680141245480627 446496.8861925345263443887 17.05944247982975880972845
85434.17912441377120558172 446490.5486936916713602841 17.32901388148606969252796
85437.28715564656886272132 446491.8161240051267668605 17.39248120021378696264946
85436.70111159051884897053 446491.8895809725509025156 17.3421679190904427514397
85427.11430153527180664241 446493.7640143435564823449 17.14379874551042703956227
85427.56484253582311794162 446494.1433236992452293634 17.49164693036498618994301
85433.63258243136806413531 446502.1613000728539191186 18.0060757612244870529139
85431.73036768287420272827 446498.7214075311785563827 17.07060949725016740785577
85431.98342999700980726629 446498.0021627889364026487 17.095216756512392919376
85428.7236102518072584644 446496.2538297114660963416 17.75470223010365700133661
85428.68119330906483810395 446496.2367617159616202116 17.08996187904209662633548
85427.87663331333897076547 446490.0047528031282126904 17.2626878270941226389823
85420.51968438454787246883 446492.8507799790822900832 17.06346981602108314746147
85436.47914915553701575845 446495.4714256513398140669 17.98815430657919733903327
85430.68788850233249831945 446497.0669401948107406497 17.86195125206295841735482
85430.38228548355982638896 446498.4950642321491613984 17.0500965865334137561149
85434.68791544070700183511 446490.5677118844469077885 17.99560811301863338940166
85430.52439357373805250973 446495.3656483722734265029 17.40787937923045447519144
85427.72609716303122695535 446497.3251437037833966315 17.02967327699664323858997
85428.33454302165773697197 446473.3169719313154928386 16.95759020592644361613566
85439.52219321392476558685 446488.0355642018257640302 8.942237120423280671843713
85439.96624483940831851214 446487.0111955697648227215 8.925364670990639126557653
85426.08124669919197913259 446491.3463429944822564721 17.8352288371641982678284
85427.05857625241333153099 446488.846920737239997834 17.23254050497531153496311
85429.35614585448638536036 446490.9522236365010030568 17.61594538872964221809525
85428.43304113710473757237 446494.0730936419568024576 17.1526854837301421241591
85421.30022727674804627895 446487.1724060956621542573 17.1642048265238003068589
85421.63301900339138228446 446487.3961523360339924693 17.89362798050018454887322
85420.9402147020009579137 446484.7151330274064093828 18.44705431964824526858138
85418.23377993058238644153 446487.9728163193794898689 17.97624228459253004075435
85417.89594092218612786382 446487.9755152139696292579 17.65157970742520987528223
85415.96719719046086538583 446490.9616616497514769435 17.54895654570292862217684
85414.96299576216551940888 446490.5456717168563045561 17.66420005671806947589175
85422.87798288432531990111 446476.8419411076465621591 13.7014905262921935502618
85419.58682617756130639464 446485.4284591618925333023 17.17476054718355626960147
85411.02231564137036912143 446482.1116577700013294816 15.94451252204760471897771
85411.25956792627403046936 446482.3350676445406861603 15.5625229146026082815979
85414.00426896945282351226 446488.6866968978429213166 17.94457735398446018848517
85414.24905896674317773432 446488.6437534609576687217 17.37957734338004200935757
85416.08039932014071382582 446485.3419149007531814277 17.10939862105138331571652
85409.57627335314464289695 446487.425899365043733269 14.17063757181808369978171
85395.98242648302402812988 446491.3547344329417683184 14.96456763030555237037333
85414.41943776007974520326 446486.0204501263797283173 17.65129100605216194708191
85412.16498804326693061739 446482.0970968931214883924 15.99382203237474442403254
85414.29966012228396721184 446486.4944098021369427443 17.48404755527544551796382
85411.73398098885081708431 446483.2577879396849311888 15.05654046847933535957509
85406.18940393775119446218 446491.3215572626213543117 14.80097786393458925147115
85413.52560781117063015699 446488.0140925453742966056 17.42564808123469077827394
85413.56681492897041607648 446489.8065753288101404905 17.95590929985696604376244
85413.88944880900089628994 446490.1007245900691486895 17.82221259601884710832564
85413.9917457199189811945 446486.3710724359261803329 17.01455860956907528702686
85408.32110259939508978277 446491.3135414323187433183 15.82865793954954725109019
85413.61269312349031679332 446488.0988039547810330987 17.17055329664542284717754
85420.9228024381009163335 446484.9506705436506308615 18.3032556401156334402458
85420.5625116649316623807 446484.8016739404411055148 17.2105111322513693039582
85421.97017855028389021754 446498.5221326964674517512 -1.062293660687146257259883
85418.72437997034285217524 446494.4298862043069675565 17.22824993004814331243324
85407.71044720851932652295 446489.3711864213109947741 15.26350198787514678144817
85408.40249057431356050074 446489.6814766971510834992 15.3050246953737172361798
85407.98784355245879851282 446489.760362087981775403 14.67915620203656601461262
85416.33620436125784181058 446484.2263650594977661967 17.14317560306367127509475
85416.38117864671221468598 446483.6131118519115261734 17.15944226823931728631578
85417.08437277308257762343 446484.1867864809464663267 17.15785923988075012402987
85416.24560778978047892451 446483.7343125150073319674 17.49726760606467834691102
85408.35976324423972982913 446481.3775817282730713487 16.58642160505003104731259
85410.83194910730526316911 446481.6773759620264172554 15.55709432588211349468565
85410.16194719560735393316 446482.2271831448306329548 16.56790274320172784427996
85420.35487496382847893983 446486.8637469039531424642 17.15344754308167907197458
85421.59419881022768095136 446468.341464832192286849 17.58356513020373057543111
85415.92038472012791316956 446451.5859644038719125092 16.30343529858189555170611
85416.94045338673458900303 446472.5364442379795946181 16.17371930038288496689347
85416.40377568385156337172 446472.1632106469478458166 15.88939500197842491502342
85416.30951016041217371821 446471.897261648322455585 15.26134771269765977308452
85414.01830511544540058821 446478.3226760298130102456 15.96934533530849087412662
85405.80296379401988815516 446503.1286829421878792346 3.747624739809644722754456
85425.87973755126586183906 446472.5796086363843642175 17.40916730366359743698013
85425.33690633530204650015 446472.4412397797568701208 17.87599461352095175925569
85415.56154677434824407101 446485.2238614337402395904 17.11760376716296505605897
85422.36847897773259319365 446467.900086384208407253 17.47753526600049056582975
85422.77194714272627606988 446466.7593540851376019418 16.73598691863977094840266
85423.05818164274387527257 446467.2777055282494984567 16.96444675998215956269632
85416.13729898785823024809 446476.611779956438113004 16.709117785873026207355
85408.35277391955605708063 446476.7694291219231672585 15.08417505450124806998247
85416.26936964069318491966 446473.8194251598324626684 13.81041979439022782116808
85424.74838386096234899014 446459.7674221132765524089 16.68412912050817453746276
85424.70778366405284032226 446460.6401980482041835785 17.44643831287022450737823
85405.55798018861969467252 446477.717005540500395 13.26025030169773444299608
85422.40792514156782999635 446471.9303151710191741586 17.18684669782195584275541
85422.42834703241533134133 446472.0129804933094419539 17.92505672774152714055163
85412.31570238240237813443 446476.6303426133235916495 13.48976248481335815654347
85413.65023933209886308759 446476.8766908112447708845 14.07686607335661399531546
85414.45267836567654740065 446475.1432868294068612158 15.60656829312515014862583
85413.73735952202696353197 446474.5661989748477935791 15.17817336251238558020304
85415.17838713931269012392 446475.7181912956875748932 16.02435458593482309197498
85414.54029299983812961727 446476.0226388791925273836 15.9326218639153083245219
85411.71451965977030340582 446483.2998924881685525179 15.89406274413323139071963
85411.73849403009808156639 446483.2480239835567772388 15.75317382678122690720102
85411.71407121200172696263 446482.9582004660624079406 15.85609073742850938515403
85411.49416746242786757648 446482.9446629927260801196 14.9462841046998171634641
85423.35675932778394781053 446455.4923897336702793837 15.79315254806486734651116
85423.03333776530053000897 446455.3285750688519328833 15.39524160996589507988119
85423.21529217642091680318 446453.8524593207985162735 14.17982007089268492450174
85422.75847950842580758035 446452.6841308196890167892 13.7001629431632050426515
85423.77290693309623748064 446454.040586100600194186 14.3299814048172855507346
85424.06503726277151145041 446453.1932224092888645828 14.27160696298603248521886
85416.85106698849995154887 446468.4120868206955492496 15.94774107394745144006265
85416.10585006154724396765 446468.0310147805721499026 15.65403246506064682819215
85416.35192156168341170996 446467.7163430428481660783 15.13604145386773147663462
85415.23774442514695692807 446471.731247006100602448 15.4470126475893696493813
85414.81939594075083732605 446455.007676057459320873 -1.062293660687193996849942
85414.28553007650771178305 446471.2273634750163182616 -1.062293660687159135846969
85416.55107207194669172168 446470.3835494752274826169 14.10919382007259059719217
85411.18895840283948928118 446477.104561017535161227 14.50479700301829488751082
85410.09245180636935401708 446476.9756110010202974081 14.9437209252105418499923
85410.31077725128852762282 446476.4466813107137568295 14.10757561766107315293084
85415.44288873669574968517 446471.8875203817733563483 16.08827321683012456787765
85425.23375175638648215681 446467.7916506881010718644 16.76042140716144857037762
85426.50718634790973737836 446467.8227868381072767079 17.27034912300636193549508
85422.18359559665259439498 446469.9589878011029213667 17.19353656112256345522837
85421.01590226092957891524 446470.0675361442845314741 16.89434955485715761369647
85414.10913489441736601293 446467.8658123207278549671 15.24291461302812678013652
85414.00390014353615697473 446467.4737357374397106469 15.26943425728659775586493
85415.13781332779035437852 446465.7807405345374718308 13.32767201906883158812889
85416.3538693566806614399 446466.6605985068017616868 13.56449793826331706725341
85415.35760917280276771635 446466.9270456901867873967 14.57760689608575255249434
85420.37250391174165997654 446470.1043278286815620959 17.22758201420752754984278
85417.23592590223415754735 446468.0922898016287945211 15.14531794836151590288864
85423.01762673891789745539 446472.1816695857560262084 17.51953878641030470930673
85420.40637147326197009534 446470.7293277484131976962 16.89664849577693672699752
85420.61699397432676050812 446470.2570367912412621081 16.89300060702087691311135
85426.21079567214474081993 446472.040500641509424895 16.93511670252760836774542
85426.23639903712319210172 446471.2020628502941690385 16.92867562982901930013213
85426.94077576426207087934 446471.0090292062377557158 18.20232608470742619033444
85415.74632865923922508955 446480.0420628578285686672 17.01375237755400604555689
85430.61898239077709149569 446464.8469764254987239838 17.83537564349570203603434
85429.77674604386265855283 446464.4772284804494120181 17.84912196028097497446652
85430.32355161700979806483 446464.1714941214886493981 17.9933001947075474902249
85431.8640201771049760282 446487.5972754497779533267 17.48701681921969353084023
85418.58612463063036557287 446460.2885418678051792085 14.59790948999743420699815
85419.17371761701360810548 446461.3601304805488325655 15.61676562051524008722936
85418.18988426518626511097 446460.976086143811699003 15.60015457426274387842113
85431.65460594053729437292 446473.4489199031959287822 16.97932662457490238239188
85430.0093272346566664055 446472.8686721536796540022 16.96142792911522079180031
85429.87447022584092337638 446472.7094596499227918684 17.61030974806737603444162
85417.66587252417230047286 446468.4474772945395670831 15.96353698681199873021797
85427.07202667313686106354 446471.4421032087411731482 18.35008819504161081681559
85425.77837829814234282821 446470.78577267104992643 18.33794644856650890574201
85430.05787672825681511313 446465.407222866895608604 17.16236532894345501176758
85430.03684014502505306154 446464.929128030373249203 17.5583065419411603613753
85429.79673561966046690941 446463.2062201894586905837 17.86351816628370769990397
85440.96724843772244639695 446474.3633998316945508122 16.90582823753370078634362
85431.91214476049935910851 446469.3423235295922495425 18.43835961333675754758588
85433.29361897963099181652 446471.1289632832631468773 16.81753071207722527447004
85432.840312051514047198 446470.1341785109252668917 17.62569135032332212631445
85439.27294724101375322789 446476.6561857443884946406 17.03984497801678088535482
85438.39088618173263967037 446476.2441527991904877126 17.12418440834300525921208
85439.70716290846758056432 446473.9439976033172570169 16.95348376653297961524913
85428.45895620205556042492 446472.1216581568005494773 16.9963961087115684733817
85437.66607035984634421766 446491.3860293101170100272 9.996839071370068552369048
85437.79538164989207871258 446491.7071924839401617646 10.30976120654248440189349
85428.21783126484660897404 446490.4821049041347578168 17.21354530373512758956167
85434.31427596052526496351 446454.8888583403895609081 -1.062293660687179563950622
85437.71205690897477325052 446452.9690861508715897799 -1.062293660687182450530486
85426.29258189389656763524 446471.2231184428674168885 17.76538053482104118074858
85431.49580395680095534772 446461.3702749454532749951 17.68303175120043846391127
85433.1524254926189314574 446463.278918890340719372 16.75186502934895926841818
85420.15200180510873906314 446475.4571308607701212168 13.76765018921698846554591
85422.55254256313492078334 446486.5513927600113674998 17.20440864022535976118888
85422.07836142797896172851 446485.5509702189010567963 17.22050344215337247533171
85409.49896004163019824773 446471.0954895150498487055 13.69098840332494049221168
85408.95656509662512689829 446471.0834842232288792729 13.36820728625093401831236
85408.65034614036267157644 446469.9044372388161718845 14.96048415314167101541898
85419.87545292305003385991 446451.2863315145368687809 13.82768032628029608588349
85420.27967955073108896613 446450.5391036719083786011 15.03503735698785348517958
85436.6962216286628972739 446454.5639734452706761658 12.95270576893082647984556
85437.25972788900253362954 446454.0906088271294720471 12.15291137006549782029197
85421.62083153078856412321 446452.7812914298265241086 -1.062293660687178453727597
85425.69158400486048776656 446453.6126966736628673971 -1.062293660687146257259883
85424.29501952388091012836 446450.172441972594242543 -1.062293660687176899415363
85447.88954430181183852255 446456.8506982631515711546 2.540910620478722403703387
85437.96553341165417805314 446455.0743265835335478187 12.93051421852690729963342
85438.91114045269205234945 446455.4636602118262089789 12.92947747360974730668204
85438.40394370701687876135 446456.0780895504867658019 14.17199381062259178065688
85442.43225229001836851239 446451.9817258707480505109 -0.9558144328509009524097451
85439.47175909158249851316 446450.7473241236875765026 9.77854170895887619963105
85441.36765005803317762911 446459.9145440997672267258 18.02239060507701751134846
85448.26769411505665630102 446459.0109986290335655212 7.98173082410316947488127
85447.18445329672249499708 446458.5610259997774846852 6.920605412500523634378169
85447.97130960217327810824 446458.8878820363315753639 6.639901756112700503820179
85440.09693490929203107953 446454.2835374884307384491 12.14958475174163154974849
85439.43116743848077021539 446452.7943118743132799864 12.14785830354829698762842
85441.27390354620001744479 446454.0199194396263919771 12.14848565525056400815629
85440.38386360873118974268 446456.3376332421321421862 13.32894693564460375512226
85444.37761281890561804175 446465.2729061640566214919 17.97483339207834518447271
85448.66420105425640940666 446454.6053952336078509688 -1.017360487618434561341019
85444.11030133302847389132 446452.6711953379563055933 0.9650507774153070927880549
85438.76312373789551202208 446454.4091950347647070885 12.15141900443703271150753
85438.19168322641053237021 446454.7085746982484124601 12.23888877487170212532419
85449.62530982539465185255 446459.8441780061111785471 8.949994111594742562942884
85449.03066189182572998106 446460.2038935694145038724 8.944302112844452423701114
85448.96782069884648080915 446459.3011315035400912166 8.772586682758321430242177
85449.31053890791372396052 446463.3290843135910108685 9.232016153224392951415211
85449.07927419026964344084 446461.0001872485154308379 10.74481917430786914735563
85449.19863642007112503052 446461.5294847239856608212 10.21788977114810315072191
85421.1404532421292969957 446456.6135710980161093175 -1.062293660687177343504572
85447.22712190244055818766 446458.4420067793107591569 1.642684417269977936726377
85449.21672086075705010444 446464.5229644870851188898 8.966844789070632870675581
85447.37137989472830668092 446458.0934688568231649697 2.494501484034850946613915
85447.23618622469075489789 446458.5815773174399510026 2.709889267400208634484216
85446.3788236973196035251 446459.4641777126234956086 14.30813776282421123653421
85447.9289612450374988839 446458.8702907481929287314 12.4381883256658039016429
85432.99681454549136105925 446460.3417250094353221357 17.37247491029267720819007
85432.80706425879907328635 446459.5778069698135368526 17.10741168058087779968446
85450.03888142666255589575 446459.7457651761942543089 8.778929534703729942179962
85447.96035305128316394985 446460.0140198627486824989 11.74778067707652340345703
85447.04119900338992010802 446458.7754366641165688634 12.99559628618372819630622
85446.86808658325753640383 446459.0217910924693569541 13.12863967825620115092988
85433.29924338638375047594 446459.0787748317234218121 16.8375023448832550343468
85443.66940693967626430094 446453.2311405343352816999 12.14339689086869711331929
85446.21712887070316355675 446456.1449398521799594164 12.14492836579770695948355
85447.83967054080858360976 446468.0448793760151602328 9.211262122503839577802864
85440.73341526662989053875 446463.604153274092823267 17.84702713809949159440293
85441.68518337681598495692 446463.6164722270332276821 17.27627353948340882539014
85448.13143516100535634905 446466.7156085176393389702 16.81382362051014212056543
85442.24948898561706300825 446456.5547407728736288846 12.4952784806826233676702
85444.9684535622363910079 446457.4980447380803525448 12.22311405777140080886056
85447.82267554198915604502 446468.037283514451701194 16.45622914939633218978088
85447.58750548526586499065 446468.0252679326804354787 17.34136114177193377372532
85446.46503595149260945618 446467.522779563965741545 17.84257672983492426510566
85439.74803062663704622537 446468.2721361516742035747 18.00157631125914292624657
85440.50116149538371246308 446460.9123502134461887181 17.98416876386106721952274
85437.69022785373090300709 446459.9001360735855996609 17.84691070914086097332074
85443.71300381665059830993 446463.1388117030146531761 17.11961942489267585187918
85436.95212139720388222486 446460.5185809497488662601 16.91716917881315040972368
85437.61805508188263047487 446460.9323308750754222274 16.87647135793111985435644
85436.97685970889870077372 446461.3263891858514398336 17.12872041458870953078986
85438.16207560400653164834 446461.7159402604447677732 17.09473507883531695483725
85438.9722604907292407006 446461.7112065090332180262 16.96452428729266515006202
85438.19913629641814623028 446462.5370801726821810007 17.84551833797287656580011
85435.53477024930180050433 446459.0051079402328468859 17.8423825669293911744262
85446.43824396150012034923 446470.035010408260859549 17.87525583022775776953495
85422.69995933804602827877 446455.8834632252692244947 14.57111228091698684750099
85422.04033894849999342114 446456.2945252693025395274 13.99678732686001936258435
85420.92221607182000298053 446455.7202119899448007345 13.88408833209043358181134
85425.290234428844996728 446461.4927670741453766823 17.97908437913812562669591
85425.05170802303473465145 446462.1024275477393530309 17.98489705472845656686331
85423.6832590188569156453 446466.6359254783601500094 17.27968526428909612491225
85423.00704266079992521554 446466.5626795681309886277 17.11268338653039933205946
85422.58961213019210845232 446455.4110716198920272291 15.07894051141628821710583
85421.53703137613774742931 446454.9045139468507841229 15.15819246990087876270081
85421.28947150219755712897 446453.5667076699319295585 16.17394943244049443364929
85420.48440849737380631268 446453.2343307671835646033 15.07748336714927006596554
85428.407668862389982678 446455.9998785839416086674 17.87622727666597555185035
85424.17008274176623672247 446449.0679583973251283169 12.47186876783382025735136
85412.90036528211203403771 446448.4540645148954354227 12.47075467171050533465859
85413.36381568752403836697 446448.5764370039687491953 12.36451737915165693948438
85416.38320168179052416235 446448.8752784866956062615 15.05865569259865743845239
85415.38868797848408576101 446451.1299153782892972231 16.13260461282973423635667
85447.92108052773983217776 446466.3645524959429167211 17.03796819266262474457108
85410.74989240142167545855 446465.7422012867173179984 -1.062293660687177121459968
85424.84333858253376092762 446450.9773173280409537256 14.93136510339742528685747
85424.49629784602439031005 446459.5407248556148260832 17.11760517742185072620487
85423.19683255694690160453 446459.1855509655433706939 16.64843952091475642873775
85425.79413424056838266551 446456.4419178023235872388 17.13836584825867959125389
85421.38649900104792322963 446449.733726377715356648 15.08580134749840695462808
85424.29837772011524066329 446451.357508739223703742 16.08306003177992593577983
85418.88183849984488915652 446449.9544116907054558396 15.02727926543339087572804
85427.05508780245145317167 446448.9881447451771236956 12.15799082145024279100198
85422.13328730722423642874 446452.211930169549304992 13.86514134713979196078526
85422.99337660864694043994 446451.4172519630519673228 15.1721516193889680579332
85423.51890353257476817816 446448.4052209169021807611 12.16145755674168960069892
85422.21277587467920966446 446448.1863121036440134048 12.36104771017141779054782
85417.42049076211696956307 446451.6738375953864306211 14.51913525855826492261258
85422.87395308441773522645 446448.1745659278240054846 12.16246093893073343394917
85409.75760006855125539005 446455.3207016827072948217 13.43092874354699439720662
85409.27090692809724714607 446455.5378624695586040616 13.5356116920254443414251
85409.13885645331174600869 446455.0115124319563619792 13.51312058203391330835075
85411.25207074428908526897 446465.4990000745747238398 15.01182954195659746687852
85421.44740528016700409353 446447.2728313847328536212 12.16259245019779200447374
85416.76557446745573543012 446471.2193897188408300281 14.37482274376113267067012
85419.43642578243452589959 446459.4958727337652817369 13.54508125202279700260988
85420.25357055779022630304 446459.6384556960547342896 13.85523662077644502232943
85419.72845650110684800893 446460.163361914164852351 13.88354762199655745291693
85412.70383852781378664076 446455.527606460964307189 14.97265120460726883777625
85416.16495923674665391445 446451.4500653611612506211 16.06303786354348517306789
85423.64523153347545303404 446454.4134801252512261271 14.76203598058953403437954
85412.76030190644087269902 446450.0445204550051130354 15.45512407952347189166176
85412.98680405650520697236 446450.1373951759887859225 16.09525828180695583569104
85423.02821616263827309012 446455.9307172598200850189 14.67731978721879393390282
85414.95637272211024537683 446446.8076545795775018632 12.1703636287458643039372
85423.34429170847579371184 446451.0444554891437292099 15.31736278543566776022544
85424.41520770618808455765 446452.9501980659551918507 14.35070941420496559715048
85407.8332825253892224282 446457.7287682158057577908 14.56961675852508975026467
85421.83644972697948105633 446452.9267904910375364125 13.64139254043315752085164
85417.72493615048006176949 446452.1598163991002365947 16.29900762188782792350139
85411.67637542348529677838 446450.0519690582295879722 16.04686328045435317335432
85419.51332945455214940012 446453.065832878346554935 16.32032262402098865550215
85418.75256813176383730024 446452.5179865541285835207 16.12439947157895758778068
85420.46964743557327892631 446450.2545311210560612381 -1.062293660687179119861412
85419.5836801981640746817 446448.5070597996236756444 -1.062293660687179563950622
85417.52409319924481678754 446451.1880117302061989903 13.71597179640582275794713
85396.42521530605154111981 446435.7882101208670064807 9.958808370019688993579621
85386.92876678607717622072 446437.5413755373447202146 12.25199980968799096103794
85390.01932821077934931964 446439.4361160965636372566 13.18533151037653539106032
85400.12106600412516854703 446443.0270209311856888235 12.27602847416022946447356
85401.19930686926818452775 446443.435694501327816397 12.19368924225102368552598
85395.21878188598202541471 446437.1601148861809633672 9.162848498869891500362428
85403.89580509594816248864 446455.9004407322499901056 14.80603826561199731770557
85409.74867950016050599515 446455.7885069720214232802 13.59804760167251203029082
85410.59515913577342871577 446455.7866535228095017374 13.24829727556611480565607
85410.56395471165888011456 446456.1986196865327656269 13.68482168723304503998861
85406.0000007784110493958 446470.7741694021387957036 14.2795791164545740059566
85400.34881977541954256594 446466.4772168382187373936 14.94228055618223294231939
85401.06743392520002089441 446467.96539908746490255 13.14210435981841662567149
85388.96410695579834282398 446453.3544265478849411011 15.13610618238494787135551
85394.2171133949450450018 446461.2236055143876001239 13.38877471020188814065932
85389.04353683153749443591 446458.7305360094178467989 13.65239373906286779458696
85389.56125509637058712542 446458.5092138680047355592 14.1778606553225774433713
85389.84816003208106849343 446459.0365375916007906199 13.64660611830610825734311
85388.8361772703065071255 446459.4303031203453429043 13.92789234646824425567502
85395.33891030179802328348 446466.0759936060640029609 13.84578747016694855176411
85393.11119199058157391846 446465.1781759567093104124 13.88365848345101838390292
85395.13743959429848473519 446438.0230882758623920381 8.836397225030633961750937
85388.02757639979245141149 446431.7352642831392586231 6.581677002890423899827965
85400.0850849590206053108 446442.5001720245345495641 12.18251995717099589455756
85389.69352451633312739432 446438.6476703235530294478 10.05466409811150896302934
85386.06543101186980493367 446433.2545879270182922482 9.470135353850137605036252
85387.26340325790806673467 446437.5976071229670196772 9.854421138345459851848318
85386.29252432702924124897 446433.2722445573890581727 2.542407262565555825517549
85386.27651192113989964128 446433.3103904735180549324 0.9581078114494925301869444
85372.72140783809300046414 446441.4635360758402384818 15.05457117095150287866545
85385.33302924643794540316 446432.9401422427617944777 4.528237474228463455006022
85389.09258450422203168273 446437.9396928969072178006 9.853520039111970163503429
85385.75258437155571300536 446433.119207663694396615 3.6441721006826535145251
85373.11869700431998353451 446463.760627548792399466 14.14057462171856727195518
85374.29257017397321760654 446464.6173599626054055989 13.74996887667369982466425
85386.50329430897545535117 446432.7576156856957823038 -0.03629317192861608587506339
85386.5332441714417655021 446432.6871013522031717002 -0.9084599143119623798625639
85387.62306934916705358773 446432.0128943892195820808 6.688107422051459138856444
85387.95441651019791606814 446432.357985195005312562 6.582437719171608137003204
85387.43042475380934774876 446433.0861938179587014019 6.566111638099346947683443
85387.29583028826164081693 446431.5546529506100341678 -1.062293660687179341906017
85389.41500092242495156825 446429.9857159110251814127 5.229347369419465429984939
85385.87604131361877080053 446433.1719789500930346549 6.520509878966099570618553
85386.24861089365731459111 446433.3322314213728532195 -0.1098955530327278273805547
85386.40629255861858837306 446432.9962926804437302053 -0.5314659344506662552731768
85387.49668415066844318062 446434.1806527028675191104 7.565710745936486070206684
85395.44700271639158017933 446438.2293665381730534136 9.37168461657804563458285
85395.54900809429818764329 446438.0360054605989716947 12.11227900824622594200264
85401.19073343199852388352 446441.4713034174055792391 -1.062293660687179341906017
85400.75866386434063315392 446446.9072804314782842994 -1.062293660687178675772202
85401.28388226593961007893 446439.7336226917686872184 -1.062293660687176899415363
85400.97560259379679337144 446451.1233545729191973805 14.29852819722797896417887
85392.19288536021485924721 446460.31275261624250561 13.2994471324374305964966
85408.97398918769613374025 446448.631434432347305119 16.29097630112280015168835
85409.01261309724941384047 446448.9091240999405272305 16.08792554597840052110769
85403.98121663393976632506 446455.1818267949274741113 15.62253705932461755878649
85402.83031082837260328233 446454.7102073407731950283 15.62204622726672731403141
85411.12435120553709566593 446445.5164083879790268838 13.06465438480283758337919
85404.44323552741843741387 446446.6116001761984080076 16.03318045490223653359863
85404.16461842045828234404 446453.1268500663572922349 13.25409786962837621615563
85402.32398186385398730636 446452.6472629854106344283 13.51922493400021174636549
85402.17249855957925319672 446452.2138350542518310249 13.38811499439795049681834
85410.08517119308817200363 446455.2831653423490934074 13.69584580207651569594418
85410.70423659347579814494 446455.27228475984884426 14.10308502131115915290138
85414.19496265730413142592 446447.9046900211251340806 12.29325089174959373394813
85412.20098610826244112104 446449.8144515004241839051 16.08161732903317187037828
85411.3564749066426884383 446443.1929197661811485887 13.58085913475366091063279
85411.48839243786642327905 446443.4764858995331451297 13.71853142799056257672419
85411.4933191216696286574 446443.4796835882589221001 12.97142102843812949686253
85374.61862094412208534777 446432.1942215002491138875 9.855767605770237693718627
85359.15113806942827068269 446464.9765092142624780536 15.63566353694496768866884
85411.30301232489000540227 446443.734738688450306654 12.41915206366834212303729
85410.89825528451183345169 446445.6954474861267954111 12.80816618714916010901561
85411.11477430038212332875 446445.6084267094265669584 13.50945372971762203917478
85410.95183186045323964208 446449.2983602008898742497 15.99886235671903733646104
85415.06238796804973389953 446448.414948189863935113 14.93150383685588877824557
85414.74273449895554222167 446471.3773857168271206319 15.13244146905734943686639
85415.12879371605231426656 446471.9121910363319329917 15.09107742608864199951313
85414.57969668407167773694 446472.0237244497402571142 15.20514878311602302574101
85412.21270594447560142726 446460.3082043284084647894 13.65298468124326802808355
85411.17881498305359855294 446460.3359227604232728481 13.50002130803705746586729
85415.22306449236930347979 446470.7482281979755498469 14.39845902959350176786302
85419.04868757259100675583 446458.8599002977716736495 13.89109356280241946990373
85420.34388434974243864417 446459.1822884634602814913 14.21304130507922991455416
85409.59982281606062315404 446470.6435559354722499847 -1.062293660687146257259883
85405.32285871122439857572 446485.8113673841580748558 13.01166879296406975186073
85416.87511452041508164257 446457.6659072610782459378 14.33991221704233431921693
85417.56970339443068951368 446458.4612572435289621353 13.56708286064602653198108
85416.80606089990760665387 446458.1522098868153989315 13.5569564096845311951256
85420.19292859271808993071 446453.1130229614791460335 16.13808054982164819080026
85417.98167894310608971864 446450.6884378205868415534 13.60092145216617964820216
85416.3477772135374834761 446451.5264884168864227831 15.28999010336960928668759
85428.40479581004183273762 446451.948037036054302007 14.17502433427365282625487
85414.23428330014576204121 446461.3683105639065615833 13.38781814072632769807569
85416.40866577696579042822 446461.9332144238287582994 13.79115133361598566352768
85418.0709411265270318836 446461.8602327483240514994 14.70639525635039390749625
85416.92476611853635404259 446468.7046476516406983137 15.67391747569773485793121
85415.41878846853796858341 446468.1744004880310967565 15.54931328741369611634582
85417.79702956904657185078 446468.481754633947275579 15.39168866353886855335986
85421.56020275695482268929 446457.1638768502161838114 14.17335311825949695219151
85421.05687648513412568718 446457.568676901631988585 14.94812921158103158347785
85420.14147871114255394787 446457.3629287517978809774 15.09156480096947383628958
85416.96491519077972043306 446463.6448939550900831819 14.61613917058838651996666
85418.39594694992410950363 446464.5082605797797441483 14.94749065647113894783615
85417.55227002548053860664 446464.5394367670523934066 15.93285362712273567353805
85422.08841012131597381085 446457.3180059646256268024 15.68254715211122451989922
85423.86708807543618604541 446470.9798445997294038534 16.91439894458931902931909
85405.27128546356107108295 446457.7929698789957910776 -1.062293660687179563950622
85418.72821677457250189036 446466.9106534317834302783 15.99447241623678017674592
85413.61891389054653700441 446454.4996148996870033443 14.97287556223301052682473
85425.86507804585562553257 446461.6150679880520328879 17.87676623882808257803845
85409.20253962912829592824 446452.538281880842987448 14.81177754652524392042778
85423.19020856657880358398 446455.8801865559071302414 15.16020849075396625948997
85420.14784670564404223114 446461.4230685922084376216 16.08130136085317474226031
85420.10095760888361837715 446462.4217874481691978872 15.10906474376350416832793
85420.16707605340343434364 446463.2801604781998321414 15.97915921825820717572242
85418.59893508162349462509 446456.5915223131887614727 15.00261666087038037176171
85418.45518117099709343165 446456.3467868576408363879 14.7710133591562371435657
85420.94086757893091998994 446456.1881989205139689147 13.47106170571783678724387
85428.41227385548700112849 446466.3575836487580090761 17.51121852721973937150324
85406.00265784174553118646 446453.3917105451109819114 14.0075988999221880959567
85416.87715058513276744634 446457.2350751016056165099 14.99779844456843136413227
85412.89559270029712934047 446458.818423186952713877 15.61615474422876204130262
85410.16093790448212530464 446457.738685384567361325 15.62373148572213743534576
85420.70330303942319005728 446458.6673323969589546323 15.48410484354392835371073
85420.22918078889779280871 446458.6307728794636204839 15.06022364521982304097492
85418.65192695385485421866 446457.9826254722429439425 14.97774549230416774037167
85421.183937399837304838 446457.6831792849116027355 15.44581212714589035783774
85421.51276709983358159661 446459.1531579408328980207 15.80477478959842052574913
85414.07576345358393155038 446459.5381598944077268243 15.50760701929869256332495
85416.45395445644680876285 446460.3112807060242630541 15.62139685409580813768571
85414.26445329781563486904 446456.1644109779153950512 14.98388046256488159713172
85416.28725798173400107771 446462.3981852447614073753 13.42300902923958005885652
85418.29581065195088740438 446459.4127680898527614772 13.69525186685329920521781
85417.4256205178244272247 446459.615376700705382973 14.36828284675988953722481
85427.59206819733662996441 446464.7901515051489695907 16.81143317356916710991754
85425.81974289235949981958 446466.8024123723735101521 18.39257325625436934046775
85423.65614565741270780563 446462.006684640480671078 17.34655685429862614910235
85417.41510896182444412261 446468.7073400656809099019 15.93676465214959847571663
85417.44383613232639618218 446468.8696223062579520047 15.73942986983654535038113
85421.88951244077179580927 446463.6632304324884898961 16.8805236174563368933832
85422.18294536927714943886 446462.1030344744212925434 16.73031005636271117964498
85421.39808511611772701144 446460.3975408989936113358 14.98750231956317691128788
85421.51639511968824081123 446459.3605814453330822289 14.69920392988990620608547
85421.42834601942740846425 446460.1356850788579322398 15.96965385217229282943663
85417.26779632132092956454 446459.0039886021404527128 13.71536560587094299989985
85418.71007730999554041773 446459.1477985251694917679 13.237050450906599152745
85421.55877126785344444215 446457.7175700505031272769 14.87289199655820404188944
85421.669605612987652421 446457.7539115921827033162 15.268573944277948228887
85421.32522638309455942363 446461.0672012097202241421 16.11095665506419294388252
85421.92881829262478277087 446457.4472612980171106756 14.50098122780399378939364
85414.9341789531463291496 446467.5725272510317154229 15.09332040245472406070348
85414.96460249942902009934 446467.0398859560955315828 15.00693710624539711773195
85415.08272430005308706313 446467.7599082865053787827 15.47115306530264433604316
85424.24181201629107818007 446462.5232359127840027213 17.54202627483700993593629
85423.10328908238443545997 446463.1044364766567014158 17.15579076311585637881763
85417.39224037779786158353 446469.1750954046729020774 15.30850077945362031073273
85418.15333149363868869841 446468.2277937741600908339 14.77939327203165653656924
85416.33475844406348187476 446464.5319591372390277684 15.46108574943817437485905
85414.67645040701609104872 446463.8177379629923962057 15.83297173618349518164905
85413.74310846236767247319 446464.8501948730554431677 13.75817686772752956869681
85426.16086958016967400908 446470.1764959934516809881 17.90559773341049520922752
85425.89681745199777651578 446468.512461066129617393 17.01846898503769267563257
85413.0113268704735673964 446463.3061698925448581576 16.11204338048102968627973
85428.40897331693849992007 446463.7691326233907602727 17.97827575897957075312661
85423.62324500860995613039 446466.9884455259889364243 16.87076462377710939222197
85416.40008914914506021887 446462.8502153121517039835 13.92514664660640377746859
85416.33026746819086838514 446464.0729634657618589699 15.58771868546204331096305
85413.4425646355957724154 446471.647464177047368139 15.09356899080772329568845
85414.03206295210111420602 446472.5076776836649514735 14.39463940547758546983914
85415.56870841018098872155 446472.8724206475308164954 14.80600004892442456139179
85418.58158838954113889486 446465.498484402836766094 15.67009239217454386050576
85417.28820342094695661217 446466.0205468349158763885 14.12623950839779496391202
85419.13957562811265233904 446464.7752885294612497091 15.89632623921390930377129
85419.06250982501660473645 446466.1293811615905724466 15.95357510549542645605925
85414.10778993197891395539 446466.0446739698527380824 14.0413669511656387101084
85416.56210954287962522358 446466.3124432099866680801 13.4349925824358606973874
85414.03504256159067153931 446474.0350271548959426582 14.17856156877616768952066
85416.74053953828115481883 446471.5552661704132333398 14.70595759409229508207773
85414.59663017986167687923 446477.0559154232032597065 15.70314530029675736955141
85414.26995241206896025687 446476.9199677271535620093 15.77322672196845942949039
85414.52961462631355971098 446477.2156491245259530842 14.82783909453547721568611
85414.7297327156993560493 446473.7201104678679257631 13.64462423583667849413814
85414.10005460765387397259 446476.0807903989334590733 14.84431566958797432675965
85414.55221099956543184817 446475.8529937245766632259 15.40647154734815948984306
85414.06751656268897932023 446476.5851642009220086038 15.66729124431602571121402
85414.06330221961252391338 446475.5479845944209955633 15.46881188398170081654825
85414.01531808490108232945 446476.7515234770253300667 15.44436438429514169001777
85414.23225047954474575818 446476.7616169331595301628 15.93071864677257210018979
85413.30529589702200610191 446475.4624376146239228547 15.19422049798367169159974
85414.59273289145494345576 446473.0775441501755267382 13.88195987483148030605662
85413.99262049492972437292 446473.6365176207618787885 13.64409550746029964329864
85413.9104362848011078313 446473.2035038257599808276 13.63444356970237159032422
85416.52340406754228752106 446467.0533231499721296132 14.04560816708479720205105
85424.00077184570545796305 446468.3166830076370388269 17.34051996050998312171032
85411.90053035800519865006 446472.0299962531425990164 13.78316024902124681261739
85411.52424952499859500676 446472.1231221414636820555 13.40487270924033502694783
85410.83864305788301862776 446471.3851715759374201298 14.09030533008726138177735
85409.62521868257317692041 446470.3040202410193160176 14.96624969341796962396529
85411.77176631461770739406 446471.0617597968084737659 15.09292767336449436754719
85398.8716583650530083105 446466.9622292964486405253 13.28276546552207193485629
85411.17899672915518749505 446477.9192958318162709475 15.08135040521073477748359
85411.352296198092517443 446473.4187266624649055302 14.93176612423622628966768
85410.58250746878911741078 446473.3794975432101637125 15.09612053324408620369468
85408.92072794497653376311 446468.5996049508103169501 14.97098332159890787806944
85406.5058231484581483528 446468.8740819045924581587 15.09976891111261920741526
85405.58288571731827687472 446478.9782571863615885377 14.77548919469213650756956
85405.4972857597895199433 446479.7441122120362706482 15.98872705960126339164162
85403.820817422034451738 446478.2454882341553457081 14.77465629936521551712758
85406.27206435642438009381 446480.7208390822634100914 15.82350464954581958920699
85414.4996292287833057344 446475.5600312360911630094 15.69277105785974235629965
85405.61676229415752459317 446472.5137508934130892158 14.9255952933410540595105
85404.11123639234574511647 446483.5264140820363536477 15.70005667753167699629557
85407.58353298046858981252 446474.638443460687994957 13.33941967652551596756894
85409.81670047860825434327 446474.2147574520204216242 14.96341031972852597675683
85411.64034350375004578382 446490.6968309204676188529 16.88432747735917160980534
85407.60593245016934815794 446469.4699592951219528913 14.96235362095131549153848
85408.70490030192013364285 446480.5537032249849289656 15.19253560466578889531775
85404.9860611964832060039 446481.6016055726795457304 13.32665976696810794521753
85412.58079484944755677134 446481.4233878989471122622 14.40144065643463910930677
85407.22192660870496183634 446482.5385726846870966256 13.31114479661548166689045
85408.19572217584936879575 446482.6544474376132711768 13.6571378506545180187004
85408.0975911735586123541 446483.1538549699471332133 13.61380964509143787211087
85407.70731709754909388721 446494.3576420604367740452 15.14573262387442653675862
85407.70428180080489255488 446493.9777577635832130909 14.86384655457838732672826
85407.7039689525990979746 446493.9026909465319477022 15.361949135492874773945
85399.69871609905385412276 446491.8424292408162727952 13.80043818489136597804645
85416.90086818799318280071 446493.1935691389953717589 -1.062293660687179341906017
85408.64119381587079260498 446491.2594952998915687203 15.63820789095480989772113
85407.13351610550307668746 446480.577516737102996558 16.22164373563252226517761
85406.91923216749273706228 446481.5579440727015025914 14.34059824745216893404631
85407.47086720606603194028 446490.0441138358437456191 14.05221284172950113600109
85408.5418890665314393118 446490.2679605198209173977 14.75157048851207797213192
85410.91938920780376065522 446477.3004744001664221287 14.91958221248639482325871
85409.17846429246128536761 446483.0941813014214858413 13.61575262449655632224221
85410.02304260329401586205 446483.6961229328298941255 13.6368377122114132760089
85414.34564543937449343503 446477.2578961285762488842 14.42005691507558751141005
85410.92775067794718779624 446474.6860699238604865968 14.94778574579891561313616
85420.63022504570835735649 446469.8424011860624887049 17.04446806109514156446494
85421.15600841066043358296 446469.5733504745294339955 17.60523586589328459695025
85411.62673471916059497744 446475.6036059414618648589 14.18837669429870551596196
85416.66871379110671114177 446483.338333022897131741 17.45798873191300160101491
85417.08540108620945829898 446483.4196635612170211971 17.24419540822997376494641
85424.9535037983296206221 446467.0547734361607581377 17.39796739674256542684816
85424.99050913332030177116 446470.864313819445669651 16.91969766253060214467041
85424.41258479146927129477 446470.7643684633658267558 16.91600904837363117394489
85427.32425624674942810088 446459.0166068087564781308 -1.062293660687180674173646
85417.75554206689412239939 446469.1858480810769833624 15.69609637238139754344957
85422.0149766557733528316 446469.914767505950294435 18.02297368832108404035353
85427.38734743512759450823 446473.2131418582866899669 17.15287684437262782921607
85426.76613102579722180963 446472.9667623260174877942 17.80341149441334280822957
85426.82794042094610631466 446472.9783699891413562 17.19335594584068971357738
85423.22040620136249344796 446470.2353418993880040944 18.32363481728199872122786
85421.94142133976856712252 446469.7249356764950789511 18.58444744489859346003868
85423.73183953508851118386 446470.2244610728230327368 18.45930576707311843165371
85422.9284290851210244 446472.1454603078891523182 17.03623244304600703458163
85425.59810153514263220131 446470.933933604508638382 18.20622825074871542483379
85428.8769039406324736774 446465.5146894739591516554 16.89230096409450254668627
85428.5148541759408544749 446472.0503873717389069498 18.35767341717500045206179
85427.08550849300809204578 446472.9541790943476371467 16.94885694325717651054219
85433.1589927154709585011 446474.1013545534806326032 16.98764231322115847433452
85426.99138266223599202931 446474.2210160042741335928 17.96570275619399126298958
85428.93660298423492349684 446465.0264263913850300014 17.0874917783476725219316
85424.04476338111271616071 446469.6365597221301868558 18.08201265492694531644702
85417.97532320933532901108 446458.319220247445628047 14.03930213007360272570168
85424.42137811204884201288 446462.9126199893071316183 17.27719739291690359550557
85426.84743450654787011445 446462.8804942935821600258 17.98852948108084603973111
85424.3314262589265126735 446463.4562250161543488503 16.78388338510679389514735
85431.42715066489472519606 446463.8466061742510646582 17.84010637378774788430746
85424.06448058654495980591 446469.9931396846077404916 18.28190858962035392210055
85432.94644660600170027465 446465.2658641517045907676 17.9959670640239579597619
85434.32403240649728104472 446466.2178510964149609208 17.9912775893028928919648
85435.84880879212869331241 446461.5452728231903165579 17.82838762900889406637361
85421.30505092395469546318 446461.2132641972857527435 15.6833956229502184953617
85419.92404990170325618237 446464.1135065353009849787 15.55708944304758034604674
85420.18252894555917009711 446463.4756830509868450463 14.49190149360401491662742
85419.07464440444891806692 446466.0982860518852248788 15.56812532017999828326538
85418.10310394830594304949 446463.719149655953515321 14.12179527294620662303259
85418.25836302016978152096 446463.5832387437112629414 13.87441133710642127141455
85426.43625920474005397409 446467.2454034137190319598 18.254599523493627799553
85410.5463251805049367249 446459.2944803391001187265 14.0404796180938902239177
85410.07128237484721466899 446459.6923560248105786741 13.32760032261547777920896
85412.09052545245504006743 446474.8064339774427935481 15.09349822757167913778176
85410.51543004203995224088 446463.1135615397361107171 14.24155693833789193547545
85409.22818010894116014242 446462.7246742158895358443 14.06241999133976960933978
85414.55801767436787486076 446468.7303776434855535626 14.34576511487211725182078
85411.41544137062737718225 446462.3453368272166699171 15.0992251828320274142925
85418.90504379200865514576 446466.4250360956066288054 14.45218336614076015678165
85418.82261220096552278847 446465.8966626047622412443 15.05654794483899117096826
85418.67685311671812087297 446462.8704122883500531316 13.79470164512703789227999
85406.19897143353591673076 446453.8226789112668484449 13.47498857584555942423776
85412.58025962722604162991 446462.4520901555079035461 15.09687534739646963544146
85409.26120304966752883047 446458.8406680281623266637 13.94676977991145783164484
85411.13248438292066566646 446458.6405629254877567291 15.11750478537874542439567
85419.64770189911359921098 446464.5190240391530096531 14.61638506163719775088339
85418.79944203661580104381 446464.5651018532807938755 15.63511200038329818085003
85408.90229019954858813435 446459.4710884534288197756 13.6010578674026927359364
85408.3912441630382090807 446458.8151375608867965639 13.54303497846999171372318
85396.10850562443374656141 446474.8564281517174094915 14.49688773961357668440542
85397.32022524876811075956 446475.7271254057995975018 15.05279283258693112657056
85401.12360867686220444739 446465.5473048164858482778 15.11063073405289181039279
85406.75734069918689783663 446469.6694492886308580637 14.12960835982696927715097
85403.62404179856821428984 446455.25056802062317729 15.45147138803750408442284
85424.13476747644017450511 446467.6912572049186564982 16.95376380023276396968868
85412.1192934566643089056 446446.550306826364248991 -1.062293660687179119861412
85410.65198825395782478154 446461.3297901276382617652 15.00071768700208529878637
85412.49954921068274416029 446461.6754632578231394291 14.47615211456378325749483
85413.88144196472421754152 446458.6410079214838333428 14.95660696511564502486635
85399.16495910342200659215 446453.4387187023530714214 15.4047401673367261309977
85397.54533006915880832821 446466.1114048153976909816 -1.062293660687146257259883
85395.36347761996148619801 446469.6352509193238802254 -1.062293660687146257259883
85399.4955674407392507419 446469.9574390430934727192 -1.06229366068718444893193
85409.1752693193411687389 446463.3902511291089467704 13.22270899330136906257849
85393.34157749677251558751 446464.60350319545250386 13.38454875547502709309811
85414.46064049666165374219 446468.1088832692475989461 15.11365623489896137243704
85417.69780637444637250155 446467.5957735926494933665 14.1616051447621682513045
85408.63977545374655164778 446460.2759726699441671371 14.73145625538909975205115
85407.74119233475357759744 446460.1202801906620152295 14.99936568047474771958605
85408.60146710302797146142 446461.7206635295297019184 -1.062293660687146257259883
85409.91807323141256347299 446460.1060104006319306791 13.86444196365192560449486
85408.04793798785249236971 446459.4486438658786937594 14.01082341836334244078444
85425.7318714256543898955 446472.3251523507060483098 16.93610956637235531729857
85414.90494042572390753776 446459.490491377015132457 15.46425583872699860421562
85403.20228115444479044527 446453.2769185657962225378 13.83641689678553809983441
85386.70662642961542587727 446461.6702459160587750375 13.66289614505043736869538
85387.60894900592393241823 446461.9850098945898935199 13.75280617867214694172162
85411.78763681762211490422 446449.8140291658346541226 16.30300427558869813537967
85408.90277498822251800448 446456.1065357105690054595 14.39579240231440060426849
85408.9164918404130730778 446455.1611631802516058087 13.2596211879310033054935
85408.73610765936609823257 446455.404706375440582633 13.64093666784210334697036
85408.20904254949709866196 446458.4163569739903323352 13.93111219470520545371528
85405.84819945129856932908 446454.2431323880446143448 13.68120613480569147668575
85392.28079408773919567466 446459.4706684806733392179 14.39558743605130430864847
85401.62700845871586352587 446452.4946017137262970209 13.68167534631171733394694
85405.46972552113584242761 446449.8710176258464343846 13.40136024360792355025751
85406.87721002417674753815 446450.294161563680972904 13.3813079415126576776629
85403.99227388833242002875 446454.24623411352513358 14.60359695100577859250279
85402.63552956678904592991 446449.0544752776622772217 13.85650128394897251382645
85395.34514838858740404248 446453.9783931740676052868 13.77664316978573388894347
85395.57713471660099457949 446458.3220773409702815115 14.05179893800222323818616
85395.74295640407945029438 446457.54741743637714535 13.54521190079883119494752
85400.45652010767662432045 446458.3302573291002772748 14.9795981479978408401621
85396.45486866518331225961 446454.9590923076611943543 14.41864911206931232356965
85398.27154638040519785136 446470.5915796217159368098 13.58649513889019466716945
85398.90034064435167238116 446471.1644415005575865507 13.32761588404989083755936
85396.08550386955903377384 446461.5316417906433343887 13.75226252091347411976585
85401.94138168574136216193 446454.9875063314102590084 14.92886449708301199734706
85397.12593843865033704787 446461.1140783325536176562 14.8763798054790559177718
85391.33949198586924467236 446451.6626138439169153571 13.64147051218976258724069
85400.8343113413720857352 446451.5360364965163171291 13.57970895645047626487667
85369.42651095103065017611 446450.7285480113932862878 18.9901260070123782952578
85386.77209950838005170226 446460.8098199063679203391 15.00643466522874192037307
85387.8260502946941414848 446461.7101753089809790254 14.30319843846242555684967
85387.64291719182801898569 446457.0852958305040374398 15.01293727042499703827616
85386.19382060272619128227 446456.2923471304238773882 15.15104375572634864965949
85388.12678054370917379856 446456.0458054757327772677 15.14736126683748729249146
85396.2101193276175763458 446455.3396691079833544791 15.01746254181759887558201
85401.21034954073547851294 446452.079916446004062891 13.39277429182777723326581
85401.67103676298575010151 446452.2597498335526324809 13.37959942256200385202192
85395.73426180631213355809 446468.1430153641267679632 15.11749920078648834476098
85397.42889809072948992252 446467.6828654397395439446 14.97775201916275200630935
85393.75663912347226869315 446468.3730098254163749516 14.01579214871147804899465
85393.37418402191542554647 446467.53891594591550529 14.82984495084819442922708
85385.88431718674837611616 446454.2953929810901172459 14.0765422978782890339744
85385.91484649683116003871 446455.0870555961155332625 15.14979909538130442570036
85385.19820132656604982913 446451.6990734171122312546 15.4168484458816372750789
85387.32299592009803745896 446451.6789531352114863694 15.05829064519534199462214
85386.9324862421490252018 446452.5351288425154052675 15.13619191010128162133697
85386.16997817855735775083 446452.6233093968476168811 14.70308462885447475798628
85405.22897852482856251299 446453.8769284133450128138 13.55145176958360941910087
85389.3490667205915087834 446462.1062631217064335942 14.65876629387528673476027
85389.40672333913971669972 446461.914619141782168299 14.98649780495776084876525
85403.39723339008924085647 446448.9223229190101847053 13.28974259064864327228861
85371.5445159510854864493 446459.5949357384815812111 -1.062293660687178231682992
85407.01282589447509963065 446473.5496987382066436112 14.36982346317454251050094
85401.7959483161976095289 446464.9456530395545996726 14.10486979059434275995955
85392.80033437818929087371 446455.135191932728048414 14.99956807917468104562886
85391.69113198925333563238 446453.4485951744136400521 15.00168333642743334621628
85407.23344744826317764819 446467.9042683987645432353 14.97388061009961290892534
85407.30973739209002815187 446467.3182520884438417852 14.21464217696271958857324
85397.04507612541783601046 446454.1465619978262111545 13.50112692185045482062833
85398.19193810102296993136 446453.464644920895807445 14.89133116446262938836753
85402.09011554998869542032 446460.378188215778209269 -1.062293660687179341906017
85429.84594823411316610873 446466.2926369751221500337 17.12497994156991154568459
85414.44386911664332728833 446448.8718716573785059154 13.98687296741982422076944
85408.25769463072356302291 446472.158234574249945581 14.9632818556130970932827
85431.59867781279899645597 446463.297575277800206095 17.31037471965043295085707
85419.54647869130712933838 446462.9400974122690968215 14.14559384785630236081033
85434.10067986678041052073 446467.3375820823712274432 16.95903603117072222516981
85419.65111876827722880989 446464.5188828083919361234 15.71086958618140094756654
85419.89769354871532414109 446464.1756740688579156995 16.00898270114711152700693
85429.91260381258325651288 446456.6697980453609488904 17.83233361102901426420431
85430.06853621226036921144 446457.3643547131796367466 17.20013086435852400768454
85429.34931565358419902623 446458.8101041726768016815 17.84085149953362403607571
85430.66832396617974154651 446457.9622500469558872283 16.84911174623197993582835
85429.85647373640676960349 446458.3179745065863244236 17.08320128994648712250637
85432.7137003175012068823 446464.4037001475808210671 17.86781184837742131321647
85437.70442716035176999867 446463.6107360291061922908 17.97084642982383684284287
85435.03812118685164023191 446459.8436017669155262411 16.86059410283466775126726
85434.18543625672464258969 446462.8123058733181096613 17.44306005209967125324511
85436.40295407416124362499 446461.7281581840361468494 17.37451471142191650187669
85435.06737975023861508816 446460.8780142370378598571 17.25497427562980945481286
85447.37018353732128161937 446463.7585523080197162926 17.99103892792496139918512
85449.08343791250081267208 446462.8518929238780401647 17.93181839019410617197536
85434.66867601366539020091 446470.1257444839575327933 18.25780579385684987414606
85435.64069046507938764989 446472.179624492593575269 16.87863859024631096872326
85438.54828191362321376801 446473.3464145918842405081 16.87945044129924099252094
85442.40320756119035650045 446464.3055682592676021159 17.83551298378201721561709
85431.19717719280743040144 446469.9191936415736563504 17.12031704379934993198731
85434.32924775422725360841 446467.7645837643649429083 16.91926507986484295997798
85430.05254249839344993234 446469.8607264256570488214 16.83686421464119931101777
85427.36740195706079248339 446466.7723795898491516709 18.0144159772211196468561
85422.02343249479599762708 446468.6815135426004417241 17.8292935266690335538442
85421.81006036080361809582 446469.5435949541861191392 17.88898370912263402487952
85427.4819575967121636495 446458.0213443462853319943 17.79442304767452398550631
85428.42547281776205636561 446458.1558486357680521905 17.24522443980898245285971
85429.32355107643525116146 446458.7546252234023995697 17.33465958829861364165481
85430.28613771009258925915 446460.6688667134731076658 17.8332518736809930715026
85434.68151595690869726241 446454.513030341942794621 14.13141732167537689690562
85429.30400893559271935374 446469.4463580208830535412 16.77868674408789217977755
85428.61651310675370041281 446468.9557006203103810549 16.99837223271886799125241
85433.12395031939377076924 446458.5004822563496418297 17.3380775588540068099519
85429.74551536669605411589 446457.6333580764476209879 16.83614137517416864398001
85437.88004771854321006685 446460.6460188971250317991 17.1778240960977370832552
85432.53064809612988028675 446452.4858380671357735991 12.41349858229864189240743
85437.1791364518430782482 446462.1050317213521338999 17.7006647229533236043153
85436.93416899214207660407 446462.1583946272148750722 17.97475191701211727490772
85432.33467589040810707957 446458.7783742571482434869 16.87144570734512782905767
85426.05330474922084249556 446449.1680433930596336722 12.15987921191085874283999
85443.05773897709150332958 446464.3834579976391978562 17.35778992128942022077354
85438.93819064403942320496 446462.8470166879706084728 17.60454733298402629770862
85447.04164590156869962811 446459.4130848374334163964 13.49238975287943098635424
85447.108464202014147304 446459.5229096108814701438 13.04711312116780952408135
85449.34579649603983853012 446461.0947878404404036701 8.95264750978140178006015
85448.01883579067362006754 446467.9580992294359020889 17.89434922910272263152365
85447.60232100324355997145 446467.9953968366608023643 15.38234508153367841032377
85439.59460764241521246731 446473.5816932175075635314 16.95079514624402250433377
85447.2344727738673100248 446462.2384683279669843614 17.9603497865400534294622
85446.57988028670661151409 446457.8204854010255075991 12.1458992613153444750651
85446.70387533325992990285 446458.3230561357922852039 12.38382506944683036920196
85433.78118853154592216015 446470.3049381267046555877 18.31589715070080259806673
85433.6576101650862256065 446470.8797662285505793989 17.19053318288361964505384
85437.7674448982288595289 446464.1804853104404173791 17.56576367942367156160799
85418.15268093689519446343 446458.7200850233784876764 13.53812865016781152860403
85426.30839183248463086784 446461.7024408217403106391 -1.062293660687179341906017
85449.12197885304340161383 446462.4796291154925711453 9.426090954383502307223353
85447.52021292511199135333 446457.7387921609333716333 11.98392661680225756981599
85448.2236083418974885717 446461.2409463894437067211 10.52438050566089700055272
85447.32153255095181521028 446459.8731408422463573515 12.45258225793004669412767
85447.73615866544423624873 446458.7888070322806015611 9.287761389089514096895073
85443.72788862709421664476 446464.0517518299166113138 17.12518919107375126031911
85448.60650317736144643277 446461.5592722936416976154 10.20217531609178429619078
85443.66235865652561187744 446464.8363655518041923642 17.82271126339828981599567
85447.35357932759507093579 446458.8795527578331530094 12.88448235199377478465976
85355.76315685201552696526 446443.2751016622642055154 16.27894619668972708836918
85350.31109253820613957942 446429.0514384020934812725 13.91055244677828284238785
85351.76903423854673746973 446432.5468888878240250051 -1.062293660687179341906017
85372.90293727643438614905 446454.3855679299449548125 17.85886969073046159905971
85373.27961530821630731225 446453.3682384659769013524 17.80876282286714840097375
85368.25965238365461118519 446465.3635908663272857666 17.66308760459906679329833
85371.17439650963933672756 446438.6794823833624832332 15.38428179966896358621398
85371.12014253207598812878 446458.2438700468628667295 18.04805241606400656451115
85371.36888211862242314965 446458.1865547926281578839 16.94999454393268933927175
85371.24690872093196958303 446451.673081019485834986 19.04478399515205566672194
85371.70368527375103440136 446452.108668101136572659 19.19809565166833564830995
85369.5494401168980402872 446451.0794964763917960227 18.93362770369767744682576
85370.42363724589813500643 446451.2449265940231271088 19.05284428437567356695581
85380.50022434303537011147 446449.9898724710219539702 15.33818836480287473023054
85383.10123489600664470345 446450.8198321426170878112 15.71370123328208023849584
85381.64136539185710716993 446451.2196043842704966664 14.19221313837335607388468
85362.18811193751753307879 446445.2113463710993528366 15.56043104595248749433267
85384.7710208589123794809 446447.5240364492638036609 16.4155183050070370143203
85380.83798157957789953798 446459.2487092395895160735 13.64840086367926019761398
85374.64246505990740843117 446449.3280037559452466667 13.83736069351252240267058
85363.80491199952666647732 446441.8855895166052505374 17.14216713722931473284916
85418.39582824993703979999 446491.4897002677898854017 -1.062293660687179785995227
85381.81695825039059855044 446454.2839980498538352549 16.54878425098711858254319
85382.21504927388741634786 446486.8711299519054591656 12.1741297937478627488872
85375.35625179317139554769 446455.9365876659285277128 15.22301227710578785945472
85373.71227899045334197581 446455.7168713586288504303 14.5255434363129793950975
85373.45434073416981846094 446454.6612459254101850092 15.95959623044826791726791
85381.29582333139842376113 446449.4861222738400101662 16.6041551658973354221871
85379.38854381896089762449 446449.3741507316008210182 15.57630827143271012857895
85378.03705418185563758016 446451.7784035007935017347 15.20213264628379334908459
85380.8206671366497175768 446452.5455271113314665854 14.61483859838994803226342
85373.84909560611413326114 446453.7785864825127646327 17.54286300657082620091387
85378.28127146282349713147 446451.1050297303590923548 14.04759176479412019489246
85372.89501323428703472018 446456.4202155660022981465 13.28927579263091907080252
85373.57759093708591535687 446456.4407397849718108773 13.34412525088343137724678
85383.50545438795234076679 446452.4992274248506873846 13.75400857945876964549825
85381.60734862594108562917 446451.7734930796432308853 13.77197964875323599187595
85380.9708417914662277326 446461.1307274969294667244 -1.062293660687179119861412
85381.00509870216774288565 446463.1116698416881263256 -1.062293660687179119861412
85386.42410987947368994355 446458.8283585278550162911 14.41675686092479047317738
85386.34494932867528405041 446458.6350240640458650887 14.98739759763454770791213
85386.30567902089387644082 446458.1657635409501381218 14.24328694692825791889845
85385.39936137823679018766 446456.3350077640498057008 14.77765983974435748393716
85380.86047596913704182953 446452.0295210830518044531 13.82322709051680931224837
85388.60452719192835502326 446463.3240205241017974913 13.90018965051197774585034
85388.42506690621667075902 446458.1650983546278439462 14.0127978725338522281163
85381.79350523497851099819 446459.2871645835693925619 14.18783237627741478092958
85381.69806149443320464343 446448.9536261153407394886 17.66584732103479637999044
85371.60051030004979111254 446457.8113311741617508233 17.8495776529629317508352
85382.07452280120924115181 446448.7755349121289327741 18.14650374335945670623005
85382.26518481300445273519 446448.9317968935938552022 17.60837552474864153850831
85382.44500618008896708488 446449.7035458715981803834 16.99516046833369742330433
85390.81229781388537958264 446455.7649204760091379285 13.22200249492014378915883
85384.24684017247636802495 446451.8345290246070362628 14.89595147023308285838539
85384.46611186527297832072 446452.4004235291504301131 14.17549390458957780936089
85356.48702956168563105166 446450.478093097684904933 15.09153344577513955471204
85357.26658679287356790155 446450.7507236934616230428 15.21504479368313234033394
85371.34201093199953902513 446453.372746839711908251 18.77324712346525714679046
85365.65299826495174784213 446437.2988250799244269729 15.59591361986633195613194
85351.16900254510983359069 446459.5137248620158061385 -1.062293660687146257259883
85355.11704068881226703525 446439.9844378934358246624 14.56550709035854218598161
85354.72822338932019192725 446441.8078636700520291924 14.74452002715798748511133
85354.32381560270732734352 446440.5853072880418039858 14.19992144100855036015219
85353.60175396704289596528 446441.2835123161203227937 14.65159120645776624769496
85364.61897721370041836053 446435.4517811172408983111 15.35567390782583352404345
85371.40301625461142975837 446438.0591364263091236353 15.57994441131617868734338
85369.89284152393520344049 446438.0096650697523728013 15.70411681278253013260837
85370.21031003481766674668 446437.4112942651263438165 15.81625733750719930981177
85359.07892944263585377485 446441.8598101697862148285 14.93110115937745518976953
85372.90940652863355353475 446440.5822014587465673685 14.86738423833052635814056
85354.68696616178203839809 446439.9796350699034519494 14.30115942320228761275303
85361.07894678531738463789 446435.4725034941220656037 -1.062293660687179119861412
85332.10566814598860219121 446459.1749618268222548068 8.128544877109128208303446
85358.92750971482018940151 446433.926303573593031615 -1.062293660687179341906017
85339.71594547059794422239 446453.1395569832529872656 -1.062293660687180008039832
85332.36282775313884485513 446459.3806518050259910524 8.827177430545592784483233
85331.87584964821871835738 446458.917481753567699343 -0.9650695925659673601870736
85332.31890909516368992627 446459.3391824836144223809 -0.9504289173504900656297423
85334.89124367944896221161 446451.5900509152561426163 4.431104641423467604965936
85344.61188088160997722298 446465.3153454423299990594 9.873390748534621508269993
85344.55884730663092341274 446465.7776715580257587135 9.874372470888065578265014
85350.44593815202824771404 446455.7096697272500023246 14.56761337814998213957551
85351.23856238015287090093 446456.4072317724348977208 14.81617020693527031482972
85350.23247311022714711726 446456.2607105296337977052 15.22695012273021397675166
85343.92510880007466766983 446451.4411464197328314185 14.4309756899050682932284
85352.04362003236019518226 446453.3718038471415638924 16.54236780421053509826379
85351.26397765209549106658 446453.8897731727338396013 15.33882746843421784888051
85349.86084054346429184079 446453.0455375578021630645 15.7203537656010219336622
85376.81415665273380000144 446482.7196406270959414542 12.17731834953023373202541
85384.17337260393833275884 446479.6497315973974764347 14.94963517873047287309873
85384.66358679541735909879 446461.6715142416651360691 13.86703236160291119460908
85385.28917096326767932624 446461.9457646122900769114 13.89028980603442953167814
85384.85944107381510548294 446462.317311517836060375 14.73044805574294358052612
85395.8355107376555679366 446465.2590726630296558142 13.95480794162475213227026
85396.98364993023278657347 446465.6208329676883295178 14.12712689633181284420971
85395.79331689423997886479 446465.6163979280972853303 13.39044916028012544018111
85402.28295170694764237851 446463.9502617050311528146 13.94806567237458594377131
85407.66730718169128522277 446481.8942389608710072935 -1.062293660687183116664301
85385.53832746327680069953 446488.1359191998490132391 13.63957127127647872555372
85386.34093308611772954464 446465.85245412343647331 13.36342259432482393322061
85385.75039955478860065341 446465.3077347655198536813 13.7263702939922911383519
85371.86375708947889506817 446484.3121984436293132603 8.071648318237018671084115
85372.90369183567236177623 446489.3530008806847035885 8.670789626991798115795973
85373.14885854999010916799 446489.4481226441566832364 9.893705034993342195548394
85391.00784239002678077668 446487.7788592547876760364 13.16446273274544509490624
85410.21995844045886769891 446453.8902879083179868758 -1.062293660687178897816807
85387.74235493749438319355 446478.8969423856469802558 13.73627990182500191451709
85375.11015140330709982663 446481.6513292303425259888 10.19784129614045831146996
85367.65729698288487270474 446482.3093501951661892235 8.299953876221634274656935
85378.89079528323782142252 446491.8274090508930385113 -1.060837573381087750590268
85375.58125825307797640562 446483.1438933623139746487 8.995473594622744428761507
85366.98223384506127331406 446482.2497299149981699884 7.042778829091468573153634
85366.97865756842656992376 446482.3451019614585675299 6.62773298354934414788886
85366.85294849186902865767 446482.6665529493475332856 6.977746079445086735404402
85403.71786012270604260266 446498.6662231996306218207 -1.062293660687177787593782
85390.20131173769186716527 446492.8375560010899789631 12.17016244886711184847172
85392.19795420701848343015 446488.7760885593015700579 12.32617583710723252465868
85408.52175012047518976033 446483.5936232316307723522 13.93874953003785321925534
85404.67369875511212740093 446485.763570804672781378 13.05979836301194474401655
85396.06511600955855101347 446490.4555815443745814264 12.16369133107680866601186
85439.02395937254186719656 446488.1168202382978051901 9.275821132317984663018251
85438.81410314246022608131 446488.6218677844735793769 12.9645273100564786261657
85438.05592400954628828913 446492.045871156151406467 13.19320167446890224027811
85438.81181760162871796638 446488.628328141407109797 14.32503238587915461721423
85438.06844624773657415062 446484.3235825526644475758 8.940427603398330091977186
85437.28025334255653433502 446482.8152616065926849842 12.4965877687414348429229
85439.51519800053210929036 446487.0880533906165510416 9.50768021526579332203255
85441.5865550307062221691 446483.5215821803431026638 8.73234551175545092860375
85439.59462115848145913333 446487.2394352053524926305 9.043582278788692363491464
85411.29178191478422377259 446472.4792841164744459093 13.53729419883698170679054
85411.94170903236954472959 446472.5199115875875577331 13.19024740590162281250741
85396.33029767758853267878 446473.1552340291091240942 14.38556544885507015862913
85393.94486623081320431083 446480.6202938264468684793 13.74292888724583150406033
85372.16587484207411762327 446458.7143343954812735319 17.24990359340354117989591
85377.6952904124918859452 446468.1004725894308649004 15.63588033054772807872723
85372.32169877536944113672 446456.0101888551726005971 13.67036545723575535760119
85373.30926176666980609298 446456.0952065232559107244 13.70050840360928567918108
85374.37211946159368380904 446456.5388831703457981348 13.69385905360311106448989
85385.15187685258570127189 446453.5481884523760527372 13.42037866323939354629147
85385.6203360641811741516 446453.6618648306466639042 13.29977809752397632792054
85383.16212958004325628281 446459.2747811646549962461 15.06699815442165579781886
85361.95965926673670765013 446451.7956054460373707116 16.13889685150298802795987
85363.10778355544607620686 446450.984763474902138114 15.98785812415458273960667
85371.18496438997681252658 446457.687179037369787693 19.67401172486933447203228
85388.95668719637615140527 446432.1933915101108141243 -1.062293660687179119861412
85416.41913574053614865988 446466.0074409412336535752 13.6991498424184889870503
85418.75896733949775807559 446458.0871753593673929572 -1.062293660687178675772202
85421.08874666450719814748 446459.8575101204914972186 14.18327454932263265163783
85420.0077667694422416389 446462.9793868813430890441 14.32753964909333710409101
85391.5525438149634283036 446460.7919370546587742865 14.97010862858384250273502
85391.68167420677491463721 446465.4816350052715279162 15.12577215369236327546787
85410.49944582104217261076 446494.9628212229581549764 17.56086230698922179271904
85406.9272015944734448567 446492.9699387865839526057 15.26227166580428473707798
85407.08880810395930893719 446493.4627048716647550464 14.61890966470097730223188
85406.55480336614709813148 446493.4091751024243421853 14.36702402615242668559858
85402.0629282076406525448 446497.7965634337160736322 -1.062293660687179341906017
85382.24642280570697039366 446485.2377448855550028384 12.17346838449544854654505
85373.62596619724354241043 446484.9257619644631631672 9.557955840788162404919603
85390.22375236480729654431 446488.7852391940541565418 12.16785963472887566183545
85375.25527707839501090348 446490.380333777517080307 12.16038479385639092811289
85387.43858939140045549721 446487.4393991790129803121 12.16973796762510851010575
85388.65963671519421041012 446487.5838189736823551357 12.16916231459271813264422
85388.58895882380602415651 446488.9359779460937716067 12.17003951426744556840731
85389.6533320502785500139 446459.7628208904643543065 13.92029584217136672918969
85400.13139088470779825002 446477.9708184428163804114 16.61151570510424235749269
85390.61398996019852347672 446488.1153084293473511934 12.33819420508779707290614
85389.70359471769188530743 446487.421850526356138289 12.88869204403066071051853
85377.12354290162329562008 446482.2844801584142260253 12.7929758953158252410276
85401.21660742547828704119 446477.9340099329128861427 15.94334184776063700894611
85396.76371829897107090801 446489.7868331975769251585 13.72303506181318688561532
85397.43619201589899603277 446489.993403820029925555 13.83212494963391492319715
85383.61859238526085391641 446479.3801091487403027713 14.43078279868308477773553
85386.92931354593019932508 446481.9983287837239913642 13.46073899778874150001684
85389.76589652974507771432 446479.6082408520742319524 12.87727534450919542052816
85388.69535781968443188816 446487.1678138668066821992 12.64043442497630209686577
85378.89827429225260857493 446456.0092317780363373458 17.33261762734996480617156
85379.49396889856143388897 446455.8539170974399894476 17.40547771796598652827015
85389.42973090631130617112 446484.7415444430662319064 15.11978496132285165742815
85388.05495055735809728503 446487.0474744998500682414 12.16905089616509805239275
85385.97026001423364505172 446486.4951072857365943491 12.17067265968733202896601
85379.26949754667293746024 446468.7745984546490944922 15.81094577467745665444454
85378.94044885119365062565 446469.091864662361331284 15.36720060349505345698162
85367.80414384682080708444 446458.0530698200454935431 18.99471576552861407094497
85367.22884409410471562296 446458.0785048724501393735 18.99029221714139836763025
85366.8509552438190439716 446457.5444165591616183519 18.82292536402325211497555
85367.30905137682566419244 446459.5780355875613167882 16.7859762509689254272871
85371.37944610280101187527 446453.9694504351355135441 15.93218978078935244013792
85371.77179587735736276954 446455.1361747726332396269 14.18709574736750944623509
85366.75464269888470880687 446460.8580494695925153792 14.55627553390966255619787
85378.98678896680939942598 446466.4203250883147120476 13.78285250193313338229473
85384.29429593976237811148 446453.0030803405679762363 13.74622824061497716741087
85385.24068675683520268649 446453.1099633406847715378 13.6371559701355735683137
85376.79277110744442325085 446463.043502609885763377 17.21178568373373352073941
85377.33249452996824402362 446461.1998628626461140811 17.33831959859031357495951
85372.06595209179795347154 446458.0170481273089535534 16.25066980444542963368804
85389.17098142301256302744 446457.7108666884596459568 15.02070570647788017026869
85384.1724569283687742427 446461.6582547756261192262 14.15888064759097808575916
85383.69462523671973031014 446460.7767693015048280358 13.12717527195490063718353
85388.62322436198883224279 446452.3328492756118066609 15.13449504403615186731713
85372.54541179511579684913 446454.452258950041141361 17.59374275809338072917853
85368.90507936829817481339 446457.9729799361666664481 20.00358409433216166917191
85368.27856252198398578912 446458.1795752158504910767 19.27527366808877928860966
85369.05950243750703521073 446459.1920056829112581909 18.42430522637978285160898
85367.33925982732034754008 446450.0050746536580845714 19.05050961327734171391057
85369.21307002472167368978 446452.2796660525491461158 16.90706311406101036709515
85374.2654634308855747804 446454.3878398124361410737 16.88186837894724234843125
85371.53785165442968718708 446452.6838958461303263903 18.94610826893107358159796
85363.95206682442221790552 446430.3521161789540201426 9.858196290722814225659931
85358.06044483126606792212 446456.1472879994544200599 16.22427166163000222809387
85357.98058574693277478218 446456.5283815216971561313 15.66466184735398314842314
85363.34994760286645032465 446446.4703549950500018895 16.41396939441885294286294
85372.41402637443388812244 446454.3977621332742273808 18.59646114678801254171958
85371.27047942903300281614 446453.9131215545348823071 17.80203196898299111694541
85368.14621923062077257782 446455.3944890340208075941 14.72340759374331398134927
85367.86968586963484995067 446454.7175393947982229292 14.69398855288970651145064
85361.27014059961948078126 446458.2750759364571422338 15.72108784939219106036035
85358.34702096150431316346 446451.8109073485829867423 15.44614445930098511894357
85362.43150774753303267062 446445.8368248344631865621 16.04392703930144037371974
85363.96176203186041675508 446454.1252517261309549212 15.54558739817168699914873
85363.43186176320887170732 446445.8645698553300462663 15.7710838212443000827534
85356.51114454705384559929 446442.8637644649134017527 15.21942103651656630347588
85356.93987129848392214626 446451.1239928984432481229 15.28754013216322960033722
85349.58717304655874613672 446446.0325708011514507234 14.05502235779125186354577
85354.12704960371775086969 446439.7114373220247216523 14.35614878444576625327045
85351.80436880061461124569 446439.4217860426870174706 13.78328238090966628703882
85356.49488002265570685267 446449.4929416519007645547 15.03239420653203062272496
85348.61296851297083776444 446438.0266108238720335066 14.23353427776829605022613
85348.12945873754506465048 446445.6156986074056476355 13.77202261670799465775872
85373.58549476838379632682 446460.6906194205512292683 18.96502567740924760641974
85361.50608348405512515455 446450.4248208094504661858 15.77919034805821318911967
85348.72153479006374254823 446438.2953563288901932538 13.20411237802404968988412
85351.30938890980905853212 446454.7551611841772682965 14.63312784183183801189898
85352.86729746748460456729 446450.1040938700898550451 16.30232372965128107011878
85357.29377979306445922703 446458.1047701571951620281 15.65897607611707620378638
85355.52100869428250007331 446450.2763486186158843338 14.94631101490053026736859
85367.29451744174002669752 446455.2551323667867109179 15.04952377640336891317929
85366.91933987637457903475 446454.5844426304684020579 14.90024573642860694633328
85356.9924676112859742716 446461.9470855553518049419 18.53290014826284703985948
85356.34710960993834305555 446461.8400692968862131238 18.29257081088161740467513
85356.48053232672100421041 446460.5382551377988420427 17.77202112440138037641191
85349.10111743511515669525 446455.7427604961558245122 15.1531564740369901755912
85352.89897193264914676547 446454.431540200486779213 15.5446593995924047248991
85343.25305384684179443866 446452.1012881725910119712 14.34431646075626609615483
85345.05254025105386972427 446453.1196253234520554543 13.72924575552190162852639
85343.90486727423558477312 446452.829846662818454206 14.01314290407444040909013
85344.21506771317217499018 446452.4406516336021013558 13.51140064811343499684426
85349.99498069305263925344 446453.9904275691951625049 14.40639238042116510030155
85348.73653484876558650285 446454.5180869209580123425 14.26139968361701981791612
85343.21285662618174683303 446451.2636258146376349032 14.2556516103788410987363
85343.09568887903878930956 446451.3751678119297139347 14.01908083975090946182718
85358.65143776762124616653 446455.4826674677897244692 17.56790063313715322124153
85359.08545746044546831399 446456.2841276443796232343 16.6486725092195619879476
85380.61212649922526907176 446467.7793922621640376747 13.67351523815531422201275
85361.04654592914448585361 446452.9925218179123476148 15.86911993213475824404668
85360.44781284230703022331 446452.8404737361706793308 15.77725262181671794792237
85348.13230288928025402129 446454.7264997481252066791 14.2236940965532028258167
85348.64434212300693616271 446455.2365088374353945255 14.67380756217083792591893
85355.22084128941060043871 446448.056324948847759515 14.7722088922610232941679
85343.45285549518303014338 446452.5957826867233961821 14.18928296102970421088685
85357.79163005641021300107 446460.7946392242447473109 17.33680759899817402924782
85363.28882894925482105464 446450.1665822413051500916 16.39036451257413418147735
85370.00738243818341288716 446456.1490612364723347127 16.58708658548236414276289
85369.61635123462474439293 446457.0685136485262773931 16.34842569126287870062697
85369.96878048301732633263 446456.4522514670388773084 15.8241736281287224130665
85364.85980193071009125561 446453.5086284508579410613 15.41375809722999612461081
85363.89866547456767875701 446452.1403866762993857265 15.72725789864485790303661
85358.13372755574528127909 446457.5068335360265336931 15.74144937924348219837611
85371.0060175124672241509 446458.9114874181686900556 19.43351792416269319119237
85360.70893035788321867585 446459.6967716296203434467 15.70914205084211978658004
85360.55358527207863517106 446458.9333799589658156037 16.11318601021287832963935
85368.20419006678275763988 446462.0928769898018799722 13.6109216631878187087068
85367.5811398116493364796 446458.8325743882451206446 18.05451041598731265480637
85368.61820810023345984519 446454.1122019991744309664 14.59219793955425537035353
85370.61871870371396653354 446454.1096232523559592664 15.01639537139577385005396
85358.02346139386645518243 446441.3230288873892277479 14.75363270449709851561693
85351.1287846874474780634 446449.022420271416194737 15.75218966088841909822804
85353.11056964739691466093 446447.0004061134532094002 14.79802266362014329104113
85375.09602072049165144563 446454.2289937344612553716 17.6429503693089877458533
85368.52757386960729490966 446455.868010668084025383 15.20485538497253763523531
85372.8147704604925820604 446454.4142549621756188571 19.66498151153944462521395
85373.14648598441272042692 446453.716569887415971607 18.47433137616681619874726
85373.92748471024970058352 446453.3084591852384619415 18.30348043466251084510077
85374.08473733600112609565 446456.9589576709549874067 13.36183557784688957781327
85374.58515747892670333385 446456.9037699559703469276 13.27563133381713278424741
85372.26987185013422276825 446463.7158225132152438164 13.68992191620218612513327
85369.87151180599175859243 446454.3613347894279286265 14.31311409831924841284945
85378.09430113683629315346 446455.1431726798182353377 18.13925201473145421005029
85372.17642918524506967515 446464.314425074786413461 13.60164515062563594938183
85368.83153497366583906114 446462.5498898496152833104 13.31685184980089253770075
85368.10908167029265314341 446462.7021084988955408335 13.46365824547184075754558
85370.3846882221259875223 446455.6436711562564596534 15.61214803380064530813343
85369.19796210341155529022 446456.4284867393434979022 15.63790209966057709323195
85379.59724874753737822175 446467.4534595152363181114 13.68646204620937290030724
85372.98306269144813995808 446464.3096273554838262498 13.76518135965335076775773
85372.56875007053895387799 446464.6970968627138063312 13.93568777131730485052685
85373.24142005637986585498 446464.7871432806714437902 13.64670993382773467317293
85378.78170573299576062709 446468.7153590165544301271 15.05407372808592825208507
85378.55043021855817642063 446469.3529575458960607648 14.82782713035349431152099
85380.50332960209925659001 446466.9463872914202511311 13.927857719464521224495
85374.30328322038985788822 446467.9592964891344308853 17.53669037978104938702018
85407.04785477220139000565 446470.2382133014034479856 13.45096392701566578864458
85406.51725691273168195039 446470.6721817196230404079 13.7952330870382624539161
85382.74458653770852833986 446470.8292524494463577867 15.21821514861074575719613
85383.44748587667709216475 446463.1502171243773773313 15.13972672599999391707115
85383.26584526474471203983 446464.439931053202599287 13.67723913745979480438564
85376.02447776227199938148 446462.3645638866000808775 17.76592226682632613687929
85390.28878359207010362297 446467.203505678684450686 13.69875749749015447775946
85389.37840958332526497543 446466.0604895174619741738 14.62575961866716944825839
85379.44464700571552384645 446472.2854322725906968117 14.815432386319328017521
85380.62042043099063448608 446472.0710571780218742788 13.95354593134399401321843
85378.75865733093814924359 446468.5470053565222769976 15.61942200054016183230488
85364.90018018681439571083 446477.5594384159194305539 9.869910780645300363289607
85382.21236057914211414754 446489.6059129289351403713 12.21164044861335362668342
85377.97592430199438240379 446489.7250867881812155247 12.17926755505070701701698
85373.62593084761465433985 446479.1004644313361495733 15.32900203131228522579477
85366.27018319498165510595 446484.5347372813266701996 9.045240949671722319180844
85366.6851798928837524727 446483.2029914124286733568 8.708244765507785700719978
85374.83935839374316856265 446484.5260005317395552993 9.075541658161041524977009
85374.79894991437322460115 446481.5328851721715182066 9.663502391567341476275033
85383.79187885552528314292 446487.2700862194178625941 12.17434156226988584137416
85374.71535193348245229572 446482.2281244976911693811 9.569037413520495860552728
85373.22575106026488356292 446489.4565007020719349384 12.16448504590857560003769
85374.43663424914120696485 446479.4019488254562020302 15.08545203585245531030523
85366.91170277872879523784 446482.4772905312711372972 8.777847036453579221415566
85374.78732868294173385948 446485.7110487269819714129 9.074866356243846965412558
85367.45989504715544171631 446482.5659161327639594674 6.622934978266978411909349
85367.3746641606412595138 446482.1733880384126678109 6.824930488738790046454596
85366.72378077622852288187 446477.9749928142409771681 12.80716529774673517749761
85367.51193799122120253742 446482.2386384066776372492 7.251093898722470676432295
85367.2083559338643681258 446482.0951276978594250977 7.206354648456620104468584
85366.98383201748947612941 446482.2488424540497362614 7.505891225982811221228985
85367.05085740610957145691 446482.0313578733475878835 8.046381535321359024237609
85374.98458360221411567181 446485.2594301594072021544 9.564140705784819118662199
85374.68438824718759860843 446485.9446171114104799926 9.524328887373171070862554
85372.08148204677854664624 446484.4147833928582258523 7.720469159121726043792933
85375.15997061188681982458 446478.6671593146165832877 15.00999785586854784469324
85366.75696802187303546816 446482.9766044645803049207 6.780341519902261637753327
85367.22679545558639802039 446482.103694785269908607 8.550651475976286164382145
85368.15795223637542221695 446482.5462543999892659485 7.067067493343889061918617
85365.84085422626230865717 446482.6632896161172538996 9.304060810435199613266377
85362.79486474453005939722 446476.5114709879853762686 10.24274404752766187698398
85365.88810922362608835101 446481.9071562910103239119 6.705820062271214077043169
85366.03783211113477591425 446482.1954854888026602566 9.505186824934272138420965
85359.16513732937164604664 446475.0019975443137809634 9.945070294993367809865958
85381.90817558945855125785 446478.6890310045564547181 14.19487866804125353326071
85367.92862699113902635872 446482.4275617275852710009 9.771686241658253280206736
85385.90711928896780591458 446461.6892089504981413484 13.13333236943174142652424
85384.46068938143434934318 446461.3444740513223223388 13.49817311219397097943329
85379.05179701266752090305 446455.2999200255726464093 18.19729142603783245135673
85377.22443537868093699217 446449.6820539862965233624 13.81308849844048936006402
85387.00772826246975455433 446455.2763636784511618316 14.83711319138656570260082
85379.58524049699190072715 446459.0372567175654694438 13.18287950086428850227094
85370.05819035541207995266 446455.7375659507815726101 16.15681954567985911808137
85394.93539797521953005344 446464.9237880206201225519 13.89790006173321224025585
85388.48923389861010946333 446466.4166980129084549844 13.75119666417112362921671
85389.45182683609891682863 446467.1993177416152320802 13.2874496263595034406535
85399.28947739330760668963 446461.9648968628607690334 14.93296537488327047071834
85397.7706015157891670242 446461.1170313165057450533 15.11933377119025756485371
85387.68822718253068160266 446466.8345837570377625525 13.72192991068945744359553
85387.83259496213577222079 446466.6751526037696748972 13.4262332173598277762494
85388.28846078409696929157 446466.7749287142651155591 13.30890621148637009696358
85389.68001009071303997189 446467.6551926877000369132 13.72206503943762179176247
85395.73168160214845556766 446464.7033005462726578116 14.73339265004701559291789
85395.00383202859666198492 446465.6731697804643772542 13.44226474679155280966825
85386.87557224594638682902 446453.4688064822694286704 14.0282229525110953005651
85400.95987775946559850127 446469.118064877693541348 14.93440698573942881921539
85399.47576853669306728989 446468.5209219553507864475 14.96182334769988031553112
85400.11457692136173136532 446469.7770576635375618935 15.11112081371923032691029
85390.17040620176703669131 446462.7520615920657292008 15.00253286766289484432946
85389.87956866786407772452 446462.1114575015380978584 14.98363241207728435711033
85390.7171274711872683838 446459.2987090754904784262 13.86162643983713138595704
85392.27722149692999664694 446468.4968547318712808192 13.41134920444859801591519
85392.01681897093658335507 446468.0198387589189223945 13.57323563709164204738045
85393.07961662752495612949 446468.6567193035152740777 13.3349719591807840401998
85392.57506462594028562307 446456.0871729039354249835 13.721215186063695057328
85387.71151001112593803555 446445.9769996992545202374 13.78574280515489647314098
85389.89633450469409581274 446462.2028183781658299267 14.85584420063592325789159
85389.81952780578285455704 446462.6254982490791007876 14.17291979338616769723558
85387.38171233933826442808 446454.340820299694314599 13.22101746465504668037738
85387.07603294297587126493 446458.5344700614223256707 13.72255547108614592843878
85386.39437914906011428684 446459.2712573852040804923 14.98013803952606970426586
85386.98721359959745313972 446459.5228893406456336379 14.98546724606661584289213
85390.22887068451382219791 446459.7118442007922567427 13.6751480562163827414679
85385.75538519011752214283 446459.3873026440269313753 15.13374469351158424501591
85401.33848512194526847452 446464.4046910573961213231 13.67116992367301797628443
85401.50582601975474972278 446464.2528476184816099703 13.39857496215973853281866
85402.17277079887571744621 446464.6358306924230419099 13.53156503208886718425674
85399.89727709954604506493 446464.1645894283428788185 14.11291160756447560231663
85385.09350655777961947024 446456.827295502123888582 15.0239037932530870023129
85397.48379157019371632487 446474.4478668467490933836 13.17759963748925322590821
85396.79746014440024737269 446470.9425604272983036935 14.19711399590936551362574
85398.30304535431787371635 446471.3972620826098136604 13.97276283117340334172241
85406.69823408368392847478 446469.9240506151109002531 13.70543895989692195769294
85398.03001379921624902636 446469.1889786580577492714 15.10997249206255865772164
85398.91227414531749673188 446470.1241206304985098541 14.46796655404424214452774
85397.68906768546730745584 446470.0858335589291527867 13.90622962371948823090406
85407.41944664786569774151 446471.8043800577870570123 14.95422173747482297301303
85406.02815484239545185119 446465.9395594405359588563 13.36685638229225325801508
85409.48969941408722661436 446471.9939609020366333425 13.93687267146791164407205
85400.46262949873926118016 446463.8067745822481811047 13.38253493431165708216213
85414.49852653242123778909 446469.4545393328298814595 13.35465713659793074441495
85401.1669815188943175599 446463.8831137220258824527 13.42543074203130437638265
85410.24174655738170258701 446471.7843662439845502377 13.14159959907578922866378
85410.29824996716342866421 446472.0883993543684482574 13.56766589058733174510962
85396.57318107994797173887 446469.4927579829818569124 14.06611666333896160097083
85394.29732247527863364667 446469.2082080483087338507 13.27474610299231549959131
85407.37356050085509195924 446469.966859729029238224 14.06443266840265948758315
85410.40650490635016467422 446471.5816683024750091136 13.52213233379653090082684
85406.72093174823385197669 446466.0465595461428165436 13.60506105853211344935971
85406.50054059662215877324 446466.3854280132218264043 13.47651816956263814972772
85406.46451835833431687206 446466.6887692167074419558 13.86954025275254487326038
85402.20837507981923408806 446467.8393116931547410786 14.0454222922204436940774
85387.25121325335931032896 446457.7750469079473987222 13.88686558534566728440041
85401.82466416657553054392 446464.0398684904794208705 13.57713962650418793032259
85407.06658753793453797698 446471.0540256557869724929 14.03201911944017155065012
85401.28557612549047917128 446467.0526037322706542909 14.65839815866677753319891
85408.02175209137203637511 446467.0140578792197629809 13.47468357115594450590379
85407.47671060392167419195 446466.3609022251912392676 13.60250251294971768345476
85410.93926787101372610778 446468.7655281007755547762 14.14247006627626923602747
85416.99693255568854510784 446466.5717246009735390544 13.67552132485167959430328
85407.96972570820071268827 446481.4234056526329368353 16.24408879700557761793789
85407.48697032695054076612 446481.2236203466891311109 15.63633426813119875475877
85409.42008421379432547837 446471.4633693171199411154 13.16981021870397583484191
85413.0265269698720658198 446479.9771096996846608818 14.46919421829108998167612
85404.59118990298884455115 446473.1951290544238872826 13.59192270029662807928617
85410.72552331566112115979 446471.8235566132934764028 13.35775534935671515768263
85411.6685126103984657675 446475.0250192074454389513 14.90876765964425842980745
85405.5821448182687163353 446484.0250200974405743182 15.79574596267310582220489
85401.40005162997113075107 446479.6640861646737903357 13.87391070025354800065998
85407.22710778554028365761 446481.1160778534249402583 16.39376971728605170142146
85399.19786525555537082255 446472.2156914331135340035 14.57982109435578976786019
85399.09872977186751086265 446472.4621814580168575048 14.96897745230928755688637
85398.22468080415274016559 446472.2914872975088655949 15.10198891031362222747703
85401.81529833513195626438 446467.0677796959644183517 14.96898653707166992887778
85398.53368297075212467462 446473.624216036987490952 15.07383765953753318456165
85398.65242698747897520661 446474.3740220108302310109 13.99860045243025830075112
85396.07498727954225614667 446466.7596925768884830177 14.42171231924924335032756
85396.44877544936025515199 446466.2375547736883163452 13.38904092162835546275801
85397.61104694756795652211 446466.8679217018070630729 13.61664451126556762972086
85400.22699325594294350594 446478.2207133982446976006 15.04078876393830022095699
85400.61660736081830691546 446478.3816587988985702395 15.95369416651847416233068
85392.62042987064342014492 446467.910854011366609484 14.00544775524315177506196
85401.18100632033019792289 446478.613936442241538316 16.42134000273809490977328
85389.5816484133101766929 446466.9302718956023454666 13.67701559650084064401199
85390.13437590168905444443 446467.6446527069783769548 13.45527810006220548189049
85388.04185083491029217839 446466.327168317511677742 13.63641943126114774997859
85387.26828739822667557746 446462.7743193230126053095 13.90717045787224570574381
85389.78325533070892561227 446462.6661449758685193956 14.97788900982299153952226
85389.43484955331950914115 446463.0433122057584114373 14.97827819653788239406822
85388.09668212092947214842 446459.2412578248186036944 14.07065802453340808142457
85388.84713747521163895726 446463.680018645478412509 14.95554365310057320925807
85387.88637971480784472078 446462.8863170380936935544 13.68647909880860247255896
85388.27701133317896164954 446462.7636588966124691069 13.25200802533726651688539
85376.90099390610703267157 446460.797303635801654309 17.43873056217515582488886
85379.81162481731735169888 446451.1100753573700785637 13.78889320360741166382468
85378.76125340431462973356 446449.6232916522421874106 14.80137096935238005812607
85369.99881803784228395671 446462.9299610067391768098 13.46771086532194239282489
85384.69403600532677955925 446453.331153654376976192 13.4139478714616373622448
85384.73282658279640600085 446457.4999439279199577868 13.97507658822946829957345
85388.22108281435794197023 446462.3127099293051287532 13.639203356243378095769
85385.07428437010094057769 446461.6292700300109572709 13.54334406369605403597234
85385.19108075638359878212 446460.1441524965921416879 15.02180719169925815492661
85387.63581269854330457747 446463.6378543739556334913 14.98925552815923190053127
85388.46431132657744456083 446463.79649979347595945 14.70821375591124358095385
85389.93708721727307420224 446462.5004174481146037579 14.9783316172844589431179
85384.80852546580717898905 446457.4671974793309345841 13.68419817088082446332464
85396.04531779988610651344 446470.0103278822498396039 13.35694477046779660156517
85391.53192095845588482916 446468.3137775878421962261 13.57913592793137524949998
85399.05044279179128352553 446469.757852549955714494 14.98122860107591236555891
85399.75971908062638249248 446470.3077477712067775428 14.66925075914897647066937
85395.95333604310872033238 446474.0207736595184542239 13.32796970605470221471478
85392.30035661195870488882 446471.0632695165113545954 15.0502882786015614868802
85395.19031104759778827429 446473.4210735237575136125 13.30023806336435221453485
85392.12489671168441418558 446480.5963945346302352846 13.54629155317318378592972
85393.78665126924170181155 446480.9939775028033182025 13.08157168285056215495388
85399.16915626633272040635 446477.782187941309530288 15.04230139794830733990239
85394.64223531731113325804 446481.1505663305288180709 13.37998128641819306494654
85389.02178560083848424256 446479.3005365687422454357 13.24593727156892342122774
85395.40312851790804415941 446482.3777249460108578205 14.18215775888973340101984
85393.12639300264709163457 446480.9930144429672509432 12.67398989995962210741709
85395.99325210620008874685 446481.6559947111527435482 13.45889997022955242300668
85401.9854783408809453249 446491.6857203571707941592 14.11683763081309805897945
85409.29368158920260611922 446483.6997552812099456787 13.67682580667844760569096
85406.46038631568080745637 446487.4017153833992779255 14.82924982954297021819912
85408.60937058820854872465 446482.9080865078722126782 13.55637832593049019180853
85410.06640288104244973511 446486.8871539902756921947 15.87484681744594183783192
85410.06349816259171348065 446486.885695825272705406 15.61288573440158877758677
85411.53938328252115752548 446490.6056144919130019844 17.07159767533446270704189
85405.92741139352438040078 446485.9573332025902345777 13.17106295299650398078484
85408.90317117629456333816 446488.4969747252180241048 14.9469982152288967114373
85409.41910393703437875956 446483.4607660613255575299 13.3199878892757510584488
85408.78988507934263907373 446483.4153007866116240621 13.58382500859601904608098
85411.42212897948047611862 446482.7589155386667698622 15.77710051251458445165099
85409.24122495656774844974 446488.6421878922847099602 15.55242002334397177776282
85404.77935008160420693457 446495.2733690017485059798 15.13438795603767417219387
85405.85991852640290744603 446494.8518819769378751516 14.37642743187857519160389
85406.70363738133164588362 446480.9241628762683831155 14.99448514956328715186373
85410.87807840445020701736 446485.1067805433413013816 15.48123548798232818057841
85410.08275203790981322527 446486.8250384023995138705 14.8029639599312865527736
85405.36091018409933894873 446493.7782454753760248423 13.66363663421733498637423
85408.99530952180793974549 446487.6903826388297602534 14.01629732192011701386036
85409.43479191490041557699 446488.2226267546648159623 14.59096103291658153011667
85407.52663930979906581342 446486.5369135204236954451 13.29409040189869806170009
85408.07553315053519327193 446486.7176951597211882472 12.85168911213576237173584
85407.17763239379564765841 446493.6878229647991247475 15.76266159561004798206341
85407.24520443694200366735 446493.4092397463391534984 15.41172558633778777448242
85407.44117639758042059839 446492.6097585009410977364 15.78361625659903566543107
85407.70483296536258421838 446493.9123613628325983882 15.90020796785566048470173
85407.70728514519578311592 446494.3519146011094562709 16.06673327820093533091494
85405.85901699749229010195 446492.9531785688013769686 14.61943858767284964983446
85406.61896952694223728031 446495.5081184619339182973 15.4241428572470837821129
85406.52445711409382056445 446495.8283294471330009401 15.39519856479489057221599
85407.5847802739153848961 446492.2648350204108282924 15.47117865785045864868152
85408.06505803776963148266 446496.3761967688915319741 16.76967289088134549501774
85402.26450984593247994781 446492.1145837120711803436 13.65580178363507712901992
85404.16358276491519063711 446493.6761811974574811757 13.81049352259238638396255
85407.01754552240890916437 446494.6353848846047185361 15.81238360961856415087823
85407.03438281622948125005 446494.6396376430639065802 15.53153388505780618800145
85407.25164677044085692614 446493.7934450461762025952 15.16904687321949118938846
85404.5887906549614854157 446494.5858339205733500421 14.67382818077722284044739
85408.55629528866847977042 446491.2874190831207670271 14.47295146819377897884351
85411.85990951262647286057 446490.14777091279393062 17.03039442002437198198095
85415.74106703280995134264 446484.8329020616365596652 17.43279896448684240795046
85417.44165976243675686419 446489.4335783806745894253 -1.062293660687177565549177
85426.85978073674777988344 446497.6146753175999037921 17.00395714264095659018494
85426.75818376189272385091 446495.4393456442630849779 17.14268959191342034387162
85436.18652560871851164848 446496.2494534390862099826 17.20493564643167516692301
85412.34602374279347714037 446489.9997296620276756585 17.32457556698337342027116
85406.18166270878282375634 446496.0387181845726445317 15.73360273896451744235492
85406.76547891748487018049 446495.0283951598685234785 15.90579459514552773669038
85395.8246918337099486962 446481.7478454141528345644 13.21774553010245867312733
85395.41736369780846871436 446481.9421901906025595963 13.24211870677537561391546
85394.1596569636749336496 446481.4223733158432878554 13.20414309908148986494325
85406.50251337960071396083 446494.6971562201506458223 14.15228249212630373676802
85406.79627416988660115749 446494.9156800609198398888 14.34299467255779170216101
85406.90853482967941090465 446494.6587502312613651156 14.71865756334807073812954
85406.62911129908752627671 446492.407591713999863714 15.79536778332245638978293
85407.1378173942503053695 446494.0732292405446060002 14.33395347403784825246476
85407.95229234936414286494 446494.937773142009973526 16.46537540583668857152588
85407.51579670430510304868 446494.6124798013479448855 14.61692779432434008413111
85407.87704086229496169835 446493.6573219647980295122 16.20678060093214867265488
85387.18838615230924915522 446459.8175482387305237353 15.14376601271387023928128
85392.00271032426098827273 446456.0520759308128617704 13.47472838593727395561928
85392.86223611449531745166 446456.5021815409418195486 13.36190460414136893518844
85391.89295457476691808552 446460.0704814699711278081 13.58772424952033475165081
85379.64845149379107169807 446450.0810441161156632006 14.66446059069236973471106
85389.66922953183529898524 446447.759435877320356667 13.9463434338638663234633
85394.27655705007782671601 446449.1218974324292503297 13.29268494719431004114085
85387.82339750237588305026 446446.3097308406722731888 13.34796432312606739856164
85387.92706376174464821815 446431.0394008560688234866 6.574009336221154242707598
85384.74054358102148398757 446453.2108373207738623023 13.63013544124061127149616
85376.50291761309199500829 446441.1535931418766267598 14.07761155684119991349235
85375.97050180395308416337 446441.1857490863185375929 13.83001734072581356826959
85376.08571798680350184441 446440.8174417837290093303 14.32657863333776404601849
85369.18249491874303203076 446453.8526191799319349229 14.50449057145215725483922
85368.92837823955051135272 446457.1793287568725645542 16.95463426641293835928082
85350.81686285694013349712 446449.0683373106294311583 15.89106581868534640022972
85343.83945139311254024506 446451.9195920592756010592 13.67243440121106701212739
85412.10806785848399158567 446469.9104325061780400574 14.95782910419368860743816
85418.97098437385284341872 446461.9565561334020458162 15.03863311969188032435341
85417.06579226204485166818 446458.6152927990187890828 13.35203578373414146085452
85433.97361540271958801895 446470.198718884726986289 18.45342558813617017676734
85439.25049376222887076437 446460.8547391524771228433 17.54344673495790019046581
85438.6804479316488141194 446461.0338014158769510686 17.12351915994391404751696
85437.94180722096643876284 446462.3539066368248313665 17.37587944087108837720734
85415.54385266691679134965 446469.9814686438767239451 13.55503684902783945176452
85417.56568569157388992608 446458.8919247951125726104 13.43460068232374382546368
85407.5025686643784865737 446458.8862454085028730333 13.59706138851193024663644
85421.36534260251210071146 446460.6827795266290195286 14.47571488516151028136392
85374.52220215748820919544 446479.6808531166170723736 15.09421133331494502272108
85375.09155053595895878971 446480.2532866960391402245 14.59085283334187188586384
85375.81353913007478695363 446478.8367271895986050367 14.88577327047993570374729
85374.9491034923994448036 446481.253907244186848402 12.99332329618958503658632
85374.32525480528420303017 446481.323694266437087208 10.34441133858153349933673
85375.88919282684219069779 446480.1506764661753550172 15.13833511132006925947735
85378.5755823558138217777 446480.1294890657882206142 14.38649148113490028322303
85375.70374056245782412589 446479.0782615005737170577 15.15317538568470823179268
85373.53498677136667538434 446485.1069067300413735211 8.248485013582657288111477
85374.35124171937059145421 446481.9116942355176433921 9.797405247583213849793538
85375.07630618799885269254 446483.1814893605187535286 9.221497232071085292659518
85365.51994649067637510598 446486.4192284058663062751 7.666408722199690828347229
85375.50755408751138020307 446484.0681612940388731658 8.968223578245575922096577
85378.04707880584464874119 446479.8819106367882341146 14.49288374671326806719662
85375.49544380581937730312 446484.1085518138715997338 12.06953329933329932543984
85358.39441867213463410735 446464.788542841502930969 15.77678016635003999112996
85343.23983571074495557696 446452.0637649811687879264 13.53792053321188149084264
85343.58851587238314095885 446452.4849520897259935737 13.68990932027928053571486
85343.67772592879191506654 446452.1941808052943088114 13.42238818663765442806834
85340.92277808710059616715 446462.2024527130415663123 10.10108416521797991549647
85358.0218751378997694701 446454.995781531382817775 17.90440201803214037568068
85359.04108750827435869724 446454.318969260435551405 18.19810261687450392287246
85375.75011832280142698437 446441.223269514855928719 14.15437285191118554905643
85370.46128930452687200159 446437.8428575225407257676 15.60145287094963251206536
85382.64928583272558171302 446456.7474620760185644031 -1.062293660687179785995227
85340.04358792651328258216 446461.5846037262235768139 9.873400786331878009605134
85366.96958037895092274994 446436.2913651695125736296 15.7231034208842093136127
85376.22429924632888287306 446442.1788636455894447863 13.94443591058561260354054
85365.17147163157642353326 446430.541016985836904496 9.859102697634764211898073
85364.46625816779851447791 446430.4276955091045238078 9.858297836002812175593135
85386.29608277625811751932 446433.2647091916878707707 9.683982466873631622661378
85386.3366350582946324721 446433.1638453127234242857 7.658012232332112034782767
85387.27471823131782002747 446434.0883919371990486979 6.603424369435741958511699
85387.03296798987139482051 446433.9860706431791186333 7.386865257742240231664255
85447.89385106367990374565 446456.8382513433462008834 11.54073315676150990327642
85447.16590078457375057042 446458.0810040913638658822 12.14481975905672683779812
85447.21223279005789663643 446458.4757161401794292033 11.8959901866622352883951
85447.32614443101920187473 446458.2021453726338222623 9.490048979201327838950419
85447.61756358377169817686 446460.341883178218267858 11.43077853131980603507145
85445.63165496049623470753 446471.1423560517141595483 17.82474975760474933395017
85443.60800441732862964272 446467.6157894440111704171 16.80643671800881477906842
85441.07755641320545691997 446455.5741661340580321848 12.1499027211580106211386
85439.78622878452006261796 446455.4390126764192245901 12.34538666623550184908709
85402.69715136288141366094 446439.2701599487336352468 13.04349348340463699003067
85389.94700593301968183368 446444.0632355414563789964 14.99334562495802281034685
85447.32593903726956341416 446468.5333390228333882987 13.25203573590883543431573
85447.61331773981510195881 446468.1166571573121473193 8.961092771407475510159202
85411.32917807123158127069 446439.0749713234254159033 5.818844872080265240299468
85345.99927623358962591738 446470.9793701208545826375 2.933893514063027119220806
3  0 1 2
3  3 4 5
3  6 7 8
3  9 10 11
3  12 13 14
3  15 16 17
3  18 19 20
3  21 22 23
3  24 25 26
3  27 28 29
3  30 31 32
3  30 33 31
3  34 35 36
3  37 38 39
3  40 38 37
3  41 42 43
3  10 44 45
3  46 47 48
3  49 50 51
3  52 53 54
3  52 54 55
3  56 57 58
3  59 57 56
3  60 61 62
3  8 7 63
3  64 65 66
3  67 68 69
3  70 68 67
3  71 72 73
3  74 75 76
3  77 78 79
3  80 81 82
3  83 84 85
3  86 87 88
3  89 90 91
3  92 93 94
3  51 95 96
3  97 98 99
3  100 101 102
3  103 104 105
3  42 106 43
3  107 108 109
3  110 111 112
3  113 114 115
3  116 117 118
3  119 116 118
3  120 121 122
3  123 124 125
3  123 125 126
3  127 128 129
3  130 131 132
3  112 133 134
3  122 135 120
3  136 137 138
3  139 137 136
3  139 138 137
3  140 141 142
3  143 141 140
3  144 112 145
3  144 145 146
3  147 148 149
3  150 151 48
3  112 134 110
3  152 153 154
3  155 6 8
3  142 141 156
3  157 158 159
3  160 161 162
3  163 164 165
3  166 167 168
3  169 170 171
3  172 173 174
3  175 173 144
3  172 144 173
3  176 177 178
3  179 178 177
3  180 181 182
3  183 140 142
3  184 185 186
3  187 188 189
3  190 191 192
3  193 194 195
3  196 197 198
3  196 198 199
3  200 201 202
3  203 204 205
3  206 207 208
3  209 210 211
3  212 213 214
3  215 216 217
3  218 219 220
3  221 222 223
3  224 225 226
3  227 228 229
3  230 231 232
3  233 234 235
3  147 236 237
3  176 238 239
3  240 241 242
3  243 124 123
3  244 245 246
3  247 248 249
3  250 251 252
3  253 252 251
3  254 255 256
3  257 258 259
3  260 141 143
3  261 99 98
3  262 263 264
3  265 266 267
3  196 268 197
3  16 269 270
3  271 272 273
3  274 275 276
3  24 277 244
3  278 279 280
3  281 282 283
3  178 284 285
3  286 287 288
3  286 288 289
3  290 291 292
3  293 294 295
3  296 297 298
3  299 208 84
3  145 112 111
3  300 145 111
3  301 302 303
3  304 305 306
3  145 307 146
3  146 307 189
3  308 309 310
3  311 312 313
3  138 111 136
3  237 314 147
3  315 316 317
3  318 317 316
3  319 320 230
3  69 321 322
3  323 324 325
3  326 327 328
3  24 182 25
3  329 330 231
3  329 231 331
3  332 333 334
3  245 187 246
3  335 292 291
3  182 15 180
3  336 337 281
3  338 339 340
3  341 342 343
3  344 342 341
3  345 346 347
3  348 349 350
3  247 249 351
3  352 353 354
3  355 356 357
3  358 359 360
3  361 362 363
3  364 365 366
3  367 365 364
3  368 369 370
3  371 372 373
3  374 166 375
3  250 376 377
3  378 379 380
3  381 382 383
3  384 303 302
3  385 386 387
3  388 353 389
3  390 247 391
3  129 392 8
3  393 8 392
3  253 351 252
3  394 395 396
3  268 397 206
3  268 206 299
3  398 399 400
3  401 400 312
3  402 403 404
3  405 406 407
3  408 409 410
3  411 412 413
3  414 415 416
3  417 418 419
3  420 421 422
3  420 423 421
3  214 213 424
3  300 425 145
3  415 426 427
3  377 428 429
3  430 162 431
3  432 433 434
3  435 436 437
3  438 439 440
3  441 442 443
3  444 445 446
3  447 448 449
3  450 451 452
3  453 454 455
3  352 456 457
3  352 457 458
3  459 456 352
3  460 461 462
3  189 425 187
3  463 464 465
3  466 169 467
3  468 469 470
3  471 472 473
3  471 474 472
3  475 476 477
3  478 479 394
3  480 481 482
3  483 484 485
3  486 484 483
3  74 487 488
3  489 490 491
3  492 493 494
3  495 496 497
3  498 495 497
3  499 500 477
3  501 502 503
3  504 505 506
3  504 506 507
3  373 508 371
3  509 510 511
3  330 329 512
3  513 514 515
3  513 515 516
3  517 356 518
3  200 519 174
3  520 521 522
3  523 520 522
3  524 525 526
3  527 528 529
3  530 528 527
3  531 532 533
3  534 535 536
3  537 538 539
3  540 541 542
3  238 132 529
3  543 544 545
3  546 547 227
3  300 345 187
3  548 549 146
3  550 551 552
3  553 282 554
3  26 277 24
3  230 232 270
3  69 230 320
3  322 230 69
3  555 236 556
3  557 289 558
3  245 277 26
3  230 270 269
3  300 111 138
3  280 559 467
3  346 117 116
3  136 111 110
3  112 144 133
3  560 30 561
3  562 563 564
3  565 564 563
3  271 214 566
3  567 568 569
3  570 148 134
3  118 117 571
3  572 573 574
3  575 573 572
3  138 139 300
3  576 314 237
3  576 110 314
3  577 292 335
3  494 578 492
3  335 549 577
3  579 580 291
3  581 384 302
3  69 119 67
3  534 536 524
3  582 140 583
3  584 585 254
3  586 511 510
3  587 588 273
3  237 236 589
3  583 590 582
3  20 160 591
3  132 238 592
3  593 18 594
3  595 48 596
3  472 597 598
3  179 556 178
3  599 600 601
3  187 425 300
3  602 603 604
3  605 606 607
3  608 15 17
3  609 195 610
3  611 195 609
3  612 613 614
3  615 272 271
3  616 617 618
3  616 619 617
3  620 621 622
3  623 510 509
3  228 624 625
3  624 228 227
3  626 627 628
3  182 181 629
3  630 32 31
3  631 632 633
3  634 242 635
3  616 636 637
3  561 638 560
3  639 640 641
3  642 643 644
3  645 610 195
3  646 647 648
3  642 644 649
3  650 651 652
3  653 654 655
3  656 17 16
3  656 16 338
3  657 658 659
3  658 657 660
3  661 662 563
3  663 295 294
3  664 495 665
3  496 495 664
3  239 520 523
3  348 666 667
3  668 669 670
3  85 84 208
3  637 671 619
3  637 619 616
3  672 673 674
3  675 676 677
3  584 645 678
3  24 244 15
3  273 679 271
3  151 680 681
3  682 458 437
3  683 596 684
3  683 684 685
3  686 687 688
3  686 689 687
3  121 690 122
3  691 121 692
3  431 162 693
3  189 188 694
3  276 97 274
3  457 437 458
3  695 696 697
3  681 46 151
3  698 699 700
3  695 701 702
3  703 701 695
3  457 456 437
3  332 546 333
3  704 705 706
3  443 442 65
3  174 707 690
3  173 707 174
3  202 276 200
3  97 99 274
3  200 174 201
3  708 709 710
3  303 711 712
3  713 714 715
3  716 176 523
3  717 435 437
3  718 140 719
3  718 583 140
3  179 716 720
3  177 716 179
3  176 178 238
3  721 175 144
3  722 723 707
3  724 725 527
3  377 443 250
3  726 441 727
3  358 600 728
3  360 600 358
3  729 730 67
3  731 730 729
3  725 732 733
3  734 735 736
3  737 527 733
3  738 131 739
3  740 739 131
3  274 741 275
3  742 743 626
3  435 744 745
3  746 745 744
3  747 132 592
3  134 314 110
3  160 748 591
3  431 749 430
3  750 751 752
3  664 186 125
3  560 33 30
3  291 580 335
3  177 176 716
3  320 119 69
3  320 319 119
3  509 511 753
3  719 183 754
3  136 576 237
3  520 755 265
3  494 431 693
3  756 431 494
3  275 741 570
3  275 570 134
3  326 328 757
3  268 299 84
3  275 134 133
3  758 759 760
3  719 754 718
3  580 761 762
3  756 494 493
3  763 711 764
3  571 574 573
3  758 760 278
3  576 136 110
3  149 148 570
3  524 536 765
3  759 758 555
3  753 766 767
3  511 766 753
3  572 574 589
3  768 589 574
3  136 768 139
3  285 769 592
3  70 67 730
3  116 119 319
3  69 68 321
3  19 770 20
3  20 770 160
3  591 430 771
3  338 340 656
3  591 162 430
3  559 593 467
3  492 578 559
3  19 559 578
3  589 768 237
3  130 735 772
3  724 773 725
3  559 19 593
3  308 310 290
3  604 774 775
3  160 578 161
3  430 521 771
3  776 777 25
3  629 776 25
3  230 322 231
3  240 242 634
3  287 778 288
3  779 780 781
3  467 602 466
3  246 347 319
3  116 347 346
3  782 336 283
3  783 784 785
3  466 615 169
3  232 231 330
3  786 609 610
3  766 676 767
3  787 788 789
3  790 791 792
3  793 794 795
3  783 796 797
3  182 24 15
3  798 799 800
3  539 801 544
3  802 627 743
3  626 743 627
3  526 560 638
3  642 803 643
3  804 805 806
3  806 805 604
3  587 534 807
3  808 809 810
3  808 811 809
3  233 599 812
3  404 813 70
3  814 815 816
3  231 322 817
3  467 169 331
3  817 813 404
3  321 813 817
3  802 628 627
3  818 819 820
3  25 182 629
3  633 821 822
3  121 391 692
3  146 189 823
3  402 731 280
3  824 825 826
3  280 279 559
3  729 280 731
3  180 15 608
3  608 566 214
3  180 608 214
3  779 827 828
3  169 829 331
3  170 787 171
3  557 830 831
3  557 831 601
3  19 18 593
3  832 833 834
3  835 836 837
3  494 693 161
3  749 522 521
3  710 709 761
3  838 839 840
3  838 840 728
3  841 842 360
3  843 844 845
3  26 846 245
3  548 846 26
3  239 523 176
3  319 347 116
3  430 749 521
3  522 749 756
3  156 147 149
3  559 279 492
3  279 493 492
3  599 267 812
3  48 151 46
3  18 20 599
3  722 707 175
3  267 20 591
3  847 530 527
3  575 278 280
3  756 749 431
3  747 592 769
3  183 741 754
3  774 805 298
3  260 556 236
3  848 849 850
3  771 520 265
3  738 773 724
3  136 237 768
3  693 162 161
3  246 187 347
3  20 267 599
3  162 748 160
3  728 600 599
3  148 314 134
3  148 147 314
3  755 520 528
3  771 265 591
3  335 580 549
3  846 548 823
3  267 591 265
3  130 132 747
3  851 684 852
3  853 541 854
3  775 779 405
3  855 856 857
3  858 857 856
3  859 860 597
3  132 131 738
3  861 862 863
3  557 558 830
3  864 865 866
3  239 528 520
3  575 572 278
3  772 131 130
3  530 847 528
3  755 528 847
3  528 239 238
3  771 521 520
3  523 522 716
3  716 522 720
3  720 522 756
3  161 578 494
3  770 578 160
3  528 238 529
3  848 850 750
3  441 197 727
3  867 868 869
3  870 871 872
3  188 846 694
3  873 874 875
3  876 877 878
3  393 392 879
3  880 734 736
3  881 882 883
3  63 884 129
3  885 886 887
3  888 889 890
3  891 888 890
3  892 893 499
3  351 249 252
3  894 895 896
3  303 712 128
3  897 898 899
3  900 901 902
3  903 427 426
3  129 8 63
3  302 301 904
3  905 906 249
3  691 692 201
3  66 201 692
3  907 908 909
3  439 910 911
3  912 913 914
3  915 916 917
3  918 919 920
3  475 500 921
3  922 923 924
3  922 924 925
3  892 479 478
3  396 926 394
3  248 927 928
3  929 155 8
3  929 930 155
3  931 932 933
3  934 935 936
3  937 938 939
3  682 437 123
3  459 334 940
3  941 942 943
3  944 945 946
3  947 946 945
3  948 949 950
3  208 207 951
3  952 953 954
3  252 249 906
3  955 956 957
3  958 956 955
3  376 250 959
3  960 961 962
3  227 963 546
3  964 965 476
3  711 303 384
3  966 745 746
3  429 443 377
3  967 968 969
3  697 502 501
3  697 501 970
3  881 971 972
3  377 973 428
3  229 940 963
3  876 974 408
3  503 442 441
3  905 249 248
3  764 975 763
3  940 456 459
3  976 977 978
3  352 354 459
3  456 940 229
3  441 198 197
3  352 979 389
3  980 981 48
3  982 983 984
3  985 982 984
3  986 987 961
3  726 503 441
3  695 988 354
3  989 990 991
3  428 992 198
3  390 391 120
3  196 992 993
3  726 501 503
3  120 391 121
3  707 723 994
3  995 808 810
3  261 701 996
3  253 251 66
3  330 512 270
3  252 959 250
3  997 998 999
3  1000 1001 1002
3  858 1000 1002
3  1003 1004 872
3  156 236 147
3  253 692 351
3  1005 1006 373
3  1007 611 517
3  189 307 425
3  1004 870 872
3  174 691 201
3  351 391 247
3  1008 1009 1010
3  539 543 1011
3  1012 808 995
3  120 1013 390
3  1014 1015 970
3  1016 1017 1018
3  1019 372 371
3  1020 396 1021
3  234 266 847
3  812 266 234
3  1022 1023 1024
3  1025 1026 1027
3  1028 1029 1030
3  1031 1032 1033
3  892 478 1034
3  1035 1036 1037
3  1019 371 1038
3  546 85 547
3  1039 1040 815
3  755 847 266
3  1041 1042 826
3  471 1043 1044
3  267 266 812
3  1045 1046 1047
3  1048 1046 1045
3  1049 1050 1051
3  1052 1053 1054
3  725 773 732
3  1055 1056 680
3  832 834 1042
3  1057 1058 498
3  848 436 745
3  848 745 849
3  1059 683 685
3  1060 1058 1057
3  1060 1057 1061
3  993 1062 397
3  1004 1003 996
3  1063 1064 1065
3  782 337 336
3  342 1066 343
3  1067 1068 1069
3  1070 819 1071
3  1072 633 632
3  667 1073 654
3  145 425 307
3  681 680 1056
3  761 579 710
3  175 707 173
3  26 25 1074
3  1075 1076 1077
3  537 1078 1079
3  640 1080 641
3  983 1081 1082
3  1083 652 651
3  631 633 822
3  646 193 1084
3  1085 1086 1087
3  85 208 547
3  1088 1089 1090
3  1091 518 1092
3  517 518 1091
3  1078 797 1093
3  1094 1095 1096
3  801 1097 1031
3  1098 1097 801
3  1033 1099 1100
3  1101 889 1102
3  255 30 256
3  214 181 180
3  1103 1104 1105
3  612 614 1106
3  608 17 656
3  181 1107 776
3  1108 776 1107
3  30 255 561
3  1016 1109 1110
3  1111 1112 588
3  1113 424 1114
3  154 1115 152
3  1116 1115 154
3  1018 1117 309
3  424 181 214
3  283 777 1108
3  1118 1106 1119
3  776 1108 777
3  1120 1121 1122
3  1123 1124 1111
3  615 170 169
3  467 331 403
3  270 512 16
3  209 152 1115
3  292 281 308
3  629 181 776
3  554 1074 553
3  181 1113 1107
3  1125 1126 1127
3  1128 1113 1129
3  226 1130 224
3  652 1083 1127
3  541 540 1131
3  1132 643 585
3  1132 1133 643
3  1134 1135 1136
3  1137 1109 1092
3  1083 1138 1125
3  181 424 1113
3  584 678 1132
3  1139 1140 1141
3  1142 1143 1144
3  807 1145 588
3  1146 1112 1124
3  588 1145 1111
3  209 1115 210
3  1147 612 1106
3  1147 1106 1118
3  668 670 1148
3  587 272 1149
3  273 272 587
3  1150 1151 1152
3  757 1153 1154
3  826 1042 258
3  1155 1156 1157
3  1158 1098 350
3  1132 585 584
3  1011 1159 1160
3  1161 1162 1163
3  534 638 807
3  254 1164 786
3  256 1164 254
3  1165 1166 1167
3  1165 1168 1166
3  254 786 584
3  1169 1114 1118
3  1170 1168 1165
3  1171 1172 1173
3  30 1173 256
3  1174 1175 1170
3  1176 1177 1178
3  1176 1178 1179
3  655 1180 1181
3  1182 663 786
3  645 646 678
3  1183 675 677
3  535 1184 1185
3  1186 1185 1184
3  1148 1171 1173
3  1160 1187 1011
3  1173 30 32
3  1188 293 1172
3  1154 1153 1189
3  537 539 1187
3  550 1190 1191
3  1192 1193 562
3  539 544 543
3  1194 225 224
3  543 545 891
3  670 1195 1130
3  1196 1197 1198
3  670 1171 1148
3  785 796 783
3  835 1199 1136
3  1136 836 835
3  550 1200 551
3  1201 785 784
3  1187 1078 537
3  539 1011 1187
3  798 800 542
3  1148 798 542
3  1192 1159 543
3  517 611 1202
3  552 609 1203
3  609 552 611
3  1160 797 1078
3  662 551 563
3  1204 1205 1192
3  1204 1192 1206
3  1079 1078 1093
3  585 643 803
3  1207 579 1140
3  587 1149 534
3  1157 1208 1209
3  1160 1078 1187
3  1210 1201 564
3  538 668 1211
3  538 669 668
3  1191 1212 550
3  1013 1213 390
3  1214 1210 1212
3  258 1035 826
3  550 552 1203
3  537 669 538
3  1191 1079 1093
3  653 1181 1215
3  538 655 654
3  1216 1217 818
3  1218 796 1219
3  1218 1219 1210
3  1064 1220 1221
3  1222 1223 1224
3  543 1159 1011
3  1192 1205 1193
3  1160 1159 783
3  807 588 587
3  652 1127 1225
3  1226 1227 1228
3  1204 1193 1205
3  564 1229 562
3  1201 784 1229
3  641 1230 639
3  1031 1231 801
3  783 1159 1232
3  1232 784 783
3  323 1233 832
3  1234 1235 1236
3  668 542 1237
3  1148 542 668
3  606 1238 1239
3  1240 1241 1242
3  1232 1159 1192
3  1232 1192 1229
3  562 1229 1192
3  1243 1244 1245
3  1246 1247 1248
3  1249 1250 1251
3  1252 1249 1251
3  1253 1254 1255
3  1256 1255 1254
3  1052 371 508
3  661 562 1193
3  1257 1258 1259
3  1260 1261 1262
3  1263 1264 622
3  1265 1266 1267
3  1265 1267 620
3  1268 49 1269
3  518 1270 1271
3  1137 518 1271
3  1158 350 1272
3  1273 1274 1275
3  1276 1277 1278
3  1279 1280 1281
3  1279 1281 1282
3  1158 1051 1283
3  1284 1285 1063
3  1286 1287 1288
3  1115 1289 1290
3  1291 1292 1293
3  1294 1295 1296
3  1297 1295 1294
3  1031 1097 1032
3  1098 1032 1097
3  224 1298 1194
3  1299 1300 1301
3  562 661 563
3  568 793 795
3  568 795 569
3  1209 1208 605
3  1302 1303 1304
3  1305 1306 1307
3  598 473 472
3  1308 1309 1310
3  1310 157 1308
3  1311 1312 1313
3  1033 1032 1099
3  1314 821 633
3  1315 622 1316
3  564 1201 1229
3  165 1317 1318
3  1319 1317 165
3  1320 1321 1100
3  1322 1290 1323
3  1324 350 1098
3  642 1166 803
3  1325 1084 1225
3  1326 1327 1328
3  1329 1330 1331
3  1332 1333 1334
3  1335 1336 1337
3  1192 543 1206
3  1338 1339 1340
3  1341 1342 1247
3  1101 1343 1344
3  1345 1044 1346
3  1204 1206 891
3  543 891 1206
3  1347 505 1348
3  1349 1347 1348
3  1051 1285 1049
3  1332 1350 1351
3  1296 1266 1352
3  1353 1354 1355
3  1356 1245 1357
3  1358 1334 1333
3  1359 1360 1361
3  1362 1281 1363
3  1364 1281 1362
3  890 889 1101
3  1344 890 1101
3  1365 1314 1366
3  1321 1031 1100
3  1100 1031 1033
3  1367 1368 1369
3  1072 1314 633
3  1370 1371 1372
3  1373 985 1293
3  1098 801 1324
3  1374 1375 1376
3  1377 1378 1256
3  1379 42 41
3  868 1380 869
3  1381 568 567
3  1382 1383 1384
3  1385 901 1386
3  1387 1388 1389
3  1388 1390 1389
3  1391 1392 1393
3  1393 1394 1391
3  1366 1314 1395
3  1396 1397 1398
3  1399 1400 1401
3  1402 364 1403
3  1391 1394 1297
3  1394 793 1297
3  328 1270 355
3  1271 1270 328
3  1161 1404 1405
3  1259 1406 1407
3  1408 1409 1410
3  1411 868 867
3  1356 1412 1245
3  1413 1411 1248
3  1414 1415 1416
3  1417 1418 1419
3  1420 1421 821
3  1420 821 1314
3  1422 1423 1424
3  1256 1254 1425
3  1060 184 1058
3  1426 1427 1428
3  1428 1427 1429
3  1430 1431 1432
3  1433 1434 1435
3  1436 1437 1438
3  1439 1332 1440
3  1365 1420 1314
3  1441 1436 1442
3  1443 1444 1445
3  1446 1447 1448
3  1449 1448 1447
3  1450 1451 1452
3  1446 1366 1447
3  1446 1453 1366
3  1280 1279 1454
3  1282 1454 1279
3  1455 1456 1457
3  1458 1459 1460
3  1393 1392 1441
3  1072 1395 1314
3  1461 1375 1374
3  1072 1449 1395
3  1462 1463 1464
3  1465 1466 1467
3  1468 1469 1470
3  1471 1472 1473
3  1474 1475 1476
3  1475 1474 1477
3  1478 1479 1480
3  1481 1482 1483
3  1484 1485 1446
3  49 51 1486
3  1487 1488 1489
3  1490 1489 1491
3  1492 1493 1439
3  129 884 127
3  1494 1495 1496
3  1497 1498 1499
3  1435 1434 1500
3  1501 1502 1503
3  10 1504 11
3  714 157 1310
3  1505 1506 1309
3  1505 1309 1308
3  1507 1508 1509
3  1510 1511 1512
3  1513 1514 1515
3  1514 1516 1515
3  1517 1337 1516
3  1518 1519 1520
3  1521 713 715
3  1521 715 1310
3  1522 1523 1524
3  1522 1524 1525
3  1526 1075 1527
3  1528 1529 1530
3  1531 1528 1530
3  1532 1533 1534
3  1535 1536 1537
3  1261 1538 1539
3  1540 1541 1542
3  1543 1544 1545
3  1546 1547 1548
3  1486 488 1549
3  1550 1551 1552
3  1553 1551 1550
3  1553 1550 1552
3  1554 1555 1226
3  1556 1498 1557
3  1558 1254 1559
3  1560 1561 1499
3  159 1561 1560
3  1254 1253 1559
3  1562 1563 1564
3  1565 1546 1548
3  417 1566 1567
3  1568 1569 1570
3  1571 1572 1573
3  1574 1575 1576
3  1559 1577 1558
3  1543 1577 1559
3  1578 1579 1580
3  1299 1425 1581
3  1582 1583 1584
3  1585 1586 1587
3  1588 1589 1590
3  1588 1590 1591
3  1592 1593 1594
3  1560 1499 1556
3  1583 1541 1595
3  1378 1377 1596
3  1597 1598 1599
3  1559 1503 1543
3  1600 1601 1602
3  1600 1335 1601
3  158 157 714
3  1603 1604 1605
3  1606 1607 1608
3  1609 1610 1590
3  1591 1590 1610
3  1611 1612 1613
3  1611 1613 1614
3  1615 1582 1584
3  1616 1617 1618
3  1619 51 50
3  1620 1621 1622
3  1602 1623 1585
3  1624 1625 1626
3  1595 1541 1540
3  1627 1628 1629
3  1542 1620 1540
3  1630 1631 1632
3  1633 1634 1635
3  1544 1595 1636
3  1637 1638 1583
3  1639 1640 1641
3  1032 1158 1283
3  1425 1642 1581
3  1635 1643 1644
3  1645 1646 1540
3  1503 1647 1543
3  1648 40 1649
3  1531 1650 1651
3  1652 1653 1604
3  1629 1654 1655
3  1583 1638 1656
3  1656 1584 1583
3  1644 1643 159
3  1657 1658 1659
3  1660 1661 1662
3  1663 1664 1522
3  1665 1666 1667
3  1654 1498 1655
3  1559 1501 1503
3  1668 1669 1630
3  1668 1630 1670
3  1671 1672 1673
3  158 1674 1675
3  1676 1677 1678
3  1679 1680 1681
3  1681 1682 1679
3  1683 1684 1685
3  159 1686 1561
3  159 1643 1686
3  1687 1655 1497
3  159 1688 1644
3  1689 1690 1691
3  1674 1692 1675
3  1687 1497 1686
3  1693 1510 418
3  1532 1694 1533
3  1695 1309 1506
3  1086 1085 1696
3  1697 1698 1599
3  1633 1635 1699
3  1699 1635 1644
3  1700 1695 1701
3  1694 1700 1701
3  1702 1703 1704
3  1705 1706 1707
3  375 1708 1709
3  158 714 1674
3  1521 1309 1695
3  1710 1711 1712
3  1685 1713 1683
3  1714 1715 1340
3  1686 1497 1561
3  1499 1561 1497
3  713 1521 1695
3  714 1310 715
3  1637 1656 1638
3  1505 1308 1716
3  1717 1718 1719
3  1720 1721 1722
3  1723 1724 1725
3  1726 1727 1728
3  1729 1730 1731
3  1732 1733 1734
3  1735 1736 1737
3  1675 1688 158
3  1738 1683 1713
3  1707 1698 1739
3  1739 1705 1707
3  1740 1741 1742
3  1743 1744 1745
3  1743 1745 1746
3  1747 1567 1566
3  1675 1699 1688
3  1696 1748 1086
3  1502 1749 1701
3  1750 1695 1506
3  1751 1752 1753
3  1669 1754 1755
3  1756 1669 1755
3  1716 1757 1556
3  1758 1759 1760
3  1643 1635 1687
3  1688 1699 1644
3  1761 1762 1763
3  1764 1765 1766
3  1310 1309 1521
3  1503 1502 1750
3  1688 159 158
3  157 1560 1757
3  1767 1768 1769
3  1770 1767 1769
3  1771 1681 1680
3  1687 1686 1643
3  1675 1692 1772
3  159 1560 157
3  1308 157 1757
3  1773 1774 1775
3  1699 1774 1773
3  1757 1716 1308
3  1776 1777 1778
3  1773 1633 1699
3  1635 1779 1687
3  1780 1781 13
3  1782 1783 1673
3  1784 1785 1786
3  1787 1788 1789
3  1790 1672 1791
3  1792 1793 1794
3  1795 1796 1797
3  1690 1773 1775
3  1798 1799 1790
3  1594 1800 1801
3  1802 1801 1800
3  1803 1804 1805
3  1633 1773 1634
3  1634 1773 1690
3  1806 1807 1808
3  1750 1701 1695
3  1809 1810 1811
3  1775 1812 1690
3  1813 1814 1815
3  1382 1384 1816
3  1817 1818 1819
3  1776 1676 1678
3  1777 1776 1820
3  104 1821 1822
3  1823 1824 1825
3  1826 1827 1828
3  1829 1830 1714
3  1831 1832 1833
3  1834 1835 1836
3  1837 1838 1839
3  1840 1841 1842
3  1843 1844 1845
3  1846 1599 1847
3  1586 1623 1848
3  1586 1848 1849
3  1721 1850 1851
3  63 7 311
3  923 1852 924
3  1853 1854 1855
3  1723 1853 1855
3  1856 1857 1858
3  1859 1860 1861
3  1862 1863 1864
3  1865 1866 1867
3  1868 1869 1870
3  1871 1872 1873
3  1872 101 1873
3  103 1874 1538
3  1875 1876 1877
3  475 477 500
3  1878 987 986
3  1879 1880 902
3  1881 1882 1883
3  1884 412 411
3  1885 1886 1887
3  926 1888 393
3  1889 1890 1891
3  1892 1893 1894
3  926 393 1034
3  1895 1529 1528
3  1896 1897 382
3  8 1888 929
3  900 6 1898
3  1899 1555 1891
3  1878 944 946
3  1900 1901 1902
3  127 884 986
3  1903 400 401
3  1904 416 427
3  1904 427 1905
3  1906 427 903
3  1907 978 1908
3  1907 1908 1909
3  416 415 427
3  986 961 127
3  1910 1911 960
3  894 1912 895
3  1912 192 895
3  1913 1914 973
3  1915 65 64
3  1916 1917 1918
3  946 1919 1878
3  301 1920 409
3  409 904 301
3  1921 1890 1922
3  963 333 546
3  967 428 968
3  968 1923 969
3  1924 1925 1926
3  904 469 302
3  397 207 206
3  198 992 199
3  1927 698 625
3  1928 1929 1930
3  377 376 1913
3  377 1913 973
3  928 913 1931
3  6 155 1898
3  712 711 763
3  410 409 1920
3  1932 1933 913
3  1933 1932 381
3  302 1934 581
3  973 1935 428
3  443 65 1915
3  247 921 1936
3  885 887 1937
3  202 201 66
3  1938 1939 1940
3  1941 1942 1943
3  1050 1283 1051
3  429 441 443
3  702 701 98
3  1912 931 192
3  1944 1945 1226
3  1946 259 1947
3  456 746 717
3  966 746 456
3  1948 881 972
3  986 1949 1878
3  196 993 397
3  702 502 695
3  376 382 1950
3  992 1951 993
3  1952 1953 1954
3  1955 1956 1520
3  1062 1957 397
3  1958 469 904
3  508 475 921
3  1959 1960 1961
3  1962 936 1963
3  252 906 959
3  1964 936 974
3  1005 1965 1966
3  879 1967 393
3  974 936 1962
3  121 691 690
3  1968 46 811
3  1969 1970 1005
3  259 1946 1971
3  1972 1973 1974
3  373 475 508
3  816 815 1975
3  1233 833 832
3  1976 634 1977
3  1054 1038 1052
3  1939 1978 1940
3  1013 1053 1052
3  120 1053 1013
3  1979 1980 1981
3  1979 1982 1980
3  830 558 594
3  1037 1983 1207
3  291 1141 579
3  1110 1984 1985
3  1038 1036 257
3  290 1141 291
3  838 1986 462
3  838 498 1986
3  824 310 825
3  1987 1221 1220
3  1988 1989 1990
3  1324 348 350
3  1991 1249 1992
3  1993 1994 1396
3  1995 1328 1996
3  1997 455 623
3  1998 1999 2000
3  1139 310 824
3  2001 2002 2003
3  2001 2003 2004
3  1139 1141 290
3  186 665 1058
3  186 664 665
3  823 189 694
3  2005 953 261
3  1053 120 135
3  238 178 285
3  26 1074 577
3  345 347 187
3  122 690 994
3  131 772 740
3  292 1074 554
3  245 188 187
3  2006 2007 2008
3  868 1411 2009
3  1042 834 258
3  188 245 846
3  325 2010 818
3  1272 349 2011
3  1412 2012 2013
3  548 577 549
3  1108 2014 283
3  561 2015 638
3  1032 1098 1158
3  2016 1188 1172
3  1041 324 323
3  786 610 645
3  786 645 584
3  1114 1147 1118
3  807 2015 1175
3  638 2015 807
3  782 1018 337
3  1091 2017 1225
3  1126 1084 1325
3  542 853 1237
3  2014 651 782
3  648 2018 2019
3  678 648 2019
3  2020 2021 154
3  153 2020 154
3  1212 1210 1200
3  1203 609 2022
3  2023 1156 1237
3  2024 2025 1258
3  2026 1323 2027
3  1207 1140 2028
3  1107 1128 1138
3  1107 1113 1128
3  1290 1322 1115
3  210 1115 1322
3  390 1213 247
3  1052 1213 1013
3  1116 1289 1115
3  803 1166 1168
3  1173 2029 256
3  2016 1171 670
3  1189 2030 357
3  247 1213 921
3  1341 1247 2031
3  820 819 1070
3  1137 1092 518
3  635 242 2032
3  757 328 2030
3  2033 2034 1307
3  2035 1216 820
3  1234 1236 2036
3  1257 2036 1236
3  283 336 281
3  518 356 1270
3  1193 1341 661
3  1247 1344 1413
3  1342 1341 1204
3  1193 1204 1341
3  1417 2037 1418
3  1120 1122 2038
3  2039 2040 2041
3  1037 2042 1035
3  2043 367 1402
3  2044 2045 2046
3  1295 2047 1296
3  1265 1352 1266
3  1245 1244 1357
3  2048 1997 2049
3  2050 2051 2052
3  2053 2054 2055
3  2056 2057 1534
3  1599 1846 1697
3  2058 2059 1765
3  2060 367 2043
3  2061 1302 1437
3  2062 2063 2064
3  2065 2062 2064
3  2066 2067 2068
3  2069 1436 366
3  2070 1297 1294
3  2071 2072 2073
3  1942 2072 2071
3  2074 1566 417
3  2075 2076 2077
3  2078 1827 2079
3  2080 2081 2082
3  2073 2072 2083
3  2084 1734 1847
3  2085 2086 2087
3  2088 2089 1570
3  2090 2091 2092
3  1841 1840 2093
3  2094 2095 2096
3  2097 1482 1481
3  2098 1482 2097
3  2099 2098 2100
3  1408 1410 2101
3  2102 1408 2101
3  2103 1596 1377
3  2104 2103 1377
3  2105 2106 2107
3  2108 2109 2110
3  2111 1736 2112
3  1737 1736 2111
3  2113 2114 2115
3  1616 1618 1621
3  2116 2117 2118
3  2119 2120 2121
3  2121 2120 2122
3  2102 1481 1408
3  328 355 357
3  2123 2124 2125
3  2126 2127 2128
3  2129 2130 2131
3  2132 2133 2134
3  2132 2134 2135
3  2136 2137 2138
3  2139 1667 2140
3  2141 2142 2143
3  450 2144 2145
3  2146 2144 450
3  1609 1590 1589
3  2147 2148 2149
3  2150 2151 2152
3  2153 2154 2155
3  2156 2154 2153
3  1784 2157 2158
3  2159 2158 2157
3  2160 1598 1597
3  1720 2161 2162
3  2163 215 217
3  1721 1851 2164
3  2160 2161 1720
3  2165 2166 2167
3  2168 1859 1861
3  902 1880 311
3  49 1268 50
3  2169 2170 2171
3  2172 2173 2174
3  2111 2175 2176
3  1419 2177 2178
3  2179 2180 1354
3  2181 2182 2183
3  2184 2185 2186
3  2187 2188 2189
3  1340 2190 1714
3  2191 2192 2193
3  1744 2194 1745
3  2195 2196 2197
3  2183 2182 2198
3  2199 2200 2201
3  2202 2203 1722
3  2203 2202 2204
3  2205 2206 2207
3  2208 2179 1353
3  1809 2209 1810
3  1353 2179 1354
3  2210 1825 2211
3  2212 1089 2213
3  2214 1089 2212
3  2215 2216 2217
3  2218 2219 1026
3  2220 2221 1759
3  2222 2223 2224
3  1739 2185 2184
3  2225 1832 1574
3  1812 2226 2227
3  1573 2228 1571
3  2229 2230 2231
3  2232 2233 2234
3  318 2235 2236
3  2237 2238 2239
3  2084 1599 1598
3  1735 2240 1736
3  1646 1595 1540
3  2241 1338 2242
3  2243 2244 1354
3  1739 452 2185
3  1597 2245 2161
3  2246 2208 1353
3  2247 2248 2249
3  2247 2249 2097
3  2250 2251 2252
3  1537 1621 1620
3  1621 1849 2253
3  1618 2254 1587
3  1516 1337 1336
3  1634 1690 1689
3  2255 2256 2257
3  2258 2259 2260
3  1785 2261 2262
3  2263 2262 2261
3  704 706 1895
3  1581 2264 1299
3  355 1270 356
3  2265 2266 1546
3  2265 1546 2267
3  1602 2268 1623
3  1601 2268 1602
3  2269 1587 2254
3  2270 1616 1536
3  2270 1536 2139
3  2271 2272 2273
3  1537 1542 1535
3  1537 1620 1542
3  1514 2274 2275
3  2276 2277 2278
3  1769 1514 2275
3  2279 2280 2281
3  2282 2283 2284
3  1538 2285 2286
3  1261 2285 1538
3  2287 1515 1336
3  1515 1516 1336
3  2288 2289 2290
3  2270 1617 1616
3  1535 2139 1536
3  2275 2274 2270
3  2291 2292 1608
3  2291 1608 2104
3  1299 2264 1838
3  1790 1792 1794
3  1672 1790 1794
3  2293 2294 2295
3  2296 1835 1834
3  2297 2298 2299
3  1772 2300 2301
3  2302 2254 1618
3  2303 1761 1763
3  1769 1516 1514
3  1537 1616 1621
3  2304 2305 2306
3  1535 1542 2139
3  1584 2307 1615
3  2287 2308 2269
3  1477 2309 1475
3  1868 2310 2311
3  1336 1335 2312
3  2253 1622 1621
3  2254 1513 1515
3  1254 1558 1425
3  1600 1602 2313
3  1585 2313 1602
3  1536 1616 1537
3  1514 1617 2270
3  2274 1514 2270
3  1514 2302 1617
3  1618 1617 2302
3  2314 2315 2316
3  2287 1336 2308
3  2302 1513 2254
3  1513 2302 1514
3  2317 2318 2319
3  2319 2320 2317
3  1804 2321 2322
3  1782 1755 1783
3  2098 2323 1482
3  2324 910 2325
3  1769 2326 1516
3  2314 2327 2328
3  1637 1543 1647
3  2329 2253 1848
3  2279 2281 105
3  1848 2268 2289
3  2330 2331 1577
3  1665 1667 2303
3  1622 1645 1620
3  1582 1667 1542
3  1542 1667 2139
3  2287 2269 2254
3  1763 1770 1665
3  419 2332 2074
3  2308 1585 2269
3  1587 2269 1585
3  2333 91 2334
3  1587 1621 1618
3  2335 2336 2337
3  1794 2338 1672
3  463 2339 2340
3  1335 1337 2341
3  1795 2142 1796
3  2142 1795 2143
3  2308 2312 1585
3  1336 2312 2308
3  2342 2343 2344
3  2345 2346 1863
3  2347 103 2348
3  2349 2350 2351
3  2352 2353 2354
3  2355 2356 2357
3  2287 2254 1515
3  2358 2359 2360
3  2361 2362 2334
3  1621 1586 1849
3  1671 1673 1779
3  2363 2364 2365
3  2366 2367 2368
3  2369 2370 2371
3  1517 1516 2372
3  2373 2374 2375
3  2376 2359 2358
3  1600 2313 1335
3  2312 1335 2313
3  2312 2313 1585
3  1679 1682 2238
3  2377 2073 1105
3  2378 2379 2380
3  2379 2378 1387
3  2381 2239 1838
3  2382 1579 1578
3  1335 2341 1601
3  2383 1613 2384
3  1747 2385 2386
3  1747 2386 2387
3  1198 1682 1681
3  1104 2388 2389
3  2390 1104 2389
3  2239 2391 2237
3  2326 1524 1523
3  2392 2326 1523
3  2383 2393 1613
3  2394 2395 2396
3  2394 2397 2395
3  2398 2399 2400
3  2401 2402 2403
3  2404 2405 2406
3  1908 2407 2408
3  312 2409 2410
3  410 1920 408
3  2411 2412 1887
3  220 21 23
3  2194 2192 2413
3  40 1648 2414
3  2415 2416 2417
3  2418 2419 2420
3  1522 2421 1663
3  2422 2423 2424
3  2425 2426 2427
3  2428 2429 2430
3  2431 2432 2433
3  2434 958 2435
3  2436 95 51
3  1955 1048 2437
3  2437 1048 2438
3  1410 2439 2101
3  2440 2441 2442
3  2443 2444 2445
3  1883 2446 2447
3  2448 2449 2450
3  1917 2451 73
3  2452 2453 2454
3  2455 2456 2457
3  2458 2459 2460
3  2461 2462 2463
3  2464 2465 2466
3  2467 2451 1917
3  2468 2469 2457
3  2470 2471 2472
3  2472 2471 2473
3  1385 902 901
3  2474 2223 2475
3  1386 901 1898
3  2476 2477 2478
3  2479 2480 2481
3  2482 2483 2484
3  2484 2485 2482
3  2486 2487 2488
3  2489 2488 2487
3  2490 2491 2492
3  2493 2494 2495
3  2403 1916 1504
3  2496 2497 2498
3  2498 2150 2496
3  1811 2499 2348
3  2500 2501 2502
3  2503 2504 2505
3  2506 2507 2508
3  2509 2510 2511
3  2512 2513 2514
3  2515 2516 2517
3  2517 2518 2515
3  2519 2520 2521
3  2522 2523 2524
3  2525 2526 2527
3  2528 2529 2530
3  2225 2531 2532
3  2533 2534 2087
3  2535 2536 2537
3  2538 1672 1671
3  2538 1671 1779
3  2539 2540 2541
3  2539 2542 2540
3  2543 2544 2545
3  2546 2547 2548
3  2549 1860 2550
3  2551 2552 2553
3  2551 2553 2554
3  2555 2556 2420
3  2556 2555 2557
3  2362 2558 2333
3  203 2559 27
3  2560 2266 13
3  2561 2562 2563
3  1565 2267 1546
3  1565 2564 2267
3  2565 2566 2567
3  2568 2569 2570
3  2362 2571 2558
3  2572 2306 2573
3  2574 2575 2576
3  2519 2577 2578
3  2519 2578 2349
3  2579 2577 2521
3  925 2580 2581
3  5 4 2582
3  2583 167 1008
3  2584 2585 2586
3  2587 2588 2589
3  2590 1423 2591
3  2590 2591 2592
3  2593 2594 2595
3  2596 2340 2597
3  205 2559 203
3  2499 1811 2598
3  2599 2600 2601
3  2602 2603 2604
3  2605 2606 2607
3  2608 2609 2473
3  2610 10 9
3  2425 2611 2426
3  2368 2367 2612
3  1196 1198 2613
3  1763 1762 2614
3  2615 2616 2617
3  2618 2616 2615
3  1546 2560 1547
3  2619 2620 2621
3  2622 2623 2624
3  2625 2626 2627
3  2628 2629 2630
3  2631 2459 2632
3  2633 2489 2634
3  396 2635 926
3  370 2636 2637
3  2638 317 318
3  2639 2640 2641
3  2642 2643 2644
3  2643 2642 2645
3  2571 2646 2558
3  2587 2647 2648
3  2649 1548 1547
3  1312 1311 2650
3  2651 2652 2653
3  2654 2655 1741
3  204 2641 2656
3  2657 2347 2658
3  2659 2660 2661
3  2662 2663 2664
3  2662 2664 2665
3  1311 1313 2666
3  2646 2667 2668
3  2669 2627 2626
3  2670 2671 36
3  2670 2672 2671
3  2673 2674 2655
3  2608 2470 2675
3  1672 2538 2676
3  2677 2678 2679
3  2680 2681 2682
3  2683 2684 2685
3  2686 2683 2685
3  2687 2688 2689
3  2690 2691 2497
3  2322 2692 1792
3  1390 1388 2693
3  2389 2694 2481
3  2104 1607 2103
3  1442 1941 1441
3  2695 2696 2697
3  2698 2699 2700
3  2701 2586 2585
3  2378 2380 2702
3  2594 2703 2704
3  2705 2706 1573
3  1756 2621 2707
3  2490 2708 2491
3  2486 2708 2490
3  2709 2710 2711
3  1543 1637 1544
3  2712 2267 2564
3  2564 2568 2712
3  2266 2560 1546
3  2713 1822 2714
3  1525 1524 2326
3  2715 2368 2612
3  1747 1566 2385
3  1810 2716 1811
3  2574 166 2575
3  2717 2718 2719
3  2717 2719 2720
3  103 2347 1874
3  2392 2721 2722
3  1685 1684 2723
3  1569 2724 2725
3  2726 2727 1779
3  2676 2727 2726
3  1779 2727 2538
3  1576 2531 2225
3  1576 2225 1574
3  2384 2728 2729
3  2277 2730 2731
3  1683 2732 1831
3  2733 2734 1570
3  2735 2736 2737
3  372 1005 373
3  1723 1858 1853
3  2738 1858 1723
3  2739 2740 2741
3  2742 2743 2744
3  2742 2745 2743
3  2746 2747 2748
3  2749 1724 2750
3  2749 2751 1724
3  2513 2752 2753
3  2716 1810 2754
3  2755 2756 2757
3  2221 2220 2758
3  2319 2055 2320
3  1879 2759 1880
3  2473 2609 2760
3  2761 2762 216
3  215 2761 216
3  2763 2192 2764
3  2413 2192 2763
3  2765 2766 2767
3  2768 2769 2127
3  2770 2771 2772
3  2735 2763 2736
3  2763 2735 2413
3  2773 2774 2775
3  2776 2777 215
3  2778 2779 2780
3  2195 2781 2782
3  2197 2781 2195
3  2783 2784 2785
3  2786 2784 2783
3  2787 2788 2789
3  2790 2791 2792
3  2793 2794 1045
3  2795 1458 2796
3  2199 2797 2798
3  1840 2799 2800
3  2801 2792 2802
3  2792 2801 2803
3  2798 2474 2804
3  1905 2805 2806
3  2764 2736 2763
3  2807 2808 2809
3  2810 2394 2811
3  1038 257 1019
3  259 1971 1019
3  2195 2812 2813
3  2090 2814 2091
3  2815 2785 1861
3  2816 2337 2817
3  2818 1607 1606
3  2470 2472 2819
3  2089 240 1976
3  2820 2821 2822
3  2823 2824 2825
3  2826 2824 2823
3  2827 2828 2829
3  2131 1698 1697
3  2830 2831 2832
3  2833 1729 1731
3  2834 1729 2833
3  1860 2835 2550
3  2836 2837 2838
3  2839 2840 1472
3  2841 2842 2168
3  2785 2784 2843
3  2844 2356 2845
3  907 1751 2846
3  1025 1027 2847
3  2848 2849 2850
3  2085 115 2851
3  2457 2852 2853
3  2854 2852 2457
3  107 2855 108
3  2856 2552 2551
3  2810 2397 2394
3  2397 2810 1026
3  950 2857 2858
3  2859 2735 2860
3  2861 2862 2863
3  2396 1494 2864
3  2865 2866 440
3  2867 933 932
3  2868 933 2867
3  816 2869 1487
3  1487 814 816
3  2870 2124 2123
3  257 259 1019
3  372 1019 1971
3  1038 371 1052
3  2871 2872 2873
3  2174 2173 2874
3  658 2284 2875
3  1161 1163 1404
3  1982 2876 1980
3  2876 2877 1980
3  2878 2879 2880
3  2881 2879 2878
3  2882 2883 1881
3  2884 2885 2886
3  2887 1 0
3  2888 2889 1454
3  233 185 728
3  506 2890 2891
3  2892 2893 2894
3  406 2892 2894
3  2895 1924 2896
3  2897 2898 2899
3  228 751 2900
3  388 389 979
3  1200 550 1212
3  2901 2902 2903
3  2904 2905 2906
3  1946 1947 2035
3  2851 115 114
3  2907 2908 2909
3  2910 2911 2912
3  2910 2913 2911
3  1488 2914 1489
3  2915 2916 2917
3  2032 2918 635
3  2919 2365 2364
3  2919 2364 2920
3  2921 2922 2323
3  2923 2924 1163
3  1800 2925 2926
3  1800 2926 2927
3  1796 2142 2928
3  2929 2175 2930
3  2931 2925 2932
3  2085 2933 2086
3  2242 2934 2241
3  2935 2936 2937
3  2938 2939 2940
3  1434 2941 1500
3  2942 2941 1434
3  2292 1301 2943
3  1774 1772 2301
3  2944 2945 2946
3  2947 2948 2949
3  2674 2947 2949
3  2608 2675 1619
3  2608 1619 50
3  2950 2451 2467
3  76 5 2951
3  3 5 76
3  484 1844 1843
3  486 1844 484
3  2495 2952 2672
3  2953 2954 2955
3  1619 2675 2956
3  2957 2958 2959
3  2960 1564 1563
3  2961 2962 2963
3  2964 2696 2965
3  2966 2967 2968
3  2964 2697 2696
3  2969 2970 2971
3  2972 2971 2970
3  2605 2973 2606
3  2974 2957 2975
3  2974 2975 2427
3  2976 2977 2978
3  2979 2980 2666
3  2981 449 2982
3  2983 2984 2566
3  2985 2986 2571
3  2681 2987 2988
3  2989 2990 2991
3  2992 2991 2990
3  2993 2951 5
3  2427 2975 2985
3  2445 2994 2995
3  2996 2997 2659
3  2998 2996 2659
3  2999 2524 2977
3  1718 3000 3001
3  3002 3003 3004
3  3005 3006 3007
3  81 3008 82
3  3009 3010 3011
3  3012 2472 2495
3  3012 2495 2672
3  3013 3014 3015
3  2680 2987 2681
3  3016 3017 3018
3  3019 3020 71
3  3019 71 73
3  3021 3022 3023
3  3022 2956 3023
3  3024 3025 3026
3  3024 3026 3027
3  2470 2608 2471
3  2608 2473 2471
3  2907 3028 2908
3  13 2266 2632
3  3029 3030 3031
3  14 3032 12
3  3033 3034 2699
3  2700 2699 3034
3  3035 3036 3037
3  2991 2698 2989
3  3038 2681 2988
3  3024 3027 3039
3  3040 3041 3042
3  3041 3043 3042
3  2965 3044 1312
3  2965 3045 3044
3  1769 1525 2326
3  3046 2948 3047
3  3048 3049 3050
3  1874 3047 1539
3  14 13 1781
3  3051 3052 3053
3  3052 3054 3053
3  2999 3055 2522
3  2673 2655 3043
3  1821 3056 3057
3  3058 3059 2354
3  2524 2523 3060
3  3061 2722 2966
3  3062 2366 2646
3  3063 1677 1676
3  1689 1677 3063
3  1868 1870 2310
3  2527 3064 3065
3  3066 3067 3068
3  3069 3049 3070
3  2680 3071 2996
3  3072 2658 2830
3  1834 3073 3074
3  2976 3074 3073
3  3075 2376 2358
3  2715 2376 3075
3  3076 3077 3078
3  3079 3080 3081
3  103 105 1809
3  3082 3083 490
3  2427 3084 2974
3  3085 3086 2611
3  2232 3086 3085
3  3087 3088 3028
3  3089 3028 3088
3  2959 2975 2957
3  2680 2682 3071
3  2426 2611 3086
3  2588 3090 3091
3  3092 2988 2987
3  2668 3093 2333
3  2272 3094 3095
3  1874 1539 1538
3  2648 3041 2587
3  3096 3041 2648
3  3097 3098 3099
3  3100 3098 3097
3  3101 3102 3103
3  2702 3104 3105
3  2965 2696 3106
3  3107 2422 2424
3  2964 2965 1312
3  3108 3109 2523
3  3108 3110 3109
3  3111 3112 3113
3  3114 3115 3035
3  3114 3035 3061
3  3100 3097 2514
3  3116 2053 3117
3  3118 3119 3120
3  3121 1805 1804
3  1539 3122 1261
3  3123 2716 2678
3  3124 3125 3126
3  3127 2715 3093
3  3060 2523 3109
3  3128 3125 3129
3  3130 3017 3131
3  2228 2423 1571
3  3043 3096 3132
3  3132 1262 3133
3  3122 3133 1262
3  2572 3134 2306
3  3043 2655 3042
3  1727 3135 1660
3  3042 3136 3040
3  713 1695 3137
3  1836 3138 1834
3  3139 3099 3140
3  2589 3049 2647
3  2647 2587 2589
3  3141 2512 3142
3  3143 2454 3144
3  1811 2348 1809
3  3145 3146 3033
3  1563 3147 3148
3  3149 3115 3114
3  3150 55 3151
3  3152 2530 2529
3  3153 3038 3154
3  3042 2655 2644
3  3155 3156 3157
3  3106 2696 2695
3  3158 3159 3160
3  3161 3162 39
3  2644 2655 2654
3  2286 3056 3163
3  105 104 2713
3  2276 2730 2277
3  3164 3165 3166
3  1821 2714 1822
3  2393 3167 3168
3  3169 3170 2592
3  3170 3169 2688
3  3171 2973 3172
3  3173 3174 3072
3  3175 2686 3176
3  2713 2279 105
3  3177 3178 2280
3  3177 2280 2279
3  3056 3179 3057
3  1821 3180 2714
3  3181 1575 1574
3  2676 1791 1672
3  1799 3121 1790
3  1805 3121 1799
3  2286 3163 1538
3  3182 3183 2110
3  2086 2933 3184
3  55 3185 3151
3  3186 1803 3187
3  3188 3189 3190
3  3191 3192 3193
3  3194 3195 1588
3  2714 2279 2713
3  2714 3177 2279
3  3196 3197 3198
3  2534 2779 2778
3  3199 3200 3201
3  3202 3180 3203
3  10 45 2448
3  3204 3205 3206
3  3207 3205 3204
3  3208 3190 3209
3  3209 3210 3208
3  3211 2347 2657
3  3207 2280 3205
3  2281 2280 3207
3  3212 3206 2113
3  2209 2251 1810
3  3213 2146 450
3  3193 3192 3214
3  2209 1809 105
3  1463 3215 3216
3  3217 3215 1463
3  1857 1856 3218
3  1354 2180 2106
3  3219 3112 3111
3  3111 3220 3219
3  3221 35 34
3  1706 1705 3222
3  3223 2097 3224
3  3176 3225 3175
3  2210 2081 2080
3  3226 3227 3228
3  3229 3230 3231
3  3232 3233 2101
3  3234 3235 1801
3  3236 3237 3238
3  2942 3239 3240
3  3241 3242 3243
3  3175 3220 3111
3  3080 3244 3245
3  3246 1573 2706
3  1831 3247 1832
3  444 434 3248
3  452 3213 450
3  1737 3249 3250
3  2387 2733 3251
3  2074 2332 3252
3  1720 1722 2160
3  1275 3253 3254
3  1599 1698 1597
3  3255 3256 2165
3  1847 1599 2084
3  1415 1414 3257
3  3249 2111 2162
3  3258 3259 88
3  1739 2184 1705
3  3260 2216 3261
3  3262 2216 3260
3  3263 2100 2098
3  2098 3223 3263
3  2249 2248 3224
3  2249 3224 2097
3  3264 3265 3266
3  3267 1705 2184
3  3267 1735 1737
3  3268 3269 3270
3  3269 3271 3270
3  2164 2202 1721
3  3272 2476 3273
3  3274 3275 1278
3  3258 88 87
3  2797 3276 2094
3  3277 2094 3276
3  3267 3222 1705
3  3250 3249 3278
3  2245 3278 3249
3  2056 3279 3280
3  3281 3282 1625
3  2245 1706 3278
3  1666 2140 1667
3  1707 1597 1698
3  452 1739 1698
3  2111 3249 1737
3  3222 3250 3278
3  1276 1278 3275
3  3283 1481 3284
3  3282 1626 1625
3  3285 3286 3062
3  1737 3250 3267
3  3222 3267 3250
3  3222 3278 1706
3  3287 3288 3268
3  3289 2921 3290
3  3289 3290 1414
3  1276 3290 1277
3  2388 2694 2389
3  2243 2105 1846
3  1846 3291 2243
3  3292 2117 2116
3  1846 2105 2131
3  1846 2131 1697
3  2111 2176 2162
3  3293 3294 3295
3  3296 3297 3298
3  3296 3299 3297
3  3275 3300 3301
3  1597 2161 2160
3  1375 2694 3302
3  3303 3053 3304
3  3254 1273 1275
3  1706 2245 1707
3  1597 1707 2245
3  2546 3305 3306
3  2797 3307 3276
3  2161 2245 3249
3  2161 3249 2162
3  2243 3291 86
3  3308 86 88
3  3227 3309 3228
3  3310 2094 3277
3  3311 3312 2930
3  3313 3314 3315
3  3315 3316 3313
3  2179 2208 3317
3  3318 1830 3319
3  2105 2243 1354
3  1082 3320 1291
3  3238 3237 2088
3  3317 3255 3321
3  3308 2221 3322
3  88 2221 3308
3  1830 2130 1714
3  1594 2925 1800
3  2198 3323 2183
3  3317 3324 2179
3  2179 3324 2180
3  2626 36 35
3  2626 35 3221
3  634 1976 240
3  2088 3325 241
3  1545 1636 3326
3  2220 1759 3307
3  3327 3328 3329
3  3330 3331 3332
3  3333 3334 3335
3  1485 3336 1446
3  1453 1446 3336
3  3337 3338 1274
3  2221 1760 1759
3  2796 3339 3340
3  1458 3339 2796
3  2090 3260 1598
3  2090 1598 3341
3  3342 2092 2091
3  3343 3344 3345
3  2094 3310 2095
3  3293 3346 2199
3  3347 3294 3293
3  3348 3349 3350
3  3351 3343 2108
3  3352 2177 3353
3  3261 3354 3355
3  3356 3357 3358
3  3359 1461 1976
3  3353 1526 3360
3  3361 2199 2798
3  1419 2178 3362
3  3363 2475 3364
3  2474 2475 3363
3  1418 3365 3366
3  2385 1566 2074
3  3367 3368 1327
3  3369 3370 3371
3  2758 2220 3307
3  2215 3372 3261
3  3313 3259 3314
3  1971 3373 372
3  2798 2804 3361
3  2776 2767 2777
3  2795 3374 2474
3  3330 3332 3375
3  2474 1459 1458
3  3376 3377 3378
3  2889 1363 1454
3  3369 3379 3380
3  3381 3382 3340
3  3383 2246 2182
3  3383 2208 2246
3  3384 3385 3386
3  88 3259 1760
3  3387 3368 3388
3  3388 3389 3387
3  3340 3382 3390
3  3391 3392 3393
3  3363 3364 2804
3  2223 2222 3394
3  227 547 971
3  2438 3395 3396
3  3397 3396 3395
3  2798 2797 3398
3  1460 3381 3339
3  3399 73 2451
3  2838 2856 2836
3  3400 1996 1328
3  476 3401 964
3  3402 820 3403
3  2028 3404 1207
3  3400 1328 3368
3  1327 3368 1328
3  3405 3406 3407
3  2802 3408 2801
3  3409 3408 2802
3  3410 3411 3412
3  3413 3411 3410
3  3414 2880 3415
3  822 1050 631
3  3416 3417 3418
3  3416 3419 3417
3  3420 3421 3422
3  3423 2172 3424
3  3425 3426 3427
3  2793 304 3428
3  3425 3429 3426
3  3430 3414 3357
3  3431 3432 3433
3  3365 3431 3433
3  3434 3435 504
3  2229 3436 2805
3  1905 3437 2805
3  3437 2229 2805
3  2798 1459 2474
3  3330 3438 3439
3  3440 3438 3330
3  2474 3374 2223
3  2804 2474 3363
3  3372 3354 3261
3  2751 2784 2786
3  3361 2804 3364
3  3277 3276 1758
3  3441 3442 3377
3  2169 3443 2103
3  3444 3445 3446
3  3444 3446 3447
3  2475 3394 3424
3  3448 3449 3450
3  2474 1458 2795
3  3451 3442 3441
3  1327 3452 3367
3  3453 3454 3455
3  3456 3457 3458
3  3459 3423 3394
3  3460 3461 3462
3  3425 3463 3464
3  1465 1467 3387
3  3323 3465 3466
3  2223 3374 2224
3  2795 3467 3374
3  3415 3468 3357
3  2038 3469 1120
3  567 3469 2038
3  2535 3470 2536
3  3419 3390 3471
3  3430 3357 3356
3  3472 3473 3474
3  3475 1348 3435
3  3476 3477 3351
3  3478 2134 2133
3  2694 3479 3302
3  3442 3451 3480
3  1704 3481 1702
3  3482 3483 3484
3  3482 3484 3485
3  2859 2860 3486
3  2859 3486 2219
3  3487 3488 1076
3  3489 3490 3491
3  3492 3493 3494
3  3389 1465 3387
3  3495 3496 3497
3  3498 3499 3500
3  2795 3475 3467
3  3501 3380 3432
3  3502 3503 3504
3  3505 3360 3439
3  3506 3507 3508
3  3509 3507 3506
3  1347 3416 3418
3  1347 3418 2890
3  1070 3510 820
3  3456 3511 3512
3  3457 3456 2886
3  3513 3514 3515
3  3441 3516 3484
3  3517 3434 504
3  3518 3519 3520
3  3441 3484 3451
3  2891 3367 3521
3  3441 2174 3516
3  3512 2874 2173
3  2174 3441 3377
3  3522 3523 3524
3  3525 3526 3527
3  3423 3459 2173
3  3528 3529 3530
3  2173 2172 3423
3  3531 3282 3298
3  1100 1420 1365
3  3377 3376 2174
3  2172 2174 3376
3  3532 3533 3534
3  3535 3536 3537
3  3261 2216 2215
3  2772 2475 3424
3  3462 3538 3539
3  3398 1459 2798
3  3540 1527 3541
3  2475 3542 3364
3  3543 3544 3545
3  3546 3547 3548
3  3333 3549 3528
3  2836 2856 3550
3  2462 3551 2398
3  2462 2398 2463
3  2509 2511 2837
3  3552 2785 3553
3  3542 3554 3555
3  3556 2865 3557
3  3530 2863 3558
3  2863 3530 2861
3  3559 3560 3561
3  3562 3563 3564
3  3565 3394 2222
3  2475 2223 3394
3  3394 3423 3424
3  88 1760 2221
3  3377 3442 3378
3  3450 3566 3567
3  3450 3567 3448
3  3352 3360 3505
3  1722 2147 3341
3  3568 3569 3570
3  2891 3571 3388
3  3518 3572 3573
3  2870 2123 3417
3  3512 3565 3573
3  3565 2222 2224
3  3459 3565 2173
3  3565 2224 3573
3  2173 3565 3512
3  3416 3574 2796
3  3491 3490 3570
3  3575 3576 3577
3  2125 3578 3579
3  3580 3581 3582
3  2037 3583 3365
3  2178 3352 3505
3  3375 3584 3440
3  3488 3487 3585
3  3488 3585 2745
3  3586 3298 3297
3  3531 3298 3586
3  2936 1394 1943
3  2178 2177 3352
3  3587 3588 3589
3  3590 3591 3592
3  3380 3593 3471
3  3365 3433 3393
3  3501 3432 3431
3  2554 3486 2860
3  3584 3292 3594
3  3478 3595 3596
3  2064 3595 3478
3  3471 2124 2870
3  2870 3419 3471
3  1419 1418 2177
3  3597 3598 3599
3  3390 3419 3340
3  3600 3593 3380
3  1099 1420 1100
3  1099 1421 1420
3  3471 3369 3380
3  3367 2891 3388
3  3601 3602 3603
3  2219 3486 2536
3  3604 3601 3603
3  1348 3475 3574
3  3574 3475 2796
3  3605 3606 3607
3  3605 3608 3606
3  2870 3417 3419
3  3600 3380 3501
3  3609 2397 3563
3  2796 3419 3416
3  3518 3610 3519
3  3505 3439 3438
3  3340 3419 2796
3  1758 3313 3611
3  2772 2771 3548
3  3612 1428 3599
3  3431 3365 3583
3  3613 1417 3362
3  1419 3362 1417
3  3520 3519 3467
3  2094 1460 3398
3  3398 1460 1459
3  2092 3614 2216
3  1076 1075 1526
3  3487 1076 1526
3  2125 2124 3578
3  3471 3578 2124
3  3492 3615 3502
3  3494 3615 3492
3  3616 3449 3381
3  3381 3449 3382
3  3541 3617 3342
3  3369 3618 3370
3  3370 3618 2744
3  3601 3619 3602
3  3620 2744 3621
3  3370 2744 2743
3  2742 2744 3620
3  1526 1527 3439
3  3622 3623 2095
3  3579 3624 2125
3  3625 3626 3627
3  2123 2125 3624
3  3580 3579 3600
3  3628 3483 3426
3  3582 3569 3629
3  3417 3629 3569
3  2796 3475 2795
3  3600 3579 3578
3  3600 3578 3593
3  3413 3410 3630
3  3631 3413 3630
3  3580 3501 3581
3  3580 3600 3501
3  3632 3493 1996
3  2744 3618 3566
3  2123 3624 3629
3  2224 3610 3573
3  3507 3633 3508
3  3593 3578 3471
3  3582 3629 3580
3  1996 3493 3506
3  1374 1376 2733
3  3598 3634 3599
3  3629 3417 2123
3  3430 2790 3414
3  3635 3577 1430
3  3389 3571 3636
3  1049 3637 1050
3  3638 3636 3639
3  3638 3639 3490
3  1327 1326 3452
3  3388 3571 3389
3  3573 3610 3518
3  3640 2390 2389
3  3641 3642 3643
3  3641 1930 3642
3  3629 3624 3580
3  3579 3580 3624
3  3493 3492 3506
3  3516 3511 3472
3  2224 3519 3610
3  3494 3581 3431
3  3501 3431 3581
3  3491 3581 3494
3  507 2891 3521
3  507 506 2891
3  1363 1281 1280
3  3644 3645 2052
3  3502 3504 3646
3  1995 3506 3508
3  1995 1996 3506
3  3647 3648 3649
3  3650 2865 2906
3  3651 3652 3653
3  3509 3654 3560
3  2063 3595 2064
3  3655 3561 3560
3  3656 3657 3658
3  1100 3659 1320
3  341 343 3660
3  3516 3472 3661
3  3570 3490 3639
3  3491 1466 3489
3  3662 3658 3663
3  3664 632 631
3  3665 1468 3666
3  1847 3667 1846
3  3668 3669 3670
3  3494 3493 3491
3  3491 3570 3581
3  3491 3493 1466
3  3632 1466 3493
3  3636 3638 3389
3  2890 3571 2891
3  3573 1704 3512
3  3671 3672 3673
3  3434 3517 3674
3  3569 3581 3570
3  1465 3489 1466
3  3569 3418 3417
3  3569 3582 3581
3  3632 3400 1467
3  3387 3400 3368
3  2052 3675 3676
3  1467 3400 3387
3  3517 504 507
3  3291 1846 3667
3  3508 3633 3607
3  3388 3368 3367
3  1996 3400 3632
3  1466 3632 1467
3  3608 3605 3513
3  3608 3513 3411
3  3356 3677 2791
3  2045 3663 3657
3  3411 1326 3608
3  3678 3679 3680
3  3678 3680 1999
3  3681 3682 3683
3  3684 3412 3685
3  3453 3686 3454
3  3402 1163 3687
3  3508 3607 1995
3  3688 3689 3690
3  3646 3504 3362
3  3646 3362 3691
3  3630 2051 3692
3  1995 3607 3606
3  1995 3606 3608
3  1326 1995 3608
3  3675 2052 3645
3  3693 632 3664
3  1485 2044 3336
3  3481 3674 1702
3  1450 3657 3694
3  3656 3694 3657
3  3695 3644 3514
3  3695 3514 3696
3  3607 3697 3605
3  3698 3497 3653
3  3662 2044 1484
3  2888 1492 2889
3  3658 3657 3663
3  3410 3412 3684
3  3633 3507 3697
3  3607 3633 3697
3  1427 1426 3598
3  3699 1320 3700
3  3696 3514 3513
3  3556 2866 2865
3  3701 3659 1100
3  1450 2045 3657
3  943 3702 3703
3  3402 3687 2035
3  3467 3475 3520
3  3410 2051 3630
3  3704 361 1102
3  3705 3706 3707
3  3708 3705 3707
3  3709 3710 2888
3  3674 3711 1702
3  3707 3445 3682
3  3712 3713 3714
3  3656 3715 3696
3  3716 3717 3718
3  3515 3685 3513
3  3719 632 3693
3  3720 1398 1397
3  1304 1396 1994
3  1332 3721 1333
3  3644 3722 3645
3  3723 3724 3497
3  3723 3497 3698
3  3656 3658 3715
3  3696 3694 3656
3  3725 2924 2923
3  3696 3513 3605
3  3696 3605 3726
3  1450 2046 2045
3  3605 3697 3726
3  3727 3728 3710
3  3729 3730 3693
3  3731 1429 3732
3  3719 1484 1448
3  3719 1448 1449
3  3733 3734 3735
3  3675 3709 2888
3  3664 3729 3693
3  3736 3737 3738
3  3696 3739 3695
3  2071 1329 2935
3  3476 3183 3740
3  920 3741 3742
3  1405 3743 3744
3  2324 911 910
3  2550 3349 3348
3  2550 3348 2549
3  1361 343 3745
3  3401 1969 1966
3  3515 3514 3644
3  3724 3706 3746
3  3724 3746 3497
3  1326 1328 1995
3  1442 1436 1438
3  2033 3747 2034
3  3748 1379 3749
3  3574 1349 1348
3  1351 1371 1370
3  3750 3751 3713
3  1099 1032 1283
3  2013 2012 1121
3  3752 3753 3754
3  475 373 476
3  1332 1334 3755
3  3756 3757 3758
3  3714 1363 3759
3  1246 1154 2031
3  3760 1412 1248
3  3760 2012 1412
3  1381 3761 1297
3  1358 3637 1334
3  1352 1294 1296
3  2043 1402 3758
3  1441 1392 1436
3  3760 1248 1411
3  869 3762 3763
3  3764 1380 868
3  3764 868 2009
3  890 1344 1247
3  3659 1407 3700
3  1320 3659 3700
3  1297 568 1381
3  3765 1316 1399
3  3389 3638 3766
3  1411 867 3760
3  1244 3420 1357
3  3421 3420 1244
3  867 1121 2012
3  867 2012 3760
3  3767 2906 2865
3  1248 326 1246
3  1248 1356 326
3  1356 1248 1412
3  3767 3768 2906
3  3769 1993 1398
3  1396 1398 1993
3  1329 3770 1330
3  1412 2013 1245
3  1245 2013 1243
3  1120 1243 2013
3  3771 3772 3773
3  1121 1120 2013
3  3548 3774 3546
3  867 869 1121
3  3775 3776 3777
3  2038 3778 3779
3  1380 1263 869
3  3595 3780 3596
3  3389 3766 1465
3  3489 1465 3766
3  1413 1248 1247
3  1120 3781 1243
3  2038 1381 567
3  3489 3766 3490
3  3295 3782 3783
3  3718 3784 3785
3  3718 3785 3716
3  1243 3781 3771
3  3510 3786 3787
3  3422 3421 2902
3  1244 3773 3421
3  1244 1243 3773
3  3788 3717 3789
3  3716 3789 3717
3  1093 1214 1191
3  1212 1191 1214
3  3790 3791 3792
3  3421 3772 3788
3  3773 3772 3421
3  569 3789 3716
3  795 3789 569
3  3789 795 794
3  568 1297 793
3  2038 1122 3778
3  3598 1426 3634
3  1104 3793 2388
3  3794 3795 3796
3  2774 3797 3798
3  3799 3797 2774
3  1404 3744 3743
3  1404 3743 1405
3  1351 3800 1371
3  2837 2511 2838
3  3801 3802 3803
3  3664 3727 3729
3  3710 3729 3727
3  3804 341 3805
3  3805 341 1372
3  3806 3807 3808
3  1066 3809 3759
3  3810 3811 3812
3  1403 364 1436
3  3813 3814 3815
3  326 1356 3816
3  1162 1161 3817
3  818 2010 3818
3  3709 3819 3710
3  654 1073 538
3  440 439 3820
3  2035 820 3402
3  1346 1992 1252
3  3821 2910 2912
3  1965 1162 1966
3  1152 3822 1150
3  3710 1492 2888
3  3739 3823 3824
3  3825 3823 3739
3  3722 3824 3709
3  1350 1063 1065
3  3729 3710 3819
3  860 598 597
3  641 1080 349
3  1066 3826 2889
3  3759 3826 1066
3  3827 1928 1930
3  822 821 1421
3  3828 1400 3829
3  2889 3745 1066
3  3819 3709 3824
3  3830 3831 3832
3  3824 3823 3819
3  3819 3823 3825
3  1006 1970 1969
3  1989 3833 3834
3  3835 3836 3837
3  1363 2889 3826
3  983 1082 984
3  3838 3839 3840
3  3665 3841 3411
3  3682 3445 3444
3  3842 3843 3844
3  3683 3845 3681
3  3692 3846 3847
3  1362 3714 3713
3  3658 3693 3730
3  598 860 3668
3  1037 3404 2042
3  3658 3730 3715
3  3695 3739 3722
3  1363 1280 1454
3  3711 1470 3848
3  3568 3639 3636
3  3570 3639 3568
3  3636 3571 3568
3  2890 3568 3571
3  3568 2890 3418
3  3568 3418 3569
3  3416 1349 3574
3  1347 1349 3416
3  3467 3519 2224
3  3435 3520 3475
3  3619 3382 3448
3  3448 3602 3619
3  2224 3374 3467
3  3577 3849 3575
3  3662 1484 3719
3  3850 3533 3851
3  3852 3853 3854
3  3573 3572 3481
3  3855 3572 3518
3  3856 3857 3858
3  2874 3512 3511
3  3517 507 3521
3  3859 3796 3795
3  3481 3434 3674
3  3527 3860 1469
3  1468 1470 3861
3  3794 3862 1405
3  3863 3864 2767
3  3755 1350 1332
3  3468 3865 3358
3  3677 2757 3627
3  1702 3711 2885
3  3625 3866 3454
3  3631 3867 3868
3  3847 3867 3631
3  3869 3870 3871
3  3485 3484 3516
3  3521 3367 3665
3  3457 2886 3872
3  1446 1448 1484
3  2044 3662 2045
3  2873 2046 1450
3  1360 1440 1332
3  3873 2044 2046
3  3668 860 3874
3  3637 1358 3875
3  2045 3662 3663
3  3759 1363 3826
3  620 3876 3877
3  1452 3509 3560
3  1050 3637 631
3  3664 631 3875
3  3875 3727 3664
3  1840 2135 3878
3  3878 2135 3879
3  1432 3635 1430
3  3594 3880 3881
3  3642 3882 3643
3  3883 3577 3635
3  1451 3507 3509
3  3509 1452 1451
3  1451 1450 3884
3  3513 3412 3411
3  3507 1451 3884
3  3884 3697 3507
3  3695 3722 3644
3  1320 3699 1321
3  3693 3662 3719
3  1302 1994 3885
3  632 3719 1449
3  3715 3739 3696
3  3662 3693 3658
3  3886 3887 3888
3  3889 3888 3887
3  3709 3645 3722
3  3675 3645 3709
3  3890 3643 3882
3  1359 1492 1440
3  1135 790 792
3  792 2 1135
3  3730 3825 3715
3  3722 3739 3824
3  3891 3827 3892
3  3893 3894 3895
3  3893 3896 3894
3  1050 1421 1283
3  1283 1421 1099
3  3714 3759 3809
3  631 3637 3875
3  3715 3825 3739
3  3729 3825 3730
3  3819 3825 3729
3  3506 3492 3509
3  1326 3841 3452
3  3560 3654 3897
3  3898 3854 3899
3  2901 3422 2902
3  3900 3725 3422
3  1331 2903 794
3  3789 794 2903
3  3901 3770 3640
3  3902 3903 3811
3  3661 3485 3516
3  3330 3375 3440
3  3784 3771 3781
3  3420 3725 3403
3  3904 3776 3905
3  1302 3885 3801
3  3625 942 941
3  1361 3745 1359
3  1370 341 3660
3  3738 1224 1223
3  1050 822 1421
3  1359 3745 1492
3  1332 1439 3721
3  1360 1359 1440
3  1361 1360 1370
3  3755 1284 1350
3  1379 41 3764
3  41 1264 1380
3  3876 620 622
3  3876 622 1315
3  3906 3907 1929
3  3908 3907 3906
3  3908 3906 1929
3  1440 1492 1439
3  3805 3909 3886
3  1242 3909 3805
3  1064 3910 1065
3  2889 1492 3745
3  3874 3911 3912
3  3890 344 3913
3  1370 1360 1351
3  3914 3820 396
3  818 820 1216
3  1947 1217 2035
3  3700 1407 1406
3  1360 1332 1351
3  1049 1334 3637
3  1493 3728 3915
3  1207 3404 1037
3  1064 1272 3910
3  325 1233 323
3  1102 361 2024
3  3916 3910 1272
3  801 1231 544
3  3914 3767 3820
3  1051 1987 1285
3  2009 3749 3764
3  3917 3918 1156
3  3919 1156 3918
3  1321 1231 1031
3  1064 1063 1285
3  1284 1049 1285
3  2036 1257 3920
3  1259 3920 1257
3  1263 622 621
3  3921 1263 621
3  2024 361 2025
3  1204 890 1342
3  891 890 1204
3  2031 1247 1246
3  890 1247 1342
3  1406 2025 3699
3  1401 1407 3659
3  1344 3748 1413
3  544 888 545
3  891 545 888
3  3922 3923 3916
3  3924 3923 3922
3  1350 1284 1063
3  1334 1284 3755
3  1049 1284 1334
3  641 349 348
3  3925 3926 1067
3  328 1984 1271
3  3927 1371 3800
3  1066 3745 343
3  3928 3929 3887
3  3928 3887 3886
3  1272 350 349
3  607 606 1239
3  3922 1080 640
3  2011 1080 3922
3  1231 363 362
3  1272 1221 1158
3  3930 1288 985
3  640 3924 3922
3  164 163 639
3  1191 224 1130
3  163 3924 640
3  539 1324 801
3  728 840 358
3  1230 654 3931
3  605 1208 3932
3  3933 407 3934
3  2016 1172 1171
3  3935 3936 837
3  1237 3919 668
3  797 796 1218
3  3937 539 538
3  655 1181 653
3  3917 3938 3939
3  3940 3941 3942
3  535 1238 606
3  535 606 536
3  31 3943 630
3  765 3944 3945
3  3945 3944 3946
3  33 560 526
3  536 606 3946
3  3947 454 532
3  3948 3949 510
3  630 3950 798
3  630 798 32
3  3944 765 536
3  1092 2017 1091
3  854 1208 853
3  3951 3945 3946
3  1185 3952 0
3  0 1238 1185
3  2903 2902 3421
3  1173 798 1148
3  1131 540 637
3  3953 3954 3955
3  765 3945 618
3  618 617 3956
3  618 3956 765
3  540 542 800
3  3946 3944 536
3  607 1209 605
3  1173 32 798
3  524 526 534
3  33 526 3943
3  33 3943 31
3  799 3950 671
3  1175 2015 561
3  1183 3957 3958
3  1183 677 3957
3  526 525 3943
3  637 636 3951
3  3945 3951 636
3  798 3950 799
3  617 3955 3956
3  3953 3955 617
3  650 782 651
3  671 637 799
3  540 800 799
3  540 799 637
3  618 3945 636
3  618 636 616
3  757 2030 1153
3  524 3955 3954
3  3954 525 524
3  765 3956 524
3  524 3956 3955
3  619 3959 617
3  3959 3954 3953
3  617 3959 3953
3  619 671 3950
3  3959 619 3950
3  3943 3950 630
3  3943 525 3950
3  3954 3950 525
3  3959 3950 3954
3  25 553 1074
3  338 16 3960
3  339 329 171
3  3961 677 3962
3  3963 3964 3965
3  710 1207 1983
3  586 510 3949
3  656 340 742
3  15 269 16
3  3966 3967 3968
3  232 330 270
3  280 467 402
3  403 402 467
3  171 829 169
3  779 774 827
3  775 774 779
3  1305 3804 3805
3  292 308 290
3  3961 3949 3957
3  404 403 817
3  231 817 403
3  589 236 555
3  768 574 571
3  615 3969 170
3  15 244 269
3  656 742 608
3  566 608 626
3  3969 615 271
3  3958 3948 3970
3  512 3960 16
3  3969 628 802
3  742 626 608
3  170 788 787
3  742 340 3971
3  3971 3972 742
3  340 339 3973
3  742 3972 743
3  297 774 298
3  331 829 329
3  826 309 1117
3  26 577 548
3  170 802 788
3  626 628 566
3  271 566 628
3  271 628 3969
3  170 3969 802
3  339 338 3960
3  743 3972 802
3  788 802 3972
3  3972 3971 789
3  3972 789 788
3  827 774 297
3  787 3973 171
3  339 171 3973
3  789 3973 787
3  789 3971 3973
3  3971 340 3973
3  339 3960 329
3  329 3960 512
3  329 829 171
3  246 269 244
3  246 319 269
3  230 269 319
3  331 231 403
3  3974 870 458
3  3975 866 3976
3  810 3977 995
3  840 3978 3979
3  3980 3978 840
3  740 3981 739
3  3982 1061 3983
3  233 728 599
3  3984 3985 3986
3  1972 516 1973
3  3986 3987 1973
3  3986 1973 516
3  290 310 1139
3  360 842 600
3  733 732 3988
3  3989 3990 1927
3  334 333 940
3  3991 3992 3975
3  3993 3992 3991
3  1035 2042 824
3  1053 1037 1054
3  685 3994 1012
3  1947 259 834
3  2048 453 1997
3  3995 3996 3997
3  3995 3997 3998
3  1983 1037 1053
3  1291 1293 984
3  3999 4000 4001
3  637 3951 3932
3  637 3932 1131
3  4002 4003 4004
3  406 4005 681
3  4006 735 734
3  4007 1039 815
3  3833 1988 4008
3  4009 4008 1988
3  150 4010 1068
3  1361 3660 343
3  1370 3660 1361
3  1987 1051 1221
3  1158 1221 1051
3  0 2 792
3  832 4011 323
3  3940 4012 983
3  1292 1373 1293
3  3975 4013 3991
3  2892 4014 2893
3  3680 4015 4016
3  453 2048 1179
3  775 4017 1183
3  4018 1183 4017
3  535 1185 1238
3  1042 4011 832
3  1131 3932 854
3  4019 533 1177
3  4019 1177 4020
3  1041 4011 1042
3  323 4011 1041
3  680 1068 1055
3  150 1068 680
3  680 151 150
3  4021 4022 4023
3  4024 4022 4021
3  455 1997 453
3  1232 1229 784
3  3835 3837 4025
3  3642 3907 4026
3  3892 4025 3837
3  834 833 1947
3  184 1060 185
3  1067 4027 1068
3  2324 2635 911
3  4028 3930 3737
3  3003 2596 4029
3  2596 3003 2340
3  4030 4031 4032
3  4033 4032 4031
3  4034 4035 919
3  4036 4035 4034
3  2774 2773 4035
3  4035 3799 2774
3  4037 515 514
3  3975 864 866
3  227 971 624
3  435 745 436
3  4036 3799 4035
3  4036 4038 3799
3  625 698 700
3  4039 4040 1346
3  687 1144 688
3  687 4041 1144
3  1952 978 977
3  639 163 640
3  3874 3912 4042
3  1250 857 1251
3  4043 1048 1045
3  3891 3836 3670
3  3891 3837 3836
3  908 1519 894
3  4043 4044 3395
3  4045 2502 4046
3  4047 4048 4006
3  4049 4050 421
3  2409 399 4051
3  312 399 2409
3  4052 3320 1096
3  1992 1249 1252
3  4053 2636 4054
3  2916 4055 4056
3  4057 4058 4059
3  4060 625 624
3  4061 2462 4062
3  686 688 1144
3  4063 4064 4065
3  4066 990 4067
3  4068 4069 1023
3  4070 4071 4067
3  4072 4073 4074
3  4075 3406 4076
3  4077 4076 3406
3  4078 4079 4080
3  4081 4082 4083
3  1520 908 915
3  4084 1953 4085
3  4086 4087 4088
3  1504 922 925
3  4089 3967 4090
3  4091 4092 4093
3  369 368 2518
3  369 2518 4094
3  4095 4096 4097
3  318 4098 4099
3  37 4100 4101
3  2193 4100 37
3  3078 4102 3076
3  923 4103 1852
3  4104 4105 4106
3  1976 1977 3535
3  502 697 696
3  2451 4107 3399
3  2631 3085 2459
3  4108 4109 4110
3  4111 4109 4108
3  4112 4113 4114
3  1504 10 2448
3  1504 2448 922
3  3966 1852 4115
3  925 2581 2403
3  4116 2487 2486
3  4117 2441 4118
3  1851 1414 1416
3  4119 4120 1787
3  1025 2218 1026
3  2449 4121 2450
3  4122 4123 4124
3  4125 3399 4107
3  4126 706 705
3  2402 705 704
3  4126 4097 706
3  2950 4127 4107
3  2950 4107 2451
3  1531 4128 1650
3  1650 4128 4129
3  2890 506 505
3  3781 1120 3469
3  931 190 192
3  1949 986 2410
3  313 2410 986
3  4130 4131 4132
3  4133 3997 4134
3  3996 4134 3997
3  1949 2410 1878
3  4051 1878 2410
3  434 444 446
3  4135 422 4136
3  4137 4068 2809
3  2850 1024 2848
3  908 1520 1519
3  4138 4139 926
3  4095 445 4096
3  907 2846 916
3  989 4140 4067
3  4070 4067 4140
3  4141 4142 4143
3  2412 2411 4144
3  7 6 900
3  1899 1921 1227
3  2194 1744 2193
3  4145 4146 4147
3  2411 434 433
3  4148 4149 4095
3  4150 4151 4152
3  4131 4130 4153
3  4154 4153 4130
3  4155 4156 909
3  990 4157 991
3  3248 1879 444
3  4095 4142 445
3  4158 1885 2412
3  1885 4131 1886
3  4159 4160 4161
3  4159 4161 4059
3  895 414 896
3  4154 4162 4163
3  4141 4164 4165
3  4144 4166 1881
3  2896 4167 2895
3  1888 8 393
3  2231 4168 2229
3  4169 2813 2812
3  4170 4135 4136
3  4170 4136 4171
3  1881 1883 4144
3  1753 1752 4172
3  1520 915 1955
3  1883 2412 4144
3  4143 4173 4141
3  4174 4141 4173
3  2895 4163 1924
3  3396 3397 989
3  4153 4154 4175
3  1879 445 444
3  930 1898 155
3  4176 4177 4178
3  4176 945 4177
3  4133 4134 4175
3  3995 3998 3248
3  4133 2759 3998
3  4179 2868 4180
3  4181 2404 4182
3  4175 4154 2895
3  4179 4183 4184
3  4185 4186 4187
3  4166 433 4188
3  1893 4189 191
3  4190 4191 4192
3  4193 4191 4190
3  4194 4195 898
3  4196 2396 2395
3  4197 4198 1882
3  4119 4199 4200
3  4142 446 445
3  4090 4095 4149
3  4090 4199 4095
3  4201 4183 4179
3  4179 4202 4201
3  2455 2457 2469
3  4089 4090 4149
3  4148 4089 4149
3  1871 93 4203
3  1871 4204 93
3  92 1090 4203
3  4049 421 423
3  4205 4206 1495
3  916 908 907
3  4069 2848 1023
3  1024 1023 2848
3  4207 4208 4209
3  370 2637 4210
3  4211 4210 2637
3  2580 4212 4089
3  3968 4089 4212
3  2403 1504 925
3  4213 93 4204
3  4214 2787 4054
3  4215 4216 4217
3  4165 433 432
3  4053 4218 4219
3  1882 4198 1024
3  2195 2813 2196
3  370 369 2636
3  4220 4120 4221
3  4222 4221 4120
3  4097 4148 4095
3  218 220 2539
3  4199 4090 4223
3  4224 4225 2787
3  2505 4226 2503
3  3436 4227 4228
3  937 4229 4230
3  4172 1752 4231
3  1457 1456 4232
3  1927 3990 698
3  3327 3329 2839
3  1887 2412 1885
3  217 216 4233
3  4234 4235 4236
3  3522 4236 4235
3  440 2866 438
3  4237 4238 3532
3  4239 4240 4241
3  4242 4243 61
3  4242 4244 4243
3  2862 4245 3558
3  2813 4246 2196
3  2394 2396 2811
3  4170 306 4247
3  4248 3428 304
3  3911 4249 4250
3  4251 3791 4252
3  3912 3791 4251
3  989 3397 4140
3  917 1046 1048
3  2824 1046 917
3  2463 4087 2461
3  990 989 4067
3  2737 2736 4253
3  4254 4255 4046
3  4254 4046 4256
3  434 4257 432
3  446 4257 434
3  895 4258 414
3  1919 987 1878
3  4259 4260 4261
3  4262 4260 4259
3  422 421 4263
3  1909 4264 1907
3  903 1892 1906
3  3437 1906 1892
3  909 4156 1904
3  4130 4162 4154
3  1751 1753 4265
3  938 4266 939
3  1045 2794 4044
3  1045 4044 4043
3  4256 4046 4267
3  416 1904 4268
3  4269 2808 2807
3  3396 2437 2438
3  4268 4156 4155
3  4265 4270 1751
3  2536 3470 4271
3  895 192 4258
3  4170 4247 4135
3  4247 4272 4135
3  2793 1047 305
3  4273 4274 4275
3  4072 4275 4274
3  4276 4255 4254
3  917 916 2846
3  4277 60 4278
3  4279 4280 4281
3  4066 4157 990
3  4074 4275 4072
3  3396 991 4282
3  3396 4282 2437
3  4254 4256 4283
3  2437 4282 4284
3  4251 4285 4042
3  4251 4286 4285
3  1909 2408 883
3  4287 4066 4067
3  4288 4289 4290
3  4153 4134 1886
3  4291 4292 4140
3  4292 4070 4140
3  4293 4294 4295
3  3741 4260 4296
3  1518 4297 1519
3  4244 4284 4298
3  1904 907 909
3  4299 4300 4066
3  4301 4302 4066
3  4300 4301 4066
3  4303 4304 4305
3  1029 514 1030
3  4306 1961 1960
3  3407 3406 4307
3  3820 439 911
3  2065 2083 4308
3  4275 4309 4310
3  4197 1882 1881
3  4311 4312 4313
3  4314 4315 4316
3  4170 4279 4071
3  4317 4318 4319
3  4320 4232 4321
3  4287 4322 4323
3  984 1082 1291
3  301 4324 960
3  1907 4325 4310
3  4326 4327 2411
3  4301 4328 4302
3  4073 4328 4301
3  4258 4329 414
3  125 124 664
3  1961 4330 1959
3  4189 4331 4329
3  4331 4189 1892
3  1487 2869 4332
3  4333 4334 1948
3  4335 893 892
3  4336 987 1919
3  378 380 4183
3  4184 4183 380
3  4273 4275 4325
3  4337 4299 4287
3  4338 4244 4339
3  1978 1939 4340
3  1978 4340 4341
3  4081 4083 4085
3  3987 1974 1973
3  4045 4342 2502
3  4342 2500 2502
3  416 4268 414
3  4343 2399 4080
3  4344 4345 4346
3  2408 2407 4347
3  1953 4347 2407
3  4085 1953 1952
3  4348 4349 4350
3  1386 930 4351
3  936 1964 934
3  4352 4353 4354
3  1940 515 4037
3  3984 515 1940
3  4085 4083 4084
3  4332 4083 4082
3  865 864 4355
3  4356 62 4357
3  4310 977 976
3  4310 976 1907
3  1488 4358 2914
3  4082 4081 4359
3  4360 4361 1488
3  4362 547 208
3  4363 4364 4365
3  1030 513 1972
3  1030 1972 4366
3  4288 4367 4368
3  4369 4370 659
3  4371 4037 4372
3  689 4373 2284
3  4374 4365 4375
3  1082 1081 1096
3  4363 4376 4000
3  2877 1981 1980
3  4377 4378 3993
3  4355 3993 4378
3  4001 4084 4332
3  98 701 261
3  4083 4332 4084
3  437 436 123
3  999 4379 883
3  971 4379 624
3  999 624 4379
3  881 4379 971
3  883 4379 881
3  4380 4366 1972
3  4380 1972 1491
3  4381 816 865
3  437 456 717
3  123 436 848
3  4382 4383 4366
3  1057 498 3983
3  4384 3985 3984
3  516 1972 513
3  1030 514 513
3  4007 1974 3987
3  460 3977 461
3  228 2900 229
3  456 229 966
3  4385 98 4386
3  4385 4386 442
3  202 4386 98
3  773 126 732
3  2900 751 850
3  85 546 83
3  228 700 751
3  625 700 228
3  388 703 353
3  848 243 123
3  4387 2876 1982
3  850 751 750
3  850 849 745
3  3974 458 682
3  739 3981 3974
3  2900 966 229
3  354 988 334
3  2900 745 966
3  2900 850 745
3  682 739 3974
3  695 354 703
3  503 502 702
3  354 334 459
3  441 429 198
3  229 963 227
3  351 692 391
3  727 83 4388
3  4389 3976 866
3  988 695 697
3  4390 334 988
3  4046 2502 1912
3  970 501 1014
3  501 726 1014
3  963 940 333
3  970 4391 697
3  4390 1015 4392
3  4390 4392 4388
3  1014 726 4393
3  727 4393 726
3  727 4388 4393
3  4388 4392 4393
3  697 4391 988
3  1015 4390 4391
3  1015 4391 970
3  988 4391 4390
3  4394 4395 4396
3  1951 4397 1062
3  4084 4398 1953
3  4399 302 469
3  2437 1956 1955
3  1897 1896 1931
3  4400 4401 4336
3  4402 1948 972
3  727 197 268
3  915 917 1955
3  4051 398 379
3  4403 948 2545
3  84 83 268
3  727 268 83
3  191 4258 192
3  1884 411 2821
3  1953 2407 1954
3  3591 4404 3592
3  972 547 4362
3  206 208 299
3  327 326 3816
3  4362 208 951
3  4380 4382 4366
3  196 397 268
3  950 4293 2857
3  894 896 908
3  4255 4276 4045
3  4158 4162 4132
3  1519 4267 894
3  4405 882 1948
3  1519 4297 4267
3  4256 4267 4297
3  4256 4297 4283
3  971 547 972
3  2437 4284 1956
3  4244 4242 4284
3  1520 1956 1518
3  4283 1518 1956
3  4362 951 4406
3  4407 4406 951
3  2545 4408 4403
3  1948 882 881
3  4283 4297 1518
3  2501 1912 2502
3  4310 4309 977
3  4267 4046 894
3  883 882 1909
3  4046 1912 894
3  4409 4410 3688
3  3689 3688 4410
3  4411 4412 4413
3  400 399 312
3  4046 4255 4045
3  1948 4045 4276
3  4334 4414 4405
3  4277 61 60
3  4415 4416 470
3  4298 4417 4244
3  2899 2898 4273
3  2897 4418 4357
3  2899 4418 2897
3  1948 4276 4333
3  3998 1879 3248
3  2897 4357 62
3  4333 4276 4356
3  4405 1948 4334
3  4419 4420 4421
3  4420 4157 4422
3  4334 4333 4418
3  1907 2899 4325
3  62 61 4243
3  62 4243 2897
3  4333 4357 4418
3  1907 4264 2899
3  2823 4423 2826
3  4423 4424 2826
3  4222 4425 4221
3  1905 1906 3437
3  247 1936 248
3  4426 4427 4163
3  1957 1062 4403
3  4428 190 4429
3  1882 2446 1883
3  4430 4425 4431
3  433 4144 2411
3  909 908 4155
3  2820 1944 932
3  2501 2820 932
3  4158 2447 4162
3  2857 4293 885
3  1925 1924 4432
3  1925 4432 1893
3  3998 2759 1879
3  4188 433 4165
3  1348 505 3435
3  4144 433 4166
3  2635 4433 4138
3  4166 4434 4435
3  4188 4434 4166
3  1882 2850 2446
3  4263 4320 422
3  3435 505 504
3  4436 2633 2634
3  2236 2235 4437
3  4438 4171 4136
3  4439 4440 4441
3  2420 2342 2418
3  2342 2420 2556
3  1371 3927 1372
3  4430 4431 4198
3  4430 4198 4197
3  2465 2464 4442
3  2465 4442 2864
3  4230 2812 4443
3  4199 4151 4095
3  4444 4197 1881
3  4209 4445 2782
3  4209 2782 2781
3  2890 505 1347
3  2434 2435 4446
3  4119 4152 4199
3  2236 4447 2638
3  4435 2882 4166
3  4430 4197 4444
3  4269 4227 4137
3  4448 2848 4069
3  4165 4434 4188
3  4434 4059 4058
3  3967 1876 4223
3  4269 4137 2808
3  4165 4164 4449
3  4444 1881 2883
3  4148 2401 4089
3  2405 4145 4147
3  4425 4195 1022
3  4450 4217 4451
3  4263 4452 4453
3  4137 4448 4068
3  4152 4151 4199
3  1881 4166 2882
3  2882 4058 2883
3  910 4454 4455
3  4094 4456 4457
3  2950 2467 2402
3  4458 4221 4425
3  4218 4459 2807
3  4190 4192 23
3  2401 2581 4089
3  4460 2641 4461
3  4462 4463 4464
3  3 76 75
3  2403 2581 2401
3  3968 4212 924
3  4089 2581 2580
3  2402 2467 2403
3  1917 2403 2467
3  3176 4465 3225
3  4466 4467 4468
3  4469 4466 4468
3  4470 4471 4472
3  1928 3827 3845
3  2442 2441 4104
3  1651 1650 4129
3  4473 4233 2163
3  1494 2396 4196
3  4474 4475 2609
3  4476 2604 2603
3  2518 368 4477
3  1898 901 900
3  4478 4479 2730
3  1573 3246 4480
3  1405 3862 3557
3  114 4481 2918
3  4482 4483 4484
3  3900 3810 3725
3  1693 418 4485
3  3535 3359 1976
3  2707 1631 1669
3  1630 1669 1631
3  3280 3279 2335
3  3169 4486 2526
3  2527 2526 4486
3  2989 4487 2990
3  1625 3299 3296
3  1433 4488 1434
3  3136 3090 3040
3  2170 4489 2171
3  2936 1943 1942
3  1662 1728 1660
3  4490 4491 4492
3  1731 1730 4493
3  3214 4494 3193
3  1570 2734 1568
3  4495 4496 1445
3  1378 2336 2335
3  1627 1779 1673
3  1627 1687 1779
3  2593 2341 2703
3  4123 4497 4498
3  4499 4487 4500
3  2669 2698 2991
3  2853 4501 4502
3  1558 1577 2331
3  2293 2295 4503
3  4504 2534 2533
3  2104 1608 1607
3  4505 4506 3060
3  3145 34 1571
3  4507 4508 3016
3  2669 4509 2698
3  2699 2698 4509
3  3033 1661 1660
3  4510 4511 1196
3  1197 4511 2315
3  4512 4513 3051
3  3155 3157 3130
3  4514 1517 4515
3  1198 1681 2613
3  2613 1681 4516
3  4517 2212 4518
3  4519 4520 1837
3  3058 4521 4522
3  1708 375 4123
3  3051 4513 4523
3  4524 2818 1606
3  2170 2724 1568
3  2422 4525 2297
3  2238 4526 1839
3  4527 4528 2831
3  4529 4527 2831
3  2534 113 2087
3  4530 4531 4532
3  4533 4532 4531
3  4533 4531 4530
3  4480 3246 4497
3  2086 2533 2087
3  3008 3012 2979
3  3008 2472 3012
3  3152 4534 2530
3  3039 4535 3153
3  2995 2994 2984
3  4536 485 4537
3  3153 4538 3038
3  2681 3038 4538
3  4475 4539 2609
3  1661 4540 1662
3  2316 2327 2314
3  4541 2345 1862
3  2586 4542 4543
3  1568 2724 1569
3  3145 4544 34
3  4545 1383 1534
3  4545 1534 2057
3  2056 1087 3279
3  1377 2741 2104
3  4488 2057 2056
3  2056 1534 1087
3  2941 4546 4547
3  1087 1534 1085
3  1085 1533 1694
3  1435 3137 1816
3  2338 1794 4548
3  1255 1086 1253
3  2057 1433 4545
3  4549 4550 4551
3  4552 4549 4551
3  1253 1748 1559
3  4553 1409 3311
3  1378 2335 3279
3  2733 1570 1374
3  2921 2100 1277
3  4554 1680 1679
3  4554 2329 1680
3  1087 1378 3279
3  1255 1378 1087
3  1256 1378 1255
3  417 4485 418
3  3478 3878 3879
3  2169 4555 2170
3  1376 3251 2733
3  3488 2216 4556
3  86 3308 2244
3  4557 419 4558
3  1275 1274 3586
3  2065 1105 2073
3  4559 2816 2171
3  3281 3296 3282
3  1087 1086 1255
3  419 4560 2332
3  4488 1433 2057
3  3280 2335 2337
3  4561 2481 4562
3  3254 3239 2834
3  1435 1816 1433
3  2799 3731 4563
3  1374 1570 2089
3  1500 2941 4547
3  2725 4564 1569
3  2103 1607 4565
3  3284 2102 4547
3  1735 2186 2240
3  4566 3322 2201
3  1722 3341 2160
3  1729 2942 4488
3  2834 2833 3254
3  3252 2332 4567
3  2056 1730 1729
3  1510 1693 1511
3  4568 2065 2064
3  2239 1839 1838
3  4569 2118 2117
3  4570 4571 1842
3  4570 1842 1841
3  3224 3299 1625
3  2769 3300 3274
3  1403 1391 1402
3  1432 1431 3590
3  4572 4573 4574
3  4575 3265 3264
3  1434 4488 2942
3  4557 4558 2833
3  2833 4558 1273
3  2126 2128 1842
3  1103 1511 1693
3  4567 1730 2056
3  4567 2056 3280
3  3337 1274 1273
3  2833 1273 3254
3  418 1510 4576
3  2204 2164 1416
3  4577 2093 4578
3  2097 1481 2247
3  3297 3299 3224
3  2240 3271 1736
3  4579 4580 1818
3  3586 3297 1275
3  4581 4577 4578
3  4581 4578 4582
3  1273 4558 3337
3  4574 4583 4568
3  4568 1512 2065
3  3283 2247 1481
3  4584 2240 2186
3  2185 4584 2186
3  2101 3233 4551
3  3288 1736 3271
3  4585 2817 4586
3  2202 2164 2204
3  3283 3284 4587
3  2834 2942 1729
3  3236 4588 3237
3  2834 3239 2942
3  3239 4589 3240
3  3240 4546 4590
3  3254 3253 3239
3  3297 4587 3253
3  3297 3253 1275
3  3263 1624 1626
3  1483 1408 1481
3  3312 4580 4579
3  2171 2385 4559
3  2593 4516 2341
3  4562 2481 2480
3  4558 418 3337
3  1673 1783 1755
3  1782 1756 1755
3  2388 3479 2694
3  4591 1645 2256
3  1642 1425 2331
3  2327 4519 4526
3  2740 1299 1301
3  2238 2328 4526
3  2239 1580 1579
3  2239 2381 1580
3  4592 2594 4593
3  4524 4592 2818
3  2613 4516 2593
3  4510 4524 2292
3  2595 4524 4510
3  2595 4592 4524
3  4510 1196 2595
3  1682 2328 2238
3  2327 4526 2328
3  2423 4540 1571
3  4593 3135 4592
3  2943 4594 4510
3  2237 1679 2238
3  1679 2237 4554
3  2595 2613 2593
3  4593 2594 2704
3  2292 2943 4510
3  1196 2613 2595
3  2104 2741 2291
3  2594 4592 2595
3  1839 4519 1837
3  2268 2290 2289
3  4097 4126 4148
3  4585 3443 2171
3  2239 2238 1839
3  4591 1640 1636
3  2382 4554 2391
3  1639 1641 1642
3  2593 2703 2594
3  2253 1849 1848
3  2421 2159 1390
3  1839 4526 4519
3  4515 1517 4595
3  1640 3326 1636
3  2290 2268 1601
3  1582 1542 1583
3  1641 2264 1581
3  1558 2331 1425
3  4148 4126 2401
3  1848 1623 2268
3  1516 2326 2372
3  1581 1642 1641
3  1196 4511 1197
3  1639 2330 1640
3  1586 1585 1623
3  2329 4554 2382
3  1540 1620 1645
3  2288 4596 2289
3  1578 2257 2253
3  1578 2329 2382
3  2256 2255 1640
3  2256 1640 4591
3  1579 2391 2239
3  2382 2391 1579
3  2381 2264 1641
3  2381 1641 1580
3  1838 2264 2381
3  1300 1299 1838
3  1645 4591 1646
3  1622 2256 1645
3  2290 1681 2288
3  1587 1586 1621
3  4516 1601 2341
3  1771 2329 4596
3  4516 2290 1601
3  1771 2288 1681
3  4596 2288 1771
3  4516 1681 2290
3  2329 2289 4596
3  1636 1646 4591
3  1848 2289 2329
3  4554 2237 2391
3  2253 2329 1578
3  1641 2255 1580
3  2257 1580 2255
3  2257 2256 1622
3  1622 2253 2257
3  4597 1761 2303
3  4597 2303 4598
3  1580 2257 1578
3  1895 706 4097
3  1583 1542 1541
3  1642 2331 1639
3  1636 1595 1646
3  1543 1545 1577
3  1641 1640 2255
3  1544 1636 1545
3  1640 2330 3326
3  3326 2330 1545
3  2330 1577 1545
3  2943 1301 1300
3  4599 1941 1442
3  2291 2741 2740
3  4519 2316 4520
3  2330 1639 2331
3  1595 1544 1637
3  1595 1637 1583
3  1637 1647 1656
3  1668 1754 1669
3  1647 4600 1656
3  1502 1701 1750
3  1695 1700 3137
3  4601 1692 1674
3  1700 1382 3137
3  1816 3137 1382
3  1816 1384 1433
3  1501 1559 1748
3  1700 1532 1382
3  1383 1382 1532
3  1383 1532 1534
3  1086 1748 1253
3  1532 1700 1694
3  1085 1534 1533
3  1433 4602 4545
3  4545 4602 1383
3  1384 1383 4602
3  1433 1384 4602
3  1696 1701 1749
3  1749 1502 1748
3  1694 1696 1085
3  1701 1696 1694
3  1501 1748 1502
3  1749 1748 1696
3  1708 4123 4498
3  2818 4565 1607
3  4585 2103 3443
3  1596 2103 4585
3  1771 1680 2329
3  1560 1556 1757
3  1556 4600 1716
3  1716 4600 1505
3  3151 3125 3124
3  2085 2851 4564
3  2647 4603 2648
3  2647 3048 4603
3  1755 1754 1668
3  4600 1556 1557
3  4600 1557 1656
3  1499 1498 1556
3  3091 3140 3070
3  3140 3091 3090
3  2647 3049 3048
3  1260 2285 1261
3  3102 3101 2524
3  2514 4604 3100
3  2661 2660 4605
3  3041 3096 3043
3  4606 3070 3140
3  4607 3048 4608
3  4607 4609 3048
3  2672 2670 3012
3  4610 2576 2575
3  4523 4507 3016
3  4611 2661 4605
3  2976 3073 2999
3  3084 2426 4612
3  2970 3144 4613
3  2629 4614 4615
3  4616 4617 4618
3  4619 4618 4617
3  2419 2961 4620
3  2566 2984 2564
3  3031 27 3029
3  1565 2567 2564
3  2567 2566 2564
3  2957 2528 2958
3  2988 4621 2958
3  2958 3154 2988
3  4622 27 2559
3  4623 4624 4625
3  4626 4627 2418
3  4628 4629 4630
3  2571 3074 2985
3  4631 2907 2909
3  3085 2611 4632
3  4612 4633 2529
3  3074 2978 2985
3  3082 4634 3083
3  4635 481 4636
3  4637 4636 481
3  4638 3101 4639
3  2425 2427 2985
3  2978 2977 2425
3  3127 3093 2668
3  4612 2974 3084
3  2368 3127 2667
3  2368 2715 3127
3  2666 1313 3044
3  3074 2296 1834
3  2668 2558 2646
3  3070 3049 2589
3  3084 2427 2426
3  2234 4640 4641
3  2597 2340 2339
3  2528 3154 2958
3  90 4642 1836
3  3138 1836 4642
3  4506 3102 2524
3  447 449 3004
3  2646 2571 4643
3  4644 4645 4646
3  1312 2650 2964
3  2626 3221 4509
3  2626 4509 2669
3  4647 4648 2309
3  91 2333 4649
3  3093 4649 2333
3  3074 2976 2978
3  3070 2589 2588
3  4650 4651 4652
3  2366 4653 2367
3  2232 4633 3086
3  2333 2558 2668
3  4239 4654 4122
3  2985 2975 2986
3  3041 3040 2587
3  2973 1260 2606
3  4643 2571 2986
3  3092 4643 2986
3  2975 2959 2986
3  2986 2959 3092
3  2974 2528 2957
3  2681 4535 4655
3  3024 3039 4646
3  2562 3095 3094
3  2363 491 2364
3  81 2675 2470
3  4631 4656 4657
3  4658 4659 4660
3  2530 4534 4631
3  482 481 4635
3  2234 4661 2232
3  490 4662 4663
3  3109 4505 3060
3  3153 4646 3039
3  4664 2672 2952
3  3108 2523 2522
3  2362 2333 2334
3  3285 3062 2646
3  4643 3285 2646
3  2992 4665 4666
3  2659 2661 2965
3  2661 4611 3045
3  2959 2988 3092
3  3154 3038 2988
3  3285 4643 3092
3  2681 4538 4535
3  3012 2980 2979
3  3171 2306 2305
3  4241 166 168
3  4667 4668 4669
3  4667 4669 4670
3  3106 3286 4671
3  2459 3085 2460
3  3179 3134 2572
3  2991 2627 2669
3  1573 4672 2705
3  3044 1313 1312
3  2666 3044 2979
3  3033 4544 3145
3  3286 3106 2695
3  4673 4674 4675
3  4647 4676 4677
3  4651 4677 4676
3  2666 2626 2625
3  4678 3115 3149
3  4592 3135 1727
3  2352 3059 3058
3  4522 2352 3058
3  3126 4651 4679
3  4652 4651 3126
3  1627 1670 4680
3  4655 2682 2681
3  3286 3285 4671
3  2680 4671 3285
3  4681 4670 4507
3  4666 4665 3018
3  4671 4682 3106
3  2965 3106 4682
3  2680 2996 2998
3  4683 2964 4684
3  4685 4669 4668
3  4647 2309 1477
3  4686 2721 4687
3  3124 4513 4512
3  2682 4605 2997
3  4682 4671 2998
3  4671 2680 2998
3  4605 2682 4655
3  4682 2659 2965
3  2998 2659 4682
3  2586 2628 2584
3  3045 2965 2661
3  4607 2359 4688
3  4688 2359 2376
3  4655 4535 3039
3  4689 4690 4691
3  2958 4621 2959
3  2988 2959 4621
3  3285 2987 2680
3  2996 3071 2997
3  4605 2660 2997
3  4118 2441 2440
3  4605 4655 3027
3  2907 4631 480
3  3039 3027 4655
3  2909 4692 3153
3  3101 4638 2977
3  2997 3071 2682
3  4693 4694 4695
3  3153 4535 4538
3  3025 3045 3026
3  4611 3026 3045
3  3089 4696 1717
3  4697 4475 1268
3  50 4474 2608
3  4123 375 4241
3  3153 4698 4644
3  4692 4698 3153
3  4607 4699 90
3  4605 3026 4611
3  3027 3026 4605
3  4646 4645 3025
3  3085 4700 4701
3  3002 4702 463
3  4632 4700 3085
3  2909 3153 3154
3  1268 4474 50
3  82 3045 4645
3  3024 4646 3025
3  4644 4646 3153
3  3044 3045 82
3  3044 82 2979
3  1503 1750 4703
3  59 4704 57
3  3025 4645 3045
3  4698 4692 4705
3  375 1709 2760
3  4706 4707 4708
3  2448 45 4709
3  2956 2675 4696
3  1647 4703 4600
3  4623 56 3010
3  4707 4706 3001
3  1719 4706 4705
3  4710 4705 2908
3  2364 491 464
3  4623 4625 4711
3  3011 3010 56
3  4712 4710 3028
3  56 58 3011
3  3089 4713 4696
3  1505 4600 4703
3  4714 3003 4715
3  1503 4703 1647
3  2907 4716 3028
3  57 4717 58
3  4645 80 82
3  2908 3028 4710
3  80 1717 81
3  4696 81 1717
3  4696 2675 81
3  4497 4122 4654
3  4718 1653 4719
3  2435 958 4720
3  4721 4722 2720
3  4723 4724 4725
3  4726 4725 4724
3  4726 4724 4723
3  11 1504 1916
3  9 72 71
3  487 74 2951
3  4688 4603 4609
3  4727 4640 2234
3  4702 4728 463
3  3089 3088 4729
3  2340 3002 463
3  4730 449 59
3  4122 4240 4239
3  51 4731 2436
3  51 96 1486
3  1619 4731 51
3  2971 2956 3022
3  4730 3002 3004
3  449 4730 3004
3  1718 1717 80
3  3002 4625 4624
3  3012 2670 2980
3  4732 4702 3002
3  4696 3023 2956
3  3089 4712 3028
3  3021 3023 4733
3  59 4625 4730
3  4711 4625 59
3  2962 4734 2963
3  4735 4736 4737
3  3088 3087 4738
3  4630 4739 4740
3  4741 4630 4740
3  4742 4737 4736
3  2623 4743 4734
3  59 56 4711
3  4744 3003 4029
3  4744 4029 2623
3  449 448 2982
3  4745 4722 4721
3  96 75 1486
3  4 4746 4747
3  3081 3080 3245
3  3081 3245 447
3  82 3008 2979
3  2952 2494 1709
3  3168 3167 4748
3  4749 4750 4751
3  1709 2494 2493
3  4670 1509 1508
3  2495 2494 2952
3  4752 1553 4753
3  4753 4754 4752
3  4498 4497 3246
3  4498 2706 2705
3  3179 2286 2304
3  2533 2228 4480
3  2626 2670 36
3  4755 2967 4756
3  4755 4756 4757
3  2656 2640 4758
3  1573 4480 2228
3  3033 2699 4544
3  2627 4759 2625
3  4760 3174 3173
3  2700 4761 2698
3  2423 3184 2424
3  1261 3122 1262
3  3221 34 4544
3  1572 4672 1573
3  4762 2688 4763
3  4681 3124 4764
3  4681 4507 4513
3  2960 3201 4765
3  4667 4676 4647
3  2574 2576 4766
3  4669 1509 4670
3  2314 1197 2315
3  4514 4767 2341
3  2673 4768 2947
3  3047 2948 4768
3  2947 4768 2948
3  3139 3140 4769
3  4760 1740 4770
3  4520 2316 2315
3  2306 3134 3179
3  1837 4520 4594
3  2666 2670 2626
3  4592 1727 2818
3  2703 4767 4771
3  1517 4514 1337
3  1798 1611 1799
3  2341 1337 4514
3  2703 2341 4767
3  4514 4771 4767
3  3103 3100 4604
3  4595 4500 4487
3  4595 2989 4772
3  2354 2353 3036
3  3286 4773 1476
3  1605 1604 1653
3  2687 3187 1803
3  4774 4775 4776
3  4777 2607 54
3  1424 4718 1422
3  2989 2698 4772
3  4778 4757 4756
3  4779 3061 4780
3  4781 1562 4782
3  4718 2662 2665
3  2605 4777 4783
3  2607 4777 2605
3  2372 2326 2392
3  3124 4681 4513
3  1667 4784 4598
3  1605 4785 1603
3  2470 2819 81
3  4680 1615 2307
3  1663 2421 4687
3  2967 4786 2968
3  1612 1798 4787
3  3286 1476 3062
3  81 2819 3008
3  4595 4788 4789
3  4780 4790 4791
3  4792 4791 4790
3  4718 4793 2662
3  1740 1742 4794
3  3121 2322 1792
3  1804 2322 3121
3  4795 2676 2531
3  2303 1763 1665
3  4796 1712 1711
3  1615 4680 4597
3  4797 2157 2262
3  4597 4598 1615
3  1582 4784 1667
3  1667 4598 2303
3  2259 4798 2260
3  4799 2260 4798
3  1615 4784 1582
3  4598 4784 1615
3  1656 2307 1584
3  1497 1655 1498
3  4680 2307 1627
3  4800 2338 4801
3  2707 2620 4802
3  1557 1654 1628
3  4803 3160 3159
3  4803 4774 3160
3  2702 2380 3104
3  4804 1610 1609
3  1738 4804 1609
3  1662 2422 2297
3  2573 2665 4805
3  4806 3227 3226
3  4807 1829 1714
3  2384 1613 1612
3  1672 2338 4800
3  3203 3201 3200
3  3203 3200 3202
3  1388 1387 3013
3  1388 3013 4808
3  3064 2591 1423
3  2932 4476 4809
3  4810 4811 4812
3  4813 4814 3136
3  3210 3209 3181
3  3210 3181 1574
3  1742 2949 4815
3  4812 4816 4817
3  2676 4795 1791
3  3209 2393 3181
3  2967 2966 4756
3  2722 4756 2966
3  4818 4748 3167
3  4811 3112 3219
3  4819 4820 2113
3  4821 2114 2113
3  2679 2754 2250
3  1684 4822 1778
3  1684 1833 4822
3  3053 3054 4823
3  3052 4823 3054
3  4515 4772 4761
3  3199 4824 4825
3  3199 4825 3200
3  3168 1613 2393
3  4826 4827 4828
3  1668 1627 1673
3  4818 3148 3147
3  2677 2679 4819
3  4770 4815 3046
3  2305 2286 2285
3  4829 4830 4831
3  1710 4830 4829
3  4832 4830 1710
3  3061 4779 3114
3  3149 3114 4779
3  1475 4653 2366
3  3062 1475 2366
3  2990 4499 2352
3  2665 2664 4833
3  4833 4805 2665
3  3132 4834 4835
3  4506 2524 3060
3  3171 1260 2973
3  4793 4836 2663
3  3172 4785 1605
3  3169 2526 2379
3  4837 4838 4839
3  2354 3036 4823
3  4839 4777 4837
3  4595 2372 4788
3  2367 4653 4749
3  54 53 4838
3  52 4838 53
3  2702 3014 2378
3  3036 3035 4840
3  4841 3066 3169
3  4513 4507 4523
3  4652 4842 4650
3  4603 4688 2648
3  4843 3128 3129
3  4844 4845 3069
3  1507 1509 4846
3  2612 2367 4749
3  2366 2368 2667
3  2366 2667 2646
3  4847 4751 4848
3  1260 3128 4843
3  4843 2606 1260
3  2668 2667 3127
3  3090 2588 3040
3  3129 3185 55
3  4792 4849 4850
3  4850 3149 4792
3  4847 4848 4834
3  4851 3036 2353
3  2587 3040 2588
3  55 4843 3129
3  3151 4512 3150
3  3149 4852 4678
3  4853 4852 4854
3  4849 4854 4852
3  4512 3151 3124
3  4595 4487 2989
3  2612 4749 4855
3  2309 4750 4749
3  3140 3090 3136
3  3171 2305 2285
3  3100 4505 3098
3  4788 2372 2722
3  4835 4848 3128
3  4856 52 3150
3  4679 4651 4667
3  1390 4687 2421
3  4799 4857 2260
3  2693 4687 1390
3  4797 1390 2159
3  4856 4678 52
3  4773 4858 4859
3  3157 4683 4860
3  4684 4860 4683
3  4838 4837 4777
3  4838 4777 54
3  1603 4849 4792
3  4785 4849 1603
3  4861 4862 4863
3  2605 4783 2973
3  2973 4783 3172
3  4785 3172 4783
3  3304 4856 3150
3  3131 1507 4846
3  4850 4852 3149
3  4849 4852 4850
3  4785 4783 4854
3  4785 4854 4849
3  2353 2352 4499
3  2966 4864 4780
3  4790 4780 4864
3  3068 2263 4865
3  2592 4486 3169
3  4597 4680 1670
3  4853 4783 4777
3  3150 52 55
3  4777 4839 4853
3  4838 52 4678
3  4839 4838 4678
3  4853 4854 4783
3  4681 4679 4670
3  4853 4839 4852
3  4839 4678 4852
3  4866 4867 4868
3  3149 4791 4792
3  4779 4791 3149
3  4780 4791 4779
3  4595 1517 2372
3  4719 4869 3065
3  2378 3013 1387
3  4862 4861 4870
3  4871 4870 4861
3  4861 4790 4871
3  4862 4870 4871
3  4780 3061 2966
3  2693 1388 4808
3  4788 2722 3061
3  2722 2372 2392
3  3303 3304 3150
3  4512 3303 3150
3  2692 4872 4873
3  2275 4874 1769
3  4875 2294 4876
3  4877 4878 2619
3  1666 1665 4874
3  2270 1666 4874
3  2275 2270 4874
3  4796 4879 1712
3  4836 1712 4879
3  2676 4880 2727
3  4778 4881 4757
3  4875 4532 2614
3  4871 4790 4864
3  4871 4864 2968
3  4861 4792 4790
3  4686 4687 2693
3  1604 4869 1652
3  2379 4841 3169
3  1612 4787 2384
3  1821 3163 3056
3  1387 1389 4841
3  4832 1614 3168
3  1784 2295 1785
3  4882 1785 2295
3  1786 2262 2157
3  1668 1670 1627
3  3067 1389 1390
3  4798 2259 1761
3  1387 4841 2379
3  2258 4883 2614
3  4776 3057 3179
3  4881 4686 4808
3  3013 2378 3014
3  1761 4597 4798
3  4808 4686 2693
3  4808 3013 4881
3  2688 3066 4763
3  1663 4687 2721
3  1604 4884 4869
3  3008 2819 2472
3  2260 4857 2258
3  1522 1525 2158
3  1525 1784 2158
3  1522 2158 2421
3  2421 2158 2159
3  2205 4885 1785
3  2205 1785 4882
3  2538 2727 4880
3  4886 4867 4857
3  2261 4827 2263
3  4532 4533 1763
3  4875 2614 4883
3  1870 1869 1767
3  1870 1767 4530
3  4503 2311 2310
3  2258 2614 1762
3  1763 2614 4532
3  2207 1792 4873
3  4868 4867 4886
3  1655 1687 1629
3  2295 1784 2311
3  1390 3068 3067
3  4530 4532 4875
3  1390 4797 3068
3  1785 4885 2261
3  1784 1786 2157
3  1761 2259 1762
3  4886 4802 2620
3  3050 3049 3069
3  2642 4887 2645
3  4665 4888 4889
3  1653 4718 2665
3  2663 2662 4793
3  3203 4765 3201
3  4817 4816 4825
3  3067 3066 1389
3  1389 3066 4841
3  3187 2689 3186
3  1423 1422 3064
3  4718 4719 1422
3  4719 1653 1652
3  4763 3066 3068
3  3105 3104 2525
3  2527 3065 2525
3  2968 4864 2966
3  4884 4861 4863
3  2379 2526 3104
3  2525 3104 2526
3  2702 3105 2968
3  3115 4840 3035
3  4522 4521 2992
3  3157 3156 4683
3  1603 4792 4861
3  3170 2688 2687
3  1603 4861 4884
3  4874 1665 1770
3  2967 4755 4786
3  4881 3013 4757
3  3015 4757 3013
3  1663 2721 1664
3  4832 1710 4890
3  3064 1422 3065
3  4873 1792 2692
3  2663 4836 3164
3  3170 2687 1712
3  1710 1712 2687
3  4879 4891 4836
3  4831 3165 4891
3  3063 2726 1634
3  1792 2207 1793
3  3132 3133 2673
3  3132 2673 3043
3  4882 2294 4866
3  2159 2157 4797
3  2688 3169 3066
3  4795 1576 2728
3  4533 4530 1767
3  4797 2262 2263
3  2261 4885 4827
3  2687 4890 1710
3  4763 3068 4865
3  1785 2262 1786
3  2310 2293 4503
3  4719 3065 1422
3  3170 2590 2592
3  4805 2572 2573
3  4892 1712 4836
3  4892 3170 1712
3  3186 2689 2321
3  1799 1611 1805
3  2321 4893 4873
3  2321 2689 4893
3  4893 2207 4873
3  2531 1576 4795
3  1820 2227 1777
3  3199 2960 1563
3  2714 3202 3177
3  4801 2338 1782
3  4760 4770 3046
3  4760 3046 3211
3  3181 2383 1575
3  2393 2383 3181
3  2729 1575 2383
3  2729 2383 2384
3  3180 4775 4765
3  1791 1798 1790
3  4894 4818 4895
3  2729 1576 1575
3  1820 1776 1678
3  4896 3193 2115
3  3188 4897 3175
3  1776 1778 2531
3  1776 2531 2676
3  2532 2531 1778
3  3208 3210 3247
3  4897 3247 4898
3  2723 4899 2277
3  2723 2277 4900
3  1832 3247 1574
3  3210 1574 3247
3  4567 2332 4493
3  1864 4901 1862
3  1833 1684 1683
3  1833 1683 1831
3  1730 4567 4493
3  1778 1777 1684
3  4898 3194 4897
3  2209 2281 3207
3  4465 4902 3219
3  1738 2141 4804
3  1831 2732 3195
3  2732 1588 3195
3  2732 1683 1738
3  2141 2143 4804
3  1588 1591 3194
3  3194 1591 2683
3  1874 2347 3211
3  3215 4903 4904
3  1778 4822 2532
3  1685 4905 4906
3  2686 4907 3176
3  4908 1340 1339
3  3226 2934 2242
3  4909 2921 2323
3  4906 1713 1685
3  2730 2276 1774
3  1591 1610 2683
3  2684 4910 4476
3  2932 4911 2931
3  4912 1795 4910
3  4912 4910 2683
3  2476 3272 4913
3  4584 4914 3271
3  4915 4906 4905
3  4915 4905 2142
3  2142 4905 4916
3  1685 4917 4905
3  1795 4918 2143
3  4916 4905 4917
3  2211 4919 2210
3  4906 4915 4920
3  2683 1610 4912
3  4804 4912 1610
3  1795 4809 4476
3  4494 1806 2677
3  2686 3194 2683
3  4896 2115 2114
3  2657 3174 4760
3  4921 4922 3191
3  4811 4922 4812
3  4541 1862 4527
3  3072 3174 2658
3  3173 3072 4901
3  1864 3173 4901
3  4923 2297 2299
3  3202 2714 3180
3  2726 4924 1634
3  2686 3175 3194
3  4925 4926 4927
3  4925 2082 4926
3  4928 4929 4930
3  4928 4931 4929
3  3104 2380 2379
3  4932 4933 4934
3  3111 3188 3175
3  3225 3220 3175
3  3175 4897 3194
3  3188 3111 3189
3  3113 3189 3111
3  3225 3219 3220
3  4465 3219 3225
3  3191 4922 4902
3  4902 3192 3191
3  2114 4821 4896
3  4821 4816 4896
3  4894 4895 3189
3  3190 3189 4895
3  3163 1821 104
3  3208 3188 3190
3  2723 1777 4899
3  3189 3113 4935
3  4816 4812 4921
3  4921 4896 4816
3  4810 4935 4811
3  3219 4902 4811
3  3212 2113 4820
3  3178 3205 2280
3  4894 4935 4810
3  3189 4935 4894
3  2945 4936 2946
3  3165 3158 3166
3  3177 4821 3178
3  2209 105 2281
3  3178 3206 3205
3  4811 4935 3112
3  3113 3112 4935
3  4902 4922 4811
3  104 1822 2713
3  3214 3192 4465
3  3123 1811 2716
3  1795 4912 4918
3  4902 4465 3192
3  3191 4896 4921
3  4937 4210 4211
3  2498 4938 4939
3  2498 4939 4940
3  1592 4941 3234
3  4941 1592 1594
3  2337 2816 4942
3  4910 2684 2683
3  1552 4943 4944
3  1809 2348 103
3  1740 3173 2654
3  2053 4944 3117
3  2684 2603 2602
3  4907 4945 4928
3  4946 4947 4948
3  1802 1800 2927
3  2498 2497 2691
3  2598 1811 4949
3  4950 3344 1858
3  1858 1857 4950
3  4949 1811 3123
3  1900 4951 2828
3  2519 4952 2520
3  4953 4952 2519
3  2652 4615 4614
3  4954 1853 3344
3  2250 2252 3212
3  2319 4955 4956
3  1862 4528 4527
3  2054 1863 2346
3  1864 1863 2054
3  3234 4957 4958
3  2110 1802 2927
3  1900 1902 4951
3  4673 4959 4960
3  3322 1355 3308
3  4961 1593 4962
3  1795 2478 4809
3  1797 2478 1795
3  4476 2603 2684
3  3214 4465 4930
3  4963 4964 4965
3  4966 3272 3216
3  3176 4930 4465
3  2477 4963 4809
3  2213 4967 4968
3  2213 1089 4967
3  4969 4970 4971
3  4972 4971 4970
3  4973 4974 4975
3  2055 2319 4956
3  4976 3198 4940
3  4951 2829 2828
3  4977 874 873
3  4978 113 2778
3  2827 4938 2691
3  4979 3197 3196
3  4980 4981 4982
3  4940 4983 4976
3  2690 2317 2320
3  2319 4689 4955
3  2055 4956 2053
3  4984 4985 2630
3  4986 4690 4987
3  3055 3138 4642
3  2499 4529 2348
3  2423 1662 4540
3  2840 4988 1472
3  4989 4988 2840
3  4990 4991 4992
3  4993 2189 2946
3  2499 4527 4529
3  4975 4994 4973
3  4955 4995 4956
3  4754 4995 4955
3  4996 4993 4997
3  4996 2317 4993
3  4998 4999 3815
3  2653 5000 2651
3  4529 2830 2348
3  3107 2424 3184
3  4901 4528 1862
3  2654 1741 1740
3  3123 1808 5001
3  4815 2948 3046
3  2831 4528 2832
3  2674 1741 2655
3  3047 1874 3046
3  3211 3046 1874
3  2674 1742 1741
3  3180 4765 3203
3  5002 5003 5004
3  2658 3174 2657
3  2347 2830 2658
3  2054 2654 3173
3  2830 2832 3072
3  3211 2657 4760
3  4901 3072 2832
3  4760 3173 1740
3  2251 2754 1810
3  3033 3146 1661
3  4774 4776 4805
3  4775 3057 4776
3  3180 3057 4775
3  1821 3057 3180
3  2423 2422 1662
3  1563 4824 3199
3  4816 3200 4825
3  2228 3184 2423
3  3201 2960 3199
3  4815 2949 2948
3  4781 4748 4818
3  3166 3158 4833
3  1424 4793 4718
3  4776 2572 4805
3  1803 4890 2687
3  4895 4818 3167
3  2393 4895 3167
3  5005 2306 3172
3  2306 3179 2304
3  3179 3056 2286
3  4754 4753 4995
3  4667 4670 4679
3  4769 3140 3136
3  4844 3098 4505
3  5006 5007 5008
3  4769 3136 4814
3  5009 5010 5011
3  2514 5009 5011
3  2524 2999 2522
3  4814 4813 4769
3  3042 4813 3136
3  4769 2645 3139
3  4813 2645 4769
3  2644 2643 3042
3  4973 4994 5012
3  5000 5013 5014
3  2639 5015 5016
3  2997 2660 2659
3  3171 2285 1260
3  3140 3099 4606
3  4609 4603 3048
3  5004 5003 5017
3  4632 2425 5018
3  4604 2514 2513
3  4606 3069 3070
3  3091 3070 2588
3  3101 2977 2524
3  4844 3110 4845
3  4606 4844 3069
3  3099 3098 4844
3  3099 4844 4606
3  3100 4506 4505
3  13 3030 2560
3  1781 2458 14
3  28 3031 5019
3  3141 5020 2512
3  5021 5020 3141
3  2360 2359 4607
3  2560 3030 3029
3  5022 4699 4608
3  3069 4845 3050
3  3048 3050 4608
3  3050 3110 4608
3  2715 2648 4688
3  3075 2358 89
3  2715 4688 2376
3  3073 3138 2999
3  3108 3055 5022
3  3108 2522 3055
3  3074 2361 2296
3  4607 90 89
3  2362 2361 2571
3  3108 5023 3110
3  3110 5023 5022
3  4608 3110 5022
3  4639 5024 4638
3  3130 3157 4860
3  4670 1508 4507
3  3815 5013 5025
3  5022 5023 3108
3  3050 4845 3110
3  3092 2987 3285
3  4844 3109 3110
3  2607 2606 54
3  55 2606 4843
3  54 2606 55
3  4751 4847 4749
3  4544 4509 3221
3  3286 2695 4773
3  1262 4835 3128
3  4836 4891 3164
3  3172 1605 5005
3  2286 2305 2304
3  5005 2573 2306
3  1653 2665 2573
3  5005 1605 2573
3  1653 2573 1605
3  4761 4772 2698
3  1538 3163 103
3  104 103 3163
3  3172 2306 3171
3  2699 4509 4544
3  1661 3146 4540
3  4540 3146 3145
3  2674 2673 2947
3  4879 4796 4891
3  4595 4772 4515
3  3179 2572 4776
3  4831 4891 4796
3  5026 5027 4851
3  4499 2990 4487
3  2352 2354 3059
3  3147 1563 1562
3  4892 4836 4793
3  4793 5028 4892
3  4821 3177 3202
3  1711 1710 4829
3  4829 4796 1711
3  3133 4768 2673
3  2664 3166 4833
3  4825 4824 4817
3  3037 4789 3035
3  2663 3166 2664
3  3164 3166 2663
3  3165 3164 4891
3  3158 4805 4833
3  3158 4774 4805
3  3159 3158 3165
3  4865 4893 2689
3  4793 1424 5028
3  4831 4796 4829
3  4775 4774 4765
3  4894 3148 4818
3  1777 2723 1684
3  3190 4895 3209
3  1790 3121 1792
3  4865 2263 4826
3  3147 1562 4781
3  4765 4774 4803
3  4765 4803 2960
3  4782 3159 3165
3  4782 3165 4831
3  5029 5030 3020
3  5029 3020 3019
3  3209 4895 2393
3  4504 2779 2534
3  5031 3815 4999
3  5032 2443 5033
3  1900 5034 4541
3  1900 4541 4527
3  4894 5035 3148
3  4821 3200 4816
3  3202 3200 4821
3  4782 4803 3159
3  4817 4824 5036
3  5035 5036 4824
3  3158 3160 4774
3  4812 5036 4810
3  4873 4872 2321
3  5037 5038 5039
3  3147 4781 4818
3  2214 2212 3007
3  3006 2214 3007
3  2533 3184 2228
3  2086 3184 2533
3  4815 4770 4794
3  2671 2672 4664
3  4672 2671 4664
3  4672 4664 2705
3  4664 2952 1708
3  375 2760 374
3  3184 2933 3107
3  1486 1549 49
3  1549 1269 49
3  2609 2608 4474
3  4612 3086 4633
3  2426 3086 4612
3  5040 5041 2708
3  2575 4539 4697
3  5042 4617 5043
3  5044 5045 5046
3  2718 5047 2993
3  5048 5049 5050
3  2610 44 10
3  4439 4441 3019
3  73 72 1917
3  9 71 3020
3  3020 5051 2610
3  5052 3076 4745
3  4645 4644 4708
3  2963 4734 5053
3  2610 9 3020
3  5054 5055 5056
3  5057 5058 5059
3  5050 5049 5060
3  45 44 5052
3  45 5052 4709
3  2363 2365 5061
3  5052 44 3076
3  2623 2622 4737
3  5062 2717 5063
3  2717 5062 5047
3  5064 5049 5065
3  2583 168 167
3  3078 5063 2717
3  5066 5067 5068
3  2453 5068 5067
3  2717 5047 2718
3  3245 2969 5069
3  2971 5069 2969
3  2720 2719 4721
3  5029 4441 167
3  4645 3000 80
3  72 9 11
3  2452 5070 2272
3  2452 5071 5070
3  1486 75 74
3  74 488 1486
3  5062 1268 5047
3  96 5054 5056
3  5044 5072 5045
3  1268 5073 5047
3  487 2951 2993
3  1895 1528 704
3  3022 5074 2971
3  2993 5 2718
3  96 5056 75
3  1010 5045 5072
3  4610 2575 4697
3  5047 5075 2993
3  2993 5075 487
3  488 5076 1549
3  487 5075 5076
3  487 5076 488
3  5077 2623 4734
3  2272 5078 2273
3  5076 5075 5073
3  485 5079 4537
3  5080 4537 5079
3  1269 5073 1268
3  5047 5073 5075
3  3077 5051 5063
3  1269 1549 5073
3  5076 5073 1549
3  2452 2454 5071
3  2971 5074 5069
3  2719 2953 4721
3  2981 2982 3021
3  3244 5071 3143
3  5081 5068 95
3  5082 3094 2272
3  2711 5083 5084
3  76 2951 74
3  2719 2954 2953
3  2718 2954 2719
3  95 2436 5081
3  5080 5085 4537
3  5086 4745 5087
3  2574 4766 5030
3  59 2981 4704
3  449 2981 59
3  3004 3081 447
3  57 4704 2981
3  2981 3021 4733
3  4729 3088 5088
3  5089 4739 5090
3  4630 5090 4739
3  4711 56 4623
3  2919 5091 3009
3  5092 5093 2962
3  4707 3000 4645
3  3001 3000 4707
3  2568 4640 2712
3  3076 44 3077
3  465 2339 463
3  491 2363 489
3  4730 4625 3002
3  5094 4635 5095
3  3009 4732 4624
3  3002 4624 4732
3  4631 4637 480
3  4635 4636 5096
3  3009 5091 4732
3  2422 3107 4525
3  2760 2493 2473
3  2919 2920 5091
3  4727 5097 4640
3  2963 5053 2961
3  5098 5099 4620
3  4629 4628 5100
3  484 5079 485
3  2920 2364 4728
3  5101 5102 5103
3  2961 5053 4620
3  5104 5105 5106
3  4620 2420 2419
3  5107 2420 4620
3  4728 464 463
3  2364 464 4728
3  4636 4637 5108
3  4727 2233 2265
3  489 4662 490
3  4613 5066 2436
3  2363 5061 489
3  447 5069 5074
3  5109 5110 5111
3  4887 5010 2645
3  4953 5112 5113
3  5114 5115 2945
3  5116 5109 5117
3  2450 4193 922
3  1872 1871 4203
3  3005 5118 5119
3  4112 94 5120
3  5121 220 219
3  5122 222 5123
3  2580 925 4212
3  925 924 4212
3  2402 4127 2950
3  704 4127 2402
3  4215 5124 4447
3  4211 5125 4937
3  3077 5063 3078
3  4702 5126 4728
3  2442 5127 4978
3  2344 2418 2342
3  5128 2542 2539
3  1899 1227 1555
3  5129 5130 5131
3  5132 2492 2491
3  2540 5133 100
3  5134 4216 4215
3  4215 1875 5134
3  4190 5135 4193
3  2492 218 2539
3  4193 5135 922
3  2576 4610 5062
3  5129 5131 2520
3  5136 2490 5137
3  924 1852 3968
3  102 5137 100
3  4103 5138 1852
3  220 23 4204
3  219 5138 5121
3  21 220 5121
3  1877 5139 219
3  4436 2634 5140
3  218 2492 5132
3  4181 4211 2404
3  218 1877 219
3  5141 219 5139
3  3968 1852 3966
3  4089 3968 3967
3  4728 5126 2920
3  4115 5138 5141
3  5142 5143 5144
3  5142 5144 4207
3  2193 5145 2191
3  1876 5146 5139
3  3197 4979 5147
3  2945 5115 4947
3  92 5131 1090
3  5148 5149 5150
3  4225 5151 2456
3  4626 2344 2370
3  2212 2213 4518
3  4203 1090 1872
3  4441 1008 167
3  5125 5152 4937
3  4189 4329 4258
3  2214 5153 4186
3  922 2448 2450
3  5154 2404 5155
3  5134 2374 4216
3  1871 5133 5128
3  4204 1871 5128
3  923 922 5135
3  4210 4937 370
3  5109 5156 4093
3  3005 4969 3006
3  5132 1875 1877
3  1875 5132 5041
3  3005 3007 5118
3  3007 4517 5118
3  1893 1892 4189
3  5157 4200 4199
3  2343 4213 2344
3  2152 4490 4492
3  4979 4490 2152
3  5128 5133 2542
3  4213 2343 93
3  94 93 2343
3  1872 4187 101
3  2539 2541 5158
3  2492 2539 5158
3  4972 102 5159
3  1871 1873 5133
3  101 5159 102
3  5116 5156 5109
3  1787 4120 4220
3  4969 5153 3006
3  4436 2375 2633
3  2374 2633 2375
3  3995 3248 4327
3  100 1873 101
3  4506 3103 3102
3  4518 2213 4968
3  2864 4442 5160
3  2087 115 2085
3  5120 94 2343
3  5120 2343 2342
3  5159 4187 4971
3  5159 4971 4972
3  3005 2487 5161
3  5162 4477 368
3  897 5163 4219
3  4185 1872 1090
3  4970 5136 5137
3  4209 2781 2788
3  4937 368 370
3  1917 1916 2403
3  5164 5162 5165
3  1880 2759 4133
3  2859 2219 2218
3  932 931 1912
3  3006 5153 2214
3  5109 5111 5117
3  3329 2192 5145
3  2191 5145 2192
3  5166 4125 5167
3  4451 2373 5168
3  4264 1909 882
3  1554 1945 886
3  2501 932 1912
3  2544 413 412
3  1903 4184 5169
3  2857 1937 2543
3  408 1920 876
3  4402 5170 2821
3  1884 2821 5170
3  4336 948 4400
3  5171 2501 2500
3  2858 2543 948
3  401 1880 1903
3  4167 1903 4175
3  4175 1903 1880
3  2857 2543 2858
3  908 896 4155
3  916 915 908
3  414 4155 896
3  2230 5172 5173
3  4427 5173 5172
3  4331 1892 903
3  4268 4155 414
3  423 4424 4423
3  414 4329 415
3  4268 1904 4156
3  933 4429 931
3  4428 4429 933
3  1904 2806 907
3  2867 932 1228
3  2846 1751 2825
3  1905 2806 1904
3  4228 4231 2805
3  4321 4136 4320
3  4321 4438 4136
3  2396 2864 2811
3  4172 4231 4228
3  4412 4270 4265
3  1892 2230 3437
3  2867 1227 4180
3  2230 1894 5172
3  1892 1894 2230
3  4201 5174 4183
3  4349 4348 3647
3  2806 4231 907
3  2806 2805 4231
3  5175 2864 1494
3  4434 4058 2882
3  5176 5177 5178
3  4225 2456 2455
3  2841 2509 5179
3  2508 5180 5181
3  2825 2824 2846
3  4312 5182 4313
3  5183 4038 4036
3  5184 5185 5186
3  5184 5186 5187
3  3461 3460 5188
3  3534 5189 4237
3  5190 4178 4177
3  4407 4408 412
3  962 5191 1910
3  1954 978 1952
3  5174 945 944
3  4432 1924 5192
3  411 413 5193
3  4397 969 5194
3  950 2858 948
3  468 1923 469
3  5195 2545 2544
3  5195 2544 412
3  1226 1228 1944
3  944 378 5174
3  5196 1950 5197
3  5196 5197 764
3  950 946 4294
3  4293 950 4294
3  4355 5198 4381
3  2545 948 2543
3  1913 5199 1914
3  5200 413 2544
3  1950 5201 1913
3  2821 1948 4402
3  5171 2500 1948
3  3831 5202 5203
3  469 4415 470
3  469 1958 4415
3  5204 5205 975
3  5206 5207 5208
3  5206 5208 1964
3  397 951 207
3  4381 5198 2869
3  951 1957 4407
3  976 978 1907
3  412 4408 5195
3  301 1911 1920
3  397 1957 951
3  3975 3992 864
3  1227 1226 1555
3  1957 4408 4407
3  4403 4408 1957
3  763 975 5209
3  313 312 2410
3  4175 4134 4153
3  4000 3999 4363
3  928 905 248
3  1933 1931 913
3  4398 4394 4347
3  2545 5195 4408
3  428 967 1951
3  128 5210 303
3  428 1951 992
3  987 962 961
3  1944 2820 2822
3  5200 2544 2543
3  997 999 2408
3  4167 2896 4428
3  950 949 946
3  412 1884 5170
3  4407 412 5170
3  4402 4406 5170
3  4407 5170 4406
3  4403 1963 948
3  948 1963 4400
3  311 313 63
3  411 2822 2821
3  4175 2895 4167
3  1922 4180 1921
3  1926 1925 190
3  376 1950 1913
3  1935 5211 968
3  4032 4085 4030
3  949 948 4336
3  946 4336 1919
3  949 4336 946
3  5193 1937 2822
3  5196 711 581
3  1963 935 4400
3  5197 5204 764
3  1950 5212 5197
3  381 1932 5212
3  5213 5212 1932
3  914 913 928
3  4400 935 5214
3  378 4183 5174
3  4184 380 5169
3  4178 1890 1889
3  5193 413 5200
3  5200 2543 1937
3  1922 4202 5215
3  382 381 1950
3  411 5193 2822
3  4317 4301 4337
3  2898 4243 4244
3  2899 4273 4325
3  2822 1945 1944
3  5200 1937 5193
3  4167 4428 5216
3  4179 5216 2868
3  1937 887 1945
3  887 886 1945
3  1554 1226 1945
3  2867 1228 1227
3  932 1944 1228
3  946 947 4294
3  4446 2435 5217
3  4051 399 398
3  1880 312 311
3  5216 4184 1903
3  1880 401 312
3  4184 5216 4179
3  4167 5216 1903
3  4295 4294 4176
3  4176 4294 945
3  945 4294 947
3  1878 379 944
3  1878 4051 379
3  944 379 378
3  5174 4201 4177
3  5174 4177 945
3  1889 4295 4178
3  4176 4178 4295
3  1922 5190 4202
3  2501 5171 2820
3  4180 1227 1921
3  1554 1891 1555
3  499 394 479
3  1937 1945 2822
3  1889 1554 4295
3  4295 1554 886
3  1889 1891 1554
3  2821 5171 1948
3  892 499 479
3  5216 4428 2868
3  4180 2868 2867
3  4426 5173 4427
3  931 4429 190
3  396 3820 911
3  4428 1926 190
3  933 2868 4428
3  4428 2896 1926
3  415 4331 426
3  4331 903 426
3  1893 4432 1894
3  1883 2447 2412
3  3998 3997 4133
3  2412 2447 4158
3  2825 4270 2823
3  2825 1751 4270
3  5218 4433 2324
3  2447 2446 4426
3  4132 4131 4158
3  926 4139 1888
3  1885 4158 4131
3  2231 2230 2446
3  2895 4154 4163
3  4446 4139 4138
3  4132 4162 4130
3  2446 5173 4426
3  2230 5173 2446
3  2229 3437 2230
3  4163 4162 4426
3  2447 4426 4162
3  4427 5192 4163
3  190 1925 191
3  1924 1926 2896
3  4432 5172 1894
3  415 4329 4331
3  2812 4230 4169
3  1893 191 1925
3  902 311 900
3  3436 4228 2805
3  1924 4163 5192
3  5192 4427 5172
3  5192 5172 4432
3  907 4231 1752
3  7 900 311
3  4448 4069 4068
3  422 4320 4136
3  4049 4270 4412
3  369 4054 2636
3  4335 1967 879
3  5219 1888 4139
3  2465 2864 5175
3  4214 4054 369
3  3741 4261 4260
3  4049 4423 4270
3  423 4423 4049
3  4034 919 918
3  5220 4411 939
3  4413 939 4411
3  420 422 4135
3  420 4135 4272
3  1024 2850 1882
3  4447 4223 1875
3  4138 4433 5218
3  1813 1815 5221
3  1813 5221 2163
3  897 5222 898
3  5223 5222 897
3  3551 2462 2773
3  5224 5225 2466
3  2850 2849 4168
3  2504 5226 2505
3  4165 432 4141
3  446 4142 4141
3  446 4141 4257
3  432 4257 4141
3  1022 1024 4431
3  4198 4431 1024
3  4137 5227 4448
3  4448 5227 2848
3  5228 5229 5230
3  2446 2850 2231
3  4143 4142 4095
3  5231 5232 5177
3  4459 2781 2197
3  5233 221 223
3  4434 4159 4059
3  4431 4425 1022
3  5234 5154 5155
3  4169 4229 4246
3  4165 5235 5236
3  4449 5235 4165
3  4230 4229 4169
3  4095 4151 4173
3  4164 4141 4174
3  5237 4164 4174
3  1875 4215 4447
3  4392 1015 5238
3  2789 4054 2787
3  957 956 2325
3  4449 4164 5237
3  1022 4195 4194
3  4161 4057 4059
3  5239 1372 3927
3  5239 3805 1372
3  4152 1789 4150
3  2504 4150 1789
3  2503 5237 5240
3  5241 4058 4057
3  5237 5235 4449
3  5235 5237 5236
3  2503 5240 4150
3  4195 4425 4222
3  1789 4152 1787
3  4095 4173 4143
3  4057 4161 5241
3  4161 5226 5241
3  4200 223 4120
3  4058 4458 2883
3  4444 2883 4458
3  5226 5242 2505
3  4145 5243 899
3  4145 899 4146
3  4228 4227 4269
3  4447 5124 315
3  5244 315 5124
3  5245 4976 5246
3  5245 5246 5247
3  4393 4392 5238
3  2518 4477 2515
3  2189 4993 2690
3  2468 2457 2853
3  5248 5249 108
3  2541 100 5137
3  4976 5250 3198
3  5162 368 4937
3  2497 2187 2189
3  5251 5252 5148
3  5029 167 166
3  4483 5253 4484
3  5161 4116 4970
3  5136 4970 4116
3  3319 5254 3318
3  5255 5256 5257
3  4258 191 4189
3  5244 5124 4450
3  4094 4457 369
3  3966 5146 3967
3  1876 3967 5146
3  4517 5164 5258
3  5118 4517 5258
3  5241 1789 1788
3  4115 5139 5146
3  4116 2486 5136
3  5259 2374 2373
3  5259 4216 2374
3  5233 4099 221
3  5260 5162 5152
3  4937 5152 5162
3  4211 4181 5125
3  219 5141 5138
3  4222 4120 4147
3  5155 2404 4211
3  4211 2637 5155
3  5041 2374 5134
3  5134 1875 5041
3  5162 5260 2634
3  4458 1788 4220
3  1887 4326 2411
3  4187 1872 4185
3  4204 5261 4213
3  5116 4518 4968
3  4901 2832 4528
3  4187 4186 5153
3  4187 5159 101
3  923 5135 4103
3  5262 2844 387
3  2344 5261 4191
3  4187 5153 4971
3  4969 4971 5153
3  2491 2708 5132
3  5041 5132 2708
3  1089 2214 4186
3  1089 4186 4185
3  4111 5263 5264
3  5265 5266 4973
3  5266 4974 4973
3  77 2189 5012
3  2320 2827 2691
3  5267 78 5012
3  5268 5269 5270
3  5271 5272 5273
3  5130 5274 1088
3  2618 1088 5274
3  1551 4752 5275
3  5276 957 4455
3  5046 4125 5166
3  79 5277 77
3  4214 369 5278
3  4457 5278 369
3  5132 1877 218
3  5264 5263 386
3  1090 5131 1088
3  5113 5112 5279
3  5280 2789 2788
3  1088 4092 5281
3  5282 5283 5007
3  5282 5284 5283
3  5116 5117 4518
3  4977 5072 5044
3  1787 4220 1788
3  5117 2515 5164
3  5117 5164 4517
3  4225 4224 5151
3  2517 5285 5286
3  2945 4947 4946
3  5270 5287 5268
3  2585 2584 5288
3  5116 5281 5156
3  5281 5116 4968
3  2618 4092 1088
3  1494 1496 5175
3  4091 4093 5156
3  2782 4445 5289
3  2373 2375 4436
3  5281 4092 4091
3  4091 5156 5281
3  5109 4093 5110
3  5290 4456 5285
3  2468 5291 5292
3  5293 5294 5295
3  5296 5297 5293
3  385 5298 5299
3  1875 4223 1876
3  2236 4223 4447
3  4090 3967 4223
3  2615 4093 4092
3  4100 1744 1743
3  4209 2787 4225
3  4457 4456 5300
3  4100 2193 1744
3  5301 5262 5263
3  4968 4967 5281
3  5268 5287 5110
3  5111 5110 5287
3  5302 5006 5303
3  2517 5287 5270
3  2578 2350 2349
3  2430 5304 5305
3  1843 1845 2557
3  4953 5306 5130
3  5307 2188 5308
3  5309 5284 5310
3  5282 5310 5284
3  5311 5312 5313
3  5117 5111 2515
3  5269 5296 5270
3  5148 5252 5149
3  4502 5314 5303
3  5150 5315 5148
3  5302 5315 5150
3  2441 4117 4105
3  5312 4726 5293
3  4723 5293 4726
3  5316 2617 5317
3  5110 4093 2615
3  5268 5110 2615
3  5316 5296 5269
3  5317 5296 5316
3  4092 2618 2615
3  4955 4691 4754
3  4217 5259 4451
3  315 317 2638
3  5268 5316 5269
3  4518 5117 4517
3  5310 5282 5318
3  2617 5316 5319
3  2617 5319 2615
3  5268 5319 5316
3  2615 5319 5268
3  4975 5320 5321
3  5322 5320 4975
3  5317 5274 5296
3  5317 2617 5274
3  2617 2616 5274
3  2618 5274 2616
3  2517 5286 2518
3  2691 4938 2498
3  5323 5324 5306
3  4492 5265 5325
3  4101 1649 40
3  2778 2440 4978
3  5012 78 77
3  5326 5267 4994
3  5327 2414 5328
3  5327 5329 2414
3  2651 5330 5331
3  5332 2355 5328
3  2414 5332 5328
3  5017 2351 2350
3  5333 2351 5017
3  5114 5334 5115
3  5335 5271 5336
3  5337 5245 5247
3  5337 5247 5338
3  4951 5339 2829
3  5265 4492 5266
3  4492 5325 2152
3  2690 2320 2691
3  5273 5340 5341
3  5273 5341 5327
3  2778 113 2534
3  5340 5342 5343
3  4990 5344 38
3  2827 2829 4938
3  4983 5339 5247
3  5338 5247 5339
3  2946 5343 2944
3  3815 5031 5013
3  2348 2830 2347
3  4990 5345 4991
3  4673 4960 5346
3  2054 2346 2055
3  5339 4938 2829
3  5347 3197 5147
3  5347 3198 3197
3  5348 5349 1593
3  5348 1593 1592
3  1592 5350 5348
3  2151 5347 5147
3  1902 5346 5351
3  1902 4673 5346
3  5352 5353 5354
3  5355 5353 5352
3  3198 5347 4940
3  4940 4939 4983
3  4996 4997 2318
3  4996 2318 2317
3  5281 4967 1088
3  4675 1901 2598
3  2598 4949 4675
3  4983 4939 4938
3  4951 5351 5339
3  1902 5351 4951
3  5354 5353 4962
3  1901 4674 1902
3  2152 5147 4979
3  2780 2779 4504
3  5354 5356 5352
3  5357 4962 1593
3  2457 5300 2854
3  4938 5339 4983
3  5034 2345 4541
3  2346 2345 5034
3  4940 5347 2498
3  5358 4958 4957
3  5359 5360 5361
3  4992 4991 5362
3  2345 1863 1862
3  1900 2598 1901
3  2598 1900 4527
3  2598 4527 2499
3  1902 4674 4673
3  5363 4984 5331
3  5364 5365 5366
3  4529 2831 2830
3  4675 4674 1901
3  2828 2827 5034
3  2828 5034 1900
3  2440 4654 4118
3  4754 5275 4752
3  5367 5368 5366
3  2841 5179 2842
3  2508 5369 2506
3  1857 3218 4982
3  1801 2110 5370
3  1866 5371 5372
3  5037 5039 5367
3  5367 5039 5373
3  4980 3218 4957
3  4982 3218 4980
3  2109 5370 2110
3  2836 5374 2837
3  3323 5375 5376
3  3323 5377 5375
3  5358 4959 5355
3  5378 3466 3465
3  2252 3204 3212
3  5379 4961 4962
3  4962 5353 5379
3  3231 2078 2079
3  4553 1410 1409
3  2105 1354 2106
3  3270 1765 1764
3  4914 1765 3270
3  5377 3323 2198
3  5380 3243 3242
3  3324 3321 5381
3  3343 2109 2108
3  5382 3241 5383
3  2107 2106 2180
3  2131 2105 2107
3  2301 5384 4478
3  2122 5384 2301
3  4675 4949 4961
3  4675 4961 4673
3  5385 5373 5039
3  5364 5337 5338
3  3323 3466 2183
3  4950 3345 3344
3  2181 3466 5378
3  2183 3466 2181
3  4933 5386 3740
3  3317 5387 3255
3  5381 2107 2180
3  451 2185 452
3  5388 3183 3182
3  5389 5390 5391
3  5389 5391 2166
3  5376 3477 3465
3  5392 5393 5394
3  1818 4580 5395
3  3271 3269 3288
3  4555 5396 2724
3  2081 4919 5397
3  2210 4919 2081
3  1830 1829 3319
3  3477 5398 3465
3  3476 5386 3477
3  1797 1796 2934
3  1797 2934 3228
3  4565 2169 2103
3  3228 2934 3226
3  1463 3216 1464
3  1462 5390 5399
3  5400 4925 4927
3  1715 2167 3226
3  3226 2167 4806
3  1827 2078 450
3  450 2145 1827
3  1659 4927 5401
3  2109 4981 5402
3  2299 4555 4565
3  3216 5403 1464
3  3273 4806 5404
3  2108 2110 3183
3  4933 2931 4911
3  5388 2931 4933
3  114 2918 2851
3  3235 3234 4941
3  2932 4809 4911
3  5404 3216 3272
3  5404 3272 3273
3  1592 3234 5350
3  2088 240 2089
3  2109 4950 4981
3  5346 4960 1865
3  2150 2498 5347
3  2089 1461 1374
3  5350 3234 5405
3  1801 1802 2110
3  5370 5402 1801
3  5406 5383 5372
3  4934 3217 4932
3  2320 2055 2346
3  2320 2346 2827
3  4987 5407 5408
3  4689 2319 2318
3  5409 4957 3218
3  4987 2318 4997
3  2827 2346 5034
3  1594 1593 4949
3  5352 5358 5355
3  2754 2678 2716
3  2251 2250 2754
3  5410 4494 5411
3  4820 2679 2250
3  5305 5412 2428
3  1864 2054 3173
3  4815 4794 1742
3  1740 4794 4770
3  5413 5414 2599
3  1551 5414 5413
3  4993 5408 5407
3  4993 2946 5408
3  5415 168 2583
3  2317 2690 4993
3  2187 5416 2188
3  4987 4689 2318
3  2628 2630 2584
3  4753 1553 2053
3  2946 4936 5408
3  5408 5417 4986
3  5408 4986 4987
3  4517 3007 2212
3  77 5277 2946
3  5418 5419 5420
3  1553 1552 4944
3  1090 1089 4185
3  5421 5422 5423
3  4955 5424 4691
3  5413 2599 5425
3  5304 5426 5288
3  2514 5011 5427
3  1088 4967 1089
3  3142 2514 5427
3  5025 5013 5427
3  2653 5013 5000
3  5427 5013 2653
3  4956 4995 4753
3  4615 5331 2630
3  5420 3814 5428
3  3099 3139 5429
3  3099 5429 3097
3  3813 5428 3814
3  4943 3814 5420
3  4943 5420 5419
3  4753 2053 4956
3  2644 5430 2642
3  2584 2630 4985
3  5016 5015 5431
3  5427 2653 3142
3  5130 5297 5274
3  5296 5274 5297
3  5432 5331 5330
3  2266 2631 2632
3  5295 5251 5433
3  5434 5435 5436
3  2496 2187 2497
3  4953 5113 5323
3  5434 5323 5113
3  5425 5014 5013
3  2349 5279 2519
3  5432 5363 5331
3  5017 5437 5004
3  5330 5438 5432
3  4944 2053 1553
3  5439 2565 5440
3  4691 5275 4754
3  5275 4691 2600
3  3815 5025 3813
3  5420 5428 5418
3  5419 2642 5430
3  4887 5418 5428
3  2642 5418 4887
3  5013 5031 5425
3  2651 4615 2652
3  5263 4111 4108
3  4615 2651 5331
3  4536 5441 2444
3  5279 2351 5435
3  1010 5072 4117
3  5012 2188 5307
3  5327 5328 5273
3  5336 5273 5328
3  2840 2839 3329
3  5271 5273 5336
3  5310 5306 5324
3  5311 5313 5442
3  2430 5436 5304
3  5435 5304 5436
3  5443 5444 5284
3  5340 5343 5445
3  4987 4690 4689
3  5272 5446 5447
3  5330 5014 5438
3  5438 5014 5425
3  2584 4985 5448
3  5031 4999 5413
3  5449 109 5450
3  4976 4983 5246
3  4691 5424 4689
3  2357 5301 5335
3  2350 2417 5017
3  5150 5006 5302
3  2780 2440 2778
3  5406 5372 5451
3  5451 5372 5371
3  5293 5297 5312
3  5452 5453 2484
3  1472 4988 5454
3  2780 4654 2440
3  2484 1649 5452
3  5455 1649 2484
3  5456 5341 5457
3  5264 5458 4111
3  4693 5282 5007
3  438 4454 439
3  2325 910 4455
3  39 5145 2193
3  387 2855 107
3  4253 2860 2737
3  4445 5459 5289
3  5291 5298 107
3  5295 5290 5285
3  5267 5012 4994
3  2355 5332 5460
3  5332 1648 5460
3  5249 109 108
3  5255 4501 2854
3  4223 4437 5157
3  5449 5461 5292
3  5449 5292 5462
3  5449 5462 109
3  5463 5464 5272
3  2195 2782 2812
3  5465 5466 5461
3  5467 5468 3364
3  5469 2552 2856
3  2837 5470 2509
3  5175 1496 5471
3  40 5329 38
3  4948 5334 5472
3  5452 4101 1743
3  2484 5453 2485
3  955 5473 4720
3  2845 5474 5249
3  2845 2356 5475
3  2414 1648 5332
3  5455 1648 1649
3  2468 2853 5476
3  2735 2847 2413
3  5272 5464 5273
3  2455 5232 4225
3  38 5344 3161
3  5460 5475 2355
3  29 4461 2641
3  2845 5249 2844
3  2484 2483 5474
3  5412 5334 5114
3  5472 5334 5412
3  4129 4977 1651
3  5145 3162 3329
3  5327 4990 5329
3  3327 2839 1472
3  5301 2357 5262
3  37 4101 40
3  2484 5474 5455
3  37 39 2193
3  2856 2551 3550
3  2356 2355 5475
3  5309 2428 2945
3  5309 2945 2944
3  2193 2192 2194
3  5452 1743 1746
3  5452 1746 5453
3  1495 5477 1456
3  5478 5479 5480
3  5249 5450 109
3  1746 1745 5481
3  2761 5482 2762
3  2735 2737 2860
3  5145 39 3162
3  5454 4988 5483
3  2413 5481 2194
3  2847 5481 2413
3  5453 5481 2847
3  2469 5178 2455
3  1746 5481 5453
3  5329 4990 38
3  4994 5484 5326
3  1471 5337 5368
3  40 2414 5329
3  3329 3162 2840
3  4108 5301 5263
3  2189 2690 2497
3  4101 5452 1649
3  4501 2853 2852
3  5485 2483 5486
3  2483 2482 5486
3  873 875 5487
3  2810 2811 5486
3  2810 5486 2482
3  5292 5160 4442
3  5450 5465 5461
3  5488 5465 5450
3  5465 5489 5466
3  2788 2781 5280
3  5232 4209 4225
3  5300 2457 2456
3  5361 5338 5359
3  5485 5465 5488
3  5413 1552 1551
3  5413 5490 1552
3  5491 4502 5299
3  5263 5262 386
3  5300 5290 2854
3  4456 5290 5300
3  5485 5486 5489
3  4196 1495 1494
3  5474 5488 5249
3  5361 5360 1865
3  1865 1867 5361
3  5247 5246 4983
3  2865 440 3767
3  5492 5229 5228
3  5493 5494 3672
3  5290 5255 2854
3  5232 4207 4209
3  2468 5292 2469
3  2853 4502 5491
3  5292 5178 2469
3  5225 5224 5471
3  223 4200 5157
3  2787 5278 4224
3  5286 4456 2518
3  5270 5293 5295
3  5270 5295 5285
3  5270 5285 2517
3  4451 4182 2406
3  4451 2406 4450
3  2456 5151 5300
3  5250 4976 5245
3  5489 5465 5485
3  2809 5222 5223
3  898 5222 2809
3  2788 2787 4209
3  4219 5163 2637
3  5435 5434 5113
3  5435 5113 5279
3  4451 5168 5140
3  4053 2789 5280
3  897 4219 4218
3  5155 5495 5234
3  5303 5299 4502
3  5300 5278 4457
3  5300 5151 5278
3  4224 5278 5151
3  4214 5278 2787
3  4223 2236 4437
3  2637 2636 4219
3  5496 5176 5178
3  4442 5496 5292
3  5280 4459 4053
3  4218 4053 4459
3  4207 5144 4208
3  2781 4459 5280
3  4146 4195 4222
3  4219 2636 4053
3  4208 5144 5497
3  4208 5497 5498
3  5178 5292 5496
3  4445 4209 4208
3  4443 937 4230
3  5499 5461 5466
3  2464 5500 4445
3  4216 5259 4217
3  4501 2852 2854
3  5501 1815 1814
3  4194 4068 1023
3  5229 1457 5502
3  939 4229 937
3  5503 2807 5504
3  5487 875 5276
3  4120 5122 4147
3  5503 5504 2197
3  4161 4160 5242
3  5140 2634 5260
3  5505 2464 2466
3  2808 4137 2809
3  2848 5227 2849
3  4413 5506 4246
3  2882 4435 4434
3  4459 5504 2807
3  2197 5504 4459
3  3436 4137 4227
3  4137 3436 5227
3  5227 3436 4168
3  4281 5507 4088
3  5497 5144 5143
3  5497 5143 5498
3  4445 4208 5498
3  4413 4246 939
3  5508 5509 920
3  3741 920 5509
3  3551 2773 2775
3  2395 5510 4205
3  4196 2395 4205
3  4247 2826 4424
3  5511 1495 4206
3  5512 2843 5513
3  918 3562 4034
3  3405 4077 3406
3  4036 5514 5183
3  1496 5515 5471
3  4036 5516 5514
3  4205 1495 4196
3  2074 417 419
3  4067 5517 4287
3  1456 5515 1495
3  5510 2397 3609
3  5518 5220 4266
3  4050 4452 421
3  1495 5515 1496
3  1222 3913 344
3  2465 5175 5224
3  4322 4287 5517
3  5519 4037 4371
3  5520 3405 3407
3  5521 5520 3407
3  5522 5523 5524
3  439 4454 910
3  4086 5525 4262
3  2455 5177 5232
3  5526 4266 5527
3  5526 5527 5502
3  5528 3461 5529
3  2395 2397 5510
3  215 2163 5183
3  2823 4270 4423
3  5528 5530 5531
3  4170 4171 4279
3  4087 4259 2461
3  4259 4261 2461
3  5532 5533 4303
3  5534 5535 5536
3  5537 5534 5536
3  5538 5228 4443
3  5539 3407 5540
3  5503 5541 4269
3  4412 4172 4413
3  1162 5542 3687
3  907 1752 1751
3  4413 4172 5506
3  5380 3242 5543
3  4269 2807 5503
3  5225 5505 2466
3  4412 1753 4172
3  4265 1753 4412
3  5225 1455 5505
3  939 4266 5220
3  4247 4424 4272
3  2813 4169 4246
3  1034 1967 4335
3  1034 393 1967
3  4269 5541 4228
3  1020 965 964
3  2229 4168 3436
3  4053 4054 2789
3  2466 2465 5224
3  5515 5225 5471
3  1789 5226 2504
3  5515 1456 5225
3  1455 5225 1456
3  5469 5544 2552
3  215 2777 2761
3  4313 5545 4311
3  5546 5545 4313
3  1026 3563 2397
3  1026 2219 3563
3  5546 4088 5545
3  5514 5516 3863
3  5547 2836 5548
3  3609 3563 918
3  918 3563 3562
3  4049 4411 4050
3  4412 4411 4049
3  5220 4050 4411
3  4272 4424 420
3  423 420 4424
3  5335 4110 5271
3  929 5219 2435
3  4206 4205 4296
3  5510 4296 4205
3  5471 5224 5175
3  5041 5040 2374
3  917 2846 2824
3  5549 5511 5507
3  5550 5477 1495
3  4035 5508 919
3  4292 306 4070
3  4291 306 4292
3  421 4452 4263
3  1457 5492 1455
3  2850 4168 2231
3  4228 5541 4172
3  5506 4172 5541
3  4168 2849 5227
3  5551 4482 4484
3  2196 5503 2197
3  5505 1455 5492
3  5547 5374 2836
3  5127 5253 4978
3  4266 5526 5518
3  3294 3347 3364
3  4194 1023 1022
3  5552 5288 5426
3  4430 4458 4425
3  898 2809 4068
3  4068 4194 898
3  4444 4458 4430
3  4246 4229 939
3  4161 5242 5226
3  221 5123 222
3  221 4099 5123
3  4146 899 4195
3  223 5157 5233
3  4120 223 222
3  4119 4200 4120
3  1787 4152 4119
3  2236 2638 318
3  4447 315 2638
3  5518 5526 4452
3  4281 4280 5507
3  4453 5502 1457
3  4434 4165 4226
3  4434 4226 4159
3  5236 4226 4165
3  5236 2503 4226
3  4246 5506 5541
3  5503 2196 5541
3  4246 5541 2196
3  5502 4453 5526
3  4120 222 5122
3  2503 4150 2504
3  5236 5237 2503
3  5239 3927 3910
3  5240 4173 4150
3  4150 4173 4151
3  5240 5237 4173
3  5237 4174 4173
3  2807 5223 4218
3  5473 4128 1531
3  4697 1268 4610
3  5226 1789 5241
3  4218 5223 897
3  4220 4221 4458
3  1014 5238 1015
3  318 4099 2235
3  5242 4160 2505
3  4160 4159 4226
3  2505 4160 4226
3  5243 897 899
3  5244 5553 4098
3  4222 4147 4146
3  898 4195 899
3  4451 5260 4182
3  4451 5140 5260
3  4437 2235 5157
3  4223 5157 4199
3  4126 705 2401
3  2401 705 2402
3  4450 5553 5244
3  5554 5372 3241
3  5554 3241 3243
3  477 476 965
3  2235 5233 5157
3  957 2325 4455
3  2637 5495 5155
3  5163 5495 2637
3  4451 5259 2373
3  2633 5040 2488
3  4099 5233 2235
3  5130 5129 4953
3  4953 5129 4952
3  4145 5234 5243
3  5234 4145 5154
3  5123 4099 2405
3  5123 2405 5122
3  4147 5122 2405
3  2194 5481 1745
3  2551 2860 4253
3  5244 4098 315
3  2417 5555 5017
3  5002 5004 4758
3  5004 5437 4758
3  5495 5243 5234
3  5458 5556 5447
3  5440 5557 205
3  5342 5558 5559
3  5342 5559 2944
3  5130 5306 5310
3  2519 5112 4953
3  5305 2428 2430
3  4634 5100 4628
3  4734 4634 4628
3  1088 5131 5130
3  2577 2415 2578
3  1548 2649 5440
3  4955 4689 5424
3  5446 5272 5271
3  2450 2370 4193
3  2520 5131 4113
3  77 2946 2189
3  4953 5323 5306
3  5440 204 2656
3  5120 5560 4112
3  2342 5560 5120
3  2556 5561 5560
3  2556 5560 2342
3  2444 485 4536
3  5562 1845 1844
3  2344 4626 2418
3  5563 1845 5564
3  5555 5033 5565
3  2578 2415 2417
3  2443 485 2444
3  5098 5053 4628
3  5089 2569 5566
3  5107 5101 5567
3  5565 2565 5439
3  5565 2983 2565
3  2443 2445 5568
3  2567 5440 2565
3  5103 5569 5570
3  2597 5571 5572
3  3055 4642 5022
3  5440 205 204
3  3100 3103 4506
3  2701 2585 5288
3  2641 204 203
3  13 5573 3030
3  1780 2458 1781
3  2641 203 29
3  3103 5574 5575
3  2521 5562 2579
3  5472 5363 4948
3  27 29 203
3  3031 28 27
3  5576 5089 5090
3  5330 2651 5000
3  5577 5019 5021
3  4542 5019 5577
3  5577 5021 3141
3  3103 5575 3101
3  1548 5440 1565
3  3029 27 4622
3  5578 2649 1547
3  5578 1547 3029
3  2649 5557 5440
3  5557 4622 2559
3  3138 3055 2999
3  5099 5101 5107
3  4620 5099 5107
3  2656 2641 2640
3  2701 4461 29
3  4622 5578 3029
3  2649 5578 5557
3  4622 5557 5578
3  5557 2559 205
3  2560 3029 1547
3  5033 2983 5565
3  4629 5090 4630
3  3141 5579 5577
3  5288 5580 5304
3  5435 2351 5333
3  485 2443 483
3  2628 2586 4543
3  2579 2416 2415
3  5570 5569 5441
3  3081 4744 3079
3  4714 4744 3081
3  5581 5422 5582
3  5581 5582 5408
3  5562 5583 5584
3  2351 5279 2349
3  5304 5435 5333
3  5304 5333 5431
3  5040 2708 2486
3  2584 5580 5288
3  5564 5585 5584
3  2520 4952 5129
3  5563 2557 1845
3  2519 5279 5112
3  2521 2577 2519
3  2416 2579 5586
3  5107 2555 2420
3  5431 5426 5304
3  2577 2579 2415
3  2578 2417 2350
3  2416 5586 2417
3  5149 4694 5150
3  5565 4758 5437
3  5555 5565 5437
3  2443 5568 5033
3  5586 5032 2417
3  5033 5555 2417
3  5032 5033 2417
3  2539 220 5128
3  5586 486 483
3  5586 483 5032
3  5002 4758 2640
3  5017 5555 5437
3  5567 5085 5107
3  483 2443 5032
3  4617 5042 5587
3  4543 5588 5589
3  4619 2418 4627
3  5590 5107 5085
3  5589 2652 4614
3  2444 2994 2445
3  2418 5587 2419
3  2445 2995 5568
3  4537 5567 5570
3  1565 5440 2567
3  2983 2566 2565
3  2753 4604 2513
3  4537 5570 4536
3  2984 2568 2564
3  4475 4697 4539
3  5340 5457 5341
3  4241 4240 4124
3  4241 4124 4123
3  5568 2984 5033
3  2995 2984 5568
3  5561 5591 4112
3  5033 2984 2983
3  5101 5099 5592
3  5101 5103 5570
3  5592 5102 5101
3  5567 5101 5570
3  4946 4948 5363
3  2945 4946 5581
3  5593 2369 2371
3  5593 2371 4121
3  5565 5439 4758
3  5053 4734 4628
3  5074 448 447
3  5106 5594 5104
3  2569 5576 2570
3  5089 5576 2569
3  2419 5042 5050
3  2652 5589 5588
3  2653 5588 5579
3  2656 4758 5439
3  5594 5106 5595
3  5566 5595 5106
3  4619 5587 2418
3  5584 4113 4112
3  5586 1844 486
3  4213 5261 2344
3  2579 1844 5586
3  2579 5562 1844
3  5564 5591 5563
3  5590 5596 2557
3  4537 5085 5567
3  5135 5597 4103
3  5590 2557 2555
3  5085 5080 5596
3  5085 5596 5590
3  1843 5596 5080
3  1843 5080 484
3  5561 2556 5563
3  5563 2556 2557
3  2521 4113 5583
3  5560 5561 4112
3  5584 5583 4113
3  5562 2521 5583
3  5562 5585 1845
3  4112 5591 5584
3  5584 5591 5564
3  2557 5596 1843
3  4114 4113 5131
3  100 5133 1873
3  5163 897 5495
3  5495 897 5243
3  4203 93 92
3  5060 2961 5050
3  2449 2448 4616
3  5090 5598 5576
3  4740 4739 5599
3  4192 4191 5261
3  3019 4441 5029
3  5080 5079 484
3  5600 5601 2622
3  2961 5092 2962
3  4628 4630 5098
3  2454 2453 5602
3  3082 5100 4634
3  2449 5593 4121
3  5104 5594 5103
3  2712 4640 5097
3  5096 5603 4635
3  2234 2233 4727
3  5094 5604 482
3  3011 5604 5094
3  2265 2233 2631
3  2267 5097 2265
3  2265 5097 4727
3  2712 5097 2267
3  2999 2977 2976
3  4731 2972 2436
3  2265 2631 2266
3  2458 1780 2459
3  4632 2611 2425
3  2425 2977 5018
3  4701 4700 5605
3  480 4637 481
3  3085 2631 2233
3  3085 2233 2232
3  2985 2978 2425
3  4745 3076 4722
3  4661 2234 4658
3  4612 2529 2974
3  2974 2529 2528
3  5606 5572 5571
3  5094 5095 5603
3  4657 5108 4631
3  2472 2473 2493
3  2472 2493 2495
3  2994 5595 5566
3  5093 5607 5608
3  3075 3093 2715
3  4699 5022 4642
3  2653 2652 5588
3  2645 5010 5009
3  5609 5021 5019
3  4543 5589 2628
3  5579 4543 4542
3  4542 2586 5019
3  2586 28 5019
3  5432 5438 5423
3  2599 5423 5425
3  5421 5423 2601
3  2599 2601 5423
3  5438 5425 5423
3  5000 5014 5330
3  5018 4638 5024
3  5018 5024 4632
3  3109 4844 4505
3  5448 5305 2584
3  5422 5432 5423
3  2601 4690 4986
3  5114 2428 5412
3  4113 2521 2520
3  5609 5610 5021
3  5304 5580 5305
3  4460 2639 2641
3  5439 5440 2656
3  5431 5015 5426
3  5017 5003 5333
3  2984 2994 5611
3  4114 5131 92
3  5433 5251 5612
3  5313 5130 5318
3  5443 5284 5559
3  5309 2944 5559
3  4118 4654 4239
3  5050 5042 5048
3  5284 5309 5559
3  4122 4124 4240
3  4121 2370 2450
3  168 5415 5613
3  5602 5067 5066
3  2453 5067 5602
3  2622 5601 4735
3  5093 5608 2711
3  5084 5093 2711
3  5106 5599 5089
3  5441 5595 2994
3  2444 5441 2994
3  5061 4662 489
3  2962 5077 4734
3  3154 2528 2530
3  4634 4734 3083
3  5603 5095 4635
3  2339 5571 2597
3  465 5571 2339
3  3245 5069 447
3  5074 3022 448
3  2955 2954 4747
3  5602 3144 2454
3  4613 3144 5602
3  3022 2982 448
3  3245 5614 2969
3  3143 2969 5614
3  5615 5607 5087
3  4731 2971 2972
3  5616 3079 4742
3  3143 5614 3244
3  4735 5601 5617
3  5048 5065 5049
3  5064 5065 5043
3  4696 4733 3023
3  3021 2982 3022
3  2272 2271 5068
3  5068 2453 2272
3  5602 5066 4613
3  95 5068 5054
3  5608 2709 2711
3  2969 3144 2970
3  57 2981 4733
3  5068 5081 5066
3  5066 5081 2436
3  5078 2272 3095
3  2971 4731 2956
3  2954 2582 4747
3  2956 4731 1619
3  5077 2624 2623
3  2436 2970 4613
3  2972 2970 2436
3  2340 3003 3002
3  5068 2271 5618
3  4714 3081 3004
3  2597 5572 2596
3  2272 2453 2452
3  5055 5054 4746
3  5055 4746 4
3  4696 57 4733
3  3080 5616 3244
3  5616 3080 3079
3  5071 2454 3143
3  2622 2624 5600
3  5600 2624 5077
3  4624 4623 3010
3  3009 4624 3010
3  3004 3003 4714
3  491 490 3083
3  4658 4660 4661
3  4662 5619 4663
3  3244 5620 5071
3  4662 5621 5619
3  4737 2622 4735
3  3095 5622 2710
3  3095 2562 5622
3  2561 2563 5617
3  5030 4766 5051
3  5030 5051 3020
3  5054 96 95
3  5601 5600 5084
3  2561 5083 5622
3  4439 3019 73
3  375 166 4241
3  929 1888 5219
3  5052 4745 4709
3  2272 5070 5082
3  5092 2961 5060
3  5064 5058 5057
3  4616 5043 4617
3  5086 5059 4745
3  2718 2582 2954
3  5059 5058 4745
3  4745 5058 4709
3  2419 5050 2961
3  5045 1010 1009
3  5241 1788 4058
3  929 2435 930
3  4439 73 3399
3  2324 4433 2635
3  927 893 4335
3  5473 4129 4128
3  1651 5044 5166
3  1966 1969 1005
3  72 1918 1917
3  3927 3800 1065
3  902 1385 1879
3  1879 1385 445
3  4096 445 1385
3  396 911 2635
3  383 382 1897
3  129 128 392
3  1386 1898 930
3  4139 5217 5219
3  4446 5217 4139
3  2435 5219 5217
3  248 1936 927
3  4335 892 1034
3  500 1936 921
3  691 174 690
3  202 97 276
3  97 202 98
3  458 870 1004
3  261 953 99
3  99 953 4047
3  592 238 285
3  682 773 738
3  682 738 739
3  3982 728 185
3  274 734 741
3  880 741 734
3  741 183 570
3  406 405 5623
3  162 591 748
3  847 527 737
3  847 737 234
3  734 274 4047
3  243 848 750
3  146 823 548
3  285 590 769
3  583 769 590
3  140 183 719
3  740 772 4006
3  746 744 717
3  736 769 718
3  880 754 741
3  590 284 582
3  285 284 590
3  572 758 278
3  284 178 556
3  769 736 747
3  183 149 570
3  142 149 183
3  179 759 556
3  149 142 156
3  583 718 769
3  1986 498 4389
3  278 760 279
3  284 143 582
3  140 582 143
3  736 718 754
3  736 754 880
3  284 556 260
3  143 284 260
3  119 729 67
3  817 322 321
3  759 555 556
3  118 571 573
3  572 555 758
3  572 589 555
3  760 759 5624
3  346 571 117
3  244 277 245
3  119 118 729
3  280 729 575
3  139 768 571
3  70 402 404
3  573 575 729
3  573 729 118
3  759 179 5624
3  720 756 5624
3  720 5624 179
3  756 493 5624
3  279 5624 493
3  279 760 5624
3  731 402 70
3  70 730 731
3  813 68 70
3  813 321 68
3  300 346 345
3  571 346 139
3  139 346 300
3  823 694 846
3  549 5625 146
3  146 5625 721
3  236 156 141
3  236 141 260
3  762 5625 580
3  1061 185 1060
3  838 728 3982
3  5626 5627 3893
3  3714 5628 3882
3  981 980 4008
3  865 4355 4381
3  4377 5629 3989
3  4060 624 999
3  4082 1487 4332
3  5630 5631 4025
3  5632 689 5633
3  814 1489 1490
3  1488 4082 4360
3  1975 815 1040
3  4353 4037 1029
3  1029 1028 4353
3  4365 4364 4375
3  5634 5519 5635
3  4371 5635 5519
3  683 1059 4341
3  5636 5637 5638
3  1986 866 865
3  3994 5639 1012
3  860 859 3874
3  4073 5640 4074
3  4030 4074 5640
3  1489 814 1487
3  4382 4380 1489
3  4006 734 4047
3  1488 1487 4082
3  3985 4384 1040
3  3985 1040 1039
3  5641 4410 4055
3  1059 685 1981
3  5642 4382 2914
3  4387 5643 2876
3  2298 4525 5644
3  3647 5645 4349
3  3647 3649 5645
3  1431 5646 3591
3  5647 5648 5649
3  1489 2914 4382
3  5650 5651 4360
3  4370 5652 5653
3  3896 5627 5654
3  1491 1489 4380
3  5650 5636 5651
3  4354 4290 4289
3  5655 4368 4367
3  597 5656 5657
3  597 472 5656
3  5638 5658 5659
3  4354 1028 5642
3  2905 5660 5661
3  5662 5663 5664
3  4359 4360 4082
3  4370 4345 659
3  4383 4382 5642
3  5523 4316 5665
3  5652 4368 5655
3  4354 4289 4352
3  657 4345 4344
3  5653 5666 4349
3  3710 1493 1492
3  4236 3524 5667
3  5185 5184 5668
3  4030 4085 1952
3  4055 2916 5669
3  5508 4035 2773
3  4360 5670 5650
3  1044 1043 5671
3  5672 4032 5673
3  4032 4081 4085
3  4359 5670 4360
3  4381 2869 816
3  5637 5650 5674
3  5637 5674 4318
3  989 991 3396
3  4287 4299 4066
3  4311 5675 4312
3  5676 5534 5677
3  5677 5534 5537
3  4317 5534 4318
3  2073 2083 2065
3  4383 1028 1030
3  4060 1927 625
3  5678 3926 5679
3  5680 1144 1143
3  1012 995 4387
3  3975 3976 5681
3  1986 4389 866
3  1067 1069 3925
3  685 1982 1979
3  685 1979 1981
3  498 1058 495
3  3981 871 870
3  496 664 124
3  527 529 132
3  324 5682 1110
3  4006 772 735
3  146 721 144
3  841 360 5683
3  3988 186 235
3  233 235 186
3  1061 1057 3983
3  1983 1053 135
3  5684 286 5685
3  5686 286 5684
3  460 462 5643
3  527 132 724
3  132 738 724
3  125 186 3988
3  773 682 123
3  717 744 435
3  732 126 125
3  733 527 725
3  123 126 773
3  733 3988 737
3  5687 496 124
3  732 125 3988
3  234 737 235
3  3980 461 3978
3  3988 235 737
3  233 812 234
3  3982 3983 838
3  495 1058 665
3  5687 497 496
3  5685 359 4021
3  698 5688 699
3  5689 3991 4013
3  4377 3991 5689
3  783 797 1160
3  1981 2877 1975
3  2876 1975 2877
3  184 186 1058
3  186 185 233
3  1983 708 710
3  3683 3682 5202
3  2014 1108 1107
3  5690 700 699
3  810 809 5691
3  1056 406 681
3  3989 5692 5198
3  1016 1110 5682
3  1975 2876 865
3  5683 5685 5693
3  3983 498 838
3  5694 122 994
3  852 684 596
3  1018 309 308
3  3982 185 1061
3  710 579 1207
3  1054 1036 1038
3  153 649 2020
3  5695 2020 649
3  1037 1036 1054
3  135 708 1983
3  1139 824 2028
3  851 685 684
3  257 1036 258
3  258 1036 1035
3  2028 824 2042
3  708 5694 709
3  122 5694 135
3  135 5694 708
3  761 722 762
3  5696 709 5694
3  133 172 275
3  133 144 172
3  5696 761 709
3  200 276 519
3  174 519 172
3  549 580 5625
3  721 5625 762
3  994 690 707
3  994 5696 5694
3  761 580 579
3  811 4005 2894
3  811 2894 2893
3  1998 3942 3678
3  747 736 735
3  747 735 130
3  172 519 275
3  276 275 519
3  723 5696 994
3  723 722 5696
3  761 5696 722
3  175 762 722
3  721 762 175
3  308 281 337
3  554 282 281
3  807 1175 1174
3  154 2018 1116
3  577 1074 292
3  777 553 25
3  1111 1124 1112
3  1127 1083 1125
3  2014 782 283
3  2014 1107 5697
3  1018 308 337
3  255 1168 1170
3  5698 1133 1132
3  646 648 678
3  254 1168 255
3  647 2027 1323
3  561 255 1170
3  644 643 1133
3  1147 613 612
3  642 1167 1166
3  652 1109 1016
3  211 210 5699
3  1125 211 1126
3  803 1168 585
3  585 1168 254
3  1118 1167 642
3  1165 1167 1170
3  1174 1170 1167
3  648 1289 2018
3  1116 2018 1289
3  1174 1167 1119
3  1119 1167 1118
3  649 1133 5698
3  649 644 1133
3  1132 678 2019
3  5698 1132 2019
3  209 211 1128
3  5698 5695 649
3  5698 2019 5695
3  2019 2021 5695
3  214 271 212
3  211 1125 1128
3  649 153 642
3  5695 2021 2020
3  281 292 554
3  1290 1289 648
3  1128 1129 209
3  1129 1169 209
3  209 1169 152
3  1169 1118 642
3  517 1091 1007
3  211 5700 1126
3  2027 1126 5700
3  2027 5700 2026
3  211 5699 5700
3  210 5700 5699
3  2026 5700 210
3  1138 1128 1125
3  1126 1325 1127
3  1114 5701 1113
3  1225 2017 652
3  1084 1126 2027
3  1007 1091 193
3  193 1091 1084
3  1984 1137 1271
3  1322 1323 2026
3  1322 2026 210
3  5702 5703 2022
3  1191 1130 1079
3  844 5704 5705
3  844 5705 5706
3  791 3938 1155
3  455 454 5707
3  646 194 193
3  1237 1156 3919
3  3704 362 361
3  5708 5709 5710
3  1146 614 613
3  324 1041 5682
3  826 1117 1041
3  824 826 1035
3  2936 1942 2937
3  777 282 553
3  283 282 777
3  1107 1138 5697
3  1016 650 652
3  1164 256 2029
3  668 3919 1211
3  1016 1018 650
3  782 650 1018
3  4019 531 533
3  1083 5697 1138
3  651 5697 1083
3  651 2014 5697
3  1233 1217 833
3  647 1323 1290
3  3818 1984 327
3  1941 1943 1393
3  1441 1941 1393
3  1070 3786 3510
3  1230 164 639
3  328 327 1984
3  362 544 1231
3  1129 5701 1169
3  3786 1357 3787
3  564 565 1210
3  1325 1225 1127
3  1084 1091 1225
3  4561 3903 3902
3  3770 3901 1330
3  4471 4470 5711
3  3503 5712 3613
3  3503 3613 3504
3  3900 3422 2901
3  3720 1453 3769
3  2924 3810 3812
3  2786 3349 1725
3  5221 5183 2163
3  2901 2903 1331
3  2906 2905 3650
3  5713 5714 5715
3  4263 4232 4320
3  1405 3744 3812
3  1162 3817 1966
3  2924 3725 3810
3  3402 2923 1163
3  3798 3797 1814
3  5716 5717 5718
3  2440 2442 4978
3  5719 2554 2553
3  2508 5181 5369
3  4483 635 4481
3  2734 2387 2386
3  4950 1857 4981
3  2032 5720 2918
3  3878 3599 5721
3  3650 3557 2865
3  2385 2074 3252
3  1341 2031 1154
3  3556 3557 3536
3  635 1977 634
3  3358 5722 5723
3  3425 5723 5722
3  3588 3587 5493
3  3869 3871 2803
3  2052 3651 3734
3  3879 2134 3478
3  3420 3422 3725
3  326 757 1246
3  1442 3386 4599
3  3762 1263 3921
3  1202 551 662
3  1394 2936 793
3  1391 2070 1402
3  4306 5664 5663
3  1960 5664 4306
3  3801 5724 1302
3  1296 2047 1480
3  1437 1436 2069
3  1330 3901 3900
3  3338 2127 1274
3  4561 4562 3903
3  611 552 1202
3  1941 5725 1942
3  5726 1942 5725
3  4472 4471 1432
3  2204 5727 2203
3  5381 2180 3324
3  5728 5276 874
3  3340 3339 3381
3  4977 5728 874
3  3535 3537 3359
3  5729 3604 3603
3  3621 2744 3566
3  3390 3601 3604
3  3359 3537 2480
3  3537 3536 3859
3  3862 3796 3859
3  3481 1704 3573
3  3536 3557 3859
3  712 392 128
3  2635 4138 926
3  1405 3650 1161
3  440 3820 3767
3  4140 3397 4291
3  3870 3869 5669
3  3776 3854 5730
3  674 5731 672
3  1304 1994 1302
3  3725 2923 3403
3  3402 3403 2923
3  1104 5732 2377
3  3811 3900 3901
3  3640 3770 2390
3  3810 3900 3811
3  3481 3572 3855
3  1104 2377 1105
3  3812 3794 1405
3  3691 2178 3849
3  5726 2072 1942
3  3811 3903 3812
3  2071 2073 2377
3  3898 3899 5733
3  794 793 2935
3  2065 1512 1105
3  1341 1154 661
3  1189 661 1154
3  357 2030 328
3  757 1154 1246
3  3771 3773 1243
3  3789 2903 3788
3  3748 2036 1379
3  3761 2038 3779
3  1352 1265 3757
3  1121 3763 1122
3  1295 1297 3761
3  5734 5735 5736
3  1202 662 1189
3  1202 552 551
3  2390 5732 1104
3  793 2936 2935
3  794 2935 1329
3  1331 794 1329
3  2135 2134 3879
3  4489 1568 5737
3  5720 2032 3325
3  3251 3793 4485
3  2093 1840 2800
3  3683 1928 3845
3  4567 3280 4942
3  3297 2248 4587
3  4585 4586 1596
3  3793 1103 1693
3  3793 3251 3302
3  2387 3251 4485
3  3302 3251 1376
3  1842 5738 2132
3  3252 4567 4942
3  2171 4489 2385
3  2099 2100 2921
3  2480 2479 3359
3  2204 5739 5727
3  2336 2817 2337
3  1376 1375 3302
3  1722 2203 2148
3  3537 4562 2480
3  2866 3556 5479
3  1394 1393 1943
3  2166 3256 5389
3  2167 5740 4806
3  4485 1747 2387
3  3267 2186 1735
3  2184 2186 3267
3  5741 2131 5254
3  3325 2032 241
3  3318 5254 2131
3  1570 3238 2088
3  3284 1481 2102
3  3275 5742 1276
3  1415 5742 3275
3  2299 5396 4555
3  1777 2227 2226
3  2298 5396 2299
3  2170 1568 4489
3  3252 4942 4559
3  1853 4954 1854
3  1377 1256 2739
3  2943 1300 1837
3  4520 2315 4511
3  4594 4520 4511
3  2316 4519 2327
3  1838 1837 1300
3  2739 2741 1377
3  2943 1837 4594
3  1197 2314 2328
3  1682 1197 2328
3  1198 1197 1682
3  4510 4594 4511
3  2336 4586 2817
3  2700 4514 4761
3  3793 3479 2388
3  1727 4923 2818
3  4665 2992 4888
3  4565 4923 2299
3  1660 1728 1727
3  4565 2818 4923
3  1727 1726 4923
3  3145 1571 4540
3  4515 4761 4514
3  5026 4851 2353
3  4789 5027 4500
3  4851 5027 4789
3  3075 4649 3093
3  3018 2650 4666
3  5743 3052 4888
3  3053 5744 3304
3  4685 4668 4647
3  3155 4685 4647
3  2353 4499 5026
3  2703 4771 2704
3  4847 4834 3132
3  4847 3132 4855
3  4860 3018 3017
3  1475 2309 4653
3  2992 2990 4522
3  4762 4763 4865
3  4889 4888 3052
3  4889 3052 3051
3  4522 2990 2352
3  4499 5027 5026
3  3061 5745 4788
3  2354 4823 3058
3  4500 5027 4499
3  4789 4500 4595
3  4840 3115 5746
3  3018 4889 3016
3  4507 5747 4508
3  1475 3062 1476
3  4666 2625 4759
3  2695 2697 4773
3  4749 4653 2309
3  5747 1508 1507
3  5747 1507 3131
3  4648 4677 4650
3  4647 4668 4667
3  1477 3155 4647
3  4764 3124 3126
3  4480 4504 2533
3  89 4649 3075
3  4681 4764 4679
3  1262 3128 1260
3  3053 3303 3051
3  4497 4654 4504
3  4685 3155 3130
3  4846 4685 3130
3  4685 4846 4669
3  4651 4650 4677
3  3129 3125 3185
3  3151 3185 3125
3  4846 1509 4669
3  23 4192 4204
3  4676 4667 5748
3  4846 3130 3131
3  2625 4666 2650
3  3126 3125 4751
3  3126 4679 4764
3  4676 5748 4651
3  4647 4677 4648
3  4648 4750 2309
3  3126 4751 4652
3  89 91 4649
3  3132 4835 1262
3  4650 4750 4648
3  4651 5748 4667
3  4593 3034 3135
3  4749 4847 4855
3  4751 3125 4848
3  3128 4848 3125
3  4751 4842 4652
3  1474 3156 1477
3  4650 4751 4750
3  2612 4855 2715
3  2648 2715 4855
3  2571 2361 3074
3  2648 4855 3096
3  3096 4855 3132
3  4751 4650 4842
3  4835 4834 4848
3  1477 3156 3155
3  2991 4759 2627
3  3051 5749 4889
3  4666 4759 2991
3  4683 4858 2964
3  3051 4523 5749
3  2650 5750 2964
3  2964 5750 4684
3  3018 4665 4889
3  2964 4858 2697
3  4773 2697 4858
3  4683 3156 4858
3  2700 4771 4514
3  2625 2650 1311
3  2625 1311 2666
3  2980 2670 2666
3  2992 4666 2991
3  5743 4888 4521
3  3130 4860 3017
3  3017 3016 4508
3  4521 4888 2992
3  3017 4508 5747
3  4512 3051 3303
3  4859 1474 1476
3  1476 4773 4859
3  4507 1508 5747
3  3017 5747 3131
3  1571 34 1572
3  4480 4497 4504
3  4523 3016 5749
3  4788 5745 4789
3  4789 3037 4851
3  3036 4851 3037
3  3304 5744 5746
3  5746 4678 4856
3  4789 5745 3035
3  3035 5745 3061
3  3036 5744 4823
3  4840 5744 3036
3  5746 3115 4678
3  4823 5744 3053
3  4840 5746 5744
3  5746 4856 3304
3  4858 3156 4859
3  3156 1474 4859
3  4860 4684 5750
3  4860 5750 3018
3  3018 5750 2650
3  5749 5751 4889
3  4889 5751 3016
3  5749 3016 5751
3  3052 5743 4823
3  3058 4823 5743
3  4521 3058 5743
3  2704 4771 4593
3  1660 3034 3033
3  3135 3034 1660
3  4593 4771 3034
3  2700 3034 4771
3  4664 1708 4498
3  4664 4498 2705
3  36 1572 34
3  4672 36 2671
3  1572 36 4672
3  3246 2706 4498
3  113 115 2087
3  4441 1009 1008
3  4504 4654 2780
3  4104 5127 2442
3  2918 4481 635
3  5752 5365 5753
3  4460 4461 5552
3  5310 5324 5309
3  4980 1801 5402
3  3213 5741 2146
3  4489 5737 2385
3  4942 2816 4559
3  5388 3740 3183
3  2509 2841 2510
3  5754 3547 3558
3  4558 419 418
3  4125 4107 4127
3  4978 114 113
3  2733 2387 2734
3  1858 2738 5382
3  1856 1858 5382
3  417 1567 4485
3  1976 1461 2089
3  5377 1854 4954
3  5387 2208 3383
3  5387 3383 2181
3  2799 1840 3731
3  4583 4573 4576
3  1625 1624 3223
3  1625 3223 3224
3  3359 2479 1461
3  5755 3372 3622
3  1461 2479 1375
3  3790 2803 2801
3  3557 3650 1405
3  5661 5660 3817
3  3537 3795 4562
3  3835 5756 3668
3  3842 3472 3457
3  3859 3795 3537
3  3794 3796 3862
3  3496 5757 3653
3  3812 3744 2924
3  1163 3744 1404
3  2924 3744 1163
3  1966 3817 2904
3  3687 5542 1946
3  3712 3714 3882
3  3373 1946 5542
3  3768 3767 3914
3  1965 5542 1162
3  3687 1163 1162
3  928 927 4335
3  3768 3914 964
3  3914 1020 964
3  3914 396 1020
3  394 926 478
3  1034 478 926
3  3817 1161 5661
3  499 893 500
3  476 373 1006
3  965 1021 395
3  395 1021 396
3  394 499 395
3  1020 1021 965
3  472 474 5758
3  5645 3649 2915
3  5759 5760 5657
3  3989 5629 3990
3  927 1936 893
3  500 893 1936
3  4305 5761 5762
3  2916 5763 5669
3  3625 3454 942
3  3792 3688 3869
3  3690 3869 3688
3  3373 5542 1965
3  372 1965 1005
3  1071 819 818
3  818 1217 1233
3  2035 3687 1946
3  2042 3404 2028
3  833 1217 1947
3  818 1233 325
3  3858 3857 3669
3  3818 1071 818
3  1965 372 3373
3  3875 3915 3727
3  3728 3727 3915
3  2052 3734 2050
3  3791 4410 4409
3  3751 3444 3447
3  5203 3682 3444
3  5203 3444 3751
3  1430 3577 3576
3  3447 3446 3723
3  1439 1493 3721
3  5764 5765 3840
3  1249 1991 5766
3  4138 5218 4446
3  5767 5209 912
3  912 5209 975
3  1530 1529 4351
3  5295 5294 5251
3  5768 5345 4990
3  5276 5728 957
3  5072 4977 5769
3  1895 4351 1529
3  2325 956 2434
3  958 2434 956
3  2435 4720 930
3  1530 930 4720
3  1531 1530 4720
3  4446 5218 2434
3  5062 4610 1268
3  5415 2583 1008
3  955 4129 5473
3  5327 5768 4990
3  2110 2927 3182
3  1651 5167 1531
3  2701 5552 4461
3  1852 5138 4115
3  2701 28 2586
3  3399 5046 4439
3  5044 5046 5166
3  5287 2517 2516
3  5287 2516 5111
3  5769 4105 4117
3  4977 5044 1651
3  2609 4539 2760
3  2441 4105 4104
3  374 2760 4539
3  2629 2628 5589
3  5308 2188 5416
3  5327 5341 5768
3  4104 4106 873
3  4977 873 4106
3  5487 4104 873
3  5072 5769 4117
3  4123 4122 4497
3  1008 1010 5415
3  4106 5769 4977
3  4106 4105 5769
3  5613 5415 1010
3  2574 5030 5029
3  5029 166 2574
3  2575 374 4539
3  2555 5107 5590
3  1719 4705 4710
3  2909 4705 4692
3  2909 2908 4705
3  1268 4475 4474
3  4720 958 955
3  5551 438 4482
3  4239 5613 4118
3  4239 4241 5613
3  168 5613 4241
3  5252 4723 5149
3  5149 4723 5770
3  5447 4109 5458
3  5444 5556 5771
3  5463 5447 5556
3  4110 4109 5447
3  4117 4118 5613
3  4117 5613 1010
3  4455 5551 5276
3  5127 5487 4484
3  4104 5487 5127
3  5372 5383 3241
3  5499 2864 5160
3  955 5728 4129
3  1743 4101 4100
3  4129 5728 4977
3  955 957 5728
3  3399 4125 5046
3  1528 4127 704
3  1531 5167 4127
3  1531 4127 1528
3  4455 4454 5551
3  4454 438 5551
3  5276 5551 5487
3  5487 5551 4484
3  5480 4483 4482
3  4307 3798 5772
3  4075 3798 4307
3  4954 5375 5377
3  4237 5773 4238
3  5451 5371 4960
3  5371 1865 4960
3  1865 5360 5346
3  1977 4483 5480
3  635 4483 1977
3  5253 4481 114
3  4483 4481 5253
3  1858 3344 1853
3  114 4978 5253
3  4484 5253 5127
3  2918 5720 2851
3  5774 2938 1674
3  5774 2939 2938
3  5775 5776 5777
3  2386 5778 2734
3  2169 2171 3443
3  2337 4942 3280
3  2385 3252 4559
3  1747 4485 1567
3  4485 3793 1693
3  1596 4586 2336
3  2816 2817 4585
3  1596 2336 1378
3  2816 4585 2171
3  1942 2071 2937
3  2935 2937 2071
3  1329 5732 3770
3  2390 3770 5732
3  3793 1104 1103
3  1431 5779 5646
3  2132 4575 2133
3  2071 5732 1329
3  2377 5732 2071
3  5780 3384 3386
3  1103 1105 1512
3  2164 1851 1416
3  4587 2248 3283
3  5781 2800 2433
3  1842 4571 2126
3  1278 1626 3282
3  3266 5738 2127
3  2065 4308 2062
3  4308 5782 2062
3  5783 5784 2431
3  2800 5785 2433
3  2431 2433 5785
3  3594 3881 3576
3  5786 5187 5186
3  3890 3882 5628
3  2135 1842 2132
3  1305 1307 3804
3  1278 1277 1626
3  4576 4572 3337
3  4576 3337 418
3  2133 4575 4574
3  3312 4579 2930
3  4404 3591 5646
3  3265 2132 5738
3  3488 4556 1076
3  5787 2548 2547
3  5721 3599 1428
3  1428 1429 5721
3  3878 5721 1840
3  4568 2064 4574
3  2479 2694 1375
3  1103 1512 1511
3  2799 4563 2800
3  4574 2064 2133
3  4570 2126 4571
3  3263 3223 1624
3  3586 1274 3531
3  2769 3531 1274
3  3274 3531 2769
3  2769 2768 3300
3  3391 3433 3585
3  3370 3585 3433
3  2149 2148 3540
3  1416 5739 2204
3  5739 5781 5788
3  5739 5788 5727
3  5788 5789 5727
3  1304 1397 1396
3  3342 3540 3541
3  3301 3300 4581
3  3281 1625 3296
3  3635 4471 5711
3  3635 5711 5790
3  5787 3295 3294
3  2147 1722 2148
3  2092 3262 2090
3  1854 5377 5791
3  2941 4590 4546
3  2768 4581 3300
3  4577 4581 2768
3  2481 2694 2479
3  2768 1841 4577
3  2126 4570 2768
3  4570 1841 2768
3  1851 5792 1414
3  3301 1416 1415
3  4572 4576 4573
3  2128 5738 1842
3  1841 2093 4577
3  2127 3338 3266
3  1850 5793 5792
3  2162 1721 1720
3  1850 5792 1851
3  1722 1721 2202
3  2929 5793 2176
3  3274 3282 3531
3  3274 3300 3275
3  3301 4581 4582
3  5721 1429 3731
3  4575 2132 3265
3  2093 2800 4578
3  2126 2768 2127
3  5781 2433 5788
3  2432 2431 5784
3  3503 3502 5794
3  4578 2800 5781
3  2203 5727 5789
3  5781 5739 4582
3  5781 4582 4578
3  4582 5739 3301
3  1416 3301 5739
3  2742 2217 2745
3  2216 3262 2092
3  2149 2814 2147
3  3366 3393 5795
3  5796 3620 3621
3  5789 5797 3331
3  1040 1981 1975
3  3634 1426 3612
3  1840 1842 2135
3  2800 4563 5785
3  3731 5785 4563
3  3731 2431 5785
3  5798 4346 5799
3  5799 4346 4345
3  1274 2127 2769
3  5789 3331 2203
3  3330 2203 3331
3  3261 2084 3260
3  3391 3487 3392
3  3540 3342 2149
3  3439 5800 3330
3  1527 5800 3439
3  3505 3438 3575
3  3751 3447 3723
3  3682 5203 5202
3  5721 3731 1840
3  3331 5801 5783
3  5797 5801 3331
3  5783 5801 5784
3  4569 5802 2118
3  3332 3732 5802
3  3332 5802 3375
3  3698 1364 3713
3  3843 5803 3844
3  5803 3843 5804
3  4574 3337 4572
3  4574 3264 3337
3  1370 1372 341
3  5805 5806 5807
3  5807 4052 5805
3  3737 3930 5808
3  5809 3895 5649
3  5810 5809 5649
3  3737 5811 3738
3  3737 5808 5811
3  5812 3706 3705
3  3835 4025 5756
3  3670 3836 3835
3  3835 3668 3670
3  5766 1991 3808
3  5813 5677 5814
3  4286 3708 5815
3  2917 5799 2915
3  5799 2917 5798
3  5816 4285 4286
3  5817 3668 5756
3  4079 5818 4080
3  5715 2792 5819
3  2803 5820 5819
3  5182 5536 5821
3  3754 3753 3533
3  3754 3533 3532
3  3688 3792 4409
3  3861 1470 3711
3  2802 943 3409
3  4251 4042 3912
3  2803 5819 2792
3  3792 3869 2803
3  1044 5671 1992
3  1346 1044 1992
3  3669 3857 3670
3  3891 3845 3827
3  3911 4250 4056
3  5822 5626 3893
3  1938 4037 5519
3  3683 5202 1928
3  3807 5823 5824
3  5825 5824 5823
3  4383 1030 4366
3  5826 5827 980
3  5647 5649 5828
3  1252 1251 1346
3  5829 5633 689
3  5829 689 686
3  48 47 596
3  865 816 1975
3  5688 698 3990
3  1974 1491 1972
3  1029 4037 514
3  4341 4384 1978
3  1974 1490 1491
3  3984 516 515
3  3984 1978 4384
3  808 1012 5639
3  4387 460 5643
3  5685 4021 5684
3  5685 5683 359
3  4048 5830 3981
3  461 3980 839
3  5831 5832 4015
3  1968 811 808
3  595 1939 1938
3  596 47 5833
3  865 2876 5643
3  4375 4364 3999
3  683 4340 595
3  4341 4340 683
3  5834 5822 5835
3  815 814 4007
3  1938 1940 4037
3  1040 1059 1981
3  1940 1978 3984
3  4063 5809 5827
3  595 4340 1939
3  46 1968 47
3  1988 1990 4009
3  5635 5632 2006
3  3821 5836 5837
3  1333 3721 3915
3  1333 3915 1358
3  4384 1059 1040
3  4384 4341 1059
3  1288 4028 5838
3  4007 3986 1039
3  1998 5839 3942
3  1056 407 406
3  1068 4027 1055
3  808 5840 1968
3  595 596 683
3  47 5840 5833
3  1096 3320 1082
3  3838 5841 983
3  852 596 5833
3  851 5842 3994
3  995 3977 460
3  811 2893 809
3  4014 5843 4022
3  5679 5844 5678
3  3994 685 851
3  775 3933 4017
3  5845 4017 3933
3  405 781 5686
3  4023 4022 5843
3  5684 4023 5843
3  840 839 3980
3  1039 3986 3985
3  18 831 594
3  780 286 5686
3  5846 841 5693
3  5846 5693 5685
3  286 780 287
3  5843 4014 5623
3  405 5686 5684
3  5623 5684 5843
3  5623 405 5684
3  600 842 601
3  5847 297 296
3  558 5847 296
3  4027 3926 5848
3  360 359 5683
3  841 5846 289
3  804 806 5849
3  780 828 287
3  5850 753 767
3  599 831 18
3  310 309 825
3  557 601 842
3  841 557 842
3  675 1183 4018
3  3670 5851 3891
3  46 4005 811
3  594 558 296
3  5683 5693 841
3  601 831 599
3  309 826 825
3  4332 3999 4001
3  828 780 779
3  775 1183 3958
3  405 779 781
3  5685 286 5846
3  286 289 5846
3  831 830 594
3  289 557 841
3  4016 1152 1151
3  5847 289 288
3  5847 558 289
3  5847 778 297
3  827 297 778
3  1997 623 862
3  863 862 509
3  862 623 509
3  681 4005 46
3  462 461 839
3  4007 814 1974
3  1490 1974 814
3  780 5686 781
3  5852 3925 1069
3  4018 5850 675
3  677 676 3962
3  3838 983 4012
3  774 604 805
3  296 804 5853
3  5854 5709 3964
3  5854 3964 3963
3  602 3958 466
3  604 3958 602
3  593 602 467
3  604 775 3958
3  602 5849 603
3  602 593 5849
3  5849 593 594
3  296 805 804
3  298 805 296
3  806 603 5849
3  806 604 603
3  5839 5844 5679
3  5849 5853 804
3  594 5853 5849
3  296 5853 594
3  2000 5844 1998
3  3952 1185 531
3  5855 5708 2049
3  4015 5856 1152
3  792 1239 1238
3  532 1178 1177
3  5682 1017 1016
3  405 3933 775
3  407 3933 405
3  1999 5857 2000
3  5848 3926 5678
3  1018 1017 1117
3  1117 1017 1041
3  5682 1041 1017
3  4016 4015 1152
3  1238 0 792
3  259 258 834
3  1971 1946 3373
3  2035 1217 1216
3  984 1293 985
3  1131 854 541
3  836 1 1150
3  3888 2033 1306
3  5708 2048 2049
3  5855 1999 5708
3  5708 1999 3680
3  3963 3965 1151
3  344 3804 1222
3  836 1136 1
3  5837 5858 5859
3  2 1 1136
3  862 2049 1997
3  3909 5860 3935
3  5861 3935 5860
3  5857 5848 5678
3  1287 985 1288
3  5709 5708 3964
3  0 5706 2887
3  3935 837 5862
3  5706 0 5863
3  843 5704 844
3  4027 1056 1055
3  531 4019 3952
3  287 828 778
3  5864 3965 3964
3  534 5865 535
3  3839 3838 4012
3  1176 1179 2048
3  5708 5710 2048
3  5710 1176 2048
3  1186 5866 1185
3  533 532 1177
3  2023 1157 1156
3  453 1179 454
3  5867 5868 5866
3  1151 3965 4016
3  843 845 5869
3  5710 5709 5869
3  466 3970 615
3  3958 3970 466
3  5870 5869 845
3  5863 844 5706
3  5865 5871 5872
3  1149 5871 5865
3  5873 5874 5831
3  3842 3844 5875
3  3963 1151 5705
3  843 5869 5854
3  2 1136 1135
3  982 1287 5873
3  985 1287 982
3  4012 5876 3839
3  3926 3925 5839
3  5877 3942 5839
3  5877 5839 3925
3  5857 5844 2000
3  5678 5844 5857
3  5878 5879 3952
3  1211 3919 3918
3  2887 5706 5705
3  845 5878 5870
3  5863 845 844
3  3970 5871 1149
3  3952 5879 0
3  5704 5854 3963
3  4019 4020 3952
3  3970 455 5871
3  1176 5870 4020
3  4020 5870 5878
3  4020 5878 3952
3  1999 1998 3678
3  1176 4020 1177
3  532 531 5866
3  1179 1178 454
3  532 454 1178
3  606 605 3946
3  1155 792 791
3  5855 5857 1999
3  4027 5880 1056
3  5848 5880 4027
3  5710 5869 1176
3  5870 1176 5869
3  5704 3963 5705
3  1214 1218 1210
3  5881 1184 5865
3  5704 843 5854
3  5864 3964 5708
3  5882 3928 3886
3  2887 5705 1151
3  980 48 5826
3  595 5826 48
3  1151 1 2887
3  1 1151 1150
3  3680 5831 4015
3  4028 1288 3930
3  595 1938 5826
3  3942 5877 3940
3  3713 3712 3750
3  539 3937 1324
3  5874 1286 5831
3  1286 1288 4004
3  5856 3822 1152
3  3696 3726 3694
3  1223 2034 3736
3  1307 2034 1223
3  3929 3889 3887
3  1287 1286 5874
3  5639 5840 808
3  3886 3888 1306
3  3888 3747 2033
3  4028 3737 3736
3  3891 3892 3837
3  5883 1069 4010
3  598 3668 5817
3  5884 5885 5886
3  5887 5888 4008
3  3930 985 1373
3  1362 1363 3714
3  3805 3886 1305
3  4003 5889 1286
3  3738 1223 3736
3  3808 5890 3806
3  3806 5890 3892
3  1307 1306 2033
3  5628 3714 3809
3  3886 1306 1305
3  344 341 3804
3  5832 5831 1286
3  5832 1286 5889
3  3805 5239 1319
3  3805 1319 1242
3  3738 3913 1224
3  1222 1224 3913
3  1968 5840 47
3  5882 3886 3909
3  4002 5856 5889
3  3736 3747 4028
3  5889 5856 5832
3  4015 5832 5856
3  1287 5874 5873
3  3840 3839 5764
3  5891 5838 3747
3  4002 4004 5892
3  5823 3807 3806
3  3892 5823 3806
3  3736 2034 3747
3  3913 5811 5893
3  5891 5892 5838
3  1288 5838 5892
3  3747 5838 4028
3  4004 1288 5892
3  342 344 5628
3  5894 1292 5806
3  1292 5807 5806
3  658 2282 2284
3  1991 5630 3808
3  686 5680 5829
3  5643 462 865
3  4008 5883 981
3  852 5842 851
3  4010 48 5883
3  406 2894 4005
3  3874 859 3911
3  2046 2873 3873
3  3833 1989 1988
3  5895 1990 1989
3  5810 5896 5809
3  852 5833 5842
3  5835 5680 1143
3  5648 5760 5759
3  3676 1454 1282
3  3676 2888 1454
3  685 1012 1982
3  4387 1982 1012
3  4387 995 460
3  5842 5833 5840
3  809 4024 5691
3  983 5841 1081
3  5852 1069 5883
3  1067 3926 4027
3  981 5883 48
3  48 4010 150
3  3994 5840 5639
3  5842 5840 3994
3  3993 3991 4377
3  865 462 1986
3  5684 4021 4023
3  358 840 3979
3  3978 461 5691
3  5691 461 3977
3  5691 3977 810
3  4021 5897 4024
3  3979 3978 5897
3  5691 4024 5897
3  5691 5897 3978
3  4014 2892 5623
3  406 5623 2892
3  5897 4021 359
3  5897 359 3979
3  358 3979 359
3  2893 4022 809
3  838 462 839
3  809 4022 4024
3  2893 4014 4022
3  5898 2001 2004
3  2003 2002 5899
3  5863 5879 845
3  5839 5679 3926
3  5826 1938 5519
3  1345 1346 4040
3  1992 5671 1991
3  3895 5835 5822
3  5647 5828 5900
3  5649 3894 3896
3  5828 5649 3896
3  4353 4372 4037
3  3882 4026 3712
3  4369 4352 5652
3  5756 4025 5631
3  5671 5630 1991
3  1094 5901 1095
3  2284 2283 5902
3  2284 5902 687
3  5627 5903 2283
3  5627 2283 5904
3  1345 471 1044
3  3804 1307 1222
3  3728 1493 3710
3  5817 5756 5631
3  5654 5828 3896
3  165 1240 1242
3  3641 5893 1930
3  4369 659 2875
3  1144 5680 686
3  1142 5834 1143
3  4371 4372 4373
3  5826 5634 5827
3  5657 5905 597
3  3911 5906 4249
3  5903 5627 5626
3  1364 3698 3652
3  5808 5825 3827
3  3827 5825 3892
3  3892 5825 5823
3  342 3809 1066
3  5628 3809 342
3  1930 5808 3827
3  5811 5808 1930
3  5811 3913 3738
3  1350 1065 3800
3  1223 1222 1307
3  3928 3822 4002
3  3929 3928 4002
3  1350 3800 1351
3  5889 4003 4002
3  4002 3822 5856
3  4012 5877 5876
3  3908 5907 3830
3  4002 5892 3929
3  349 1080 2011
3  4004 4003 1286
3  3888 5891 3747
3  3889 5891 3888
3  3889 3929 5891
3  5892 5891 3929
3  3928 5882 3822
3  165 1242 1319
3  3931 164 1230
3  3931 165 164
3  835 5861 1199
3  1150 3822 836
3  1073 667 666
3  5758 5908 5810
3  2910 5908 5758
3  5671 1043 5631
3  1930 5893 5811
3  5671 5631 5630
3  660 5909 5900
3  5642 4290 4354
3  1095 4052 1096
3  3857 5851 3670
3  3911 859 5906
3  2875 2284 4372
3  3895 3894 5649
3  2282 5900 5904
3  1358 3915 3875
3  1493 3915 3721
3  3642 4026 3882
3  4249 5906 5760
3  1929 3907 3642
3  3908 3832 5910
3  3830 3832 3908
3  5822 3893 3895
3  3908 4026 3907
3  3643 5911 3641
3  5893 5911 5912
3  3643 5912 5911
3  3641 5911 5893
3  5822 5834 5626
3  3891 5851 3845
3  5653 4345 4370
3  3890 5628 344
3  3821 5901 5836
3  5901 3821 2912
3  3845 5851 3857
3  5825 5808 5894
3  3892 5630 4025
3  5890 5630 3892
3  3808 5630 5890
3  474 1345 5913
3  5810 5908 5896
3  1345 4040 5913
3  5886 2911 2913
3  5914 1095 5901
3  3497 5812 5915
3  3712 4026 3750
3  5916 5917 3832
3  5917 5916 5918
3  5910 5917 4026
3  5900 5909 5647
3  3750 5918 3751
3  3723 3698 3751
3  4251 4252 2801
3  3734 3653 3735
3  3410 3684 2051
3  3790 2801 4252
3  5647 5798 4250
3  3711 3848 2885
3  5919 5804 5920
3  3713 3751 3698
3  3512 1704 1703
3  3456 2884 2886
3  3686 5921 5812
3  3702 2801 3408
3  5803 3653 5757
3  3652 5922 1364
3  3497 3746 5812
3  3706 5812 3746
3  3120 2509 5923
3  3120 5924 2509
3  5925 2886 2885
3  1418 2037 3365
3  3653 3652 3698
3  3860 3527 3526
3  3724 3446 3445
3  3677 5926 2791
3  3705 3708 3686
3  3626 2802 5926
3  3724 3445 3707
3  3724 3723 3446
3  2757 5927 3627
3  3625 3627 5927
3  3625 5927 2757
3  3626 5926 3677
3  3526 5920 5804
3  3844 3496 3495
3  5815 5928 3856
3  5928 5815 3681
3  3857 3856 5928
3  3674 3517 3666
3  3666 3521 3665
3  3692 3526 3525
3  3676 1282 3651
3  2050 5920 3692
3  3734 5920 2050
3  3653 3497 3496
3  3733 5920 3734
3  3694 3726 3697
3  5925 3872 2886
3  3653 5803 3735
3  3692 5920 3526
3  3734 3651 3653
3  3521 3666 3517
3  3843 3860 5804
3  3692 2051 2050
3  3847 3631 3630
3  3692 3847 3630
3  1702 2885 1703
3  3472 3458 3457
3  3848 1470 1469
3  3513 3685 3412
3  3525 3868 3846
3  3525 3846 3692
3  3539 5929 5930
3  2052 3676 3651
3  5931 5932 3665
3  5723 2755 3356
3  5757 5933 5803
3  3711 3674 3861
3  3666 3861 3674
3  2044 1485 1484
3  3848 5925 2885
3  1703 2885 2884
3  2052 2051 3684
3  3474 3661 3472
3  3485 3661 3474
3  3474 3453 3485
3  3472 3511 3458
3  2874 3511 2174
3  1703 3456 3512
3  3843 3842 3457
3  3872 3843 3457
3  3456 3458 3511
3  2884 3456 1703
3  3665 5932 1468
3  5780 3802 3885
3  1468 3861 3666
3  3454 3686 942
3  3873 3336 2044
3  5931 3413 3631
3  5931 3525 5932
3  5875 5921 3474
3  3496 5933 5757
3  3527 1468 5932
3  1469 1468 3527
3  5804 3735 5803
3  943 3703 3409
3  3454 3866 3455
3  3413 3665 3411
3  3413 5931 3665
3  3515 3644 3684
3  2052 3684 3644
3  3685 3515 3684
3  3884 3694 3697
3  1450 3694 3884
3  1432 4471 3635
3  5934 1400 1399
3  2040 3883 2041
3  1326 3411 3841
3  5646 2116 1427
3  2061 5731 674
3  2133 2064 3478
3  3440 3584 3575
3  4404 5935 3592
3  3780 5935 4404
3  2116 3880 3292
3  3264 4574 4575
3  3338 3337 3264
3  3505 3575 2178
3  3576 3881 1430
3  3266 3338 3264
3  3265 5738 3266
3  2127 5738 2128
3  3440 3575 3438
3  3590 2062 5936
3  2742 2215 2217
3  5795 3393 3392
3  5789 2432 5797
3  3393 3433 3391
3  1316 5934 1399
3  1264 5934 1316
3  3487 1526 3392
3  5782 5936 2062
3  5779 3880 2116
3  3880 1430 3881
3  3883 3849 3577
3  3592 5935 2063
3  5782 1432 5936
3  3777 3776 1368
3  4599 4496 4495
3  3880 5779 1430
3  3597 3599 3878
3  3575 3594 3576
3  2083 2072 4308
3  3594 3292 3880
3  1426 1428 3612
3  3769 5937 1993
3  3342 3617 3614
3  3634 3612 3599
3  5938 3757 1265
3  5939 2043 5938
3  3384 5780 5940
3  3878 3596 3597
3  3478 3596 3878
3  3584 3594 3575
3  3494 3431 3615
3  3598 3780 4404
3  3434 3855 3435
3  3584 3375 4569
3  5646 5779 2116
3  3731 3732 5783
3  3332 3331 5783
3  3332 5783 3732
3  3292 3584 2117
3  4569 2117 3584
3  1427 3598 4404
3  1427 4404 5646
3  3595 5935 3780
3  2063 5935 3595
3  4308 2072 5782
3  2431 3731 5783
3  5726 5782 2072
3  2063 2062 3592
3  1431 3591 3590
3  3592 2062 3590
3  3898 5941 3854
3  1432 3590 5936
3  3691 3655 3646
3  3732 5942 2118
3  1429 5942 3732
3  1304 1303 1315
3  5711 4470 1368
3  5711 1368 5790
3  5943 5941 3898
3  5782 1444 1432
3  5944 1444 5782
3  1444 5944 1445
3  2070 1391 1297
3  674 1303 2061
3  1480 2047 1478
3  2061 1303 1302
3  3769 1398 3720
3  5937 2873 5945
3  3336 3769 1453
3  3873 3769 3336
3  3597 3780 3598
3  5939 620 5946
3  3384 5947 3385
3  4496 3385 5947
3  620 3877 5946
3  5948 5949 2069
3  3765 1399 5950
3  1411 3749 2009
3  5951 5952 5953
3  5951 5953 5954
3  3829 106 3828
3  1315 1316 1304
3  1397 1304 1316
3  3905 1443 5955
3  4496 5947 5956
3  1302 5724 1437
3  364 366 1436
3  4468 5724 3801
3  1437 5957 1438
3  2873 5958 5945
3  3701 3720 5950
3  620 5939 1265
3  5736 5959 2060
3  1265 5939 5938
3  3597 3596 3780
3  1263 3762 869
3  869 3763 1121
3  5934 41 43
3  2043 5939 2060
3  5946 2060 5939
3  2043 3758 5938
3  5960 5946 3877
3  5960 3877 672
3  366 5948 2069
3  1316 3765 1397
3  3720 1397 3765
3  622 1264 1316
3  5961 5951 5731
3  1266 5962 1267
3  5951 5954 5731
3  3876 673 672
3  1381 2038 3761
3  5946 5960 5954
3  2060 5946 5954
3  3749 1379 3764
3  41 5934 1264
3  1366 3701 1365
3  1365 3701 1100
3  1263 1380 1264
3  5954 5953 2060
3  3828 106 5963
3  3720 3701 1453
3  1453 3701 1366
3  1399 1401 3659
3  5964 3763 1478
3  5964 1478 2047
3  1411 1413 3749
3  3700 1406 3699
3  1259 1258 2025
3  888 362 3704
3  1413 3748 3749
3  2025 1406 1259
3  3829 43 106
3  2036 3748 1234
3  3764 41 1380
3  3921 5965 5962
3  621 5965 3921
3  1296 5962 1266
3  3765 5950 3720
3  5962 1296 1480
3  3701 5950 3659
3  1399 3659 5950
3  5961 5731 2061
3  366 365 5948
3  5953 5734 5736
3  5953 5952 5734
3  1402 367 364
3  3761 3779 3778
3  3778 1122 5964
3  1122 3763 5964
3  3778 5964 2047
3  3778 2047 1295
3  1295 3761 3778
3  3758 3757 5938
3  3763 1479 1478
3  3762 1479 3763
3  3876 672 3877
3  3921 5962 1479
3  1480 1479 5962
3  3921 1479 3762
3  43 3829 5934
3  1400 5934 3829
3  1401 1400 3828
3  3510 3787 3420
3  3420 3787 1357
3  1401 5963 1407
3  1401 3828 5963
3  1231 1321 363
3  1258 1257 1236
3  5963 106 42
3  2036 3920 1379
3  1379 3920 42
3  5963 42 3920
3  5963 3920 1407
3  1407 3920 1259
3  2024 1343 1102
3  1343 1101 5966
3  1267 621 620
3  361 363 3699
3  3699 363 1321
3  1129 1113 5701
3  889 3704 1102
3  889 888 3704
3  1234 3748 1235
3  1344 1343 1235
3  3699 2025 361
3  3748 1344 1235
3  2024 1235 1343
3  1235 2024 1236
3  1258 1236 2024
3  1343 5966 1102
3  1102 5966 1101
3  362 888 544
3  1267 5965 621
3  5962 5965 1267
3  2037 3613 3583
3  5967 3502 3646
3  3492 3897 3509
3  674 5968 1303
3  3691 3561 3655
3  3367 3452 3841
3  3367 3841 3665
3  3649 4330 5763
3  3649 5763 2916
3  941 3626 3625
3  3497 5915 3495
3  5714 5969 3671
3  5969 5970 5820
3  941 2802 3626
3  3627 3626 3677
3  5820 5970 5819
3  5533 3648 3647
3  3647 4303 5533
3  5798 5971 4346
3  3843 1469 3860
3  2802 941 943
3  3703 3702 3409
3  3702 3408 3409
3  943 4251 3702
3  2914 5972 4290
3  3708 942 3686
3  943 942 3708
3  5973 5533 5532
3  5673 5674 5672
3  5673 4318 5674
3  5810 5759 5758
3  5810 5648 5759
3  3790 3792 2803
3  2915 3649 2916
3  3575 3849 2178
3  3504 3613 3362
3  4055 5974 4056
3  5715 5714 3671
3  3791 3790 4252
3  5884 5975 4039
3  5763 3870 5669
3  2791 2790 3430
3  2791 3430 3356
3  2904 5660 2905
3  2755 2757 3356
3  3455 3866 3427
3  3472 3842 3473
3  3484 3483 3451
3  3480 3451 3483
3  5482 2761 5976
3  3455 3483 3482
3  5221 4038 5183
3  2163 217 4473
3  2791 5926 2792
3  1814 3797 5501
3  3468 5930 5977
3  3498 5929 3538
3  3500 5929 3498
3  3500 5978 5929
3  3415 3357 3414
3  5979 3864 5980
3  2506 2765 2507
3  2506 2766 2765
3  5981 5982 5983
3  3425 3464 5723
3  3415 3539 5930
3  3549 3333 5984
3  4238 2879 2881
3  2761 5985 5976
3  5976 5986 5482
3  5814 5677 5537
3  5536 5987 5537
3  4312 4343 5524
3  4078 4080 2774
3  4080 2775 2774
3  3395 2438 4043
3  5189 5986 3460
3  5773 3460 3462
3  5183 3863 2776
3  5514 3863 5183
3  5183 2776 215
3  4462 5988 5989
3  5990 5989 5988
3  2761 2766 5985
3  2761 2777 2766
3  5536 5535 5821
3  5991 5992 216
3  4307 5540 3407
3  4307 216 5992
3  4075 5993 4078
3  5994 5995 5996
3  2790 5715 3671
3  2463 5997 4311
3  217 4233 4473
3  4338 5998 2898
3  5999 5540 5992
3  3523 3522 6000
3  5221 5501 4038
3  4337 4301 4300
3  5523 3648 5533
3  5524 4343 4080
3  5182 4312 6001
3  5524 6001 4312
3  2914 4358 5972
3  4316 4315 5665
3  1959 4314 6002
3  4262 4296 4260
3  5973 6001 5524
3  5969 3672 3671
3  3588 3672 5969
3  5662 6003 5663
3  6004 6003 5662
3  4343 4312 5675
3  5786 6005 4075
3  4075 4076 5786
3  4078 5993 4079
3  4233 216 4307
3  5675 2399 4343
3  5663 6006 1961
3  5786 4076 4077
3  2463 2398 5997
3  4206 5525 5511
3  4050 5220 4452
3  2399 3551 4080
3  5511 5525 4086
3  4262 4259 4087
3  4262 4087 4086
3  5511 4086 5507
3  5507 4280 5549
3  4232 4263 4453
3  918 4296 3609
3  5508 2773 4061
3  4232 4453 1457
3  4296 918 3742
3  3863 5516 3864
3  3864 5979 2535
3  2506 5369 5717
3  5508 920 919
3  3741 4296 3742
3  6007 6008 6009
3  3863 2767 2776
3  2536 4271 2219
3  2537 2536 5719
3  3864 6010 2765
3  3864 5516 5980
3  5719 3486 2554
3  3564 3563 4271
3  3563 2219 4271
3  5665 4315 6011
3  5719 2536 3486
3  2765 2767 3864
3  2762 5482 3534
3  6012 5468 5467
3  6013 3545 6014
3  4452 5220 5518
3  3534 5482 5189
3  3383 2182 2181
3  5356 4958 5352
3  4958 5356 5405
3  4980 4957 1801
3  2509 5470 6015
3  1866 5753 1867
3  5364 1867 5753
3  2946 5277 5343
3  6016 6017 6018
3  5923 2509 6015
3  2842 6019 3243
3  4960 4959 5358
3  5451 4960 5358
3  5039 5038 3120
3  2168 4464 2841
3  2551 6020 3550
3  2554 2860 2551
3  5372 5554 6021
3  6007 6010 6022
3  2168 1861 4464
3  2109 5402 5370
3  5454 4491 6023
3  5358 5352 4958
3  6022 2537 6024
3  2509 5924 5179
3  6021 6025 6026
3  4981 1857 4982
3  5528 6027 6028
3  5385 5039 6029
3  4464 2510 2841
3  5039 3120 6029
3  2838 2511 2510
3  5366 6030 5037
3  6031 6032 6020
3  6033 3550 6020
3  3308 1355 1354
3  5543 5382 2738
3  4087 5545 4088
3  4087 2463 5545
3  5181 2510 4463
3  5181 6034 2510
3  6035 5522 5668
3  5368 5337 5364
3  6036 6008 6024
3  6022 6008 6007
3  2553 2552 6009
3  5544 6009 2552
3  6019 6037 3119
3  3864 6022 6010
3  2535 6022 3864
3  5355 5379 5353
3  6024 6008 6022
3  3462 3461 5528
3  5528 5531 3462
3  6010 6007 5469
3  5469 6007 5544
3  5181 5180 6038
3  6009 5544 6007
3  6009 6008 6036
3  2842 6037 6019
3  2537 6022 2535
3  2553 6009 6036
3  2553 6036 5719
3  6024 2537 6036
3  5719 6036 2537
3  6039 6040 3328
3  6020 6032 6033
3  1855 1724 1723
3  5548 6039 5373
3  6020 4253 6031
3  3328 3327 6039
3  5373 6039 3327
3  2192 3329 2736
3  2192 2736 2764
3  3161 39 38
3  2736 6040 4253
3  5262 2356 2844
3  6041 5373 3327
3  5454 5483 5266
3  2152 5325 5416
3  2152 5416 2187
3  6040 6031 4253
3  3327 1472 6041
3  2944 5343 5342
3  5344 4990 4992
3  5412 4984 5472
3  5363 5472 4984
3  6042 5345 5768
3  4991 5345 6042
3  79 78 5326
3  5114 2945 2428
3  5328 2355 2357
3  5335 5328 2357
3  5335 5336 5328
3  5447 5446 4110
3  3162 4989 2840
3  3161 4989 3162
3  1553 4752 1551
3  3328 6040 2736
3  6043 1463 6044
3  5547 5373 5385
3  5547 5385 5374
3  5548 5373 5547
3  3119 6037 3120
3  1354 2244 3308
3  5554 6019 3119
3  5554 3243 6019
3  5179 6037 2842
3  6045 6025 6021
3  6037 5179 5924
3  4961 4949 1593
3  5543 2738 5380
3  5374 5470 2837
3  5385 6029 5470
3  5385 5470 5374
3  6021 5554 3118
3  5338 1867 5364
3  5350 5405 5356
3  5554 3119 3118
3  2926 6046 2927
3  3322 2221 2201
3  2786 3350 3349
3  2783 3350 2786
3  3349 2550 1725
3  5379 5355 4959
3  5379 4959 4961
3  1723 2835 2738
3  1725 2550 2835
3  5753 5365 5364
3  4980 5402 4981
3  1859 6047 1860
3  5037 5367 5366
3  5752 6026 6048
3  1865 5371 1866
3  5752 6048 5365
3  5366 5365 6048
3  5357 1593 5349
3  3234 1801 4957
3  5366 5368 5364
3  5753 1866 5752
3  3120 5038 6045
3  5372 5752 1866
3  5372 6026 5752
3  6021 6026 5372
3  6030 5366 6048
3  5037 6025 6045
3  5037 6030 6025
3  6049 5358 5409
3  6021 3118 6045
3  3120 6045 3118
3  6045 5038 5037
3  6048 6026 6025
3  6048 6025 6030
3  4957 5409 5358
3  5406 5451 6049
3  5406 6049 5409
3  5451 5358 6049
3  1861 2785 3552
3  3351 3183 3476
3  1801 3235 4941
3  2398 3551 2399
3  5348 5356 5349
3  5348 5350 5356
3  5382 5383 3218
3  5382 3218 1856
3  4958 5405 3234
3  5349 5356 5354
3  5354 4962 5357
3  3241 5382 5543
3  5349 5354 5357
3  4941 1594 1801
3  2129 6050 2130
3  3324 3317 3321
3  5383 5406 3218
3  5409 3218 5406
3  5376 5375 3477
3  4961 4959 4673
3  5543 3242 3241
3  2842 1859 2168
3  3120 6037 5924
3  2746 2748 6051
3  1861 1860 2815
3  2546 5468 3305
3  3317 2208 5387
3  3182 6046 5388
3  2931 5388 6046
3  3344 3343 4954
3  1463 1462 6044
3  3243 1859 2842
3  5380 1859 3243
3  3381 1460 3616
3  4566 2246 1353
3  6044 6052 6043
3  3529 2861 3530
3  6053 6054 6055
3  6056 6034 6038
3  1854 5791 2547
3  6057 6054 2749
3  6054 6053 2749
3  6058 6057 2750
3  2749 2750 6057
3  3376 3424 2172
3  3293 2199 3347
3  2927 6046 3182
3  1725 2835 1723
3  2815 2549 2783
3  5378 6052 6044
3  5381 6050 2129
3  2165 2167 6050
3  3348 2783 2549
3  2198 5791 5377
3  6059 6060 6061
3  2199 3361 3347
3  2546 2548 5468
3  86 2244 2243
3  2547 2546 3306
3  2748 6062 6063
3  240 2088 241
3  3323 5376 3465
3  3343 3345 2109
3  3345 4950 2109
3  5375 3351 3477
3  4954 3343 3351
3  4954 3351 5375
3  3740 5386 3476
3  3346 2200 2199
3  2108 3183 3351
3  5388 4933 3740
3  1738 1713 2141
3  4920 2141 1713
3  4556 1077 1076
3  4949 5001 1594
3  3123 5001 4949
3  2925 2931 2926
3  3539 5773 3462
3  3306 6058 2750
3  5380 6047 1859
3  2926 2931 6046
3  2738 6047 5380
3  1855 3306 2750
3  2750 1724 1855
3  1854 3306 1855
3  1854 2547 3306
3  2747 3346 3293
3  3294 5468 2548
3  6057 4245 6055
3  5467 3542 3555
3  5512 6017 2843
3  3347 3361 3364
3  4245 5754 3558
3  3294 3364 5468
3  1861 3552 4464
3  6059 5529 3461
3  5531 6064 3462
3  6057 6055 6054
3  2862 6055 4245
3  5996 3529 5994
3  6063 3782 6065
3  3424 2770 2772
3  5188 5718 6060
3  5528 6028 5530
3  6064 5531 5530
3  3378 2770 3376
3  3558 2863 2862
3  6066 5930 5929
3  3549 5994 3529
3  3538 6064 3498
3  3358 5723 3356
3  5984 3333 3480
3  3480 3333 3442
3  5530 5996 6064
3  3628 5978 5984
3  4311 5545 2463
3  6066 5977 5930
3  5984 6067 3500
3  3628 3480 3483
3  3628 5984 3480
3  3468 6068 3865
3  6069 3671 3673
3  6070 6071 6000
3  3539 3538 5929
3  3427 3426 3455
3  3483 3455 3426
3  5930 3468 3415
3  6072 5187 3405
3  3485 3453 3482
3  3429 3425 5722
3  3429 5722 3358
3  3357 3468 3358
3  3523 6071 6073
3  2803 3871 5820
3  6074 3673 6075
3  3482 3453 3455
3  3872 5925 1469
3  3516 2174 3511
3  5931 3631 3868
3  3848 1469 5925
3  3453 3474 3686
3  3870 5820 3871
3  5926 2802 2792
3  6039 5548 6040
3  3120 5923 6029
3  3525 3527 5932
3  3847 3846 3867
3  3868 3867 3846
3  5875 3474 3473
3  5875 3473 3842
3  5931 3868 3525
3  3526 5804 3860
3  3686 3474 5921
3  3735 5804 5919
3  3735 5919 3733
3  3707 3706 3724
3  5919 5920 3733
3  5933 3496 3844
3  5803 5933 3844
3  5819 5713 5715
3  3686 5812 3705
3  3843 3872 1469
3  3844 5915 5875
3  3495 5915 3844
3  5921 5875 5915
3  5812 5921 5915
3  2801 3702 4251
3  943 3708 4286
3  943 4286 4251
3  3651 5922 3652
3  3707 5815 3708
3  3682 5815 3707
3  3682 3681 5815
3  5815 3856 4286
3  3857 5928 3845
3  3681 3845 5928
3  4042 6076 3669
3  4250 5798 4056
3  5816 4286 3856
3  4344 5971 657
3  3668 3874 3669
3  4042 3669 3874
3  5650 5637 5636
3  4042 4285 6076
3  5816 6076 4285
3  5816 3856 3858
3  3858 6076 5816
3  3858 3669 6076
3  4344 4346 5971
3  4319 4318 5673
3  5798 2917 4056
3  4056 2917 2916
3  5645 4345 5653
3  2915 4345 5645
3  5799 4345 2915
3  977 4030 1952
3  4368 4289 4288
3  2914 4290 5642
3  4353 4352 4369
3  4383 5642 1028
3  4360 5651 4361
3  5638 6077 5636
3  5972 6077 4367
3  5652 4352 4368
3  4353 1028 4354
3  5651 6078 4361
3  1929 3642 6079
3  5653 4349 5645
3  4361 4358 1488
3  4369 5652 4370
3  473 5817 5631
3  5905 5906 859
3  5972 4358 6078
3  3821 5837 5895
3  5647 4250 4249
3  6077 5655 4367
3  4288 4290 5972
3  4289 4368 4352
3  6078 4358 4361
3  5821 5535 4323
3  4316 5523 5522
3  5534 4337 5535
3  6001 5987 5182
3  4302 4157 4066
3  5536 5182 5987
3  4298 4284 4282
3  657 659 4345
3  5798 5647 5909
3  4350 5813 4304
3  5658 5676 5677
3  5532 4305 5762
3  5659 5666 6077
3  5659 6077 5638
3  5971 5909 657
3  657 5909 660
3  5798 5909 5971
3  5534 4317 4337
3  2898 4244 4338
3  5637 5676 5658
3  5637 5658 5638
3  5532 4303 4305
3  5762 5987 6001
3  4302 4422 4157
3  5535 4337 4287
3  5535 4287 4323
3  1495 5549 5550
3  3647 4348 4303
3  5762 5814 5987
3  5814 5537 5987
3  5762 6001 5532
3  6011 3648 5665
3  5523 5665 3648
3  5532 6001 5973
3  4303 4348 4304
3  1956 4284 4277
3  4304 4348 4350
3  6080 5762 5761
3  5666 5658 4350
3  3690 3689 5641
3  5666 5659 5658
3  4349 5666 4350
3  5674 5670 5672
3  4072 4421 4420
3  4072 4422 4073
3  4033 5640 4319
3  5673 4032 4033
3  4033 4319 5673
3  5672 4359 4032
3  5650 5670 5674
3  4031 5640 4033
3  5640 4031 4030
3  5670 4359 5672
3  4277 4283 1956
3  4032 4359 4081
3  4315 6081 6011
3  5676 5637 5534
3  4318 5534 5637
3  4279 5517 4071
3  5510 3609 4296
3  4339 4417 4419
3  2438 1048 4043
3  3791 4409 3792
3  5187 4077 3405
3  1814 1813 5772
3  3798 1814 5772
3  5517 4067 4071
3  4313 5182 5546
3  4323 4322 5546
3  5821 5546 5182
3  4323 5546 5821
3  4088 5507 4086
3  5525 4206 4262
3  5517 4281 4322
3  4322 4281 5546
3  5546 4281 4088
3  4279 4281 5517
3  5550 5549 4171
3  4438 5550 4171
3  5511 5549 1495
3  4062 2461 4261
3  4062 4261 4061
3  4061 4261 5509
3  4206 4296 4262
3  4080 5818 5524
3  5786 4077 5187
3  1961 6006 4330
3  5763 4330 6006
3  4307 3406 4075
3  5494 5521 6082
3  3673 3672 5494
3  5494 6082 3673
3  2755 5723 3464
3  2755 3464 3463
3  2762 3850 216
3  3589 3588 5969
3  6083 5969 5714
3  2792 5715 2790
3  6011 4330 3649
3  5663 6003 6006
3  5969 6083 5970
3  3673 6074 6069
3  3589 6084 3587
3  5819 5970 5713
3  6085 2790 6069
3  5969 5820 3589
3  4078 3798 4075
3  5478 438 2866
3  3649 3648 6011
3  3356 2757 3677
3  2904 3817 5660
3  5820 3870 5763
3  5763 6084 5820
3  5820 6084 3589
3  2790 3671 6069
3  2790 6085 3414
3  5713 6083 5714
3  5713 5970 6083
3  6075 4236 5667
3  5524 5818 5522
3  6000 3522 4235
3  6000 4235 4234
3  6074 6075 5667
3  5973 5524 5533
3  5523 5533 5524
3  5667 6086 6085
3  3414 6085 2880
3  4307 5992 5540
3  1959 6002 1960
3  3588 5493 3672
3  4238 3415 2879
3  5493 5521 5494
3  2878 6071 5991
3  2880 6071 2878
3  3524 3523 6073
3  3524 6073 6086
3  6082 6075 3673
3  6069 6074 6085
3  5667 6085 6074
3  3407 6082 5521
3  5991 3851 3752
3  5991 3850 3851
3  5991 216 3850
3  4234 6082 5539
3  3799 5501 3797
3  3799 4038 5501
3  6085 6086 6073
3  3407 5539 6082
3  6075 6082 4234
3  2880 6085 6073
3  4234 4236 6075
3  6086 5667 3524
3  4236 3522 3524
3  5992 6087 5999
3  5992 5991 6087
3  2880 6073 6071
3  3752 2878 5991
3  5539 6000 4234
3  5991 6071 6070
3  3523 6000 6071
3  2880 2879 3415
3  3851 3533 3753
3  5540 5999 5539
3  6070 6087 5991
3  3752 3851 3753
3  3850 2762 3533
3  5539 5999 6000
3  6072 6002 5184
3  5187 6072 5184
3  6081 4315 6088
3  6081 6088 1959
3  3752 3754 2878
3  6087 6070 6000
3  6087 6000 5999
3  4314 6088 4315
3  1959 6088 4314
3  6066 5978 5977
3  6068 5983 5982
3  6028 6027 6089
3  5773 3539 4238
3  2881 3532 4238
3  2878 3754 2881
3  3532 2881 3754
3  3415 4238 3539
3  875 874 5276
3  2762 3534 3533
3  3500 3499 6090
3  3500 6090 3549
3  3499 5995 6090
3  6090 5995 5994
3  5773 4237 3460
3  5189 3460 4237
3  3532 3534 4237
3  3460 5986 5188
3  5482 5986 5189
3  3551 2775 4080
3  3470 2535 5979
3  5469 2765 6010
3  4464 4463 2510
3  2766 2506 5717
3  3461 5188 6059
3  5717 5716 2766
3  4321 4232 1456
3  5477 4321 1456
3  4452 5526 4453
3  5550 4321 5477
3  4438 4321 5550
3  1457 5229 5492
3  5228 5230 938
3  2812 2782 5289
3  2812 5289 4443
3  2464 4445 4442
3  5498 5496 4445
3  5496 4442 4445
3  5538 5505 5228
3  4207 5232 5231
3  5498 5143 5496
3  5176 5496 5143
3  5178 5177 2455
3  5142 4207 5231
3  5177 5176 5142
3  5177 5142 5231
3  5142 5176 5143
3  5500 2464 5538
3  2464 5505 5538
3  5289 5538 4443
3  4445 5500 5459
3  5538 5289 5459
3  5538 5459 5500
3  5492 5228 5505
3  4443 5228 937
3  937 5228 938
3  4279 4171 4280
3  938 5230 4266
3  5502 5230 5229
3  5527 4266 5230
3  5527 5230 5502
3  5549 4280 4171
3  2773 2462 4061
3  2766 2777 2767
3  3741 5509 4261
3  918 920 3742
3  4061 5509 5508
3  2400 5997 2398
3  4034 5980 4036
3  4036 5980 5516
3  4034 3562 5980
3  5979 5980 3470
3  6060 5718 5717
3  3470 5980 3562
3  3364 3542 5467
3  5754 4245 6012
3  6053 6014 5513
3  4462 5181 4463
3  6051 2182 2246
3  6053 2751 2749
3  5989 5369 5181
3  5469 6056 5180
3  5985 2766 5716
3  3306 6012 6058
3  6059 6061 5529
3  5369 6060 5717
3  4464 3552 5988
3  5188 6060 6059
3  5976 5985 5716
3  5990 5988 3552
3  5990 6091 5989
3  6016 5989 6091
3  5469 2856 6056
3  2838 6056 2856
3  5989 6016 5529
3  3783 6063 6062
3  5369 6061 6060
3  6038 5180 6056
3  6012 4245 6057
3  4462 4464 5988
3  6056 2838 6034
3  2510 6034 2838
3  5181 4462 5989
3  6034 5181 6038
3  5529 5369 5989
3  6061 5369 5529
3  6092 3553 2843
3  6057 6058 6012
3  6053 2784 2751
3  6018 5512 3543
3  6016 6091 6017
3  5469 2507 2765
3  5718 5188 5986
3  5718 5986 5716
3  5716 5986 5976
3  5180 2507 5469
3  5180 2508 2507
3  3305 5468 6012
3  1860 2549 2815
3  5467 6093 6012
3  5754 6012 6093
3  3553 5990 3552
3  2784 6053 5513
3  3305 6012 3306
3  6093 5467 3555
3  5984 5978 6067
3  5529 6016 5528
3  6018 6027 6016
3  6017 5512 6018
3  3393 3366 3365
3  6094 3333 3335
3  3530 3334 3528
3  5512 6014 3544
3  5512 5513 6014
3  2786 1724 2751
3  1725 1724 2786
3  5166 5167 1651
3  6091 6092 6017
3  6092 2843 6017
3  5990 3553 6091
3  6091 3553 6092
3  3553 2785 2843
3  2783 2785 2815
3  6055 6014 6053
3  6013 3543 3545
3  2835 6047 2738
3  2835 1860 6047
3  3348 3350 2783
3  6028 2861 3529
3  3442 3333 6094
3  6089 6018 3543
3  6089 3543 6013
3  3543 5512 3544
3  3558 3547 3546
3  3565 3459 3394
3  5754 6095 3547
3  5754 6093 6095
3  6095 3554 3548
3  6095 3548 3547
3  6093 3554 6095
3  3555 3554 6093
3  3424 3376 2770
3  2475 2772 3542
3  3542 2772 3554
3  3558 3774 2770
3  2770 3774 2771
3  3548 3554 2772
3  3546 3774 3558
3  3530 3558 6094
3  3335 3530 6094
3  3538 3462 6064
3  6094 3378 3442
3  3549 3529 3528
3  6094 2770 3378
3  2745 3585 2743
3  3339 1458 1460
3  3558 2770 6094
3  2771 3774 3548
3  3310 5755 2095
3  2745 2217 3488
3  2203 3330 5800
3  3471 5729 3369
3  2092 3342 3614
3  3352 3353 3360
3  3622 3372 6096
3  5755 6097 3354
3  3310 3611 5755
3  2111 2112 2175
3  3370 2743 3585
3  3603 3618 5729
3  1759 3276 3307
3  1758 3276 1759
3  3783 6098 3295
3  6096 2215 3620
3  3620 2215 2742
3  4556 2216 3614
3  1527 3540 5800
3  2112 2930 2175
3  1598 2160 3341
3  2149 3342 2814
3  3355 6099 3313
3  3611 3313 6099
3  3372 5755 3354
3  2090 3341 2814
3  2147 2814 3341
3  6065 3782 5787
3  2148 2203 5800
3  3369 3371 3379
3  5796 3621 3450
3  3448 3382 3449
3  3342 2091 2814
3  3353 2177 1418
3  3391 3585 3487
3  1418 5795 3353
3  2118 5802 3732
3  3390 3382 3619
3  1418 3366 5795
3  5795 1526 3353
3  3619 3601 3390
3  4569 3375 5802
3  5788 2432 5789
3  3360 1526 3439
3  3540 2148 5800
3  5795 3392 1526
3  3604 3471 3390
3  1075 3541 1527
3  3488 2217 2216
3  3448 6100 3602
3  3567 6100 3448
3  3603 3602 6100
3  3450 3623 5796
3  3567 3566 6100
3  3618 3369 5729
3  3621 3566 3450
3  3604 5729 3471
3  3618 6100 3566
3  3603 6100 3618
3  1758 3611 3310
3  1460 2096 3616
3  3623 2096 2095
3  2094 2096 1460
3  3616 2096 3623
3  3616 3623 3449
3  3450 3449 3623
3  6101 1734 2084
3  3398 2797 2094
3  5796 3623 6102
3  3261 3355 6101
3  3310 3277 1758
3  3314 3259 6103
3  6101 2084 3261
3  3355 3313 3316
3  3355 3316 6101
3  3259 3258 6103
3  3258 1733 1732
3  1598 3260 2084
3  2199 2758 2797
3  3307 2797 2758
3  2090 3262 3260
3  5740 2167 2166
3  3258 1732 1734
3  3258 87 1733
3  2746 6051 2246
3  2746 3346 2747
3  2746 2246 4566
3  2746 4566 2201
3  3311 6104 4553
3  2201 2221 2758
3  3295 6098 3293
3  2176 2175 2929
3  5787 2198 6065
3  4932 5386 4933
3  6016 6027 5528
3  6063 6065 2748
3  4806 5740 6105
3  450 6106 451
3  5399 5390 5389
3  1570 1569 3238
3  2131 5741 3213
3  2129 2107 5381
3  2129 2131 2107
3  4807 1828 1829
3  1464 5403 6107
3  2241 2934 6108
3  2241 6108 6109
3  2120 6110 5384
3  2119 6110 2120
3  2145 5254 6111
3  2167 1714 2130
3  1698 3213 452
3  1698 2131 3213
3  2131 2130 3318
3  6112 3229 3231
3  2146 5741 2144
3  2144 5741 5254
3  2145 2144 5254
3  4934 4933 4903
3  3230 3229 4925
3  1714 2167 1715
3  6111 1827 2145
3  1464 5390 1462
3  4584 2058 4914
3  2240 4584 3271
3  2130 1830 3318
3  5404 6105 6113
3  3256 3255 5387
3  5389 5387 5399
3  5389 3256 5387
3  3465 6052 5378
3  6105 5740 6114
3  3256 2166 2165
3  2167 2130 6050
3  6052 4932 6043
3  5390 1464 6107
3  4966 4904 6115
3  3215 4904 4966
3  1715 1338 1340
3  3215 4966 3216
3  2478 2477 4809
3  5404 4806 6105
3  4601 2119 1692
3  3229 6116 2137
3  2138 2137 6116
3  6107 5403 6113
3  264 6117 6118
3  3216 5404 6113
3  3216 6113 5403
3  5378 6119 2181
3  5387 2181 6119
3  5399 5387 6119
3  5378 6044 6119
3  5399 6119 1462
3  6044 1462 6119
3  3321 6050 5381
3  6113 6105 6114
3  6107 6113 6114
3  6107 5391 5390
3  2166 5391 5740
3  5740 5391 6114
3  6107 6114 5391
3  4903 4911 4904
3  4933 4911 4903
3  6043 3217 1463
3  6043 4932 3217
3  3273 3309 3227
3  6120 3309 3273
3  4966 4913 3272
3  6111 1828 1827
3  451 6106 3230
3  1797 3228 2478
3  6120 3273 2476
3  6120 2476 2478
3  2080 2939 2210
3  6108 2934 1796
3  2136 1339 6121
3  1338 2241 6121
3  5397 4919 1824
3  1824 4919 2211
3  4906 4920 1713
3  451 3230 2185
3  3319 1829 1828
3  2079 1827 1826
3  6109 6121 2241
3  6108 1796 2137
3  3614 1077 4556
3  3319 6111 5254
3  3231 3230 6106
3  3230 4925 2185
3  3288 3269 3268
3  3273 3227 4806
3  3226 2242 1715
3  1338 1715 2242
3  4551 3233 4552
3  2732 1589 1588
3  2066 2068 6117
3  2066 6117 264
3  2078 6106 450
3  2075 6122 2076
3  5397 2082 2081
3  6121 1339 1338
3  2478 3228 6120
3  2141 4920 2142
3  6108 2137 2136
3  6108 2136 6109
3  6121 6109 2136
3  6123 2079 2190
3  3231 2079 6123
3  2301 2300 2122
3  2730 2301 4478
3  6124 4908 1339
3  6124 1339 2136
3  1721 2176 1850
3  2176 1721 2162
3  2137 2080 3229
3  6112 6116 3229
3  2138 6116 6112
3  2078 3231 6106
3  6112 3231 6123
3  6112 6124 2138
3  6112 6123 6124
3  2731 2730 4479
3  1714 6125 4807
3  2190 6125 1714
3  6111 3319 1828
3  1826 1828 4807
3  4914 3270 3271
3  3325 3237 4588
3  5386 4932 5398
3  4934 4903 3215
3  6125 2190 6126
3  4807 6125 6126
3  4807 6126 1826
3  1826 6126 2079
3  2079 6126 2190
3  6127 6128 6129
3  5775 6129 6128
3  3274 1278 3282
3  4564 2851 3236
3  4915 2142 4920
3  6130 6131 2156
3  2080 2082 3229
3  2080 2137 2928
3  5777 2076 6132
3  5777 2077 2076
3  6133 6134 262
3  2136 2138 6124
3  5395 1408 1483
3  3296 3298 3282
3  1825 6135 1823
3  1415 3257 5742
3  1276 5742 3257
3  1817 1819 5793
3  1817 5793 2929
3  2747 3293 6098
3  6104 2112 3288
3  1277 3290 2921
3  1482 2922 1818
3  3288 2112 1736
3  3311 2930 2112
3  2930 4579 2929
3  3283 2248 2247
3  3312 3311 1409
3  3311 2112 6104
3  5774 713 6136
3  713 3137 6136
3  3288 6137 6104
3  3287 6122 6138
3  3287 3268 6122
3  2119 2940 2080
3  2939 2080 2940
3  3287 6137 3288
3  2439 6137 3287
3  1818 5395 1482
3  1482 5395 1483
3  1075 1077 3541
3  2155 6139 6140
3  3229 2082 4925
3  1825 6129 6135
3  6129 1825 2210
3  5394 2156 5392
3  6141 6127 5394
3  6128 6127 6141
3  2058 1765 4914
3  1823 6135 2059
3  5400 4584 2185
3  6142 3233 3232
3  1823 1657 1824
3  1657 6143 1824
3  1657 1659 6143
3  5401 6143 1659
3  5384 6144 4478
3  2731 4479 4917
3  1340 4908 2190
3  6123 2190 4908
3  714 5774 1674
3  1818 2922 1819
3  1589 2732 1609
3  2732 1738 1609
3  1775 1774 2276
3  1832 4822 1833
3  2685 2684 6145
3  2602 6145 2684
3  1675 1772 1699
3  2099 2921 4909
3  4819 4494 2677
3  4931 2602 2604
3  1772 2121 2300
3  4921 4812 4922
3  1692 2121 1772
3  1685 2723 4917
3  2723 4900 4917
3  1692 2119 2121
3  3541 1077 3617
3  3195 4898 3247
3  4896 3191 3193
3  2278 1812 2276
3  1775 2276 1812
3  1690 1812 2227
3  1777 2226 4899
3  4899 2226 2277
3  2278 2277 2226
3  2278 2226 1812
3  1820 1678 1691
3  1774 2301 2730
3  2726 3063 2676
3  1614 1613 3168
3  2725 6146 4564
3  2085 6146 2933
3  2729 2728 1576
3  3148 5035 1563
3  2297 4525 2298
3  1557 1628 1656
3  1611 1798 1612
3  4832 4890 1803
3  4832 1803 1614
3  1611 1614 1803
3  1805 1611 1803
3  4798 4857 4799
3  1632 4857 4798
3  3187 2687 2689
3  1803 3186 1804
3  2321 1804 3186
3  4877 2619 1793
3  2263 4827 4826
3  3068 4797 2263
3  4865 2689 4762
3  2322 4872 2692
3  2321 4872 2322
3  2688 4762 2689
3  1424 1423 2590
3  4786 2702 2968
3  5028 2590 4892
3  5028 1424 2590
3  4892 2590 3170
3  2592 2591 4486
3  3064 4486 2591
3  2527 4486 3064
3  1603 4884 1604
3  2525 3065 4869
3  2525 4869 3105
3  3015 4755 4757
3  3015 4786 4755
3  3105 4871 2968
3  4863 4862 4884
3  3105 4862 4871
3  4786 3015 3014
3  4786 3014 2702
3  1652 4869 4719
3  4862 3105 4869
3  4862 4869 4884
3  4893 4865 4826
3  2728 2384 4787
3  2728 4787 4795
3  2538 4880 2676
3  4795 4787 1791
3  2307 1656 1628
3  2307 1628 1627
3  1868 2311 1869
3  2205 4828 4885
3  4827 4885 4828
3  4893 4828 2207
3  4826 4828 4893
3  2207 4828 2205
3  1791 4787 1798
3  1673 1672 4800
3  1673 4800 1782
3  4800 4801 1782
3  2170 4555 2724
3  5737 2386 2385
3  2707 2621 2620
3  2338 4548 1782
3  4548 2621 1756
3  2619 4886 2620
3  2294 4875 4883
3  2310 4876 2293
3  1670 4798 4597
3  4867 2294 4883
3  4867 4866 2294
3  1670 1630 4798
3  2259 2258 1762
3  4883 2258 4867
3  4876 2310 4875
3  2258 4857 4867
3  4857 6147 4802
3  2619 4878 4886
3  4866 4868 4878
3  1793 6148 4548
3  2621 4548 6148
3  2621 6148 2619
3  1793 4548 1794
3  4868 4886 4878
3  2205 4882 2206
3  2207 2206 1793
3  1793 2206 4877
3  4882 4866 2206
3  4877 2206 4878
3  4866 4878 2206
3  1763 4533 1770
3  1770 4533 1767
3  1769 4874 1770
3  2310 4530 4875
3  2293 4876 2294
3  1630 1632 4798
3  2310 1870 4530
3  1634 4924 1635
3  2294 4882 2295
3  2295 2311 4503
3  1767 1869 2311
3  4802 4886 4857
3  1525 1769 1768
3  1654 1557 1498
3  4548 1756 1782
3  2619 6148 1793
3  1627 1629 1687
3  2707 1669 1756
3  4923 1726 2297
3  1726 1728 1662
3  1629 1628 1654
3  2707 4802 6147
3  1673 1755 1668
3  1631 6147 1632
3  1631 2707 6147
3  2297 1726 1662
3  4857 1632 6147
3  1523 6149 2392
3  1525 1768 1784
3  2311 1784 1768
3  1767 2311 1768
3  2676 1676 1776
3  3063 1676 2676
3  1820 1691 2227
3  3063 1634 1689
3  2726 1779 4924
3  1690 2227 1691
3  1689 1691 1677
3  1678 1677 1691
3  1635 4924 1779
3  4917 4900 2731
3  2277 2731 4900
3  1699 1772 1774
3  3268 1766 6132
3  6110 2119 2080
3  4590 2942 3240
3  1796 2928 2137
3  6150 2142 4916
3  4917 4479 4916
3  4916 4479 6150
3  2098 4909 2323
3  2098 2099 4909
3  1626 1277 3263
3  3294 2548 5787
3  4574 4573 4583
3  4576 1510 4583
3  1512 4583 1510
3  1512 4568 4583
3  2097 3223 2098
3  2248 3297 3224
3  5787 5791 2198
3  1818 1817 4579
3  6137 1410 4553
3  1276 3257 3290
3  1674 2938 2940
3  2176 5793 1850
3  1277 2100 3263
3  2323 2922 1482
3  1414 5792 3289
3  5395 1409 1408
3  2929 4579 1817
3  713 5774 714
3  3301 1415 3275
3  1764 1766 3268
3  2921 3289 2922
3  1819 2922 3289
3  1819 3289 5793
3  5792 5793 3289
3  5787 2547 5791
3  3290 3257 1414
3  6151 264 263
3  1409 5395 4580
3  1409 4580 3312
3  1674 2940 4601
3  3232 6138 6142
3  5777 1766 5775
3  2155 2154 6152
3  1734 1733 1847
3  6018 6089 6027
3  2784 5513 2843
3  6055 6013 6014
3  2862 6013 6055
3  3499 3498 5995
3  3528 3334 3333
3  6028 5996 5530
3  3529 5996 6028
3  3530 3335 3334
3  6090 5994 3549
3  3498 6064 5995
3  5982 3865 6068
3  5977 6068 3468
3  5982 5981 3865
3  5996 5995 6064
3  3549 5984 3500
3  3500 6067 5978
3  5978 6066 5929
3  3426 5981 3628
3  5981 3429 3865
3  5981 3426 3429
3  3358 3865 3429
3  5978 3628 5983
3  3628 5981 5983
3  5978 5983 5977
3  5977 5983 6068
3  2862 6089 6013
3  6028 6089 2861
3  2861 6089 2862
3  3545 3544 6014
3  3315 1734 6101
3  3372 2215 6096
3  3295 5787 3782
3  6103 3258 6153
3  6101 3316 3315
3  2199 2201 2758
3  1758 1760 3259
3  3313 1758 3259
3  3783 3782 6063
3  3354 6099 3355
3  5755 3611 6099
3  3622 6102 3623
3  6103 6153 3314
3  5755 6099 6097
3  3315 6154 1734
3  1734 6154 3258
3  6153 6154 3314
3  3314 6154 3315
3  6153 3258 6154
3  5755 3622 2095
3  3622 6096 6102
3  5796 6096 3620
3  5796 6102 6096
3  3432 3379 3433
3  3380 3379 3432
3  6097 6155 3354
3  6099 3354 6155
3  6099 6155 6097
3  1355 3322 4566
3  4566 1353 1355
3  6065 2198 2182
3  6065 2182 2748
3  6051 2748 2182
3  6098 3783 6062
3  6098 6062 2747
3  2747 6062 2748
3  2201 2200 2746
3  3346 2746 2200
3  6137 4553 6104
3  4549 1500 4550
3  2439 3287 6138
3  2439 6138 3232
3  3232 2101 2439
3  2439 1410 6137
3  2082 5401 4926
3  6128 5776 5775
3  6123 4908 6124
3  1435 2068 2067
3  6156 6157 262
3  6158 262 6157
3  3239 3253 4589
3  6159 1766 1765
3  6159 6129 5775
3  2059 6129 6159
3  5393 5392 2153
3  6160 6156 2077
3  2077 6156 2075
3  4601 2940 2119
3  2059 6135 6129
3  6141 5394 5393
3  6158 2153 6140
3  6161 6152 2154
3  6159 1765 2059
3  2153 2155 6140
3  264 6118 262
3  6160 5777 5776
3  6160 5776 6141
3  6141 5776 6128
3  6136 6152 6161
3  5393 6160 6141
3  3268 6132 6122
3  5393 2153 6162
3  2153 6158 6162
3  6151 263 6134
3  6151 6134 6133
3  4549 6117 2068
3  1435 2067 3137
3  6131 2154 2156
3  6127 6130 5394
3  2156 5394 6130
3  6156 6160 6157
3  6118 2075 6156
3  5393 6162 6160
3  6158 6160 6162
3  6158 6157 6160
3  6160 2077 5777
3  6136 6151 6152
3  2066 6151 6136
3  2066 264 6151
3  6156 262 6118
3  6140 6139 6152
3  2155 6152 6139
3  5392 2156 2153
3  6142 4552 3233
3  6136 3137 2067
3  6161 2154 6131
3  6152 6133 6140
3  6133 6152 6151
3  263 262 6134
3  6110 2080 2928
3  2939 6161 6163
3  2939 5774 6161
3  5774 6136 6161
3  6127 6129 6163
3  6127 6163 6130
3  6158 6133 262
3  6140 6133 6158
3  2939 6163 2210
3  6130 6163 6131
3  6129 2210 6163
3  6161 6131 6163
3  2056 1729 4488
3  6136 2067 2066
3  4584 1658 2058
3  2300 2121 2122
3  5775 1766 6159
3  1659 5400 4927
3  2185 4925 5400
3  1657 2058 1658
3  2211 1825 1824
3  5401 2082 5397
3  5397 1824 6143
3  4549 1435 1500
3  5397 6143 5401
3  4584 5400 1658
3  1823 2058 1657
3  6110 2928 6150
3  5401 4927 4926
3  1659 1658 5400
3  5737 1568 5778
3  2059 2058 1823
3  2101 4551 2102
3  3268 3270 1764
3  2120 5384 2122
3  5384 6110 6144
3  6150 6144 6110
3  2076 6122 6132
3  4478 6144 4479
3  6150 4479 6144
3  3614 3617 1077
3  3371 3370 3379
3  6150 2928 2142
3  5777 6132 1766
3  4549 2068 1435
3  4547 4550 1500
3  4547 2102 4550
3  2102 4551 4550
3  6142 6117 4552
3  4552 6117 4549
3  2942 4590 2941
3  3240 4589 4546
3  4547 4546 4589
3  4547 4589 3284
3  3284 4589 4587
3  3253 4587 4589
3  6117 6142 6118
3  2075 6142 6122
3  6118 6142 2075
3  6122 6142 6138
3  6120 3228 3309
3  4913 4965 4964
3  4934 3215 3217
3  4913 4964 2476
3  5386 5398 3477
3  4966 6115 4965
3  4966 4965 4913
3  2476 4964 4963
3  2476 4963 2477
3  4904 4911 4965
3  4904 4965 6115
3  4963 4965 4809
3  4911 4809 4965
3  3465 5398 4932
3  4932 6052 3465
3  2165 6050 3255
3  3255 6050 3321
3  3370 3433 3379
3  3564 4271 3562
3  3470 3562 4271
3  6164 6003 6004
3  5185 5818 4079
3  5185 5993 5186
3  5185 4079 5993
3  5493 5520 5521
3  6011 6081 4330
3  4030 4309 4074
3  1959 4330 6081
3  5677 5813 5658
3  5763 6006 6084
3  5522 6035 4316
3  3587 5520 5493
3  5668 5184 6035
3  6002 6035 5184
3  6002 5662 5664
3  5641 3689 4410
3  4314 6035 6002
3  5522 5818 5668
3  4248 3395 4044
3  4316 6035 4314
3  1960 6002 5664
3  6072 6004 6002
3  6002 6004 5662
3  5675 6165 2399
3  6084 5520 3587
3  5663 1961 4306
3  6072 6164 6004
3  3405 6164 6072
3  5520 6164 3405
3  5520 6084 6006
3  5520 6006 6164
3  6164 6006 6003
3  4062 2462 6166
3  5186 5993 6005
3  2461 6166 2462
3  5818 5185 5668
3  5221 6167 5501
3  4307 5772 4233
3  5501 6167 1815
3  5221 1815 6167
3  4075 6005 5993
3  4233 5772 1813
3  4078 2774 3798
3  5186 6005 5786
3  3912 5974 3791
3  6080 5814 5762
3  4305 6080 5761
3  6077 6168 5636
3  4170 4071 306
3  4247 305 1047
3  4247 1047 2826
3  977 4309 4030
3  917 1048 1955
3  2793 1045 1047
3  3395 4248 3397
3  4070 306 4071
3  4247 306 305
3  304 306 4291
3  2410 2409 4051
3  4248 304 3397
3  2793 305 304
3  4417 6169 4420
3  4291 3397 304
3  2826 1046 2824
3  1047 1046 2826
3  3428 2794 2793
3  4044 2794 6170
3  3428 6170 2794
3  4248 4044 6170
3  4248 6170 3428
3  4420 4419 4417
3  4299 4337 4300
3  2897 4243 2898
3  4356 4357 4333
3  4275 4310 4325
3  4273 2898 5998
3  4275 4074 4309
3  4274 4273 5998
3  5998 6171 4421
3  5998 4338 6171
3  5998 4421 4274
3  4339 4244 4417
3  1911 1910 6172
3  4419 6171 4339
3  4274 4421 4072
3  4419 4421 6171
3  4339 6171 4338
3  4420 4422 4072
3  991 4157 6169
3  4157 4420 6169
3  4422 4328 4073
3  4417 4282 6169
3  4298 4282 4417
3  6169 4282 991
3  4422 4302 4328
3  4073 4301 5640
3  4319 5640 4301
3  4319 4301 4317
3  5813 6173 4304
3  4305 6173 6080
3  6080 6173 5814
3  5813 5814 6173
3  5658 5813 4350
3  4304 6173 4305
3  5972 4367 4288
3  6077 5666 5655
3  5651 5636 6168
3  5634 5635 2006
3  6168 6078 5651
3  598 5817 473
3  5653 5655 5666
3  5653 5652 5655
3  6168 5972 6078
3  6168 6077 5972
3  5886 5885 2911
3  4000 4376 4396
3  864 3992 3993
3  6174 6175 6176
3  474 5913 2910
3  1064 1221 1272
3  658 660 5900
3  5649 5648 5810
3  3320 4052 5807
3  5902 5834 4041
3  980 3833 4008
3  5901 2912 5914
3  1989 3834 6177
3  1989 6177 5895
3  3834 5908 6177
3  474 2910 5758
3  1345 474 471
3  5975 5913 4040
3  5837 5836 5858
3  1095 6178 4052
3  5656 5759 5657
3  5827 5634 2008
3  5827 3833 980
3  4041 5834 1142
3  689 2284 687
3  5632 4371 4373
3  5632 4373 689
3  4041 1142 1144
3  4041 687 5902
3  4064 5632 5633
3  4064 5633 5829
3  5904 5654 5627
3  2006 2008 5634
3  5902 2283 5903
3  5519 5634 5826
3  4371 5632 5635
3  4353 4369 4372
3  3896 3893 5627
3  4372 2284 4373
3  5975 4040 4039
3  2911 5914 2912
3  5827 3834 3833
3  516 3984 3986
3  1990 5837 5859
3  5914 2911 5885
3  5808 3930 5894
3  1251 4039 1346
3  5975 5884 5886
3  597 5905 859
3  5895 5837 1990
3  1094 1096 1081
3  5859 5858 1094
3  4009 5887 4008
3  1251 857 4039
3  5766 3808 3807
3  857 1250 3807
3  1250 5766 3807
3  1292 5894 3930
3  5914 5885 1095
3  2007 5632 4064
3  855 5824 5805
3  5896 5908 3834
3  5913 5975 2913
3  3834 5827 5896
3  5809 5896 5827
3  2910 5913 2913
3  5905 5760 5906
3  2913 5975 5886
3  5835 1143 5834
3  473 1043 471
3  473 5631 1043
3  1249 5766 1250
3  1000 6178 1001
3  3320 5807 1291
3  1292 1291 5807
3  1292 3930 1373
3  5885 6178 1095
3  5888 3840 5765
3  855 857 3807
3  5884 4039 858
3  4039 857 858
3  5657 5760 5905
3  1990 5859 4009
3  855 3807 5824
3  5908 2910 3821
3  5805 4052 855
3  5885 1002 1001
3  4052 6178 1000
3  5885 1001 6178
3  856 855 1000
3  4052 1000 855
3  856 1000 858
3  858 1002 5884
3  5884 1002 5885
3  5805 5824 5806
3  5894 5824 5825
3  5806 5824 5894
3  6177 3821 5895
3  5908 3821 6177
3  1094 5858 5901
3  5901 5858 5836
3  5765 5883 4008
3  5764 5883 5765
3  3840 5841 3838
3  5888 5841 3840
3  4009 5859 5887
3  5887 5841 5888
3  5887 5859 5841
3  1094 5841 5859
3  1081 5841 1094
3  4008 5888 5765
3  1068 4010 1069
3  3925 5852 5877
3  5883 5764 5852
3  1998 5844 5839
3  862 6179 2049
3  2001 6179 861
3  5899 3934 407
3  3933 3934 5845
3  4018 4017 5845
3  3934 2002 2001
3  5899 2002 3934
3  5764 3839 5876
3  767 675 5850
3  863 509 753
3  5845 3934 861
3  2001 5898 6179
3  5862 837 836
3  861 6179 862
3  1185 5866 531
3  6180 5707 3947
3  5877 4012 3940
3  861 3934 2001
3  861 863 753
3  861 753 5845
3  982 3940 983
3  3948 3957 3949
3  3948 510 3970
3  3948 3958 3957
3  753 5850 5845
3  5845 5850 4018
3  767 676 675
3  5848 5857 5880
3  615 3970 272
3  1149 272 3970
3  3947 5707 454
3  3961 3957 677
3  3961 3962 586
3  3949 3961 586
3  766 586 3962
3  511 586 766
3  766 3962 676
3  623 455 510
3  3970 510 455
3  2003 5855 2004
3  2004 5855 2049
3  2004 2049 6179
3  2004 6179 5898
3  827 778 828
3  5899 5880 2003
3  407 1056 5880
3  5899 407 5880
3  2003 5880 5857
3  5855 2003 5857
3  3942 3941 3678
3  5877 5852 5876
3  5764 5876 5852
3  472 5758 5656
3  659 658 2875
3  5759 5656 5758
3  5647 5760 5648
3  5647 4249 5760
3  3427 3463 3425
3  3831 5907 5202
3  3427 3866 3463
3  3463 2756 2755
3  3866 2756 3463
3  2757 2756 3625
3  3866 3625 2756
3  2736 3329 3328
3  5923 6015 6029
3  5470 6029 6015
3  6040 5548 6033
3  3550 6033 2836
3  5548 2836 6033
3  4253 6020 2551
3  6033 6032 6040
3  6031 6040 6032
3  5474 5460 5455
3  5455 5460 1648
3  5321 5320 4989
3  5322 4989 5320
3  5488 5450 5249
3  4501 5255 5257
3  4693 5007 5006
3  5454 4492 4491
3  5367 6181 5368
3  5291 5476 5491
3  4094 2518 4456
3  4975 5321 4992
3  386 385 5299
3  2844 5248 2855
3  5271 4110 5446
3  5434 5324 5323
3  4108 5335 5301
3  5285 4456 5286
3  4970 5137 102
3  5255 5290 5295
3  5318 5442 5313
3  4694 4693 5150
3  5445 5456 5457
3  5282 5442 5318
3  5299 5264 386
3  4108 4110 5335
3  2357 2356 5262
3  4992 5321 5344
3  5344 5321 3161
3  4989 3161 5321
3  6042 5362 4991
3  4992 5362 4975
3  5768 5341 6042
3  4973 5307 5265
3  5444 5283 5284
3  1472 6181 6041
3  5422 5581 5432
3  4979 3196 4490
3  5443 5463 5444
3  5362 6042 5484
3  79 5456 5277
3  5340 5464 5342
3  5273 5464 5340
3  6042 5456 5484
3  6042 5341 5456
3  5559 5558 5443
3  5283 5771 5556
3  5444 5771 5283
3  2429 5309 5324
3  2429 2428 5309
3  5443 5558 5463
3  5458 6182 5556
3  5264 6182 5458
3  5313 5297 5130
3  5312 5297 5313
3  5324 5436 2429
3  5324 5434 5436
3  2429 5436 2430
3  5272 5447 5463
3  5464 5558 5342
3  5463 5558 5464
3  4998 3814 5490
3  2189 2188 5012
3  5248 108 2855
3  5458 4109 4111
3  4502 6183 5314
3  5463 5556 5444
3  5283 5556 6182
3  5294 5252 5251
3  5491 5299 5298
3  5310 5318 5130
3  5282 4695 5442
3  4984 2630 5331
3  4999 4998 5490
3  4999 5490 5413
3  4615 2630 2629
3  5412 4985 4984
3  5448 4985 5305
3  5412 5305 4985
3  4542 5577 5579
3  2629 5589 4614
3  3142 2512 2514
3  2701 29 28
3  12 5610 5609
3  5010 5025 5011
3  2653 5579 3142
3  5011 5025 5427
3  5019 6184 5609
3  5020 5610 2752
3  2640 2639 5002
3  5019 3031 6184
3  3030 5573 6184
3  3030 6184 3031
3  5573 13 6184
3  3141 3142 5579
3  12 2752 5610
3  4813 2643 2645
3  5020 2752 2513
3  3042 2643 4813
3  5021 5610 5020
3  3139 2645 5009
3  6184 12 5609
3  13 12 6184
3  2752 12 3032
3  2752 3032 2753
3  5016 5002 2639
3  2701 5288 5552
3  2513 2512 5020
3  2753 5574 4604
3  3103 4604 5574
3  14 5574 3032
3  2753 3032 5574
3  2458 5574 14
3  2458 5575 5574
3  2984 5611 2568
3  5002 5016 5003
3  4887 3813 5025
3  5275 5414 1551
3  5010 4887 5025
3  5419 5418 2642
3  4944 4943 5419
3  2644 3117 5430
3  3116 3117 2644
3  4998 3815 3814
3  4887 5428 3813
3  5425 5031 5413
3  5009 5429 3139
3  4943 5490 3814
3  4943 1552 5490
3  2514 5429 5009
3  2514 3097 5429
3  5431 5003 5016
3  5431 5333 5003
3  2584 5305 5580
3  5426 4460 5552
3  2639 4460 5015
3  5426 5015 4460
3  2569 2568 5611
3  5611 5566 2569
3  5106 5089 5566
3  5611 2994 5566
3  4543 5579 5588
3  4536 5570 5441
3  5592 6185 6186
3  5103 5102 5104
3  5105 6185 4741
3  5599 5106 5105
3  5053 5098 4620
3  5099 5098 6185
3  5099 6185 5592
3  5098 4630 4741
3  5569 6187 5594
3  5569 5103 6187
3  5594 6187 5103
3  5599 5105 4740
3  5592 6186 5102
3  5104 5102 6186
3  5104 6186 5105
3  6185 5105 6186
3  5098 4741 6185
3  5105 4741 4740
3  5089 5599 4739
3  5594 5595 5569
3  5569 5595 5441
3  2945 5581 4936
3  5432 5581 5363
3  4946 5363 5581
3  4936 5581 5408
3  5115 5334 4947
3  4948 4947 5334
3  5582 5417 5408
3  5582 5422 5417
3  2601 5417 5421
3  4986 5417 2601
3  5421 5417 5422
3  5407 4997 4993
3  5407 4987 4997
3  5326 78 5267
3  4975 5362 4994
3  5484 4994 5362
3  5456 79 5326
3  5456 5326 5484
3  5148 5315 5251
3  5012 5307 4973
3  5308 5265 5307
3  2187 2150 2152
3  2187 2496 2150
3  5325 5265 5308
3  5266 5322 4974
3  4974 5322 4975
3  2151 5147 2152
3  5266 4988 5322
3  4989 5322 4988
3  5483 4988 5266
3  5250 5245 1471
3  1471 5245 5337
3  2150 5347 2151
3  6023 4491 6188
3  5367 5373 6181
3  4492 5454 5266
3  1472 6023 1473
3  3196 3198 5250
3  5359 5351 5360
3  1471 1473 5250
3  1473 3196 5250
3  1473 6188 3196
3  4490 6188 4491
3  3196 6188 4490
3  5373 6041 6181
3  6023 6188 1473
3  5454 6023 1472
3  1472 1471 6181
3  5368 6181 1471
3  5308 5416 5325
3  5445 5277 5456
3  5445 5343 5277
3  5445 5457 5340
3  2468 5476 5291
3  2515 5111 2516
3  387 386 5262
3  5315 5302 5612
3  387 107 5298
3  5475 5474 2845
3  5249 5248 2844
3  5475 5460 5474
3  5302 6189 5612
3  5433 5256 5255
3  5450 5461 5449
3  5291 5462 5292
3  2483 5488 5474
3  2483 5485 5488
3  5486 6190 5489
3  5338 5361 1867
3  5997 6165 4311
3  5499 6190 2864
3  5346 5360 5351
3  2601 2600 4690
3  4691 4690 2600
3  5295 5433 5255
3  5314 6189 5302
3  5256 5612 6189
3  5149 5770 4694
3  4694 5442 4695
3  5303 5314 5302
3  4693 4695 5282
3  5252 5294 4723
3  6182 5007 5283
3  5008 5007 6182
3  5296 5293 5270
3  5315 5612 5251
3  5256 5433 5612
3  5150 4693 5006
3  5293 4723 5294
3  6189 5314 6183
3  6189 6183 5256
3  5257 5256 6183
3  4501 6183 4502
3  5257 6183 4501
3  4723 4725 5770
3  5312 4725 4726
3  5770 6191 4694
3  4725 5312 6191
3  4725 6191 5770
3  5312 5311 6191
3  5311 5442 6191
3  4694 6191 5442
3  5160 5292 5461
3  6182 5264 5008
3  5299 5008 5264
3  5006 5008 5303
3  5303 5008 5299
3  5491 5298 5291
3  5461 5499 5160
3  5486 2811 6190
3  2864 6190 2811
3  5466 5489 6190
3  5466 6190 5499
3  5462 5291 107
3  109 5462 107
3  2844 2855 387
3  387 5298 385
3  4311 6165 5675
3  5339 5351 5359
3  5491 5476 2853
3  5339 5359 5338
3  4062 6166 2461
3  2400 6165 5997
3  2399 6165 2400
3  4233 1813 2163
3  5669 3869 3690
3  4055 4410 5974
3  3791 5974 4410
3  1005 1970 1006
3  1161 3650 5661
3  4055 5669 5641
3  1993 6192 6193
3  3912 3911 5974
3  4056 5974 3911
3  3690 5641 5669
3  1417 3613 2037
3  2178 3691 3362
3  2040 3561 3691
3  6194 2872 2871
3  3883 3635 5790
3  3583 3613 5712
3  3583 5712 3431
3  3509 3897 3654
3  5967 3492 3502
3  1432 1444 4472
3  1993 6193 6195
3  3883 2040 3849
3  3691 3849 2040
3  1369 3776 5730
3  1315 1303 5968
3  3883 5790 1367
3  1450 1452 2871
3  1450 2871 2873
3  2871 1452 3560
3  6194 3559 2041
3  1369 1993 6195
3  3559 2871 3560
3  1369 5730 6196
3  6193 6197 1367
3  3883 1367 6197
3  3899 3854 3853
3  6194 2873 2872
3  3873 5937 3769
3  5937 3873 2873
3  632 1449 1072
3  1366 1395 1447
3  1449 1447 1395
3  3561 2040 6198
3  3561 6198 3559
3  6193 6192 6197
3  6197 6192 6199
3  6192 1993 5937
3  6192 5937 5945
3  6192 5945 6199
3  3776 3904 3852
3  3777 1368 4470
3  3775 3777 4470
3  1369 1368 3776
3  6195 6193 1367
3  6195 1367 1369
3  3776 3775 3905
3  5782 5726 5944
3  5940 5780 3885
3  3899 3853 5733
3  3904 3905 5955
3  3904 5955 5940
3  5940 5947 3384
3  6194 5958 2873
3  6199 5958 6194
3  4496 5956 1445
3  4599 4495 1941
3  1369 6196 1993
3  5730 3854 5941
3  1445 5956 1443
3  5955 1443 5956
3  3904 5733 3853
3  3801 3885 3802
3  4467 1438 5957
3  4467 5957 5724
3  4469 3801 3803
3  5780 3803 3802
3  3803 5780 3386
3  4466 4469 6200
3  3885 6201 5943
3  1189 662 661
3  5725 1941 4495
3  5725 4495 5726
3  5944 5726 4495
3  1445 5944 4495
3  3386 4469 3803
3  5724 5957 1437
3  4469 4468 3801
3  3386 4496 4599
3  3885 6202 5940
3  5943 6202 3885
3  5956 5947 5955
3  1442 4466 3386
3  3638 3490 3766
3  5724 4468 4467
3  4466 1438 4467
3  1442 1438 4466
3  3386 6200 4469
3  672 5731 5960
3  5954 5960 5731
3  2060 5959 367
3  365 367 5959
3  2061 2069 5961
3  1437 2069 2061
3  2060 5953 5736
3  5951 5949 5952
3  5734 5952 5949
3  5735 5734 5949
3  5735 5949 5948
3  5961 5949 5951
3  5735 365 5959
3  5948 365 5735
3  2069 5949 5961
3  1403 1392 1391
3  5735 5959 5736
3  3758 1402 3756
3  1294 1352 6203
3  3757 6203 1352
3  3756 6203 3757
3  1402 2070 6203
3  1402 6203 3756
3  2070 1294 6203
3  1403 1436 1392
3  1993 6196 1994
3  3386 3385 4496
3  4466 6200 3386
3  5945 5958 6199
3  5940 6202 3904
3  6202 5733 3904
3  5790 1368 1367
3  5941 5943 6201
3  6201 3885 1994
3  5943 3898 6202
3  5733 6202 3898
3  3655 5967 3646
3  2866 5479 5478
3  5955 6204 5940
3  3852 3854 3776
3  6201 1994 6196
3  5941 6196 5730
3  6201 6196 5941
3  2039 3559 6205
3  3559 2039 2041
3  6198 6205 3559
3  3905 6206 1443
3  3775 6206 3905
3  1443 6206 1444
3  4470 6206 3775
3  4470 4472 6206
3  1444 6206 4472
3  3904 3853 3852
3  5940 6204 5947
3  5955 5947 6204
3  4564 6146 2085
3  3560 3897 3655
3  2039 6205 6198
3  6194 2871 3559
3  6198 2040 2039
3  3615 3431 5712
3  3883 6197 2041
3  6199 2041 6197
3  6199 6194 2041
3  3492 5967 3897
3  3655 3897 5967
3  3615 5712 3503
3  3503 5794 3615
3  3615 5794 3502
3  673 5968 674
3  1315 5968 3876
3  673 3876 5968
3  1427 5942 1429
3  2116 5942 1427
3  2116 2118 5942
3  2433 2432 5788
3  2432 5801 5797
3  5784 5801 2432
3  1430 5779 1431
3  3520 3855 3518
3  3435 3855 3520
3  3434 3481 3855
3  3675 2888 3676
3  1362 3713 1364
3  1928 5907 1929
3  3751 5918 5203
3  1282 5922 3651
3  1364 5922 1281
3  1282 1281 5922
3  5202 5907 1928
3  3831 3830 5907
3  1930 6079 3642
3  1929 6079 1930
3  3831 5203 5916
3  5203 5918 5916
3  5917 5918 3750
3  4026 3908 5910
3  5893 5912 3913
3  4026 5917 3750
3  1929 5907 3908
3  5910 3832 5917
3  5916 3832 3831
3  658 5900 2282
3  3890 5912 3643
3  3913 5912 3890
3  5654 5904 5900
3  5654 5900 5828
3  4064 5829 4065
3  5902 5626 5834
3  5809 5835 3895
3  5626 5902 5903
3  5827 2008 2007
3  5904 2283 2282
3  5632 2007 2006
3  2875 4372 4369
3  4063 5827 2007
3  3680 4016 5864
3  4063 5835 5809
3  4063 2007 4064
3  5680 4065 5829
3  5680 5835 4065
3  4063 4065 5835
3  3680 5864 5708
3  5864 4016 3965
3  5709 5854 5869
3  3931 1240 165
3  641 654 1230
3  641 667 654
3  653 3931 654
3  667 641 348
3  1136 3931 653
3  3931 1136 1240
3  1136 1199 1240
3  3910 3916 5239
3  3922 3916 2011
3  2011 3916 1272
3  1285 1987 1220
3  1285 1220 1064
3  5239 3916 3923
3  5863 0 5879
3  163 1318 3924
3  165 1318 163
3  1317 1319 6207
3  5239 6207 1319
3  1318 1317 6207
3  1318 6207 3924
3  3923 3924 6207
3  3923 6207 5239
3  845 5879 5878
3  534 1149 5865
3  1184 5867 1186
3  5868 3947 532
3  1184 535 5865
3  5707 5872 5871
3  5707 5871 455
3  5867 5866 1186
3  5868 532 5866
3  5867 1184 5881
3  6208 6209 5865
3  5865 6209 5881
3  5881 6209 5867
3  6208 6210 6209
3  6180 5872 5707
3  653 1134 1136
3  5872 6208 5865
3  5872 6210 6208
3  6180 6210 5872
3  6180 5868 6210
3  6209 6210 5868
3  6209 5868 5867
3  6180 3947 5868
3  538 1211 655
3  3939 3918 3917
3  1134 790 1135
3  669 1195 670
3  3938 1215 3939
3  3938 791 1215
3  653 1215 1134
3  1134 1215 790
3  655 1211 1180
3  607 1239 1155
3  1239 792 1155
3  3946 605 3951
3  790 1215 791
3  3951 605 3932
3  1195 1079 1130
3  541 853 542
3  663 1182 6211
3  3917 1155 3938
3  3917 1156 1155
3  1155 1209 607
3  1157 1209 1155
3  2022 294 1188
3  6212 5831 3679
3  1237 853 2023
3  853 1208 2023
3  854 3932 1208
3  195 194 645
3  1208 1157 2023
3  2028 1140 1139
3  1130 226 670
3  294 293 1188
3  645 194 646
3  1172 6211 2029
3  1141 1140 579
3  1240 1199 5861
3  3939 1215 1180
3  1181 1180 1215
3  3918 3939 1180
3  3918 1180 1211
3  3936 5861 835
3  5831 6212 5873
3  5873 6212 982
3  1241 5860 3909
3  5861 5860 1241
3  3909 1242 1241
3  3936 3935 5861
3  3909 3935 5882
3  288 778 5847
3  1240 5861 1241
3  1324 666 348
3  3937 666 1324
3  1073 666 538
3  3937 538 666
3  5882 3935 5862
3  3940 982 3941
3  835 837 3936
3  5882 5862 3822
3  836 3822 5862
3  3680 3679 5831
3  6212 6213 982
3  3678 6213 3679
3  6212 3679 6213
3  6213 3941 982
3  6213 3678 3941
3  3986 4007 3987
3  6175 4363 6214
3  2869 3999 4332
3  5629 6215 5688
3  4398 4001 4395
3  1954 1908 978
3  4060 998 6176
3  2869 4375 3999
3  4347 4394 997
3  883 2408 999
3  4374 4375 5692
3  4565 4555 2169
3  2725 2724 5396
3  4525 2933 6146
3  5737 5778 2386
3  2734 5778 1568
3  6146 5644 4525
3  4564 3236 1569
3  3238 1569 3236
3  3236 2851 4588
3  2088 3237 3325
3  5720 4588 2851
3  2298 5644 5396
3  3325 4588 5720
3  6146 2725 5644
3  5396 5644 2725
3  2833 1731 4557
3  4493 4560 1731
3  1731 4560 4557
3  4557 4560 419
3  4493 2332 4560
3  2389 2481 3640
3  3640 2481 4561
3  4562 3795 3794
3  3859 3557 3862
3  3901 3902 3811
3  3640 3902 3901
3  4561 3902 3640
3  3812 3903 3794
3  4562 3794 3903
3  4482 438 5478
3  4482 5478 5480
3  1977 5479 3535
3  3536 5479 3556
3  3536 3535 5479
3  5480 5479 1977
3  4125 4127 5167
3  4393 5238 1014
3  4720 5473 1531
3  374 2575 166
3  5051 5062 5063
3  2576 5051 4766
3  2576 5062 5051
3  4441 4440 1009
3  5261 4204 4192
3  2434 5218 2325
3  2325 5218 2324
3  477 965 499
3  395 499 965
3  2906 3768 2904
3  476 1969 3401
3  1006 1969 476
3  3401 6216 964
3  1966 2904 3401
3  5661 3650 2905
3  2904 6216 3401
3  2904 3768 6216
3  964 6216 3768
3  1110 1137 1984
3  327 1071 3818
3  3816 3786 1070
3  327 3816 1071
3  1071 3816 1070
3  242 241 2032
3  565 1200 1210
3  1137 1110 1109
3  652 2017 1109
3  1109 2017 1092
3  1301 2292 2291
3  1606 1608 2292
3  1301 2291 2740
3  3302 3479 3793
3  2292 4524 1606
3  1299 2739 1425
3  2740 2739 1299
3  1425 2739 1256
3  551 1200 563
3  565 563 1200
3  537 1195 669
3  1079 1195 537
3  1203 5703 1190
3  1214 1093 797
3  797 1218 1214
3  1210 1219 1201
3  785 1219 796
3  1201 1219 785
3  1203 1190 550
3  1191 1298 224
3  1190 1298 1191
3  1298 5703 1194
3  1298 1190 5703
3  2022 1188 5702
3  1203 2022 5703
3  293 295 6211
3  3421 3788 2903
3  1172 2029 1173
3  1194 5702 225
3  5703 5702 1194
3  663 6211 295
3  293 6211 1172
3  226 2016 670
3  2030 1189 1153
3  226 225 2016
3  225 5702 2016
3  1164 6217 1182
3  1182 786 1164
3  5702 1188 2016
3  609 294 2022
3  663 294 786
3  786 294 609
3  6211 1182 6217
3  6211 6217 2029
3  2029 6217 1164
3  1330 2901 1331
3  3900 2901 1330
3  3403 820 3510
3  3718 3717 3772
3  3772 3771 3784
3  3772 3784 3718
3  3716 3785 569
3  3784 3781 3785
3  3788 3772 3717
3  3403 3510 3420
3  325 324 1985
3  1357 3786 1356
3  3816 1356 3786
3  1110 1985 324
3  3818 1985 1984
3  1985 2010 325
3  3818 2010 1985
3  2027 647 1084
3  1169 5701 1114
3  1114 424 1147
3  1169 642 153
3  152 1169 153
3  2018 154 2021
3  2018 2021 2019
3  1147 424 613
3  1146 273 1112
3  424 213 613
3  271 679 212
3  1119 1145 1174
3  1007 195 611
3  1174 1145 807
3  613 213 679
3  212 679 213
3  1170 1175 561
3  526 638 534
3  1119 1146 1123
3  1111 1145 1123
3  1119 1123 1145
3  588 1112 273
3  1106 614 1119
3  1124 1123 1146
3  1084 647 646
3  679 273 1146
3  679 1146 613
3  1119 614 1146
3  648 647 1290
3  193 195 1007
3  6218 750 752
3  6218 752 4013
3  5690 6215 5689
3  699 6215 5690
3  752 5689 4013
3  243 5687 124
3  497 5687 5681
3  5681 6218 4013
3  750 6218 243
3  5687 243 6218
3  5687 6218 5681
3  751 700 5690
3  751 5690 752
3  5689 752 5690
3  5681 4013 3975
3  4375 2869 5198
3  4375 5198 5692
3  3993 4355 864
3  4378 5198 4355
3  3989 5198 4378
3  5689 6215 5629
3  4377 5689 5629
3  6214 4363 4365
3  4060 6176 4374
3  4060 4374 1927
3  5692 1927 4374
3  4389 498 3976
3  4378 4377 3989
3  6175 6214 6176
3  1927 5692 3989
3  699 5688 6215
3  1954 2407 1908
3  999 998 4060
3  6174 6176 998
3  3999 4364 4363
3  4001 4398 4084
3  497 3976 498
3  2408 1909 1908
3  428 198 429
3  4347 997 2408
3  1953 4398 4347
3  4398 4395 4394
3  4001 4000 4395
3  997 6174 998
3  4396 6174 997
3  997 4394 4396
3  4396 6219 4000
3  4395 4000 6219
3  4395 6219 4396
3  5688 3990 5629
3  4396 6175 6174
3  4376 6175 4396
3  4363 6175 4376
3  4374 6214 4365
3  6176 6214 4374
3  972 4362 4402
3  4362 4406 4402
3  5681 3976 497
3  952 5830 4048
3  99 4047 274
3  4047 953 952
3  4048 4047 952
3  3974 3981 870
3  2005 261 1003
3  996 1003 261
3  703 354 353
3  872 6220 1003
3  954 6221 5830
3  871 5830 6221
3  952 954 5830
3  4006 4048 740
3  3981 740 4048
3  458 1004 979
3  1003 6220 2005
3  3981 5830 871
3  6221 954 6220
3  6221 6220 871
3  871 6220 872
3  954 953 6220
3  2005 6220 953
3  4388 83 332
3  503 702 4385
3  4390 332 334
3  98 4385 702
3  503 4385 442
3  502 696 695
3  66 692 253
3  352 389 353
3  4388 332 4390
3  458 979 352
3  701 703 388
3  701 388 996
3  979 1004 388
3  996 388 1004
3  83 546 332
3  196 199 992
3  301 5210 4324
3  1963 4416 1962
3  6222 468 470
3  962 5208 5207
3  4401 4400 5214
3  993 1951 1062
3  5194 468 6222
3  5194 6222 4397
3  5213 5205 5204
3  1958 409 4415
3  409 1958 904
3  962 1910 960
3  6222 470 4416
3  408 4415 409
3  961 960 4324
3  878 877 6172
3  6223 4399 469
3  878 5206 1964
3  1923 468 5194
3  1923 5194 969
3  1934 4399 5211
3  1934 5211 1935
3  968 5211 6223
3  968 428 1935
3  5199 1935 1914
3  1935 5199 1934
3  5201 5199 1913
3  5207 5191 962
3  1950 5196 5201
3  383 1933 381
3  764 711 5196
3  5201 1934 5199
3  936 935 1963
3  959 906 1896
3  959 1896 376
3  905 1896 906
3  376 1896 382
3  905 928 1896
3  928 1931 1896
3  1950 381 5212
3  5204 5212 5213
3  5205 912 975
3  764 5204 975
3  5767 392 712
3  5197 5212 5204
3  4401 5208 962
3  912 914 879
3  1897 1933 383
3  1931 1933 1897
3  1932 913 912
3  4335 879 914
3  4335 914 928
3  912 5205 1932
3  5205 5213 1932
3  973 1914 1935
3  302 4399 1934
3  392 5767 879
3  879 5767 912
3  934 1964 5208
3  712 763 5767
3  6223 1923 968
3  763 5209 5767
3  384 581 711
3  1065 3910 3927
3  5196 1934 5201
3  581 1934 5196
3  6224 5208 4401
3  6224 4401 5214
3  469 1923 6223
3  974 1962 408
3  4399 6223 5211
3  1911 6172 877
3  969 4397 967
3  967 4397 1951
3  6222 1062 4397
3  6222 4416 1062
3  1062 4416 4403
3  443 1915 250
3  4403 4416 1963
3  250 1915 251
3  4386 202 65
3  4386 65 442
3  251 64 66
3  251 1915 64
3  66 65 202
3  974 878 1964
3  974 876 878
3  301 960 1911
3  1920 1911 876
3  877 876 1911
3  6172 1910 5191
3  6172 5191 878
3  5207 5206 5191
3  878 5191 5206
3  6224 5214 6225
3  4415 408 1962
3  4415 1962 4416
3  1530 4351 930
3  4336 4401 987
3  962 987 4401
3  1916 1918 11
3  6225 935 934
3  6225 5214 935
3  6225 934 5208
3  6225 5208 6224
3  11 1918 72
3  5601 5084 2561
3  3078 2717 4102
3  2717 2720 4102
3  4102 2720 4722
3  4102 4722 3076
3  3143 3144 2969
3  2953 2955 6226
3  2718 5 2582
3  2953 6226 4721
3  4721 6226 5615
3  5087 4721 5615
3  5600 5077 5084
3  2711 5622 5083
3  5068 5618 5054
3  4747 4746 2955
3  6227 6228 2709
3  5608 6227 2709
3  5617 5601 2561
3  5618 2271 6229
3  2955 6229 6226
3  75 5056 3
3  2582 4 4747
3  3095 2710 5078
3  5070 5620 5616
3  5618 4746 5054
3  4736 2563 5082
3  3094 5082 2563
3  6229 2271 5615
3  6229 2955 4746
3  6229 4746 5618
3  2271 2273 6228
3  5087 5607 5093
3  44 2610 3077
3  4 3 5055
3  5056 5055 3
3  5615 6227 5607
3  6227 5615 6228
3  6229 5615 6226
3  2561 5084 5083
3  2271 6228 5615
3  4735 5617 4736
3  5071 5620 5070
3  5616 5620 3244
3  3094 2563 2562
3  4736 5082 6230
3  5084 5077 2962
3  5617 2563 4736
3  3244 5614 3245
3  4737 4742 3079
3  4742 6230 5616
3  4736 6230 4742
3  2709 5078 2710
3  2562 2561 5622
3  5070 6230 5082
3  5616 6230 5070
3  2610 5051 3077
3  2273 5078 2709
3  6228 2273 2709
3  4721 5087 4745
3  5087 5093 5086
3  5086 5093 5092
3  5084 2962 5093
3  5622 2711 2710
3  5607 6227 5608
3  2054 3116 2654
3  5606 5571 3083
3  4734 5606 3083
3  2654 3116 2644
3  2570 5621 5061
3  5576 5621 2570
3  3083 5571 491
3  464 5571 465
3  491 5571 464
3  5606 4743 5572
3  4662 5061 5621
3  4660 6231 4656
3  5090 4629 5598
3  4631 5108 4637
3  4629 5619 5598
3  5598 5619 5621
3  4656 6231 4657
3  5621 5576 5598
3  4629 5100 5619
3  5619 5100 4663
3  490 5100 3082
3  4663 5100 490
3  6231 4659 4657
3  6231 4660 4659
3  2919 3009 5094
3  2909 3154 2530
3  2909 2530 4631
3  4660 4534 3152
3  4658 2234 4659
3  4641 4659 2234
3  4645 4708 4707
3  480 482 2907
3  482 4635 5094
3  3011 5094 3009
3  2919 5094 5603
3  4660 3152 4661
3  2232 4661 3152
3  2232 3152 4633
3  4631 4534 4656
3  4641 6232 4636
3  5096 4636 6232
3  2054 2053 3116
3  5108 4641 4636
3  4659 4641 5108
3  4659 5108 4657
3  4640 6232 4641
3  4633 3152 2529
3  4656 4534 4660
3  5061 5096 2570
3  5061 2365 5096
3  5603 5096 2919
3  2365 2919 5096
3  2570 6232 2568
3  4640 2568 6232
3  5096 6232 2570
3  4616 2448 4709
3  5086 5092 6233
3  5086 6233 5059
3  5057 5059 6233
3  5092 5060 6233
3  5584 5585 5562
3  5058 5043 4616
3  4617 5587 4619
3  2370 2369 4626
3  5042 2419 5587
3  4626 2369 5593
3  4626 5593 4627
3  3079 4744 4737
3  5058 4616 4709
3  5593 4618 4627
3  5058 5064 5043
3  4616 4618 2449
3  5561 5563 5591
3  4121 2371 2370
3  5049 6234 5060
3  6233 5060 6234
3  6233 6234 5057
3  5064 6234 5049
3  5057 6234 5064
3  5043 5065 5042
3  5048 5042 5065
3  5593 2449 4618
3  4627 4618 4619
3  5564 1845 5585
3  4737 4744 2623
3  3003 4744 4715
3  4029 4743 2623
3  4715 4744 4714
3  5606 4734 4743
3  5572 4743 2596
3  4029 2596 4743
3  5430 3117 5419
3  4944 5419 3117
3  13 2459 1780
3  2632 2459 13
3  4699 4607 4608
3  1836 91 90
3  4609 4607 4688
3  3073 1834 3138
3  1835 2296 2361
3  1836 2334 91
3  1835 2334 1836
3  1835 2361 2334
3  4607 89 2360
3  89 2358 2360
3  4699 4642 90
3  2977 4638 5018
3  4632 5024 4700
3  3085 4701 2460
3  2458 4701 5575
3  2460 4701 2458
3  5575 4639 3101
3  4701 4639 5575
3  2540 2542 5133
3  4701 5605 4639
3  5024 4639 5605
3  5024 5605 4700
3  4204 5128 220
3  94 4112 4114
3  94 4114 92
3  2370 2344 4191
3  2370 4191 4193
3  22 5597 5135
3  22 21 5597
3  5121 4103 5597
3  5121 5597 21
3  5135 4190 22
3  23 22 4190
3  4440 5045 1009
3  5046 4440 4439
3  5046 5045 4440
3  4182 5260 4181
3  5125 4181 5152
3  5152 4181 5260
3  5553 2406 2405
3  315 4098 316
3  316 4098 318
3  5124 4217 4450
3  5168 2373 4436
3  4215 4217 5124
3  5168 4436 5140
3  4182 2404 2406
3  2405 4099 4098
3  2404 5154 4145
3  2404 4145 2405
3  5553 2405 4098
3  5553 4450 2406
3  2490 5136 2486
3  3005 5161 4969
3  2634 5165 5162
3  2633 2374 5040
3  2634 2489 5165
3  5258 5165 2489
3  5164 5165 5258
3  2515 4477 5164
3  5162 5164 4477
3  5141 5139 4115
3  5118 5258 5119
3  2487 5119 2489
3  2489 5119 5258
3  4972 4970 102
3  5161 4970 4969
3  4175 1880 4133
3  2487 3005 5119
3  100 2541 2540
3  2486 2488 5040
3  2633 2488 2489
3  4116 5161 2487
3  4458 4058 1788
3  2807 2809 5223
3  2735 2859 1025
3  2218 1025 2859
3  2735 1025 2847
3  2485 1027 2482
3  2810 2482 1027
3  2810 1027 1026
3  2847 1027 5453
3  2485 5453 1027
3  2600 2599 5414
3  2600 5414 5275
3  5158 5137 2492
3  5158 2541 5137
3  2492 5137 2490
3  4131 4153 1886
3  1886 6235 1887
3  1887 6235 4326
3  3996 4326 6235
3  3996 6235 4134
3  4134 6235 1886
3  1921 1899 1890
3  1891 1890 1899
3  434 2411 4327
3  434 4327 3248
3  4326 3996 3995
3  3995 4327 4326
3  4295 885 4293
3  4295 886 885
3  4180 5215 4179
3  4180 1922 5215
3  1890 4178 5190
3  1890 5190 1922
3  5169 380 398
3  379 398 380
3  5215 4202 4179
3  4177 4201 4202
3  4177 4202 5190
3  885 1937 2857
3  2820 5171 2821
3  4277 4278 4283
3  4283 6236 4254
3  1948 4342 4045
3  2500 4342 1948
3  4254 6236 4276
3  4276 6236 4356
3  4264 882 4414
3  4283 4278 6236
3  4405 4414 882
3  4418 4414 4334
3  4277 4242 61
3  4284 4242 4277
3  4264 4414 2899
3  4418 2899 4414
3  62 6236 60
3  62 4356 6236
3  6236 4278 60
3  63 313 884
3  884 313 986
3  398 400 5169
3  127 5210 128
3  303 5210 301
3  5169 400 1903
3  127 961 5210
3  1906 1905 427
3  961 4324 5210
3  5091 5126 4732
3  5091 2920 5126
3  4103 5121 5138
3  4732 5126 4702
3  1877 1876 5139
3  4115 5146 3966
3  1709 1708 2952
3  4817 5036 4812
3  2493 2760 1709
3  4525 3107 2933
3  2674 2949 1742
3  4803 4782 1564
3  4810 5036 5035
3  1539 4768 3122
3  3047 4768 1539
3  4810 5035 4894
3  4803 1564 2960
3  4782 1562 1564
3  4782 4831 4781
3  4781 4830 4748
3  4831 4830 4781
3  4748 4830 3168
3  4832 3168 4830
3  5035 4824 1563
3  3133 3122 4768
3  4804 4918 4912
3  3193 4494 4819
3  3193 4819 2115
3  2115 4819 2113
3  2679 4820 4819
3  2685 4907 2686
3  1806 4494 1807
3  1795 4476 4910
3  2925 1594 5001
3  2925 5001 2932
3  2678 1808 3123
3  2678 2677 1808
3  1806 1808 2677
3  1807 5001 1808
3  2932 5001 1807
3  2754 2679 2678
3  3212 3204 3206
3  2250 3212 4820
3  3178 4821 3206
3  4821 2113 3206
3  5411 3214 4930
3  2252 2251 3204
3  3204 2209 3207
3  2209 3204 2251
3  5411 4494 3214
3  4931 4928 2602
3  5410 4931 2604
3  4928 6145 2602
3  3176 4907 4930
3  4930 4907 4928
3  1807 4494 2604
3  5410 2604 4494
3  4929 5411 4930
3  4929 5410 5411
3  4929 4931 5410
3  3194 4898 3195
3  6145 4945 2685
3  4804 2143 4918
3  4476 1807 2604
3  6145 4928 4945
3  2685 4945 4907
3  3195 3247 1831
3  1807 4476 2932
3  3208 4897 3188
3  4897 3208 3247
3  2225 4822 1832
3  2532 4822 2225
3  1523 1522 6149
3  1522 1664 6149
3  4686 4881 2721
3  4778 2721 4881
3  6149 2721 2392
3  6149 1664 2721
3  4756 2721 4778
3  4756 2722 2721
3  4706 4708 4698
3  1719 3001 4706
3  3089 1717 4712
3  3088 4738 5088
3  5088 4738 4717
3  482 6237 2907
3  3011 58 6237
3  4705 4706 4698
3  4712 1719 4710
3  1717 1719 4712
3  1719 1718 3001
3  3011 6237 5604
3  482 5604 6237
3  1718 80 3000
3  6237 58 4716
3  6237 4716 2907
3  4644 4698 4708
3  3028 4716 3087
3  5088 4713 6238
3  4696 4713 5088
3  57 5088 4717
3  4696 5088 57
3  5088 6238 4729
3  3089 6238 4713
3  4729 6238 3089
3  4738 3087 4716
3  4738 4716 4717
3  58 4717 4716
3  1506 1505 4703
3  1506 4703 1750
3  4096 1385 6239
3  1386 6239 1385
3  4097 4096 6239
3  4351 6239 1386
3  4097 6239 1895
3  1895 6239 4351
3  3785 3781 3469
3  3785 3469 569
3  569 3469 567
3  1847 1733 3667
3  87 3667 1733
3  86 3667 87
3  86 3291 3667
3  2139 2140 2270
3  2270 2140 1666
3  1189 357 6240
3  1189 6240 1202
3  356 6240 357
3  356 517 6240
3  1202 6240 517
3  1052 508 1213
3  921 1213 508
3  265 755 266
3  770 19 578

