v 85259.309 446962.903 0.002
v 85259.213 446962.900 0.002
v 85259.143 446962.840 0.002
v 85259.055 446962.912 0.002
v 85259.017 446962.878 0.002
v 85258.511 446963.146 0.002
v 85258.173 446963.602 0.002
v 85258.172 446963.658 0.002
v 85257.591 446964.168 0.002
v 85243.441 446947.623 0.002
v 85243.702 446947.401 0.002
v 85244.817 446946.447 0.002
v 85244.863 446946.502 0.002
v 85247.117 446944.581 0.002
v 85247.426 446944.318 0.002
v 85247.354 446944.235 0.002
v 85247.437 446944.162 0.002
v 85244.369 446940.582 0.002
v 85243.969 446940.116 0.002
v 85243.886 446940.188 0.002
v 85243.815 446940.105 0.002
v 85241.621 446941.985 0.002
v 85241.215 446941.511 0.002
v 85237.659 446937.361 0.002
v 85256.061 446921.684 0.002
v 85256.608 446921.485 0.002
v 85256.921 446920.991 0.002
v 85260.603 446917.866 0.002
v 85260.631 446917.908 0.002
v 85261.141 446917.628 0.002
v 85261.490 446917.180 0.002
v 85261.469 446917.131 0.002
v 85261.536 446917.067 0.002
v 85261.461 446916.990 0.002
v 85261.497 446916.955 0.002
v 85261.222 446916.430 0.002
v 85260.774 446916.089 0.002
v 85260.724 446916.098 0.002
v 85257.580 446912.438 0.002
v 85257.635 446912.413 0.002
v 85257.361 446911.913 0.002
v 85256.914 446911.567 0.002
v 85256.880 446911.614 0.002
v 85253.739 446907.933 0.002
v 85253.782 446907.896 0.002
v 85253.503 446907.392 0.002
v 85253.291 446907.225 0.002
v 85253.060 446907.041 0.002
v 85253.025 446907.110 0.002
v 85252.989 446907.028 0.002
v 85252.934 446906.994 0.002
v 85252.857 446907.071 0.002
v 85252.317 446907.309 0.002
v 85251.964 446907.761 0.002
v 85252.002 446907.804 0.002
v 85248.601 446910.675 0.002
v 85226.705 446929.326 0.002
v 85226.580 446929.432 0.002
v 85205.184 446904.201 0.002
v 85205.145 446904.154 0.002
v 85235.507 446878.291 0.002
v 85235.654 446878.459 0.002
v 85237.771 446880.869 0.002
v 85237.663 446880.989 0.002
v 85237.806 446881.162 0.002
v 85237.401 446881.367 0.002
v 85237.578 446881.544 0.002
v 85237.497 446881.658 0.002
v 85238.661 446883.020 0.002
v 85238.746 446882.965 0.002
v 85244.691 446889.916 0.002
v 85241.960 446892.266 0.002
v 85240.939 446893.145 0.002
v 85243.262 446895.921 0.002
v 85247.242 446892.515 0.002
v 85247.900 446891.951 0.002
v 85252.990 446897.865 0.002
v 85252.950 446897.900 0.002
v 85253.282 446898.501 0.002
v 85253.738 446898.964 0.002
v 85253.861 446898.879 0.002
v 85254.025 446898.909 0.002
v 85254.133 446898.890 0.002
v 85254.655 446898.596 0.002
v 85255.067 446898.033 0.002
v 85263.491 446890.805 0.002
v 85264.127 446890.512 0.002
v 85264.546 446889.971 0.002
v 85264.593 446889.881 0.002
v 85264.519 446889.797 0.002
v 85264.231 446889.158 0.002
v 85263.657 446888.787 0.002
v 85261.906 446886.721 0.002
v 85258.219 446882.503 0.002
v 85258.256 446882.471 0.002
v 85258.046 446882.104 0.002
v 85257.912 446881.869 0.002
v 85257.772 446881.675 0.002
v 85257.953 446881.519 0.002
v 85258.469 446881.076 0.002
v 85258.241 446880.809 0.002
v 85258.332 446880.731 0.002
v 85257.172 446879.368 0.002
v 85257.081 446879.446 0.002
v 85251.060 446872.370 0.002
v 85251.152 446872.292 0.002
v 85249.970 446870.908 0.002
v 85249.877 446870.984 0.002
v 85249.765 446870.850 0.002
v 85249.658 446870.722 0.002
v 85249.198 446871.092 0.002
v 85248.421 446870.163 0.002
v 85246.969 446868.429 0.002
v 85250.041 446865.743 0.002
v 85250.597 446865.530 0.002
v 85250.934 446865.046 0.002
v 85250.900 446865.008 0.002
v 85253.318 446862.943 0.002
v 85253.351 446862.981 0.002
v 85253.872 446862.744 0.002
v 85254.196 446862.261 0.002
v 85254.163 446862.222 0.002
v 85256.588 446860.150 0.002
v 85257.156 446859.935 0.002
v 85257.481 446859.455 0.002
v 85257.448 446859.417 0.002
v 85259.858 446857.359 0.002
v 85260.422 446857.155 0.002
v 85260.742 446856.669 0.002
v 85260.710 446856.631 0.002
v 85260.751 446856.595 0.002
v 85260.802 446856.553 0.002
v 85260.729 446856.469 0.002
v 85260.768 446856.437 0.002
v 85260.550 446856.076 0.002
v 85259.849 446855.725 0.002
v 85259.809 446855.757 0.002
v 85258.179 446853.757 0.002
v 85258.219 446853.725 0.002
v 85257.990 446852.967 0.002
v 85257.248 446852.705 0.002
v 85257.210 446852.736 0.002
v 85255.640 446850.836 0.002
v 85255.678 446850.804 0.002
v 85255.390 446849.997 0.002
v 85254.740 446849.757 0.002
v 85252.940 446847.597 0.002
v 85252.850 446846.986 0.002
v 85252.678 446846.823 0.002
v 85252.384 446846.541 0.002
v 85252.345 446846.573 0.002
v 85252.274 446846.490 0.002
v 85252.191 446846.562 0.002
v 85252.157 446846.524 0.002
v 85251.640 446846.810 0.002
v 85251.353 446847.214 0.002
v 85251.386 446847.253 0.002
v 85251.333 446847.299 0.002
v 85248.932 446849.366 0.002
v 85248.899 446849.329 0.002
v 85248.395 446849.603 0.002
v 85248.050 446850.059 0.002
v 85248.082 446850.097 0.002
v 85245.664 446852.179 0.002
v 85245.129 446852.415 0.002
v 85244.783 446852.872 0.002
v 85242.421 446854.971 0.002
v 85241.886 446855.206 0.002
v 85241.539 446855.663 0.002
v 85241.573 446855.701 0.002
v 85241.494 446855.770 0.002
v 85241.846 446856.180 0.002
v 85230.879 446865.655 0.002
v 85229.956 446866.448 0.002
v 85229.696 446866.146 0.002
v 85229.448 446866.361 0.002
v 85228.914 446866.597 0.002
v 85222.879 446871.713 0.002
v 85223.211 446872.097 0.002
v 85219.279 446875.482 0.002
v 85219.108 446875.629 0.002
v 85204.223 446858.188 0.002
v 85204.374 446858.058 0.002
v 85205.074 446857.461 0.002
v 85205.196 446857.356 0.002
v 85204.924 446857.040 0.002
v 85207.101 446855.182 0.002
v 85205.487 446851.886 0.002
v 85202.617 446854.335 0.002
v 85202.496 446854.194 0.002
v 85202.053 446853.675 0.002
v 85201.925 446853.786 0.002
v 85197.325 446848.398 0.002
v 85197.455 446848.287 0.002
v 85197.004 446847.759 0.002
v 85196.948 446847.692 0.002
v 85199.802 446845.257 0.002
v 85196.695 446843.213 0.002
v 85195.709 446844.053 0.002
v 85194.629 446844.976 0.002
v 85194.313 446844.606 0.002
v 85193.443 446845.348 0.002
v 85193.339 446845.437 0.002
v 85193.166 446845.233 0.002
v 85178.421 446827.956 0.002
v 85182.489 446824.502 0.002
v 85182.533 446824.554 0.002
v 85182.709 446824.761 0.002
v 85182.959 446824.547 0.002
v 85182.993 446824.585 0.002
v 85183.497 446824.314 0.002
v 85183.845 446823.860 0.002
v 85188.321 446819.991 0.002
v 85188.355 446820.029 0.002
v 85188.858 446819.758 0.002
v 85189.208 446819.304 0.002
v 85189.427 446819.053 0.002
v 85189.243 446818.837 0.002
v 85189.206 446818.794 0.002
v 85207.459 446803.287 0.002
v 85207.816 446803.708 0.002
v 85207.894 446803.641 0.002
v 85208.452 446803.390 0.002
v 85208.809 446802.929 0.002
v 85208.776 446802.891 0.002
v 85210.506 446801.421 0.002
v 85210.539 446801.459 0.002
v 85211.042 446801.188 0.002
v 85211.392 446800.735 0.002
v 85213.105 446799.214 0.002
v 85213.138 446799.252 0.002
v 85213.642 446798.981 0.002
v 85213.991 446798.527 0.002
v 85215.721 446797.057 0.002
v 85216.226 446796.786 0.002
v 85216.575 446796.331 0.002
v 85216.542 446796.294 0.002
v 85218.042 446795.017 0.002
v 85218.210 446794.876 0.002
v 85218.243 446794.913 0.002
v 85218.747 446794.642 0.002
v 85219.065 446794.150 0.002
v 85219.150 446794.076 0.002
v 85218.974 446793.714 0.002
v 85222.101 446791.058 0.002
v 85219.174 446787.692 0.002
v 85218.954 446787.433 0.002
v 85218.785 446787.576 0.002
v 85216.940 446785.403 0.002
v 85217.108 446785.261 0.002
v 85216.888 446785.003 0.002
v 85216.926 446784.969 0.002
v 85214.038 446781.571 0.002
v 85210.925 446784.241 0.002
v 85210.798 446784.138 0.002
v 85210.707 446784.063 0.002
v 85210.652 446784.076 0.002
v 85210.589 446784.003 0.002
v 85210.506 446784.075 0.002
v 85210.474 446784.037 0.002
v 85209.957 446784.296 0.002
v 85209.624 446784.766 0.002
v 85209.657 446784.804 0.002
v 85207.927 446786.290 0.002
v 85207.894 446786.252 0.002
v 85207.377 446786.510 0.002
v 85206.976 446787.040 0.002
v 85205.618 446788.270 0.002
v 85196.669 446777.791 0.002
v 85177.618 446755.412 0.002
v 85177.656 446755.380 0.002
v 85178.837 446754.392 0.002
v 85178.869 446754.430 0.002
v 85179.392 446754.179 0.002
v 85179.719 446753.701 0.002
v 85179.687 446753.662 0.002
v 85181.682 446751.950 0.002
v 85182.237 446751.738 0.002
v 85182.570 446751.280 0.002
v 85182.538 446751.243 0.002
v 85182.635 446751.171 0.002
v 85182.564 446751.075 0.002
v 85182.602 446751.041 0.002
v 85182.497 446750.851 0.002
v 85182.316 446750.524 0.002
v 85181.854 446750.169 0.002
v 85181.816 446750.201 0.002
v 85180.201 446748.320 0.002
v 85180.239 446748.287 0.002
v 85179.965 446747.783 0.002
v 85179.508 446747.438 0.002
v 85177.771 446745.489 0.002
v 85177.809 446745.456 0.002
v 85177.528 446744.945 0.002
v 85177.066 446744.592 0.002
v 85176.865 446744.435 0.002
v 85177.018 446744.121 0.002
v 85178.237 446741.622 0.002
v 85176.723 446740.027 0.002
v 85175.586 446742.405 0.002
v 85175.445 446742.702 0.002
v 85175.171 446742.198 0.002
v 85174.830 446741.927 0.002
v 85174.717 446741.838 0.002
v 85174.650 446741.820 0.002
v 85174.564 446741.887 0.002
v 85174.529 446741.851 0.002
v 85174.029 446742.124 0.002
v 85173.679 446742.583 0.002
v 85173.714 446742.620 0.002
v 85171.726 446744.318 0.002
v 85171.143 446744.517 0.002
v 85170.822 446744.991 0.002
v 85170.857 446745.027 0.002
v 85163.895 446750.971 0.002
v 85163.860 446750.934 0.002
v 85163.352 446751.214 0.002
v 85163.018 446751.688 0.002
v 85163.052 446751.723 0.002
v 85161.066 446753.394 0.002
v 85161.031 446753.357 0.002
v 85160.502 446753.615 0.002
v 85160.152 446754.075 0.002
v 85160.187 446754.110 0.002
v 85153.211 446760.054 0.002
v 85153.176 446760.019 0.002
v 85152.668 446760.299 0.002
v 85152.325 446760.765 0.002
v 85152.360 446760.800 0.002
v 85150.371 446762.469 0.002
v 85149.824 446762.709 0.002
v 85149.725 446762.856 0.002
v 85149.532 446763.213 0.002
v 85149.451 446763.288 0.002
v 85149.502 446763.360 0.002
v 85149.451 446763.402 0.002
v 85149.727 446763.908 0.002
v 85150.190 446764.251 0.002
v 85151.824 446766.106 0.002
v 85152.088 446766.653 0.002
v 85152.560 446766.946 0.002
v 85152.545 446766.997 0.002
v 85154.233 446768.981 0.002
v 85154.517 446769.493 0.002
v 85154.979 446769.786 0.002
v 85154.962 446769.834 0.002
v 85156.604 446771.700 0.002
v 85156.865 446772.249 0.002
v 85157.343 446772.576 0.002
v 85157.435 446772.645 0.002
v 85157.547 446772.610 0.002
v 85157.821 446772.461 0.002
v 85158.050 446772.336 0.002
v 85158.398 446771.890 0.002
v 85160.366 446770.159 0.002
v 85160.893 446769.929 0.002
v 85161.259 446769.465 0.002
v 85161.229 446769.421 0.002
v 85164.390 446766.717 0.002
v 85164.540 446766.892 0.002
v 85170.160 446773.447 0.002
v 85170.233 446773.533 0.002
v 85169.533 446774.127 0.002
v 85169.965 446774.542 0.002
v 85169.784 446774.698 0.002
v 85172.935 446778.365 0.002
v 85173.001 446778.300 0.002
v 85173.081 446778.389 0.002
v 85173.601 446777.947 0.002
v 85177.442 446774.684 0.002
v 85177.785 446774.394 0.002
v 85196.323 446796.198 0.002
v 85179.079 446810.894 0.002
v 85178.941 446811.011 0.002
v 85176.660 446808.378 0.002
v 85176.819 446808.240 0.002
v 85177.112 446807.986 0.002
v 85176.850 446807.741 0.002
v 85176.973 446807.653 0.002
v 85175.816 446806.279 0.002
v 85175.723 446806.333 0.002
v 85169.705 446799.299 0.002
v 85169.789 446799.211 0.002
v 85168.636 446797.839 0.002
v 85168.539 446797.899 0.002
v 85168.504 446797.859 0.002
v 85168.412 446797.752 0.002
v 85168.322 446797.646 0.002
v 85167.617 446798.254 0.002
v 85167.463 446798.054 0.002
v 85166.886 446797.692 0.002
v 85161.512 446791.404 0.002
v 85161.547 446791.364 0.002
v 85161.221 446790.760 0.002
v 85160.633 446790.373 0.002
v 85160.561 446790.291 0.002
v 85160.475 446790.364 0.002
v 85159.836 446790.653 0.002
v 85159.421 446791.205 0.002
v 85159.455 446791.241 0.002
v 85150.982 446798.438 0.002
v 85150.350 446798.725 0.002
v 85150.121 446799.029 0.002
v 85149.972 446799.305 0.002
v 85149.869 446799.385 0.002
v 85149.914 446799.481 0.002
v 85150.232 446800.120 0.002
v 85150.782 446800.532 0.002
v 85155.859 446806.438 0.002
v 85151.939 446809.781 0.002
v 85153.812 446812.910 0.002
v 85157.614 446809.640 0.002
v 85157.720 446809.549 0.002
v 85164.867 446817.861 0.002
v 85165.974 446819.149 0.002
v 85167.395 446820.803 0.002
v 85152.379 446833.623 0.002
v 85152.219 446833.435 0.002
v 85151.683 446832.806 0.002
v 85151.011 446832.017 0.002
v 85148.710 446829.313 0.002
v 85148.364 446829.600 0.002
v 85145.561 446826.304 0.002
v 85145.630 446826.247 0.002
v 85143.231 446823.432 0.002
v 85143.162 446823.490 0.002
v 85140.576 446820.458 0.002
v 85140.114 446819.916 0.002
v 85139.915 446820.087 0.002
v 85137.060 446822.517 0.002
v 85136.941 446822.619 0.002
v 85122.942 446806.193 0.002
v 85126.020 446803.554 0.002
v 85126.582 446803.314 0.002
v 85126.927 446802.846 0.002
v 85126.982 446802.739 0.002
v 85126.914 446802.663 0.002
v 85126.947 446802.619 0.002
v 85126.677 446802.123 0.002
v 85126.221 446801.771 0.002
v 85119.126 446793.490 0.002
v 85119.179 446793.445 0.002
v 85118.973 446793.066 0.002
v 85118.540 446792.731 0.002
v 85118.488 446792.778 0.002
v 85118.389 446792.691 0.002
v 85118.311 446792.757 0.002
v 85118.277 446792.719 0.002
v 85117.778 446792.981 0.002
v 85117.472 446793.471 0.002
v 85113.675 446796.706 0.002
v 85113.641 446796.669 0.002
v 85113.135 446796.937 0.002
v 85112.789 446797.395 0.002
v 85112.821 446797.434 0.002
v 85109.015 446800.675 0.002
v 85108.983 446800.637 0.002
v 85108.475 446800.905 0.002
v 85108.137 446801.356 0.002
v 85108.170 446801.395 0.002
v 85104.340 446804.593 0.002
v 85103.825 446804.868 0.002
v 85103.581 446805.185 0.002
v 85103.464 446805.339 0.002
v 85103.497 446805.377 0.002
v 85103.468 446805.456 0.002
v 85103.429 446805.490 0.002
v 85103.696 446805.998 0.002
v 85104.154 446806.343 0.002
v 85104.192 446806.310 0.002
v 85106.037 446808.484 0.002
v 85106.265 446809.024 0.002
v 85106.723 446809.369 0.002
v 85106.761 446809.336 0.002
v 85108.594 446811.494 0.002
v 85108.830 446812.041 0.002
v 85109.280 446812.381 0.002
v 85109.318 446812.347 0.002
v 85111.156 446814.512 0.002
v 85111.119 446814.546 0.002
v 85111.438 446815.114 0.002
v 85111.849 446815.407 0.002
v 85111.888 446815.374 0.002
v 85111.959 446815.458 0.002
v 85112.367 446815.105 0.002
v 85112.814 446814.718 0.002
v 85112.956 446814.886 0.002
v 85114.530 446816.738 0.002
v 85114.784 446817.205 0.002
v 85115.219 446817.530 0.002
v 85120.486 446823.709 0.002
v 85120.733 446824.170 0.002
v 85121.152 446824.508 0.002
v 85122.477 446826.034 0.002
v 85122.708 446826.493 0.002
v 85123.136 446826.812 0.002
v 85128.418 446832.991 0.002
v 85128.656 446833.472 0.002
v 85129.085 446833.791 0.002
v 85130.387 446835.321 0.002
v 85130.625 446835.801 0.002
v 85131.045 446836.127 0.002
v 85136.328 446842.308 0.002
v 85136.589 446842.769 0.002
v 85137.011 446843.079 0.002
v 85138.765 446845.144 0.002
v 85136.267 446847.269 0.002
v 85136.234 446847.231 0.002
v 85135.707 446847.520 0.002
v 85135.367 446847.968 0.002
v 85135.405 446848.015 0.002
v 85135.314 446848.093 0.002
v 85135.378 446848.169 0.002
v 85135.602 446848.701 0.002
v 85136.104 446849.023 0.002
v 85137.210 446850.326 0.002
v 85137.440 446850.865 0.002
v 85137.936 446851.179 0.002
v 85141.236 446855.067 0.002
v 85141.199 446855.100 0.002
v 85141.466 446855.607 0.002
v 85141.924 446855.954 0.002
v 85141.961 446855.921 0.002
v 85143.074 446857.231 0.002
v 85143.037 446857.265 0.002
v 85143.310 446857.779 0.002
v 85143.800 446858.085 0.002
v 85143.878 446858.176 0.002
v 85143.961 446858.106 0.002
v 85143.994 446858.144 0.002
v 85144.315 446857.973 0.002
v 85144.509 446857.870 0.002
v 85144.847 446857.420 0.002
v 85146.120 446856.275 0.002
v 85146.659 446856.046 0.002
v 85146.974 446855.551 0.002
v 85150.864 446852.253 0.002
v 85151.404 446852.024 0.002
v 85151.749 446851.567 0.002
v 85153.022 446850.422 0.002
v 85153.561 446850.193 0.002
v 85153.908 446849.735 0.002
v 85153.876 446849.697 0.002
v 85153.968 446849.619 0.002
v 85153.830 446849.467 0.002
v 85153.628 446849.244 0.002
v 85154.017 446848.913 0.002
v 85153.977 446848.868 0.002
v 85157.073 446846.240 0.002
v 85157.111 446846.286 0.002
v 85157.705 446845.782 0.002
v 85157.666 446845.735 0.002
v 85160.777 446843.094 0.002
v 85160.816 446843.140 0.002
v 85161.426 446842.623 0.002
v 85161.386 446842.577 0.002
v 85164.512 446839.924 0.002
v 85164.552 446839.969 0.002
v 85165.138 446839.471 0.002
v 85165.100 446839.425 0.002
v 85168.210 446836.784 0.002
v 85168.248 446836.830 0.002
v 85168.536 446836.588 0.002
v 85168.656 446836.729 0.002
v 85168.710 446836.700 0.002
v 85171.801 446840.320 0.002
v 85171.754 446840.359 0.002
v 85172.483 446841.210 0.002
v 85172.527 446841.171 0.002
v 85175.618 446844.791 0.002
v 85175.573 446844.830 0.002
v 85176.300 446845.683 0.002
v 85176.345 446845.644 0.002
v 85179.442 446849.271 0.002
v 85179.397 446849.310 0.002
v 85180.125 446850.162 0.002
v 85180.171 446850.123 0.002
v 85183.036 446853.480 0.002
v 85183.257 446853.740 0.002
v 85183.212 446853.778 0.002
v 85183.430 446854.033 0.002
v 85182.854 446854.508 0.002
v 85181.724 446855.441 0.002
v 85181.883 446855.615 0.002
v 85181.343 446855.898 0.002
v 85181.149 446855.999 0.002
v 85181.379 446856.270 0.002
v 85181.132 446856.782 0.002
v 85181.555 446857.275 0.002
v 85182.094 446857.092 0.002
v 85182.159 446857.167 0.002
v 85182.487 446857.231 0.002
v 85190.910 446867.133 0.002
v 85190.933 446867.455 0.002
v 85190.999 446867.530 0.002
v 85190.758 446868.050 0.002
v 85191.172 446868.537 0.002
v 85191.705 446868.360 0.002
v 85191.969 446868.687 0.002
v 85192.637 446868.131 0.002
v 85194.268 446866.774 0.002
v 85194.427 446866.963 0.002
v 85194.473 446866.924 0.002
v 85194.776 446867.279 0.002
v 85197.563 446870.559 0.002
v 85197.518 446870.598 0.002
v 85198.243 446871.452 0.002
v 85198.290 446871.413 0.002
v 85201.379 446875.049 0.002
v 85201.333 446875.086 0.002
v 85202.058 446875.941 0.002
v 85202.104 446875.902 0.002
v 85205.186 446879.528 0.002
v 85205.141 446879.567 0.002
v 85205.873 446880.429 0.002
v 85205.918 446880.390 0.002
v 85208.980 446883.994 0.002
v 85208.935 446884.033 0.002
v 85208.995 446884.103 0.002
v 85209.085 446884.209 0.002
v 85208.801 446884.446 0.002
v 85208.840 446884.493 0.002
v 85205.707 446887.137 0.002
v 85205.669 446887.092 0.002
v 85205.072 446887.596 0.002
v 85205.112 446887.641 0.002
v 85201.993 446890.273 0.002
v 85201.955 446890.227 0.002
v 85201.360 446890.731 0.002
v 85201.397 446890.777 0.002
v 85198.280 446893.408 0.002
v 85198.242 446893.363 0.002
v 85197.646 446893.865 0.002
v 85197.684 446893.912 0.002
v 85194.584 446896.532 0.002
v 85194.544 446896.485 0.002
v 85194.155 446896.814 0.002
v 85193.841 446896.413 0.002
v 85193.749 446896.491 0.002
v 85193.716 446896.454 0.002
v 85193.209 446896.719 0.002
v 85192.863 446897.178 0.002
v 85191.591 446898.321 0.002
v 85191.558 446898.283 0.002
v 85191.049 446898.550 0.002
v 85190.703 446899.007 0.002
v 85186.813 446902.304 0.002
v 85186.305 446902.571 0.002
v 85185.990 446903.067 0.002
v 85184.653 446904.133 0.002
v 85184.153 446904.394 0.002
v 85184.024 446904.578 0.002
v 85183.831 446904.895 0.002
v 85183.754 446904.960 0.002
v 85183.810 446905.028 0.002
v 85184.046 446905.575 0.002
v 85184.511 446905.929 0.002
v 85185.649 446907.192 0.002
v 85185.885 446907.740 0.002
v 85186.336 446908.079 0.002
v 85186.373 446908.046 0.002
v 85189.674 446911.934 0.002
v 85189.903 446912.473 0.002
v 85190.362 446912.820 0.002
v 85191.469 446914.123 0.002
v 85191.735 446914.631 0.002
v 85192.193 446914.977 0.002
v 85192.311 446915.021 0.002
v 85192.395 446914.951 0.002
v 85192.433 446914.997 0.002
v 85192.745 446914.832 0.002
v 85192.959 446914.719 0.002
v 85193.315 446914.273 0.002
v 85193.282 446914.235 0.002
v 85195.775 446912.101 0.002
v 85195.909 446912.258 0.002
v 85197.497 446914.142 0.002
v 85197.738 446914.580 0.002
v 85198.157 446914.920 0.002
v 85205.398 446923.464 0.002
v 85205.645 446923.925 0.002
v 85206.058 446924.241 0.002
v 85207.388 446925.775 0.002
v 85207.641 446926.243 0.002
v 85208.041 446926.559 0.002
v 85215.334 446935.072 0.002
v 85215.580 446935.533 0.002
v 85216.002 446935.843 0.002
v 85217.313 446937.368 0.002
v 85217.565 446937.835 0.002
v 85217.993 446938.153 0.002
v 85225.264 446946.672 0.002
v 85225.525 446947.148 0.002
v 85225.945 446947.472 0.002
v 85227.261 446949.019 0.002
v 85227.514 446949.486 0.002
v 85227.927 446949.804 0.002
v 85235.191 446958.314 0.002
v 85235.445 446958.783 0.002
v 85235.865 446959.107 0.002
v 85237.175 446960.632 0.002
v 85237.421 446961.092 0.002
v 85237.850 446961.425 0.002
v 85245.114 446969.935 0.002
v 85245.345 446970.395 0.002
v 85245.774 446970.727 0.002
v 85247.553 446972.744 0.002
v 85246.774 446973.446 0.002
v 85246.847 446973.533 0.002
v 85247.086 446974.080 0.002
v 85247.546 446974.425 0.002
v 85247.583 446974.391 0.002
v 85249.437 446976.555 0.002
v 85249.400 446976.589 0.002
v 85249.663 446977.088 0.002
v 85250.166 446977.407 0.002
v 85252.008 446979.554 0.002
v 85252.240 446980.094 0.002
v 85252.705 446980.446 0.002
v 85252.744 446980.412 0.002
v 85254.585 446982.562 0.002
v 85254.546 446982.594 0.002
v 85254.816 446983.101 0.002
v 85255.314 446983.412 0.002
v 85255.370 446983.477 0.002
v 85255.441 446983.417 0.002
v 85255.789 446983.284 0.002
v 85255.976 446983.183 0.002
v 85256.408 446982.657 0.002
v 85256.376 446982.619 0.002
v 85257.677 446981.508 0.002
v 85257.898 446981.766 0.002
v 85258.490 446981.261 0.002
v 85258.317 446981.027 0.002
v 85258.822 446980.754 0.002
v 85259.144 446980.256 0.002
v 85261.129 446978.560 0.002
v 85261.166 446978.596 0.002
v 85261.665 446978.326 0.002
v 85261.982 446977.834 0.002
v 85263.974 446976.132 0.002
v 85264.006 446976.171 0.002
v 85264.503 446975.904 0.002
v 85264.851 446975.450 0.002
v 85264.817 446975.412 0.002
v 85264.983 446975.270 0.002
v 85266.843 446973.748 0.002
v 85267.346 446973.476 0.002
v 85267.703 446973.015 0.002
v 85267.670 446972.977 0.002
v 85267.768 446972.892 0.002
v 85267.590 446972.795 0.002
v 85267.551 446972.722 0.002
v 85267.319 446972.291 0.002
v 85266.933 446971.946 0.002
v 85265.918 446970.775 0.002
v 85265.928 446970.723 0.002
v 85265.686 446970.215 0.002
v 85265.166 446969.887 0.002
v 85261.731 446965.852 0.002
v 85261.469 446965.304 0.002
v 85261.027 446964.959 0.002
v 85260.978 446964.972 0.002
v 85259.965 446963.784 0.002
v 85259.860 446963.537 0.002
v 85259.703 446963.239 0.002
v 85195.022 446857.179 0.002
v 85193.983 446857.151 0.002
v 85192.748 446857.117 0.002
v 85192.490 446856.285 0.002
v 85192.609 446856.172 0.002
v 85192.951 446854.856 0.002
v 85193.257 446855.421 0.002
v 85193.344 446854.434 0.002
v 85193.573 446854.685 0.002
v 85195.391 446856.687 0.002
v 85194.753 446856.638 0.002
v 85146.974 446855.551 15.585
v 85146.659 446856.046 15.349
v 85146.120 446856.275 15.597
v 85144.315 446857.973 15.446
v 85144.315 446857.973 14.098
v 85143.931 446857.529 14.097
v 85143.931 446857.529 15.906
v 85143.931 446857.529 16.263
v 85143.231 446823.432 15.395
v 85145.630 446826.247 15.423
v 85145.561 446826.304 15.551
v 85197.325 446848.398 16.445
v 85201.925 446853.786 16.444
v 85143.994 446858.144 14.098
v 85143.961 446858.106 14.098
v 85143.878 446858.176 14.098
v 85194.629 446844.976 15.198
v 85195.709 446844.053 13.625
v 85195.749 446844.093 14.144
v 85195.749 446844.093 13.621
v 85195.709 446844.053 14.144
v 85144.124 446857.364 16.262
v 85143.800 446858.085 14.097
v 85143.310 446857.779 14.097
v 85255.370 446983.477 14.093
v 85255.314 446983.412 14.093
v 85254.816 446983.101 14.093
v 85143.037 446857.265 14.096
v 85143.074 446857.231 14.096
v 85141.961 446855.921 14.093
v 85141.924 446855.954 14.093
v 85144.847 446857.420 15.546
v 85144.509 446857.870 15.379
v 85226.580 446929.432 15.535
v 85226.705 446929.326 14.133
v 85226.705 446929.326 15.304
v 85205.184 446904.201 15.471
v 85141.199 446855.100 14.092
v 85141.236 446855.067 14.092
v 85141.466 446855.607 14.092
v 85218.674 446793.758 15.781
v 85218.674 446793.758 16.365
v 85218.357 446794.028 16.363
v 85211.047 446784.442 15.461
v 85211.047 446784.442 14.107
v 85211.047 446784.442 6.758
v 85218.674 446793.758 6.767
v 85135.838 446848.158 14.079
v 85135.838 446848.158 15.773
v 85137.936 446851.179 14.084
v 85137.440 446850.865 14.083
v 85136.104 446849.023 14.080
v 85135.602 446848.701 14.079
v 85137.210 446850.326 14.083
v 85135.880 446848.121 14.079
v 85135.880 446848.121 15.852
v 85135.378 446848.169 14.079
v 85135.314 446848.093 14.078
v 85123.136 446826.812 14.045
v 85122.708 446826.493 14.044
v 85131.045 446836.127 14.062
v 85130.625 446835.801 14.062
v 85135.707 446847.520 14.078
v 85136.234 446847.231 14.079
v 85136.267 446847.269 14.079
v 85135.405 446848.015 14.078
v 85135.367 446847.968 14.078
v 85137.011 446843.079 14.076
v 85136.589 446842.769 14.075
v 85138.765 446845.144 14.080
v 85126.927 446802.846 15.466
v 85126.582 446803.314 15.276
v 85126.927 446802.846 15.675
v 85126.835 446802.732 15.671
v 85118.277 446792.719 15.235
v 85118.311 446792.757 15.306
v 85136.328 446842.308 14.074
v 85119.179 446793.445 15.366
v 85119.126 446793.490 15.464
v 85118.973 446793.066 15.240
v 85118.488 446792.778 15.497
v 85118.488 446792.778 15.490
v 85118.540 446792.731 15.397
v 85130.387 446835.321 14.061
v 85129.085 446833.791 14.058
v 85128.656 446833.472 14.057
v 85128.418 446832.991 14.056
v 85136.941 446822.619 15.528
v 85137.060 446822.517 15.307
v 85122.942 446806.193 15.481
v 85113.641 446796.669 15.235
v 85113.675 446796.706 15.305
v 85113.135 446796.937 15.060
v 85121.152 446824.508 14.040
v 85120.733 446824.170 14.039
v 85122.477 446826.034 14.043
v 85120.486 446823.709 14.039
v 85115.219 446817.530 14.027
v 85114.784 446817.205 14.026
v 85114.530 446816.738 14.025
v 85108.475 446800.905 15.060
v 85108.983 446800.637 15.235
v 85109.015 446800.675 15.305
v 85112.367 446815.105 15.530
v 85112.367 446815.105 14.021
v 85112.143 446814.853 14.021
v 85112.143 446814.853 16.003
v 85111.959 446815.458 14.021
v 85111.888 446815.374 14.021
v 85111.849 446815.407 14.021
v 85111.438 446815.114 14.020
v 85111.156 446814.512 14.019
v 85109.318 446812.347 14.015
v 85109.280 446812.381 14.015
v 85111.119 446814.546 14.019
v 85112.956 446814.886 15.230
v 85112.956 446814.886 14.022
v 85112.814 446814.718 15.539
v 85108.830 446812.041 14.014
v 85108.594 446811.494 14.014
v 85106.761 446809.336 14.010
v 85106.723 446809.369 14.010
v 85153.628 446849.244 15.402
v 85153.830 446849.467 14.977
v 85148.781 446849.107 20.736
v 85148.781 446849.107 19.964
v 85153.830 446849.467 15.773
v 85106.265 446809.024 14.009
v 85104.192 446806.310 14.004
v 85104.154 446806.343 14.004
v 85106.037 446808.484 14.008
v 85103.696 446805.998 14.003
v 85103.429 446805.490 14.002
v 85103.468 446805.456 14.002
v 85103.793 446805.424 15.625
v 85103.793 446805.424 14.002
v 85103.581 446805.185 14.002
v 85103.581 446805.185 15.177
v 85103.497 446805.377 14.002
v 85103.464 446805.339 14.002
v 85103.825 446804.868 15.059
v 85122.942 446806.193 15.491
v 85116.907 446805.691 21.500
v 85108.137 446801.356 15.234
v 85108.170 446801.395 15.305
v 85117.790 446801.977 24.679
v 85112.821 446797.434 15.306
v 85112.789 446797.395 15.235
v 85226.668 446929.861 14.133
v 85226.668 446929.861 15.835
v 85248.601 446910.675 14.119
v 85126.947 446802.619 15.446
v 85126.914 446802.663 15.522
v 85126.677 446802.123 15.282
v 85117.472 446793.471 15.305
v 85117.778 446792.981 15.061
v 85126.982 446802.739 15.519
v 85118.389 446792.691 15.306
v 85267.346 446973.476 15.324
v 85266.843 446973.748 15.493
v 85169.784 446774.698 17.088
v 85169.965 446774.542 17.401
v 85150.782 446800.532 13.824
v 85150.232 446800.120 13.606
v 85126.020 446803.554 15.531
v 85143.162 446823.490 15.525
v 85126.221 446801.771 15.448
v 85225.264 446946.672 15.282
v 85217.993 446938.153 15.286
v 85139.915 446820.087 14.112
v 85139.915 446820.087 15.360
v 85147.708 446831.853 50.858
v 85147.708 446831.853 18.388
v 85148.373 446829.768 15.738
v 85148.373 446829.768 45.682
v 85140.576 446820.458 15.495
v 85140.576 446820.458 14.112
v 85151.727 446838.906 20.550
v 85151.727 446838.906 21.542
v 85150.458 446838.510 21.541
v 85156.704 446808.634 20.423
v 85156.704 446808.634 19.581
v 85156.704 446808.634 10.722
v 85156.305 446808.193 10.732
v 85156.305 446808.193 12.781
v 85156.305 446808.193 19.555
v 85147.101 446833.190 51.723
v 85147.101 446833.190 51.481
v 85147.389 446832.889 51.548
v 85148.364 446829.600 15.591
v 85148.406 446829.661 45.417
v 85148.406 446829.661 15.603
v 85148.364 446829.600 45.377
v 85164.552 446839.969 15.427
v 85164.512 446839.924 15.512
v 85152.178 446833.719 45.819
v 85152.178 446833.719 15.317
v 85152.422 446833.973 15.817
v 85152.422 446833.973 45.740
v 85189.206 446818.794 15.629
v 85189.243 446818.837 14.085
v 85189.243 446818.837 15.549
v 85157.115 446808.259 20.392
v 85149.914 446799.481 13.848
v 85159.455 446791.241 14.000
v 85159.421 446791.205 13.928
v 85150.982 446798.438 14.008
v 85149.869 446799.385 13.888
v 85149.972 446799.305 14.072
v 85150.121 446799.029 13.855
v 85150.121 446799.029 14.486
v 85209.859 446884.172 16.028
v 85209.859 446884.172 14.107
v 85194.821 446866.746 14.109
v 85194.821 446866.746 15.779
v 85167.846 446820.848 17.192
v 85167.846 446820.848 15.732
v 85167.395 446820.803 15.267
v 85167.395 446820.803 17.209
v 85168.008 446820.710 17.176
v 85168.008 446820.710 16.032
v 85168.008 446820.710 15.731
v 85172.388 446815.487 23.190
v 85172.388 446815.487 21.541
v 85171.126 446816.584 21.541
v 85171.126 446816.584 23.211
v 85157.624 446772.223 15.778
v 85157.624 446772.223 15.774
v 85158.242 446763.911 24.069
v 85159.836 446790.653 13.710
v 85160.475 446790.364 13.986
v 85161.221 446790.760 13.884
v 85161.547 446791.364 14.090
v 85161.512 446791.404 14.166
v 85157.435 446772.645 14.034
v 85157.343 446772.576 14.034
v 85160.633 446790.373 14.142
v 85160.633 446790.373 14.158
v 85160.277 446794.631 18.457
v 85179.079 446810.894 15.307
v 85196.323 446796.198 15.259
v 85196.323 446796.198 15.307
v 85166.886 446797.692 14.196
v 85167.463 446798.054 13.911
v 85167.617 446798.254 13.930
v 85168.322 446797.646 12.617
v 85173.081 446778.389 16.999
v 85173.001 446778.300 16.999
v 85172.935 446778.365 16.879
v 85168.539 446797.899 19.459
v 85168.636 446797.839 19.297
v 85247.220 446973.449 15.767
v 85247.220 446973.449 15.740
v 85247.220 446973.449 14.094
v 85247.808 446972.730 14.094
v 85247.808 446972.730 15.532
v 85253.703 446973.147 21.515
v 85253.703 446973.147 21.351
v 85247.808 446972.730 15.591
v 85169.789 446799.211 19.315
v 85169.705 446799.299 19.489
v 85151.011 446832.017 48.704
v 85151.011 446832.017 45.143
v 85151.683 446832.806 46.094
v 85151.683 446832.806 48.629
v 85175.723 446806.333 19.463
v 85175.816 446806.279 19.312
v 85176.973 446807.653 19.326
v 85176.850 446807.741 19.545
v 85179.034 446811.377 16.865
v 85179.034 446811.377 15.793
v 85178.875 446811.513 15.793
v 85178.875 446811.513 16.087
v 85178.875 446811.513 16.857
v 85171.198 446814.270 23.176
v 85171.198 446814.270 21.540
v 85177.112 446807.986 19.487
v 85177.656 446755.380 15.476
v 85177.618 446755.412 15.477
v 85170.233 446773.533 16.869
v 85170.160 446773.447 14.049
v 85170.160 446773.447 16.703
v 85169.533 446774.127 16.885
v 85156.865 446772.249 14.033
v 85156.604 446771.700 14.032
v 85154.962 446769.834 14.029
v 85160.561 446790.291 13.987
v 85170.689 446772.996 14.050
v 85170.689 446772.996 15.910
v 85170.689 446772.996 16.689
v 85170.565 446772.868 14.049
v 85170.565 446772.868 16.161
v 85179.687 446753.662 15.457
v 85179.719 446753.701 15.386
v 85179.392 446754.179 15.175
v 85168.243 446820.510 17.152
v 85168.243 446820.510 16.468
v 85161.229 446769.421 15.479
v 85161.259 446769.465 15.406
v 85150.350 446798.725 13.735
v 85164.540 446766.892 15.158
v 85164.540 446766.892 14.037
v 85164.390 446766.717 15.483
v 85158.050 446772.336 15.270
v 85157.821 446772.461 14.034
v 85157.821 446772.461 15.345
v 85157.624 446772.223 14.034
v 85160.893 446769.929 15.244
v 85158.398 446771.890 15.428
v 85160.366 446770.159 15.479
v 85157.547 446772.610 14.034
v 85182.237 446751.738 15.184
v 85181.682 446751.950 15.464
v 85154.979 446769.786 14.029
v 85160.777 446843.094 15.503
v 85157.666 446845.735 15.496
v 85154.517 446769.493 14.028
v 85154.233 446768.981 14.027
v 85152.668 446760.299 15.043
v 85153.176 446760.019 15.209
v 85153.211 446760.054 15.280
v 85152.545 446766.997 14.023
v 85152.560 446766.946 14.023
v 85152.088 446766.653 14.022
v 85151.824 446766.106 14.021
v 85150.190 446764.251 14.018
v 85150.058 446763.250 14.017
v 85150.058 446763.250 15.828
v 85149.727 446763.908 14.017
v 85139.283 446845.126 15.772
v 85139.283 446845.126 15.863
v 85139.324 446845.175 15.863
v 85139.283 446845.126 14.080
v 85149.824 446762.709 15.029
v 85150.371 446762.469 15.273
v 85149.451 446763.402 14.016
v 85149.502 446763.360 14.016
v 85149.532 446763.213 14.016
v 85149.725 446762.856 14.016
v 85149.725 446762.856 15.096
v 85149.451 446763.288 14.016
v 85196.669 446777.791 15.542
v 85205.618 446788.270 15.437
v 85205.618 446788.270 15.507
v 85177.618 446755.412 15.548
v 85171.638 446754.867 21.504
v 85152.325 446760.765 15.232
v 85152.360 446760.800 15.303
v 85160.187 446754.110 15.285
v 85160.152 446754.075 15.214
v 85160.502 446753.615 15.040
v 85161.031 446753.357 15.248
v 85161.066 446753.394 15.319
v 85163.352 446751.214 15.071
v 85163.860 446750.934 15.237
v 85163.895 446750.971 15.308
v 85163.052 446751.723 15.345
v 85163.018 446751.688 15.274
v 85235.654 446878.459 15.270
v 85235.507 446878.291 15.584
v 85177.066 446744.592 15.459
v 85177.528 446744.945 15.289
v 85170.857 446745.027 15.300
v 85170.822 446744.991 15.229
v 85177.809 446745.456 15.458
v 85177.771 446745.489 15.529
v 85173.714 446742.620 15.331
v 85173.679 446742.583 15.260
v 85171.726 446744.318 15.334
v 85171.143 446744.517 15.013
v 85193.263 446905.687 24.787
v 85193.263 446905.687 24.771
v 85193.289 446905.310 24.388
v 85175.618 446844.791 14.028
v 85172.527 446841.171 14.030
v 85174.029 446742.124 15.085
v 85174.529 446741.851 15.251
v 85174.564 446741.887 15.322
v 85174.650 446741.820 15.328
v 85174.830 446741.927 15.610
v 85174.830 446741.927 15.405
v 85174.719 446742.022 15.611
v 85174.717 446741.838 15.409
v 85175.171 446742.198 15.289
v 85175.586 446742.405 1.551
v 85176.723 446740.027 1.459
v 85178.237 446741.622 1.438
v 85179.965 446747.783 15.289
v 85180.239 446748.287 15.458
v 85180.201 446748.320 15.529
v 85181.854 446750.169 15.458
v 85182.316 446750.524 15.290
v 85181.816 446750.201 15.529
v 85175.586 446742.405 15.034
v 85177.018 446744.121 1.535
v 85177.018 446744.121 15.078
v 85175.445 446742.702 15.459
v 85176.865 446744.435 15.530
v 85179.508 446747.438 15.460
v 85182.564 446751.075 15.592
v 85182.635 446751.171 15.425
v 85182.538 446751.243 15.438
v 85178.837 446754.392 15.453
v 85182.602 446751.041 15.593
v 85182.497 446750.851 15.396
v 85173.601 446777.947 17.893
v 85173.601 446777.947 17.297
v 85182.497 446750.851 15.893
v 85182.236 446751.079 15.887
v 85182.570 446751.280 15.368
v 85178.869 446754.430 15.383
v 85248.932 446849.366 15.361
v 85251.333 446847.299 14.601
v 85251.333 446847.299 15.357
v 85205.145 446904.154 15.471
v 85205.145 446904.154 15.557
v 85206.976 446787.040 15.360
v 85207.377 446786.510 15.159
v 85208.021 446797.256 22.252
v 85208.021 446797.256 21.552
v 85208.395 446796.937 22.254
v 85209.624 446784.766 15.347
v 85209.957 446784.296 15.147
v 85207.894 446786.252 15.356
v 85207.927 446786.290 15.427
v 85210.652 446784.076 14.106
v 85210.707 446784.063 14.106
v 85210.798 446784.138 14.106
v 85210.506 446784.075 15.414
v 85210.589 446784.003 15.414
v 85210.652 446784.076 15.550
v 85209.657 446784.804 15.419
v 85256.266 446974.161 24.773
v 85210.474 446784.037 15.343
v 85168.412 446797.752 19.314
v 85168.412 446797.752 12.616
v 85168.504 446797.859 19.520
v 85216.888 446785.003 6.841
v 85217.108 446785.261 6.841
v 85210.925 446784.241 6.759
v 85214.038 446781.571 6.837
v 85210.925 446784.241 14.106
v 85216.926 446784.969 6.842
v 85216.940 446785.403 6.837
v 85218.747 446794.642 15.357
v 85218.243 446794.913 15.523
v 85218.210 446794.876 15.594
v 85218.042 446795.017 15.594
v 85218.785 446787.576 6.840
v 85218.954 446787.433 6.844
v 85219.174 446787.692 6.845
v 85222.101 446791.058 6.850
v 85218.974 446793.714 6.772
v 85219.065 446794.150 15.595
v 85216.226 446796.786 15.352
v 85215.721 446797.057 15.519
v 85218.934 446794.076 15.792
v 85218.934 446794.076 6.767
v 85219.150 446794.076 6.771
v 85219.150 446794.076 15.596
v 85213.642 446798.981 15.348
v 85213.138 446799.252 15.514
v 85213.105 446799.214 15.585
v 85199.802 446845.257 13.568
v 85196.948 446847.692 14.638
v 85197.004 446847.759 14.640
v 85213.991 446798.527 15.516
v 85216.575 446796.331 15.520
v 85216.542 446796.294 15.591
v 85211.392 446800.735 15.512
v 85211.042 446801.188 15.344
v 85208.343 446797.641 21.553
v 85208.343 446797.641 20.845
v 85177.785 446774.394 15.207
v 85210.539 446801.459 15.510
v 85210.506 446801.421 15.580
v 85207.816 446803.708 14.808
v 85207.459 446803.287 15.587
v 85208.776 446802.891 15.577
v 85208.809 446802.929 15.507
v 85208.452 446803.390 15.339
v 85189.427 446819.053 14.085
v 85189.208 446819.304 14.085
v 85188.858 446819.758 14.084
v 85152.505 446799.528 16.605
v 85207.894 446803.641 14.807
v 85188.355 446820.029 14.083
v 85188.321 446819.991 14.083
v 85237.771 446880.869 17.114
v 85235.654 446878.459 17.170
v 85183.845 446823.860 14.071
v 85229.956 446866.448 15.368
v 85229.956 446866.448 14.064
v 85230.879 446865.655 15.364
v 85182.993 446824.585 14.069
v 85182.959 446824.547 14.069
v 85183.497 446824.314 14.070
v 85189.124 446853.720 21.575
v 85189.124 446853.720 21.125
v 85188.023 446853.860 20.262
v 85166.479 446818.031 18.385
v 85166.479 446818.031 17.065
v 85165.974 446819.149 17.162
v 85165.974 446819.149 17.641
v 85167.576 446818.743 17.367
v 85167.576 446818.743 17.064
v 85166.948 446818.336 17.064
v 85166.479 446818.031 16.838
v 85182.709 446824.761 14.068
v 85178.421 446827.956 15.642
v 85193.166 446845.233 15.630
v 85182.159 446857.167 16.037
v 85182.094 446857.092 16.036
v 85182.487 446857.231 16.330
v 85193.339 446845.437 16.011
v 85193.443 446845.348 16.011
v 85202.058 446875.941 14.107
v 85201.333 446875.086 14.108
v 85201.379 446875.049 14.108
v 85194.313 446844.606 15.190
v 85195.088 446846.637 14.796
v 85195.088 446846.637 16.031
v 85195.552 446844.850 14.338
v 85196.695 446843.213 13.775
v 85202.053 446853.675 16.204
v 85198.290 446871.413 14.108
v 85197.004 446847.759 16.204
v 85197.455 446848.287 16.204
v 85207.101 446855.182 13.762
v 85204.924 446857.040 14.544
v 85202.496 446854.194 14.606
v 85202.496 446854.194 16.204
v 85202.617 446854.335 14.602
v 85205.487 446851.886 13.572
v 85204.623 446856.992 16.484
v 85204.623 446856.992 17.300
v 85204.128 446857.360 17.358
v 85204.623 446856.992 14.602
v 85205.074 446857.461 14.581
v 85205.074 446857.461 16.375
v 85261.129 446978.560 15.553
v 85259.144 446980.256 15.548
v 85205.196 446857.356 14.537
v 85204.374 446858.058 15.352
v 85204.223 446858.188 15.633
v 85198.157 446914.920 15.292
v 85197.738 446914.580 15.154
v 85197.497 446914.142 15.296
v 85264.546 446889.971 14.177
v 85264.127 446890.512 13.983
v 85223.211 446872.097 14.047
v 85222.879 446871.713 14.047
v 85228.914 446866.597 14.063
v 85219.279 446875.482 15.243
v 85219.279 446875.482 14.037
v 85219.262 446875.690 14.037
v 85219.262 446875.690 15.451
v 85229.448 446866.361 14.064
v 85229.696 446866.146 14.065
v 85207.894 446803.641 15.575
v 85242.424 446855.681 16.131
v 85242.424 446855.681 15.278
v 85241.846 446856.180 15.283
v 85241.846 446856.180 16.133
v 85253.318 446862.943 15.651
v 85250.900 446865.008 15.654
v 85241.573 446855.701 15.371
v 85241.539 446855.663 15.300
v 85241.886 446855.206 15.129
v 85241.494 446855.770 15.371
v 85242.421 446854.971 15.368
v 85168.539 446797.899 19.599
v 85167.626 446807.170 29.081
v 85244.783 446852.872 15.296
v 85247.625 446856.244 21.507
v 85247.625 446856.244 20.660
v 85248.082 446850.097 15.362
v 85248.050 446850.059 15.291
v 85245.664 446852.179 15.365
v 85255.390 446849.997 15.327
v 85255.678 446850.804 15.758
v 85255.640 446850.836 15.829
v 85248.395 446849.603 15.122
v 85245.129 446852.415 15.125
v 85248.899 446849.329 15.290
v 85251.386 446847.253 14.555
v 85251.353 446847.214 14.531
v 85251.640 446846.810 14.165
v 85251.290 446848.022 15.180
v 85251.290 446848.022 16.090
v 85252.157 446846.524 13.853
v 85252.191 446846.562 13.878
v 85252.265 446847.180 16.086
v 85252.265 446847.180 14.355
v 85252.678 446846.823 14.005
v 85252.678 446846.823 15.317
v 85252.274 446846.490 13.808
v 85252.345 446846.573 13.862
v 85252.850 446846.986 15.284
v 85252.940 446847.597 15.747
v 85252.384 446846.541 13.830
v 85254.740 446849.757 15.802
v 85257.210 446852.736 15.892
v 85257.248 446852.705 15.821
v 85258.219 446853.725 15.718
v 85258.179 446853.757 15.789
v 85257.990 446852.967 15.269
v 85226.668 446929.861 15.847
v 85252.932 446907.530 14.117
v 85252.932 446907.530 15.839
v 85259.809 446855.757 15.879
v 85259.849 446855.725 15.808
v 85260.768 446856.437 15.478
v 85260.729 446856.469 15.549
v 85260.550 446856.076 15.381
v 85260.802 446856.553 15.548
v 85260.751 446856.595 15.640
v 85260.742 446856.669 15.570
v 85260.422 446857.155 15.342
v 85260.710 446856.631 15.641
v 85252.002 446907.804 14.117
v 85254.163 446862.222 15.650
v 85254.196 446862.261 15.579
v 85256.588 446860.150 15.646
v 85260.710 446856.631 15.718
v 85251.060 446872.370 19.278
v 85257.081 446879.446 19.261
v 85257.172 446879.368 19.172
v 85257.448 446859.417 15.644
v 85257.481 446859.455 15.573
v 85257.156 446859.935 15.357
v 85259.858 446857.359 15.641
v 85253.351 446862.981 15.580
v 85253.872 446862.744 15.358
v 85248.010 446856.704 22.353
v 85248.010 446856.704 21.507
v 85250.934 446865.046 15.583
v 85250.597 446865.530 15.373
v 85242.660 446873.291 23.079
v 85242.660 446873.291 21.512
v 85243.811 446872.660 21.511
v 85243.811 446872.660 23.046
v 85249.877 446870.984 19.284
v 85249.970 446870.908 19.194
v 85250.041 446865.743 15.655
v 85249.198 446871.092 19.386
v 85249.658 446870.722 19.420
v 85249.765 446870.850 19.283
v 85249.765 446870.850 19.654
v 85251.152 446872.292 19.189
v 85258.332 446880.731 19.168
v 85258.241 446880.809 19.257
v 85257.953 446881.519 19.431
v 85257.772 446881.675 19.432
v 85256.536 446882.441 19.764
v 85256.536 446882.441 16.059
v 85255.276 446883.580 18.465
v 85255.276 446883.580 19.708
v 85258.046 446882.104 18.701
v 85258.046 446882.104 14.118
v 85257.916 446882.211 14.357
v 85257.916 446882.211 18.707
v 85258.256 446882.471 14.226
v 85258.219 446882.503 14.298
v 85261.906 446886.721 14.171
v 85251.600 446855.889 24.778
v 85264.231 446889.158 13.889
v 85264.519 446889.797 14.161
v 85263.657 446888.787 14.169
v 85264.593 446889.881 14.158
v 85253.739 446907.933 15.536
v 85256.880 446911.614 15.550
v 85256.914 446911.567 15.473
v 85252.950 446897.900 13.802
v 85252.990 446897.865 13.877
v 85253.282 446898.501 13.603
v 85255.067 446898.033 14.226
v 85254.655 446898.596 14.004
v 85257.361 446911.913 15.311
v 85253.861 446898.879 13.880
v 85253.738 446898.964 13.667
v 85254.133 446898.890 14.165
v 85254.025 446898.909 14.029
v 85237.497 446881.658 18.920
v 85237.578 446881.544 19.118
v 85238.746 446882.965 19.078
v 85238.661 446883.020 18.934
v 85251.964 446907.761 14.117
v 85252.317 446907.309 14.117
v 85237.850 446961.425 15.267
v 85237.421 446961.092 15.113
v 85237.175 446960.632 15.270
v 85252.857 446907.071 14.117
v 85252.989 446907.028 14.117
v 85253.025 446907.110 14.117
v 85252.934 446906.994 14.117
v 85253.503 446907.392 15.293
v 85253.782 446907.896 15.457
v 85253.060 446907.041 14.117
v 85257.635 446912.413 15.478
v 85257.580 446912.438 15.557
v 85261.141 446917.628 15.371
v 85260.631 446917.908 15.534
v 85260.603 446917.866 15.604
v 85260.724 446916.098 15.552
v 85260.774 446916.089 15.490
v 85261.222 446916.430 15.324
v 85261.497 446916.955 15.511
v 85261.461 446916.990 15.581
v 85258.172 446963.658 15.250
v 85258.173 446963.602 14.096
v 85258.173 446963.602 15.191
v 85247.553 446972.744 14.094
v 85247.553 446972.744 15.307
v 85243.815 446940.105 16.714
v 85243.886 446940.188 16.874
v 85243.969 446940.116 16.870
v 85244.369 446940.582 16.855
v 85244.369 446940.582 17.764
v 85244.863 446946.502 17.269
v 85244.817 446946.447 17.364
v 85247.117 446944.581 17.249
v 85261.731 446965.852 15.551
v 85265.166 446969.887 15.586
v 85243.702 446947.401 15.107
v 85243.441 446947.623 15.591
v 85259.213 446962.900 14.097
v 85259.309 446962.903 14.097
v 85258.511 446963.146 14.097
v 85259.017 446962.878 14.097
v 85259.055 446962.912 14.097
v 85259.143 446962.840 14.097
v 85259.703 446963.239 14.097
v 85260.978 446964.972 15.546
v 85261.027 446964.959 15.482
v 85259.965 446963.784 15.539
v 85261.469 446965.304 15.329
v 85265.686 446970.215 15.332
v 85265.928 446970.723 15.539
v 85265.918 446970.775 15.599
v 85266.933 446971.946 15.589
v 85267.319 446972.291 15.492
v 85267.768 446972.892 15.565
v 85267.670 446972.977 15.565
v 85267.703 446973.015 15.494
v 85264.006 446976.171 15.487
v 85263.974 446976.132 15.558
v 85264.503 446975.904 15.318
v 85264.851 446975.450 15.489
v 85264.983 446975.270 15.560
v 85264.817 446975.412 15.560
v 85261.982 446977.834 15.554
v 85261.665 446978.326 15.312
v 85261.166 446978.596 15.481
v 85258.317 446981.027 15.477
v 85258.490 446981.261 15.065
v 85258.822 446980.754 15.307
v 85257.898 446981.766 15.064
v 85257.677 446981.508 15.546
v 85254.546 446982.594 14.093
v 85254.585 446982.562 14.093
v 85256.376 446982.619 15.544
v 85256.408 446982.657 15.473
v 85255.976 446983.183 15.303
v 85252.744 446980.412 14.093
v 85252.705 446980.446 14.093
v 85252.240 446980.094 14.093
v 85252.008 446979.554 14.093
v 85249.663 446977.088 14.093
v 85249.400 446976.589 14.093
v 85249.437 446976.555 14.093
v 85250.166 446977.407 14.093
v 85247.583 446974.391 14.094
v 85247.546 446974.425 14.094
v 85247.086 446974.080 14.094
v 85235.445 446958.783 15.108
v 85235.191 446958.314 15.265
v 85246.847 446973.533 14.094
v 85245.774 446970.727 15.245
v 85245.345 446970.395 15.091
v 85245.114 446969.935 15.262
v 85235.865 446959.107 15.261
v 85227.927 446949.804 15.270
v 85227.514 446949.486 15.117
v 85227.261 446949.019 15.274
v 85207.641 446926.243 15.094
v 85207.388 446925.775 15.250
v 85208.041 446926.559 15.233
v 85225.945 446947.472 15.279
v 85225.525 446947.148 15.126
v 85217.565 446937.835 15.119
v 85217.313 446937.368 15.276
v 85192.311 446915.021 14.100
v 85192.193 446914.977 14.100
v 85216.002 446935.843 15.268
v 85215.580 446935.533 15.100
v 85215.334 446935.072 15.257
v 85191.735 446914.631 14.100
v 85191.469 446914.123 14.100
v 85192.395 446914.951 14.100
v 85192.433 446914.997 14.100
v 85256.921 446920.991 15.605
v 85206.058 446924.241 15.229
v 85205.645 446923.925 15.076
v 85205.398 446923.464 15.232
v 85192.745 446914.832 15.378
v 85192.745 446914.832 14.100
v 85192.477 446914.517 14.100
v 85192.477 446914.517 15.957
v 85193.263 446905.687 24.756
v 85195.909 446912.258 15.319
v 85195.775 446912.101 15.608
v 85189.903 446912.473 14.100
v 85189.674 446911.934 14.100
v 85193.282 446914.235 15.541
v 85193.315 446914.273 15.471
v 85192.959 446914.719 15.308
v 85186.336 446908.079 14.100
v 85185.885 446907.740 14.100
v 85186.373 446908.046 14.100
v 85190.362 446912.820 14.100
v 85185.649 446907.192 14.100
v 85184.511 446905.929 14.100
v 85199.245 446858.238 21.042
v 85199.245 446858.238 20.918
v 85199.800 446858.218 20.426
v 85204.374 446858.058 16.374
v 85184.653 446904.133 15.297
v 85185.990 446903.067 15.358
v 85186.305 446902.571 15.108
v 85184.046 446905.575 14.101
v 85184.153 446904.394 15.125
v 85183.831 446904.895 14.101
v 85184.024 446904.578 14.101
v 85183.754 446904.960 14.101
v 85183.810 446905.028 14.101
v 85184.545 446905.190 15.893
v 85184.545 446905.190 16.338
v 85184.780 446904.985 16.330
v 85184.545 446905.190 14.101
v 85184.024 446904.578 15.207
v 85183.546 446853.519 15.763
v 85183.546 446853.519 14.025
v 85168.831 446836.252 14.033
v 85168.831 446836.252 15.528
v 85168.831 446836.252 15.799
v 85186.813 446902.304 15.281
v 85191.591 446898.321 15.314
v 85192.863 446897.178 15.234
v 85193.472 446903.234 22.315
v 85193.472 446903.234 22.145
v 85194.268 446866.774 16.261
v 85192.637 446868.131 16.295
v 85192.637 446868.131 17.306
v 85192.180 446867.575 17.321
v 85190.703 446899.007 15.250
v 85191.049 446898.550 15.071
v 85191.558 446898.283 15.243
v 85193.537 446902.493 21.576
v 85193.537 446902.493 20.801
v 85193.544 446902.680 21.008
v 85193.544 446902.680 21.783
v 85193.209 446896.719 15.054
v 85193.716 446896.454 15.227
v 85193.749 446896.491 15.298
v 85197.518 446870.598 14.108
v 85197.563 446870.559 14.108
v 85194.028 446896.924 16.017
v 85194.028 446896.924 15.253
v 85194.155 446896.814 16.013
v 85194.155 446896.814 15.251
v 85193.841 446896.413 15.296
v 85197.684 446893.912 15.360
v 85197.646 446893.865 15.275
v 85196.327 446905.940 21.538
v 85196.327 446905.940 21.705
v 85193.787 446902.965 21.539
v 85194.584 446896.532 15.339
v 85194.544 446896.485 15.254
v 85205.072 446887.596 15.329
v 85205.669 446887.092 15.332
v 85198.242 446893.363 15.280
v 85198.280 446893.408 15.364
v 85201.397 446890.777 15.386
v 85201.360 446890.731 15.302
v 85205.112 446887.641 15.414
v 85201.955 446890.227 15.306
v 85201.993 446890.273 15.390
v 85161.386 446842.577 15.505
v 85218.435 446881.350 20.760
v 85218.435 446881.350 21.524
v 85218.846 446880.997 20.758
v 85218.785 446881.763 21.524
v 85205.707 446887.137 15.417
v 85208.840 446884.493 15.440
v 85208.801 446884.446 15.355
v 85209.085 446884.209 15.358
v 85208.935 446884.033 14.107
v 85208.980 446883.994 14.107
v 85208.995 446884.103 14.107
v 85208.995 446884.103 15.163
v 85205.141 446879.567 14.107
v 85205.186 446879.528 14.107
v 85205.873 446880.429 14.107
v 85205.918 446880.390 14.107
v 85202.104 446875.902 14.107
v 85194.776 446867.279 14.108
v 85193.573 446854.685 26.278
v 85193.344 446854.434 25.794
v 85193.257 446855.421 26.786
v 85198.243 446871.452 14.108
v 85112.999 446814.325 14.021
v 85112.999 446814.325 15.793
v 85191.969 446868.687 16.087
v 85194.473 446866.924 15.908
v 85194.427 446866.963 15.908
v 85194.776 446867.279 15.243
v 85191.172 446868.537 15.369
v 85190.758 446868.050 15.368
v 85190.933 446867.455 16.096
v 85190.910 446867.133 16.363
v 85190.999 446867.530 16.097
v 85191.705 446868.360 16.099
v 85176.300 446845.683 14.028
v 85175.573 446844.830 14.028
v 85176.345 446845.644 14.028
v 85249.680 446871.936 19.851
v 85249.680 446871.936 20.723
v 85192.609 446856.172 27.005
v 85192.490 446856.285 27.018
v 85192.951 446854.856 25.890
v 85183.212 446853.778 15.736
v 85183.257 446853.740 15.736
v 85183.430 446854.033 16.214
v 85181.132 446856.782 15.289
v 85181.379 446856.270 16.018
v 85181.555 446857.275 15.292
v 85180.171 446850.123 14.026
v 85180.125 446850.162 14.026
v 85192.565 446850.997 21.340
v 85192.565 446850.997 21.575
v 85192.705 446850.726 21.174
v 85182.854 446854.508 16.200
v 85182.854 446854.508 15.495
v 85183.036 446853.480 14.024
v 85183.036 446853.480 15.250
v 85181.724 446855.441 15.440
v 85179.397 446849.310 14.026
v 85179.442 446849.271 14.026
v 85239.536 446943.981 17.177
v 85239.536 446943.981 16.445
v 85239.800 446943.593 15.806
v 85239.800 446943.593 16.979
v 85234.221 446943.199 21.431
v 85234.221 446943.199 21.522
v 85234.436 446942.920 21.522
v 85157.705 446845.782 15.411
v 85157.111 446846.286 15.410
v 85172.483 446841.210 14.030
v 85171.754 446840.359 14.030
v 85168.684 446836.377 14.032
v 85168.684 446836.377 15.527
v 85168.706 446836.105 15.800
v 85171.801 446840.320 14.030
v 85168.536 446836.588 15.436
v 85168.248 446836.830 15.436
v 85168.656 446836.729 15.173
v 85168.656 446836.729 14.032
v 85168.710 446836.700 14.032
v 85168.210 446836.784 15.521
v 85167.212 446832.459 21.548
v 85167.212 446832.459 21.082
v 85166.970 446832.231 21.548
v 85165.100 446839.425 15.513
v 85165.138 446839.471 15.429
v 85169.126 446830.811 21.548
v 85169.126 446830.811 21.112
v 85161.426 446842.623 15.421
v 85160.816 446843.140 15.419
v 85151.463 446834.885 45.510
v 85151.463 446834.885 17.147
v 85150.000 446836.408 20.104
v 85150.000 446836.408 45.123
v 85152.039 446835.321 45.368
v 85152.039 446835.321 16.932
v 85157.073 446846.240 15.494
v 85147.469 446837.120 45.861
v 85147.469 446837.120 21.539
v 85147.554 446836.442 21.538
v 85147.554 446836.442 45.894
v 85153.561 446850.193 15.251
v 85153.022 446850.422 15.500
v 85151.749 446851.567 15.449
v 85153.977 446848.868 15.488
v 85154.017 446848.913 15.403
v 85153.968 446849.619 15.488
v 85153.876 446849.697 15.489
v 85153.908 446849.735 15.419
v 85151.404 446852.024 15.282
v 85150.864 446852.253 15.530
v 85144.976 446845.698 21.611
v 85144.976 446845.698 21.542
v 85144.750 446848.798 24.680
v 85144.750 446848.798 24.720
v 85147.953 446849.043 21.554
v 85147.953 446849.043 20.787
v 85147.189 446848.985 22.294
v 85147.189 446848.985 22.310
v 85156.214 446806.886 13.879
v 85156.214 446806.886 10.747
v 85155.859 446806.438 10.757
v 85155.859 446806.438 13.906
v 85170.575 446772.739 16.290
v 85170.575 446772.739 14.049
v 85170.500 446772.801 14.049
v 85170.500 446772.801 16.152
v 85256.608 446921.485 15.359
v 85256.061 446921.684 15.644
v 85247.437 446944.162 16.922
v 85247.354 446944.235 17.100
v 85140.114 446819.916 14.112
v 85148.710 446829.313 44.202
v 85257.912 446881.869 19.086
v 85183.101 446856.029 18.079
v 85183.101 446856.029 16.474
v 85182.533 446824.554 14.068
v 85182.533 446824.554 15.547
v 85182.489 446824.502 15.644
v 85178.421 446827.956 15.654
v 85237.663 446880.989 17.125
v 85196.507 446848.292 17.231
v 85196.507 446848.292 14.849
v 85267.551 446972.722 15.640
v 85267.551 446972.722 15.949
v 85267.590 446972.795 15.834
v 85202.157 446854.423 14.717
v 85202.157 446854.423 16.780
v 85253.291 446907.225 14.117
v 85253.034 446907.443 15.839
v 85253.034 446907.443 14.117
v 85253.291 446907.225 15.365
v 85235.693 446877.970 15.759
v 85235.693 446877.970 17.150
v 85235.928 446877.771 15.758
v 85235.928 446877.771 16.192
v 85235.928 446877.771 17.128
v 85181.343 446855.898 15.502
v 85181.883 446855.615 15.619
v 85181.343 446855.898 16.316
v 85241.215 446941.511 15.920
v 85241.215 446941.511 15.531
v 85241.621 446941.985 16.829
v 85246.774 446973.446 14.094
v 85243.262 446895.921 10.746
v 85240.939 446893.145 10.735
v 85241.960 446892.266 10.722
v 85240.780 446942.150 16.245
v 85240.780 446942.150 16.395
v 85240.780 446942.150 16.588
v 85240.984 446941.851 16.093
v 85240.126 446942.003 17.161
v 85240.670 446942.314 16.328
v 85164.867 446817.861 19.910
v 85164.867 446817.861 20.055
v 85149.199 446831.908 50.959
v 85149.199 446831.908 48.244
v 85150.480 446831.956 45.998
v 85150.480 446831.956 49.336
v 85255.545 446983.004 15.892
v 85255.545 446983.004 14.093
v 85210.593 446784.761 14.107
v 85210.593 446784.761 16.233
v 85164.556 446766.679 15.371
v 85164.556 446766.679 14.037
v 85159.360 446805.590 19.531
v 85159.360 446805.590 18.463
v 85165.279 446800.465 18.468
v 85165.279 446800.465 19.389
v 85234.181 446943.251 21.522
v 85241.960 446892.266 13.888
v 85244.691 446889.916 19.152
v 85244.964 446889.774 19.590
v 85244.964 446889.774 10.684
v 85104.340 446804.593 15.234
v 85176.776 446808.187 19.549
v 85176.776 446808.187 17.321
v 85175.475 446808.813 17.309
v 85175.475 446808.813 20.070
v 85237.806 446881.162 19.506
v 85237.806 446881.162 17.122
v 85238.578 446880.771 17.058
v 85238.578 446880.771 19.806
v 85219.108 446875.629 15.562
v 85237.659 446937.361 15.572
v 85237.659 446937.361 15.578
v 85196.327 446905.940 21.744
v 85196.423 446906.052 21.538
v 85257.591 446964.168 15.268
v 85257.591 446964.168 15.565
v 85267.385 446972.864 15.948
v 85176.819 446808.240 20.042
v 85176.819 446808.240 17.313
v 85176.776 446808.187 20.040
v 85243.732 446941.095 17.761
v 85243.732 446941.095 18.179
v 85243.882 446942.551 19.549
v 85247.426 446944.318 17.103
v 85243.933 446940.934 17.762
v 85242.008 446879.036 21.141
v 85242.008 446879.036 21.512
v 85242.962 446878.553 21.512
v 85249.954 446872.253 20.719
v 85249.954 446872.253 19.848
v 85257.241 446880.694 19.769
v 85257.241 446880.694 20.631
v 85253.019 446907.627 14.117
v 85253.019 446907.627 16.024
v 85248.443 446856.333 22.353
v 85253.869 446973.159 21.515
v 85145.287 446834.002 45.823
v 85145.287 446834.002 21.535
v 85144.522 446833.079 21.534
v 85144.522 446833.079 45.643
v 85156.081 446807.945 10.738
v 85156.081 446807.945 12.765
v 85157.495 446807.205 14.970
v 85157.495 446807.205 19.575
v 85173.098 446827.528 20.987
v 85172.795 446827.785 21.549
v 85172.795 446827.785 20.988
v 85169.965 446774.542 17.764
v 85170.171 446774.366 17.757
v 85177.442 446774.684 17.272
v 85177.442 446774.684 14.569
v 85255.789 446983.284 14.093
v 85255.789 446983.284 15.365
v 85255.441 446983.417 14.093
v 85157.720 446809.549 19.844
v 85157.614 446809.640 10.698
v 85157.614 446809.640 19.639
v 85193.319 446858.411 30.445
v 85193.319 446858.411 26.857
v 85191.379 446857.338 25.753
v 85191.379 446857.338 27.137
v 85191.379 446857.338 30.677
v 85147.595 446848.641 21.546
v 85147.595 446848.641 22.303
v 85237.401 446881.367 19.087
v 85237.806 446881.162 19.732
v 85247.242 446892.515 12.614
v 85247.242 446892.515 10.696
v 85247.075 446890.999 10.684
v 85247.075 446890.999 13.845
v 85246.838 446874.625 21.510
v 85246.838 446874.625 20.940
v 85246.561 446875.406 21.510
v 85248.421 446870.163 15.647
v 85248.421 446870.163 17.686
v 85247.184 446873.651 20.230
v 85145.391 446832.555 45.484
v 85145.391 446832.555 45.057
v 85145.577 446832.963 45.570
v 85148.228 446831.872 50.958
v 85148.228 446831.872 49.947
v 85148.950 446831.203 47.356
v 85148.950 446831.203 50.566
v 85147.708 446831.853 50.957
v 85177.317 446774.481 14.620
v 85177.317 446774.481 17.575
v 85177.317 446774.481 18.756
v 85178.524 446773.510 16.820
v 85261.536 446917.067 15.572
v 85261.469 446917.131 15.606
v 85261.469 446917.131 15.702
v 85261.490 446917.180 15.533
v 85261.422 446917.079 15.703
v 85145.571 446834.344 45.890
v 85145.571 446834.344 21.536
v 85145.573 446833.978 21.535
v 85145.573 446833.978 45.805
v 85146.831 446835.863 46.186
v 85146.831 446835.863 21.537
v 85146.479 446835.439 21.537
v 85146.479 446835.439 46.103
v 85174.845 446770.348 17.710
v 85174.845 446770.348 17.595
v 85174.845 446770.348 15.739
v 85175.405 446769.867 16.787
v 85174.896 446770.409 17.713
v 85264.546 446889.971 14.290
v 85264.509 446889.910 14.275
v 85202.514 446796.651 21.549
v 85174.411 446769.821 15.753
v 85174.411 446769.821 15.921
v 85174.501 446769.744 15.922
v 85247.900 446891.951 13.854
v 85263.491 446890.805 14.249
v 85153.812 446812.910 10.722
v 85151.939 446809.781 10.783
v 85199.131 446903.708 21.536
v 85179.079 446810.894 16.917
v 85243.428 446946.852 18.632
v 85243.428 446946.852 18.179
v 85243.428 446946.852 14.898
v 85242.316 446947.681 16.852
v 85243.228 446946.452 18.766
v 85243.702 446947.401 17.371
v 85237.908 446881.285 19.730
v 85238.508 446880.219 17.043
v 85238.508 446880.219 19.159
v 85238.508 446880.219 16.701
v 85239.718 446879.919 18.265
v 85239.718 446879.919 19.959
v 85241.681 446879.201 21.014
v 85144.914 446845.627 21.542
v 85144.914 446845.627 21.478
v 85144.548 446845.598 21.111
v 85144.548 446845.598 21.542
v 85144.392 446844.946 21.541
v 85144.944 446845.661 21.542
v 85205.191 446794.104 21.330
v 85205.191 446794.104 21.549
v 85204.973 446794.085 21.549
v 85205.407 446794.123 21.549
v 85140.144 446820.351 14.112
v 85140.144 446820.351 15.861
v 85140.111 446820.784 14.112
v 85140.111 446820.784 16.298
v 85145.249 446832.390 21.534
v 85145.249 446832.390 44.700
v 85145.249 446832.390 45.452
v 85147.554 446836.442 46.864
v 85146.512 446836.259 21.537
v 85146.512 446836.259 44.755
v 85145.570 446834.815 21.536
v 85145.570 446834.815 45.069
v 85249.954 446872.253 21.311
v 85257.165 446880.880 20.879
v 85257.165 446880.880 19.901
v 85257.413 446880.894 19.767
v 85257.413 446880.894 20.629
v 85257.953 446881.519 19.761
v 85257.804 446881.346 19.763
v 85258.469 446881.076 19.257
v 85239.377 446944.214 16.828
v 85193.787 446902.965 22.311
v 85215.346 446884.606 21.526
v 85174.411 446769.821 16.588
v 85172.538 446827.483 21.548
v 85192.364 446851.384 21.575
v 85194.753 446856.638 26.802
v 85195.391 446856.687 26.159
v 85195.022 446857.179 25.967
v 85226.203 446935.530 21.526
v 85215.106 446884.323 21.001
v 85215.106 446884.323 21.526
v 85193.319 446858.411 26.205
v 85192.926 446859.156 25.760
v 85214.819 446884.565 20.998
v 85194.431 446845.870 17.241
v 85194.431 446845.870 16.017
v 85195.088 446846.637 17.237
v 85194.191 446846.127 17.736
v 85194.191 446846.127 17.547
v 85194.191 446846.127 16.405
v 85193.653 446845.567 16.442
v 85193.443 446845.348 16.457
v 85194.278 446846.217 17.725
v 85243.844 446874.953 23.079
v 85243.844 446874.953 21.511
v 85237.398 446878.536 17.058
v 85249.642 446872.418 21.198
v 85247.135 446890.945 10.683
v 85247.135 446890.945 13.960
v 85145.889 446831.785 48.676
v 85145.889 446831.785 20.284
v 85150.744 446832.231 49.270
v 85150.744 446832.231 46.038
v 85150.604 446834.235 45.722
v 85150.604 446834.235 48.684
v 85150.604 446834.235 51.493
v 85152.379 446833.623 15.398
v 85152.219 446833.435 15.045
v 85152.135 446834.217 15.819
v 85152.135 446834.217 45.679
v 85246.945 446890.724 19.772
v 85246.945 446890.724 10.682
v 85246.380 446890.954 10.687
v 85246.380 446890.954 20.055
v 85246.055 446891.087 10.690
v 85246.055 446891.087 19.568
v 85249.465 446888.837 19.452
v 85249.465 446888.837 18.457
v 85247.135 446890.945 19.349
v 85257.737 446964.215 15.451
v 85240.192 446879.094 19.525
v 85238.455 446879.796 17.032
v 85247.117 446944.581 17.760
v 85246.856 446944.295 17.774
v 85136.638 446827.749 20.563
v 85136.638 446827.749 21.526
v 85135.998 446828.049 21.526
v 85138.868 446826.704 21.527
v 85244.975 446873.936 23.041
v 85244.975 446873.936 21.510
v 85172.679 446810.159 21.190
v 85172.679 446810.159 21.538
v 85171.811 446810.577 21.538
v 85177.253 446810.622 17.028
v 85164.945 446817.750 20.102
v 85170.145 446815.562 23.199
v 85170.145 446815.562 21.540
v 85194.623 446905.799 23.419
v 85199.245 446858.238 21.532
v 85198.551 446858.262 21.532
v 85176.565 446807.925 20.026
v 85246.969 446868.429 15.592
v 85176.895 446773.796 18.594
v 85173.286 446777.618 17.881
v 85231.723 446936.846 21.523
v 85181.149 446855.999 16.017
v 85146.138 446834.195 47.122
v 85146.138 446834.195 47.466
v 85145.978 446834.363 46.804
v 85149.443 446835.770 50.762
v 85149.443 446835.770 48.227
v 85147.682 446835.423 48.567
v 85147.682 446835.423 48.930
v 85147.682 446835.423 51.153
v 85169.359 446830.609 21.548
v 85152.219 446833.435 45.899
v 85152.515 446839.152 21.543
v 85199.344 446858.889 21.532
v 85145.608 446832.051 48.585
v 85145.608 446832.051 45.420
v 85145.608 446832.051 20.834
v 85147.101 446833.190 49.037
v 85235.718 446877.661 16.068
v 85192.490 446856.285 31.128
v 85192.748 446857.117 30.856
v 85189.927 446856.536 24.927
v 85193.983 446857.151 26.957
v 85193.983 446857.151 30.935
v 85172.992 446810.008 21.064
v 85179.014 446811.590 16.006
v 85146.600 446835.210 46.781
v 85146.600 446835.210 50.433
v 85146.138 446834.195 50.543
v 85149.289 446837.148 44.621
v 85149.289 446837.148 21.540
v 85149.163 446837.279 21.540
v 85149.163 446837.279 44.241
v 85149.163 446837.279 45.636
v 85148.076 446836.534 45.822
v 85148.552 446837.915 21.540
v 85148.552 446837.915 45.672
v 85147.961 446837.731 21.539
v 85147.961 446837.731 45.759
v 85189.698 446853.647 21.575
v 85167.430 446815.930 19.783
v 85149.443 446835.770 47.655
v 85149.809 446835.843 46.753
v 85149.809 446835.843 48.157
v 85150.000 446836.408 46.756
v 85167.782 446819.286 17.091
v 85169.126 446820.947 17.018
v 85147.828 446837.907 21.539
v 85147.828 446837.907 45.765
v 85259.233 446963.577 14.097
v 85259.233 446963.577 16.130
v 85259.860 446963.537 14.097
v 85259.860 446963.537 15.424
v 85178.941 446811.011 16.910
v 85176.660 446808.378 17.305
v 85154.335 446799.669 18.452
v 85250.786 446856.586 24.776
v 85250.597 446859.802 21.506
v 85208.585 446794.405 24.776
v 85209.852 446793.327 24.780
v 85112.865 446806.158 24.664
v 85254.413 446894.645 18.424
v 85260.361 446889.550 18.431
v 85165.533 446808.945 29.089
v 85174.050 446750.415 24.049
v 85243.479 446944.113 20.949
v 85113.439 446808.626 21.500
v 85258.553 446972.214 24.770
v 85174.352 446773.639 20.869
v 85173.440 446774.406 20.882
v 85165.010 446760.534 21.503
v 85252.571 446913.103 21.510
v 85195.313 446861.019 21.534
v 85235.822 446941.679 21.521
v 85257.262 446970.274 21.513
v 85249.013 446880.437 29.093
v 85247.033 446882.158 29.083
v 85243.842 446943.810 20.939
v 85139.719 446825.965 21.527
v 85170.978 446767.525 21.511
v 85174.931 446764.164 21.512
v 85241.056 446867.958 21.512
v 85255.581 446916.613 21.509
v 85236.157 446872.219 21.515
v 85178.505 446817.107 21.546
v 85147.887 446833.789 52.045
v 85149.808 446833.632 51.919
v 85167.576 446814.184 21.537
v 85173.631 446821.294 21.545
o NL.IMBAG.Pand.0503100000032914-0
f 472 473 474
f 472 474 471
f 468 469 470
f 474 460 471
f 479 480 481
f 476 478 475
f 478 476 477
f 432 456 475
f 478 432 475
f 474 475 460
f 467 468 466
f 463 465 468
f 463 464 465
f 463 468 462
f 466 468 465
f 470 471 461
f 470 461 462
f 471 460 461
f 459 460 458
f 458 460 456
f 458 456 457
f 475 456 460
f 468 470 462
f 478 479 486
f 497 498 499
f 494 495 496
f 481 482 483
f 496 431 494
f 422 503 505
f 500 501 502
f 431 500 502
f 497 499 431
f 431 499 500
f 497 431 496
f 483 484 485
f 486 479 485
f 432 486 487
f 488 432 487
f 485 481 483
f 491 493 431
f 492 493 491
f 490 491 432
f 489 490 488
f 494 431 493
f 478 486 432
f 432 488 490
f 485 479 481
f 423 502 503
f 454 455 453
f 453 451 452
f 451 453 455
f 455 432 451
f 432 441 451
f 451 441 450
f 433 434 439
f 433 440 432
f 437 435 436
f 434 435 437
f 437 439 434
f 432 455 456
f 449 447 448
f 447 449 445
f 445 446 447
f 444 445 443
f 449 441 445
f 433 439 440
f 441 449 450
f 443 441 442
f 441 443 445
f 432 440 441
f 438 439 437
f 430 427 429
f 426 427 430
f 427 428 429
f 430 431 426
f 423 426 431
f 423 424 425
f 423 425 426
f 421 422 420
f 431 502 423
f 503 422 423
f 405 406 404
f 403 404 407
f 401 402 407
f 403 407 402
f 407 404 406
f 410 411 412
f 410 412 409
f 407 408 401
f 389 409 413
f 412 413 409
f 408 409 401
f 400 401 409
f 491 431 432
f 505 503 504
f 519 520 521
f 523 519 521
f 506 518 519
f 517 518 516
f 521 522 523
f 534 523 524
f 524 526 531
f 524 525 526
f 523 536 519
f 519 536 506
f 526 527 531
f 511 512 513
f 510 511 509
f 507 508 509
f 509 511 514
f 515 516 507
f 515 507 509
f 515 509 514
f 514 511 513
f 507 516 506
f 516 518 506
f 419 505 506
f 527 528 529
f 529 530 531
f 531 533 524
f 532 533 531
f 534 524 533
f 536 523 534
f 535 536 534
f 537 539 506
f 538 539 537
f 539 546 506
f 506 536 537
f 539 540 546
f 545 546 543
f 546 547 548
f 549 550 551
f 417 548 549
f 548 506 546
f 543 541 542
f 541 543 546
f 549 551 552
f 544 545 543
f 546 540 541
f 548 417 506
f 529 531 527
f 552 417 549
f 552 553 417
f 553 554 556
f 419 420 505
f 419 506 418
f 553 556 417
f 418 506 417
f 555 556 554
f 558 560 557
f 560 558 559
f 557 560 417
f 556 557 417
f 417 560 561
f 561 562 563
f 561 563 416
f 374 415 416
f 375 414 415
f 563 205 416
f 417 561 416
f 566 567 569
f 566 205 565
f 416 205 206
f 205 563 565
f 205 566 569
f 565 563 564
f 413 414 381
f 585 586 587
f 581 579 580
f 578 579 204
f 590 587 588
f 584 587 590
f 582 584 592
f 584 582 583
f 581 582 592
f 579 581 772
f 587 584 585
f 203 579 774
f 571 572 573
f 571 573 570
f 570 204 205
f 568 569 567
f 573 204 570
f 575 576 577
f 575 577 574
f 574 204 573
f 574 577 204
f 200 202 203
f 578 204 577
f 203 204 579
f 570 205 569
f 589 590 588
f 420 422 505
f 335 336 337
f 334 335 333
f 337 332 333
f 330 331 332
f 337 333 335
f 341 358 325
f 340 341 339
f 330 332 338
f 337 338 332
f 338 339 330
f 329 339 341
f 329 330 339
f 328 329 327
f 327 325 326
f 325 327 329
f 341 325 329
f 322 323 324
f 322 324 320
f 320 321 322
f 324 359 320
f 324 325 359
f 320 359 319
f 343 341 342
f 347 348 353
f 344 345 343
f 345 346 347
f 358 343 345
f 345 347 355
f 349 350 351
f 353 348 352
f 352 349 351
f 352 348 349
f 353 354 347
f 355 356 358
f 354 355 347
f 357 358 356
f 325 358 359
f 358 345 355
f 367 364 365
f 363 364 362
f 270 360 361
f 359 360 270
f 362 371 361
f 359 270 319
f 358 341 343
f 371 270 361
f 318 319 317
f 314 292 311
f 317 315 316
f 312 313 314
f 295 296 292
f 310 311 296
f 309 310 308
f 302 308 310
f 301 310 296
f 311 292 296
f 311 312 314
f 270 314 315
f 307 308 306
f 305 306 304
f 303 304 306
f 306 302 303
f 296 297 301
f 302 310 301
f 301 297 300
f 300 298 299
f 298 300 297
f 302 306 308
f 319 315 317
f 292 314 271
f 276 274 275
f 272 274 276
f 271 272 291
f 272 273 274
f 272 276 288
f 285 277 278
f 279 280 278
f 280 281 282
f 284 278 280
f 270 371 269
f 277 288 276
f 291 288 290
f 291 292 271
f 290 288 289
f 294 292 293
f 294 295 292
f 272 288 291
f 278 284 285
f 287 288 277
f 284 282 283
f 285 286 287
f 277 285 287
f 284 280 282
f 314 270 271
f 319 270 315
f 364 369 362
f 394 398 400
f 398 394 397
f 395 396 397
f 394 395 397
f 400 392 394
f 391 389 390
f 391 409 389
f 392 393 394
f 413 382 389
f 391 392 400
f 409 391 400
f 389 382 385
f 367 368 369
f 367 365 366
f 371 362 370
f 370 362 369
f 364 367 369
f 385 386 389
f 384 382 383
f 385 382 384
f 387 388 389
f 386 387 389
f 400 398 399
f 213 373 374
f 374 375 415
f 206 212 374
f 375 376 378
f 206 207 209
f 382 413 381
f 209 210 211
f 209 207 208
f 211 212 206
f 213 214 215
f 213 374 212
f 206 209 211
f 219 373 213
f 378 376 377
f 378 379 380
f 378 380 381
f 378 381 375
f 216 217 218
f 215 216 219
f 218 219 216
f 372 219 220
f 372 373 219
f 215 219 213
f 371 372 269
f 375 381 414
f 416 206 374
f 269 372 268
f 248 264 237
f 266 264 265
f 264 266 267
f 263 264 254
f 261 262 263
f 259 261 254
f 259 260 261
f 255 257 259
f 263 254 261
f 267 234 264
f 257 258 259
f 257 255 256
f 254 251 253
f 251 254 249
f 253 251 252
f 259 254 255
f 248 246 247
f 244 246 248
f 250 251 249
f 249 254 264
f 264 248 249
f 234 267 268
f 220 222 223
f 222 220 221
f 220 223 225
f 224 225 223
f 225 226 220
f 226 229 268
f 228 229 226
f 230 268 229
f 230 231 232
f 230 232 233
f 226 227 228
f 233 268 230
f 234 235 237
f 237 264 234
f 244 248 238
f 248 237 238
f 236 237 235
f 268 233 234
f 239 240 241
f 244 239 241
f 244 242 243
f 244 241 242
f 239 244 238
f 245 246 244
f 226 268 220
f 372 220 268
f 662 663 664
f 659 661 658
f 661 659 660
f 661 649 658
f 661 675 647
f 669 666 667
f 669 667 668
f 674 664 665
f 666 674 665
f 675 661 662
f 675 662 664
f 654 655 653
f 653 655 652
f 651 652 650
f 657 650 652
f 652 655 656
f 650 657 649
f 657 658 649
f 647 648 649
f 649 661 647
f 647 675 646
f 652 656 657
f 669 671 666
f 671 672 674
f 671 674 666
f 673 674 672
f 671 669 670
f 24 58 692
f 58 688 689
f 691 689 690
f 688 58 686
f 691 58 689
f 688 686 687
f 677 679 59
f 678 679 677
f 59 676 677
f 646 675 643
f 679 680 59
f 685 58 683
f 684 685 683
f 680 682 59
f 681 682 680
f 686 58 685
f 683 58 682
f 676 59 675
f 674 675 664
f 58 691 692
f 644 645 643
f 597 598 596
f 598 599 600
f 596 598 595
f 637 641 642
f 639 641 637
f 639 640 641
f 637 638 639
f 637 642 643
f 646 643 645
f 593 594 595
f 593 595 600
f 590 591 592
f 581 592 770
f 592 593 769
f 614 615 616
f 600 595 598
f 613 614 616
f 613 616 181
f 601 593 600
f 637 635 636
f 635 637 60
f 632 633 631
f 631 633 634
f 635 60 634
f 58 59 682
f 60 637 675
f 24 57 58
f 631 60 630
f 60 631 634
f 627 630 60
f 637 643 675
f 59 60 675
f 629 627 628
f 627 629 630
f 625 626 624
f 624 626 623
f 627 60 626
f 623 626 60
f 621 622 620
f 617 618 619
f 619 620 617
f 181 617 620
f 622 60 620
f 622 623 60
f 181 616 617
f 692 693 694
f 707 709 710
f 712 707 710
f 707 708 709
f 710 711 712
f 9 713 716
f 715 716 713
f 713 714 715
f 707 713 9
f 707 712 713
f 737 716 717
f 698 699 700
f 695 696 697
f 697 24 695
f 694 695 24
f 697 698 10
f 704 705 706
f 706 9 704
f 701 702 703
f 704 9 703
f 10 698 700
f 703 10 701
f 10 700 701
f 9 706 707
f 722 723 721
f 721 723 727
f 718 719 720
f 717 720 736
f 720 721 731
f 724 725 726
f 724 726 727
f 730 721 728
f 721 727 728
f 727 723 724
f 728 729 730
f 734 731 733
f 720 731 734
f 734 735 736
f 736 720 734
f 733 731 732
f 737 717 736
f 737 738 739
f 739 740 737
f 740 9 737
f 737 9 716
f 731 721 730
f 720 717 718
f 6 7 8
f 10 11 22
f 10 703 9
f 4 5 6
f 2 4 766
f 766 4 6
f 2 3 4
f 766 1 2
f 6 8 765
f 8 9 764
f 22 23 697
f 24 697 23
f 20 21 22
f 19 20 18
f 22 18 20
f 57 24 56
f 18 12 14
f 14 12 13
f 16 14 15
f 18 16 17
f 16 18 14
f 12 18 22
f 12 22 11
f 697 10 22
f 745 743 744
f 743 745 741
f 759 741 745
f 753 748 752
f 756 746 747
f 745 746 759
f 747 753 754
f 748 750 752
f 748 753 747
f 749 750 748
f 750 751 752
f 741 742 743
f 763 761 762
f 761 763 760
f 6 765 766
f 8 764 765
f 9 763 764
f 755 756 747
f 754 755 747
f 760 741 759
f 758 759 756
f 756 757 758
f 763 9 760
f 759 746 756
f 760 9 740
f 741 760 740
f 694 24 692
f 771 772 770
f 772 773 774
f 203 774 196
f 193 774 775
f 579 772 774
f 768 769 601
f 767 768 601
f 776 192 775
f 776 777 767
f 189 192 776
f 189 776 182
f 592 769 770
f 193 775 192
f 196 193 195
f 196 200 203
f 197 199 196
f 200 196 199
f 197 198 199
f 201 202 200
f 191 192 190
f 194 195 193
f 190 192 189
f 193 196 774
f 776 767 182
f 581 770 772
f 605 606 607
f 602 603 601
f 182 603 604
f 767 603 182
f 604 605 182
f 611 609 610
f 609 611 612
f 609 612 181
f 182 608 609
f 605 608 182
f 607 608 605
f 620 61 181
f 181 182 609
f 183 184 186
f 182 183 186
f 189 187 188
f 189 186 187
f 186 184 185
f 189 182 186
f 179 180 61
f 178 179 177
f 180 181 61
f 61 62 113
f 612 613 181
f 767 601 603
f 593 601 769
f 179 61 177
f 177 174 176
f 177 61 174
f 176 174 175
f 61 173 174
f 171 172 170
f 172 167 168
f 170 172 168
f 166 167 172
f 168 169 170
f 166 118 164
f 173 113 172
f 164 165 166
f 123 143 163
f 162 163 161
f 160 161 159
f 161 163 159
f 147 158 159
f 147 157 158
f 156 157 155
f 154 155 153
f 155 157 149
f 163 143 159
f 118 166 172
f 136 137 135
f 114 117 172
f 137 138 126
f 140 142 138
f 142 126 138
f 140 138 139
f 123 142 143
f 117 114 115
f 117 115 116
f 164 118 122
f 123 163 164
f 117 118 172
f 119 120 118
f 153 151 152
f 151 153 149
f 149 150 151
f 147 148 149
f 153 155 149
f 143 144 145
f 147 159 146
f 145 146 143
f 141 142 140
f 146 159 143
f 147 149 157
f 114 172 113
f 113 173 61
f 113 62 112
f 73 74 72
f 74 75 72
f 72 75 71
f 53 54 55
f 52 53 49
f 52 50 51
f 49 50 52
f 55 44 53
f 55 56 44
f 105 70 71
f 69 70 68
f 70 67 68
f 76 98 71
f 75 76 71
f 77 78 79
f 81 79 80
f 81 84 79
f 77 79 84
f 83 81 82
f 76 77 85
f 81 83 84
f 60 61 620
f 25 26 27
f 28 38 27
f 39 25 27
f 34 36 30
f 36 28 30
f 36 34 35
f 39 27 38
f 28 29 30
f 30 32 34
f 31 32 30
f 33 34 32
f 36 38 28
f 49 53 47
f 46 53 44
f 46 44 45
f 47 48 49
f 47 53 46
f 36 37 38
f 42 43 41
f 41 43 39
f 39 40 41
f 56 43 44
f 25 39 43
f 56 25 43
f 118 120 122
f 112 63 111
f 121 122 120
f 126 142 123
f 62 63 112
f 65 66 67
f 70 63 65
f 63 105 111
f 111 109 110
f 108 109 111
f 67 70 65
f 65 63 64
f 126 124 125
f 124 126 123
f 137 127 128
f 135 133 134
f 130 133 135
f 137 126 127
f 135 128 130
f 130 128 129
f 131 132 133
f 131 133 130
f 137 128 135
f 123 164 122
f 85 86 93
f 93 86 92
f 76 94 98
f 94 76 93
f 94 95 96
f 104 71 98
f 92 87 91
f 90 87 88
f 90 91 87
f 89 90 88
f 87 92 86
f 63 70 105
f 103 104 102
f 105 107 108
f 107 105 106
f 108 111 105
f 98 96 97
f 105 71 104
f 101 102 104
f 99 100 101
f 101 98 99
f 98 101 104
f 94 96 98
f 93 76 85
f 77 84 85
f 24 25 56
f 592 584 590
f 536 535 779
f 779 778 536
f 535 534 779
f 780 779 534
f 782 783 781
f 784 785 781
f 784 781 783
f 425 424 786
f 787 786 424
f 424 423 787
f 788 787 423
f 193 192 790
f 790 789 193
f 530 529 792
f 792 791 530
f 529 528 793
f 793 792 529
f 200 199 795
f 795 794 200
f 797 795 796
f 798 796 795
f 785 784 799
f 528 527 800
f 800 793 528
f 527 526 800
f 801 800 526
f 725 724 803
f 803 802 725
f 724 723 804
f 804 803 724
f 526 525 805
f 805 801 526
f 525 524 806
f 806 805 525
f 523 522 808
f 808 807 523
f 533 532 810
f 810 809 533
f 58 57 812
f 812 813 811
f 812 811 58
f 814 59 58
f 58 811 814
f 520 519 816
f 816 815 520
f 521 520 815
f 815 817 521
f 522 521 817
f 817 808 522
f 818 819 820
f 822 823 824
f 822 818 821
f 818 822 824
f 825 826 783
f 784 783 826
f 518 517 828
f 828 827 518
f 515 514 830
f 830 829 515
f 517 516 831
f 831 828 517
f 516 515 829
f 829 831 516
f 825 832 826
f 833 826 832
f 514 513 830
f 834 830 513
f 513 512 835
f 835 834 513
f 496 495 837
f 837 836 496
f 502 501 838
f 839 838 501
f 509 508 840
f 841 840 508
f 508 507 842
f 842 841 508
f 512 511 843
f 843 835 512
f 511 510 843
f 844 843 510
f 510 509 844
f 840 844 509
f 505 504 846
f 846 845 505
f 506 505 845
f 845 847 506
f 435 434 849
f 849 848 435
f 850 848 851
f 448 447 852
f 853 852 447
f 504 503 854
f 854 846 504
f 503 502 838
f 838 854 503
f 442 441 855
f 856 855 441
f 443 442 857
f 855 857 442
f 445 444 860
f 860 858 859
f 860 859 445
f 501 500 861
f 861 839 501
f 500 499 862
f 862 861 500
f 499 498 863
f 863 862 499
f 498 497 864
f 864 863 498
f 497 496 836
f 836 864 497
f 431 430 866
f 866 865 431
f 867 432 431
f 431 865 867
f 452 451 868
f 869 868 451
f 453 452 870
f 868 870 452
f 493 492 872
f 872 871 493
f 495 494 873
f 873 837 495
f 494 493 871
f 871 873 494
f 519 518 827
f 827 816 519
f 491 490 875
f 875 874 491
f 490 489 876
f 876 875 490
f 492 491 872
f 874 872 491
f 489 488 877
f 877 876 489
f 458 457 878
f 879 878 457
f 457 456 879
f 880 879 456
f 882 883 881
f 884 881 883
f 484 483 886
f 886 885 484
f 483 482 886
f 887 886 482
f 482 481 888
f 888 887 482
f 479 478 890
f 890 889 479
f 478 477 891
f 891 890 478
f 481 480 892
f 892 888 481
f 480 479 892
f 889 892 479
f 487 486 894
f 894 895 893
f 895 894 486
f 486 485 882
f 882 881 895
f 882 895 486
f 476 475 896
f 897 896 475
f 477 476 896
f 896 891 477
f 474 473 898
f 899 898 473
f 475 474 898
f 898 897 475
f 546 545 901
f 901 900 546
f 903 901 904
f 904 902 903
f 473 472 905
f 905 899 473
f 470 469 906
f 907 906 469
f 471 470 906
f 906 908 471
f 472 471 908
f 908 905 472
f 469 468 909
f 909 907 469
f 467 466 910
f 911 910 466
f 468 467 910
f 910 909 468
f 913 914 915
f 915 912 913
f 466 465 911
f 916 911 465
f 465 464 916
f 917 916 464
f 464 463 917
f 914 917 463
f 463 462 914
f 914 918 915
f 918 914 462
f 524 523 807
f 807 806 524
f 919 867 920
f 459 458 878
f 878 921 459
f 460 459 921
f 921 922 460
f 859 858 923
f 455 454 925
f 925 924 455
f 456 455 880
f 924 880 455
f 812 926 813
f 927 813 926
f 57 56 928
f 928 812 57
f 454 453 870
f 870 925 454
f 438 437 929
f 930 929 437
f 439 438 931
f 929 931 438
f 450 449 933
f 933 932 450
f 436 435 848
f 848 850 934
f 848 934 436
f 447 446 853
f 935 853 446
f 748 747 936
f 937 936 747
f 365 364 938
f 939 938 364
f 408 407 941
f 941 940 408
f 433 432 867
f 867 919 942
f 867 942 433
f 434 433 849
f 942 849 433
f 426 425 786
f 786 943 426
f 437 436 934
f 934 930 437
f 440 439 931
f 931 944 440
f 691 946 945
f 945 692 691
f 430 429 947
f 947 948 866
f 947 866 430
f 950 951 952
f 952 949 950
f 427 426 954
f 954 943 953
f 943 954 426
f 955 956 957
f 961 962 960
f 960 962 959
f 963 958 959
f 963 959 962
f 964 965 966
f 423 422 788
f 967 788 422
f 969 967 970
f 970 968 969
f 951 969 968
f 968 952 951
f 558 557 971
f 972 971 557
f 974 975 973
f 976 973 975
f 219 218 978
f 978 979 977
f 978 977 219
f 441 440 944
f 944 856 441
f 959 958 980
f 407 406 941
f 981 941 406
f 400 399 983
f 983 982 400
f 401 400 982
f 982 984 401
f 406 405 981
f 985 981 405
f 405 404 985
f 986 985 404
f 446 445 935
f 859 935 445
f 404 403 987
f 987 988 986
f 987 986 404
f 991 992 990
f 989 990 992
f 994 995 996
f 996 993 994
f 999 994 998
f 998 993 997
f 993 998 994
f 1001 1002 1000
f 1003 1000 1002
f 1004 1005 1006
f 399 398 1007
f 1007 983 399
f 398 397 1007
f 1008 1007 397
f 394 393 1009
f 1010 1009 393
f 393 392 1010
f 1011 1010 392
f 350 349 1012
f 1013 1012 349
f 1014 1015 1016
f 373 372 1018
f 1017 1018 1019
f 1018 1017 373
f 392 391 1011
f 1020 1011 391
f 391 390 1021
f 1021 1020 391
f 390 389 1021
f 1022 1021 389
f 389 388 1023
f 1023 1022 389
f 368 367 1024
f 1025 1024 367
f 367 366 1026
f 1026 1025 367
f 385 384 1028
f 1028 1027 385
f 1031 1032 1033
f 1033 1029 1030
f 1033 1030 1031
f 1033 1036 1035
f 1034 1035 1036
f 383 382 1037
f 1038 1037 382
f 384 383 1028
f 1037 1028 383
f 420 419 1040
f 1040 419 1041
f 1041 1042 1039
f 1041 1039 1040
f 382 381 1043
f 1043 1038 382
f 381 380 1044
f 1044 1043 381
f 379 378 1045
f 1046 1045 378
f 380 379 1044
f 1045 1044 379
f 1048 1049 1050
f 1050 1051 1047
f 1050 1047 1048
f 1052 1053 1001
f 1001 1000 1052
f 378 377 1054
f 1054 1046 378
f 271 270 1055
f 1056 1055 270
f 362 361 1058
f 1058 1059 1057
f 1058 1057 362
f 363 362 1057
f 1057 1060 363
f 348 347 1062
f 1062 1061 348
f 347 346 1063
f 1063 1062 347
f 366 365 1026
f 938 1026 365
f 397 396 1008
f 1064 1008 396
f 396 395 1064
f 1014 1064 395
f 1058 1065 1066
f 1066 1067 1059
f 1066 1059 1058
f 1065 1068 1066
f 1069 1066 1068
f 276 275 1071
f 1071 1070 276
f 275 274 1072
f 1072 1071 275
f 1074 998 997
f 997 1073 1074
f 358 357 1076
f 1076 1075 358
f 403 402 1077
f 1077 987 403
f 402 401 1077
f 984 1077 401
f 360 359 1079
f 1079 1080 1078
f 1080 1079 359
f 359 358 1075
f 1075 1080 359
f 353 352 1082
f 1082 1083 1081
f 1082 1081 353
f 1082 1084 1083
f 1005 1004 1083
f 1005 1083 1084
f 357 356 1085
f 1085 1076 357
f 354 353 1081
f 1081 1086 354
f 356 355 1085
f 1087 1085 355
f 355 354 1086
f 1086 1087 355
f 349 348 1061
f 1061 1013 349
f 351 350 1012
f 1012 1088 351
f 278 277 1089
f 1090 1089 277
f 346 345 1091
f 1091 1063 346
f 553 552 1093
f 1093 1092 553
f 345 344 1094
f 1094 1091 345
f 344 343 1095
f 1095 1094 344
f 507 506 842
f 847 842 506
f 327 326 1096
f 1097 1096 326
f 326 325 1097
f 1098 1097 325
f 342 341 1099
f 1100 1099 341
f 341 340 1101
f 1101 1100 341
f 340 339 1102
f 1102 1101 340
f 339 338 1103
f 1103 1102 339
f 1104 1105 1005
f 1005 1084 1104
f 338 337 1106
f 1106 1103 338
f 1107 1108 1109
f 832 1110 1107
f 1107 833 832
f 331 330 1111
f 1112 1111 330
f 336 335 1113
f 1114 1113 335
f 337 336 1113
f 1113 1106 337
f 444 443 857
f 857 860 444
f 333 332 1116
f 1116 1115 333
f 1104 1116 1117
f 1117 1105 1104
f 334 333 1118
f 1115 1118 333
f 335 334 1114
f 1118 1114 334
f 449 448 933
f 852 933 448
f 1119 269 1120
f 1120 1121 1119
f 1120 269 268
f 1056 1122 1123
f 1056 270 269
f 1056 1119 1122
f 1119 1056 269
f 332 331 1116
f 1116 1111 1117
f 1111 1116 331
f 328 327 1096
f 1096 1124 328
f 329 328 1124
f 1124 1125 329
f 330 329 1112
f 1125 1112 329
f 325 324 1098
f 1126 1098 324
f 324 323 1127
f 1127 1126 324
f 322 321 1128
f 1129 1128 321
f 321 320 1129
f 1130 1129 320
f 323 322 1128
f 1128 1127 323
f 317 316 1131
f 1132 1131 316
f 316 315 1132
f 1133 1132 315
f 320 319 1130
f 1134 1130 319
f 319 318 1135
f 1135 1134 319
f 62 61 1136
f 1137 1136 61
f 318 317 1131
f 1131 1135 318
f 295 294 1139
f 1139 1138 295
f 315 314 1140
f 1140 1133 315
f 314 313 1141
f 1141 1140 314
f 294 293 1139
f 1142 1139 293
f 293 292 1142
f 1143 1142 292
f 310 309 1145
f 1145 1144 310
f 311 310 1144
f 1144 1146 311
f 313 312 1147
f 1147 1141 313
f 1148 1149 1150
f 312 311 1147
f 1146 1147 311
f 570 569 1151
f 1152 1151 569
f 308 307 1153
f 1154 1153 307
f 307 306 1154
f 1155 1154 306
f 309 308 1153
f 1153 1145 309
f 306 305 1155
f 1156 1155 305
f 1157 1158 1159
f 304 303 1158
f 1160 1158 1157
f 1158 1160 304
f 305 304 1156
f 1160 1156 304
f 303 302 1161
f 1161 1158 303
f 300 299 1163
f 1163 1162 300
f 1163 299 1164
f 298 1164 299
f 290 289 1165
f 1166 1165 289
f 289 288 1166
f 1167 1166 288
f 286 285 1169
f 1169 1168 286
f 287 286 1168
f 1168 1170 287
f 1162 1172 1171
f 1173 1171 1172
f 301 300 1162
f 1162 1171 1174
f 1162 1174 301
f 296 295 1138
f 1138 1175 296
f 297 296 1172
f 1172 1175 1173
f 1175 1172 296
f 298 297 1164
f 1172 1164 297
f 292 291 1176
f 1176 1143 292
f 291 290 1165
f 1165 1176 291
f 282 281 1178
f 1178 1177 282
f 281 280 1178
f 1179 1178 280
f 272 271 1180
f 1055 1180 271
f 288 287 1170
f 1170 1167 288
f 283 282 1177
f 1177 1181 283
f 285 284 1169
f 1182 1169 284
f 369 368 1024
f 1024 1183 1184
f 1024 1184 369
f 1182 1185 1186
f 280 279 1187
f 1187 1179 280
f 279 278 1089
f 1089 1187 279
f 273 272 1188
f 1180 1188 272
f 274 273 1072
f 1188 1072 273
f 277 276 1070
f 1070 1090 277
f 159 158 1190
f 1190 1191 1189
f 1190 1189 159
f 61 60 1192
f 1192 1193 1137
f 1192 1137 61
f 267 266 1195
f 1195 1194 267
f 268 267 1194
f 1194 1120 268
f 1196 1197 1198
f 262 261 1200
f 1200 1199 262
f 266 265 1195
f 1201 1195 265
f 265 264 1201
f 1202 1201 264
f 257 256 1203
f 1204 1203 256
f 256 255 1205
f 1205 1204 256
f 259 258 1206
f 1207 1206 258
f 258 257 1203
f 1203 1208 1207
f 1203 1207 258
f 263 262 1199
f 1199 1209 263
f 1030 1029 1210
f 264 263 1209
f 1209 1202 264
f 261 260 1200
f 1211 1200 260
f 260 259 1211
f 1206 1211 259
f 387 386 1213
f 1213 1214 1212
f 1214 1213 386
f 251 250 1215
f 1216 1215 250
f 254 253 1217
f 1218 1217 253
f 1217 823 822
f 822 1219 1217
f 252 251 1215
f 1215 1220 252
f 250 249 1221
f 1221 1216 250
f 241 240 1222
f 1223 1222 240
f 240 239 1223
f 1224 1223 239
f 239 238 1225
f 1225 1224 239
f 249 248 1221
f 1226 1221 248
f 248 247 1226
f 1227 1226 247
f 247 246 1227
f 1228 1227 246
f 246 245 1228
f 1229 1228 245
f 245 244 1230
f 1230 1229 245
f 242 241 1222
f 1222 1231 242
f 253 252 1218
f 1220 1218 252
f 235 234 1232
f 1233 1232 234
f 1235 1236 1237
f 1237 1234 1235
f 243 242 1236
f 1236 1231 1237
f 1231 1236 242
f 244 243 1236
f 1236 1230 244
f 232 231 1238
f 1239 1238 231
f 231 230 1239
f 1240 1239 230
f 197 196 1241
f 1242 1241 196
f 196 195 1242
f 1243 1242 195
f 234 233 1244
f 1244 1233 234
f 236 235 1232
f 1232 1245 236
f 237 236 1245
f 1245 1246 237
f 238 237 1246
f 1246 1225 238
f 229 228 1248
f 1248 1247 229
f 233 232 1238
f 1238 1244 233
f 1250 1197 1249
f 1196 1249 1197
f 371 1251 372
f 1018 372 1251
f 230 229 1247
f 1247 1240 230
f 227 226 1252
f 1253 1252 226
f 228 227 1248
f 1252 1248 227
f 221 220 1254
f 1255 1254 220
f 226 225 1256
f 1256 1253 226
f 225 224 1257
f 1257 1256 225
f 224 223 1258
f 1258 1257 224
f 218 217 978
f 1259 978 217
f 216 215 1261
f 1261 1260 216
f 988 987 1262
f 222 221 1263
f 1254 1263 221
f 215 214 1264
f 1264 1261 215
f 214 213 1264
f 1265 1264 213
f 63 62 1136
f 1136 1267 1266
f 1136 1266 63
f 213 212 1268
f 1268 1265 213
f 174 173 1270
f 1270 1271 1269
f 1271 1270 173
f 210 209 1273
f 1273 1272 210
f 211 210 1272
f 1272 1274 211
f 212 211 1274
f 1274 1268 212
f 1275 1276 1277
f 1279 1280 1281
f 1281 1278 1279
f 1282 1283 1284
f 1279 1285 1284
f 209 208 1286
f 1286 1273 209
f 1287 205 1288
f 204 1288 205
f 591 590 1290
f 1290 1289 591
f 592 591 1289
f 1289 1291 592
f 204 203 1288
f 1292 1288 203
f 203 202 1293
f 1293 1292 203
f 611 610 1294
f 1295 1294 610
f 610 609 1295
f 1296 1295 609
f 201 200 1297
f 794 1297 200
f 1298 1299 1300
f 797 796 1300
f 198 197 1241
f 1241 1301 198
f 192 191 1302
f 1302 790 192
f 609 608 1296
f 1303 1296 608
f 195 194 1243
f 1243 1305 1304
f 1305 1243 194
f 194 193 1305
f 789 1305 193
f 187 186 1306
f 1307 1306 186
f 191 190 1308
f 1308 1309 1302
f 1308 1302 191
f 190 189 1310
f 1310 1308 190
f 189 188 1311
f 1311 1310 189
f 1312 1313 1314
f 1315 1316 1317
f 1312 1317 1313
f 1317 1312 1315
f 188 187 1311
f 1306 1311 187
f 737 736 1319
f 1319 1318 737
f 186 185 1320
f 1320 1307 186
f 183 182 1321
f 1322 1321 182
f 679 678 1324
f 1324 1323 679
f 678 677 1324
f 1325 1324 677
f 88 87 1327
f 1327 1326 88
f 179 178 1329
f 1329 1328 179
f 178 177 1329
f 1330 1329 177
f 1332 1333 1331
f 1334 1331 1333
f 180 179 1332
f 1328 1332 179
f 177 176 1330
f 1335 1330 176
f 176 175 1335
f 1336 1335 175
f 175 174 1270
f 1270 1336 175
f 220 219 1255
f 977 1255 219
f 1263 1250 1337
f 1249 1337 1250
f 1339 1340 1338
f 1341 1338 1340
f 118 117 1342
f 1343 1342 117
f 170 169 1345
f 1345 1344 170
f 169 168 1346
f 1346 1345 169
f 171 170 1347
f 1344 1347 170
f 168 167 1346
f 1348 1346 167
f 1349 1027 1350
f 167 166 1351
f 1351 1348 167
f 1339 1338 1353
f 1352 1353 1338
f 163 162 1355
f 1355 1354 163
f 164 163 1354
f 1354 1356 164
f 145 144 1357
f 1358 1357 144
f 144 143 1358
f 1359 1358 143
f 162 161 1360
f 1360 1355 162
f 165 164 1361
f 1356 1361 164
f 161 160 1360
f 1362 1360 160
f 160 159 1362
f 1189 1362 159
f 60 59 814
f 814 1192 60
f 157 156 1364
f 1364 1363 157
f 156 155 1365
f 1365 1364 156
f 158 157 1363
f 1363 1190 158
f 1191 1190 1366
f 1366 1367 1191
f 155 154 1368
f 1368 1365 155
f 154 153 1368
f 1369 1368 153
f 1371 1372 1373
f 1373 1370 1371
f 153 152 1374
f 1374 1369 153
f 152 151 1374
f 1375 1374 151
f 148 147 1376
f 1377 1376 147
f 151 150 1378
f 1378 1375 151
f 149 148 1372
f 1372 1376 1373
f 1376 1372 148
f 147 146 1377
f 1379 1377 146
f 146 145 1357
f 1357 1379 146
f 142 141 1381
f 1381 1380 142
f 139 138 1382
f 1383 1382 138
f 140 139 1384
f 1382 1384 139
f 927 926 1387
f 927 1387 1385
f 1387 926 1386
f 143 142 1359
f 1380 1359 142
f 141 140 1384
f 1384 1381 141
f 138 137 1383
f 1388 1383 137
f 137 136 1389
f 1389 1388 137
f 134 133 1390
f 1391 1390 133
f 135 134 1392
f 1390 1392 134
f 132 131 1393
f 1394 1393 131
f 136 135 1392
f 1392 1389 136
f 129 128 1396
f 1396 1395 129
f 130 129 1395
f 1395 1397 130
f 56 55 1398
f 1398 928 56
f 133 132 1393
f 1393 1391 133
f 122 121 1400
f 1400 1399 122
f 123 122 1401
f 1399 1401 122
f 131 130 1394
f 1397 1402 1394
f 1397 1394 130
f 105 104 1404
f 1404 1403 105
f 104 103 1405
f 1405 1404 104
f 126 125 1407
f 1407 1406 126
f 125 124 1408
f 1408 1407 125
f 127 126 1409
f 1406 1409 126
f 128 127 1396
f 1409 1396 127
f 119 118 1410
f 1342 1410 118
f 120 119 1411
f 1410 1411 119
f 121 120 1411
f 1411 1400 121
f 124 123 1408
f 1401 1408 123
f 1353 1352 1413
f 1412 1413 1352
f 117 116 1414
f 1414 1343 117
f 116 115 1415
f 1415 1414 116
f 1417 1418 1419
f 1419 1416 1417
f 108 107 1421
f 1421 1420 108
f 115 114 1415
f 1422 1415 114
f 111 110 1423
f 1424 1423 110
f 110 109 1425
f 1424 1425 1426
f 1425 1424 110
f 107 106 1427
f 1427 1421 107
f 106 105 1427
f 1403 1427 105
f 102 101 1428
f 1429 1428 101
f 103 102 1428
f 1428 1405 103
f 99 98 1430
f 1431 1430 98
f 1433 1434 1432
f 1435 1432 1434
f 1437 1438 1436
f 1439 1436 1438
f 95 94 1440
f 1441 1440 94
f 94 93 1442
f 1442 1441 94
f 1402 1397 1443
f 91 90 1444
f 1445 1444 90
f 92 91 1444
f 1444 1446 92
f 90 89 1447
f 1447 1445 90
f 44 43 1448
f 1449 1448 43
f 43 42 1450
f 1450 1449 43
f 78 77 1451
f 1452 1451 77
f 79 78 1453
f 1451 1453 78
f 85 84 1455
f 1455 1454 85
f 42 41 1456
f 1456 1450 42
f 81 80 1458
f 1458 1457 81
f 80 79 1453
f 1453 1458 80
f 83 82 1460
f 1460 1459 83
f 82 81 1457
f 1457 1460 82
f 68 67 1461
f 1462 1461 67
f 70 69 1464
f 1464 1463 70
f 69 68 1461
f 1461 1464 69
f 54 53 1465
f 1466 1465 53
f 703 702 1468
f 1468 1467 703
f 702 701 1468
f 1469 1468 701
f 53 52 1466
f 1470 1466 52
f 50 49 1472
f 1472 1471 50
f 55 54 1465
f 1465 1398 55
f 52 51 1470
f 1473 1470 51
f 51 50 1471
f 1471 1473 51
f 46 45 1474
f 1475 1474 45
f 45 44 1475
f 1448 1475 44
f 49 48 1476
f 1476 1472 49
f 41 40 1456
f 1477 1456 40
f 40 39 1477
f 1478 1477 39
f 30 29 1479
f 1480 1479 29
f 29 28 1480
f 1481 1480 28
f 39 38 1482
f 1482 1478 39
f 38 37 1483
f 1483 1482 38
f 37 36 1484
f 1484 1483 37
f 35 34 1485
f 1486 1485 34
f 36 35 1484
f 1485 1484 35
f 8 7 1488
f 1488 1489 1487
f 1488 1487 8
f 1032 1490 1491
f 1491 1036 1033
f 1491 1033 1032
f 21 20 1492
f 1493 1492 20
f 20 19 1494
f 1494 1493 20
f 19 18 1495
f 1494 1495 1496
f 1495 1494 19
f 13 12 1497
f 1498 1497 12
f 14 13 1499
f 1497 1499 13
f 760 759 1500
f 1501 1500 759
f 11 10 1502
f 1503 1502 10
f 2 1 1504
f 1505 1504 1
f 6 5 1506
f 1507 1506 5
f 5 4 1508
f 1508 1507 5
f 4 3 1509
f 1509 1508 4
f 3 2 1509
f 1504 1509 2
f 1 766 1505
f 1510 1505 766
f 763 762 1512
f 1512 1511 763
f 764 763 1513
f 1511 1513 763
f 762 761 1514
f 1514 1512 762
f 761 760 1514
f 1500 1514 760
f 759 758 1515
f 1515 1501 759
f 758 757 1515
f 1516 1515 757
f 757 756 1516
f 1517 1516 756
f 755 754 1519
f 1519 1518 755
f 751 750 1521
f 1521 1520 751
f 750 749 1522
f 1522 1521 750
f 749 748 936
f 936 1522 749
f 742 741 1523
f 1524 1523 741
f 743 742 1525
f 1523 1525 742
f 744 743 1525
f 1525 1526 744
f 746 745 1527
f 1528 1527 745
f 745 744 1526
f 1526 1528 745
f 747 746 937
f 1527 937 746
f 740 739 1530
f 1530 1529 740
f 739 738 1530
f 1531 1530 738
f 738 737 1531
f 1318 1531 737
f 734 733 1533
f 1533 1532 734
f 735 734 1534
f 1532 1534 734
f 736 735 1534
f 1534 1319 736
f 732 731 1535
f 1536 1535 731
f 733 732 1535
f 1535 1533 733
f 722 721 1538
f 1538 1537 722
f 723 722 1537
f 1537 804 723
f 730 729 1540
f 1540 1539 730
f 729 728 1541
f 1541 1540 729
f 720 719 1543
f 1543 1542 720
f 719 718 1543
f 1544 1543 718
f 718 717 1544
f 1545 1544 717
f 715 714 1547
f 1547 1546 715
f 714 713 1548
f 1548 1547 714
f 717 716 1549
f 1549 1545 717
f 716 715 1546
f 1546 1549 716
f 712 711 1551
f 1551 1550 712
f 711 710 1551
f 1552 1551 710
f 699 698 1553
f 1554 1553 698
f 710 709 1552
f 1555 1552 709
f 707 706 1490
f 1556 1491 1490
f 1556 1490 706
f 706 705 1557
f 1557 1556 706
f 705 704 1557
f 1558 1557 704
f 700 699 1553
f 1553 1559 700
f 697 696 1561
f 1561 1560 697
f 696 695 1561
f 1562 1561 695
f 684 683 1563
f 1564 1563 683
f 685 684 1563
f 1563 1565 685
f 694 693 1567
f 1567 1566 694
f 693 692 1567
f 945 1567 692
f 691 690 1568
f 1568 946 691
f 690 689 1568
f 1569 1568 689
f 668 667 1571
f 1571 1570 668
f 688 687 1573
f 1573 1572 688
f 687 686 1573
f 1574 1573 686
f 666 665 1576
f 1576 1575 666
f 689 688 1572
f 1572 1569 689
f 669 668 1577
f 1570 1577 668
f 670 669 1578
f 1577 1578 669
f 28 27 1481
f 1579 1481 27
f 685 1565 686
f 1574 686 1565
f 667 666 1571
f 1575 1571 666
f 683 682 1580
f 1580 1564 683
f 682 681 1581
f 1581 1580 682
f 681 680 1581
f 1582 1581 680
f 1584 1585 1583
f 1586 1583 1585
f 679 1323 1582
f 1582 680 679
f 1149 1587 1586
f 676 675 1588
f 1589 1588 675
f 663 662 1591
f 1591 1590 663
f 675 674 1592
f 1592 1589 675
f 674 673 1593
f 1593 1592 674
f 673 672 1594
f 1594 1593 673
f 672 671 1584
f 1584 1583 1594
f 1584 1594 672
f 660 659 1596
f 1596 1595 660
f 661 660 1595
f 1595 1597 661
f 665 664 1576
f 1598 1576 664
f 664 663 1598
f 1590 1598 663
f 659 658 1599
f 1599 1596 659
f 658 657 1600
f 1600 1599 658
f 1601 1602 1603
f 1604 1321 1603
f 662 661 1591
f 1597 1591 661
f 650 649 1605
f 1606 1605 649
f 649 648 1607
f 1607 1606 649
f 531 530 791
f 791 782 531
f 657 656 1600
f 1608 1600 656
f 651 650 1609
f 1605 1609 650
f 653 652 1611
f 1611 1610 653
f 654 653 1610
f 1610 1612 654
f 655 654 1613
f 1612 1613 654
f 1614 1615 1616
f 1611 1618 1617
f 1618 1614 1617
f 1614 1618 1615
f 656 655 1608
f 1613 1608 655
f 652 651 1611
f 1611 1609 1618
f 1609 1611 651
f 1621 1622 1620
f 1619 1620 1622
f 1619 1622 1623
f 648 647 1607
f 1624 1607 647
f 643 642 1626
f 1626 1625 643
f 1627 1628 1150
f 601 600 1629
f 1630 1629 600
f 1630 1631 1632
f 647 646 1633
f 1633 1624 647
f 645 644 1634
f 1635 1634 644
f 644 643 1635
f 1625 1635 643
f 646 645 1634
f 1634 1633 646
f 1637 1638 1636
f 1639 1636 1638
f 641 640 1640
f 1641 1640 640
f 640 639 1641
f 1642 1641 639
f 606 605 1644
f 1644 1643 606
f 1645 1646 1637
f 1637 1636 1645
f 1648 1646 1647
f 1645 1647 1646
f 639 638 1649
f 1649 1642 639
f 634 633 1651
f 1651 1650 634
f 1652 1653 1654
f 635 634 1655
f 1650 1655 634
f 636 635 1656
f 1655 1656 635
f 625 624 1657
f 1658 1657 624
f 633 632 1651
f 1659 1651 632
f 632 631 1659
f 1660 1659 631
f 631 630 1660
f 1661 1660 630
f 630 629 1662
f 1662 1661 630
f 626 625 1657
f 1657 1663 626
f 628 627 1664
f 1665 1664 627
f 629 628 1662
f 1664 1662 628
f 557 556 1666
f 1666 972 557
f 343 342 1099
f 1099 1095 343
f 627 626 1665
f 1663 1665 626
f 1667 1668 1669
f 1668 1667 1670
f 623 622 1671
f 1672 1671 622
f 352 351 1088
f 1088 1082 352
f 624 623 1658
f 1671 1658 623
f 361 360 1079
f 1079 1058 361
f 622 621 1673
f 1673 1672 622
f 621 620 1673
f 1674 1673 620
f 618 617 1676
f 1676 1675 618
f 619 618 1677
f 1675 1677 618
f 1677 990 1678
f 989 1678 990
f 614 613 1680
f 1680 1679 614
f 615 614 1679
f 1679 1681 615
f 616 615 1682
f 1681 1682 615
f 617 616 1676
f 1682 1676 616
f 620 619 1677
f 1677 1678 1674
f 1677 1674 620
f 612 611 1683
f 1294 1683 611
f 613 612 1680
f 1683 1680 612
f 605 604 1644
f 1684 1644 604
f 775 774 1686
f 1686 1685 775
f 774 773 1686
f 1687 1686 773
f 608 607 1303
f 1688 1303 607
f 607 606 1688
f 1643 1688 606
f 1689 1690 1110
f 1107 1110 1690
f 1108 1107 1690
f 600 599 1691
f 1691 1631 1630
f 1691 1630 600
f 603 602 1692
f 1693 1692 602
f 602 601 1693
f 1629 1693 601
f 604 603 1684
f 1684 1692 1694
f 1692 1684 603
f 597 596 1696
f 1696 1695 597
f 594 593 1697
f 1698 1697 593
f 595 594 1697
f 1697 1699 595
f 596 595 1696
f 1699 1696 595
f 598 597 1695
f 1695 1700 598
f 572 571 1701
f 1702 1701 571
f 573 572 1703
f 1701 1703 572
f 599 598 1691
f 1700 1691 598
f 1426 1425 1704
f 1704 1705 1426
f 592 1291 593
f 1698 593 1291
f 771 770 1706
f 1707 1706 770
f 772 771 1708
f 1706 1708 771
f 580 579 1709
f 1710 1709 579
f 581 580 1709
f 1709 1711 581
f 588 587 1712
f 1713 1712 587
f 590 589 1714
f 1714 1290 590
f 589 588 1712
f 1712 1714 589
f 577 576 1715
f 1716 1715 576
f 1717 1718 1719
f 582 581 1721
f 1721 1711 1720
f 1711 1721 581
f 579 578 1722
f 1722 1723 1710
f 1722 1710 579
f 1722 1620 1723
f 1619 1723 1620
f 583 582 1724
f 1721 1724 582
f 575 574 1726
f 1726 1725 575
f 576 575 1725
f 1725 1716 576
f 578 577 1722
f 1715 1722 577
f 1728 1729 1730
f 1730 1727 1728
f 1731 1732 1733
f 574 573 1726
f 1703 1726 573
f 551 550 1735
f 1735 1734 551
f 571 570 1151
f 1151 1702 571
f 569 568 1152
f 1736 1152 568
f 568 567 1737
f 1737 1736 568
f 1621 1738 1739
f 1739 1622 1621
f 1623 1622 1740
f 567 566 1737
f 1741 1737 566
f 563 562 1743
f 1743 1742 563
f 564 563 1745
f 1745 1742 1744
f 1742 1745 563
f 565 564 1746
f 1745 1746 564
f 1738 1745 1744
f 1744 1739 1738
f 562 561 1743
f 1747 1743 561
f 1748 1749 1750
f 416 415 995
f 1280 996 995
f 1280 995 415
f 560 559 1752
f 1752 1751 560
f 559 558 971
f 971 1752 559
f 1754 1749 1748
f 1748 1753 1754
f 555 554 1756
f 1756 1755 555
f 554 553 1756
f 1092 1756 553
f 561 560 1751
f 1751 1747 561
f 1758 1759 1757
f 1760 1757 1759
f 1762 1758 1761
f 1757 1761 1758
f 556 555 1755
f 1755 1666 556
f 550 549 1735
f 1763 1735 549
f 1765 1766 1764
f 1767 1764 1766
f 552 551 1734
f 1734 1093 552
f 541 540 1768
f 1769 1768 540
f 540 539 1770
f 1770 1769 540
f 548 547 1772
f 1772 1771 548
f 549 548 1771
f 1771 1763 549
f 547 546 900
f 900 1772 547
f 544 543 1773
f 1774 1773 543
f 545 544 901
f 901 1773 904
f 1773 901 544
f 543 542 1775
f 1775 1774 543
f 542 541 1768
f 1768 1775 542
f 539 538 1776
f 1776 1770 539
f 538 537 1776
f 1777 1776 537
f 537 536 1777
f 778 1777 536
f 1778 1779 1780
f 1780 1781 1778
f 1783 903 902
f 902 1782 1783
f 109 108 1425
f 1420 1425 108
f 1781 1780 1785
f 1784 1785 1780
f 534 533 809
f 809 780 534
f 637 636 1648
f 1656 1648 636
f 638 637 1648
f 1649 1648 1647
f 1648 1649 638
f 172 171 1340
f 1347 1341 1340
f 1347 1340 171
f 150 149 1378
f 1372 1378 149
f 388 387 1213
f 1213 1023 388
f 386 385 1027
f 1214 1027 1349
f 1027 1214 386
f 1787 1788 1786
f 1789 1786 1788
f 1791 1792 1793
f 1793 1790 1791
f 26 25 1794
f 1795 1794 25
f 17 16 1796
f 1797 1796 16
f 428 427 954
f 954 1798 428
f 421 420 1799
f 1040 1799 420
f 284 283 1182
f 1182 1181 1185
f 1181 1182 283
f 97 96 1437
f 1437 1436 1800
f 1437 1800 97
f 96 95 1437
f 1440 1437 95
f 1721 1720 1802
f 1801 1802 1720
f 208 207 1803
f 1803 1286 208
f 207 206 1803
f 1803 1805 1804
f 1805 1803 206
f 206 205 1287
f 1287 1806 1805
f 1287 1805 206
f 217 216 1259
f 1260 1259 216
f 64 63 1266
f 1266 1807 64
f 1809 1243 1304
f 1304 1808 1809
f 754 753 1519
f 1810 1519 753
f 753 752 1810
f 1810 1812 1811
f 1812 1810 752
f 752 751 1520
f 1520 1812 752
f 1308 1813 1309
f 1814 1309 1813
f 48 47 1815
f 1815 1476 48
f 1817 1815 1818
f 1818 1816 1817
f 47 46 1815
f 1815 1474 1818
f 1474 1815 46
f 1136 1819 1267
f 1820 1267 1819
f 1819 1821 1822
f 1822 1823 1820
f 1822 1820 1819
f 585 584 1824
f 1825 1824 584
f 1826 1824 1802
f 1802 1801 1826
f 23 22 1828
f 1828 1829 1827
f 1829 1828 22
f 22 21 1492
f 1492 1829 22
f 709 708 1555
f 1830 1555 708
f 74 73 1832
f 1832 1831 74
f 73 72 1833
f 1833 1832 73
f 1837 1834 1835
f 1835 1836 1837
f 1828 1827 1837
f 1836 1835 1838
f 1835 1834 1839
f 1730 1729 1839
f 414 1280 415
f 1280 414 1840
f 1840 1841 1281
f 1840 1281 1280
f 1843 1844 1845
f 1845 1842 1843
f 84 83 1455
f 1459 1455 83
f 1031 1030 1847
f 1846 1847 1030
f 1203 1848 1208
f 1849 1208 1848
f 1851 1079 1078
f 1078 1850 1851
f 1853 1854 1855
f 1855 1852 1853
f 1732 1731 1856
f 1854 1213 1212
f 1212 1855 1854
f 98 97 1800
f 1800 1431 98
f 72 71 1833
f 1833 1858 1857
f 1858 1833 71
f 1860 1833 1857
f 1857 1859 1860
f 485 484 882
f 885 882 484
f 461 460 1861
f 922 1861 460
f 488 487 894
f 894 877 488
f 1689 894 893
f 893 1690 1689
f 741 740 1529
f 1529 1524 741
f 913 912 883
f 884 883 912
f 166 165 1361
f 1361 1351 166
f 1366 1371 1370
f 1370 1367 1366
f 713 712 1548
f 1550 1548 712
f 708 707 1490
f 1490 1830 708
f 756 755 1518
f 1518 1517 756
f 1863 1864 1862
f 1865 1862 1864
f 223 222 1263
f 1263 1337 1258
f 1263 1258 223
f 991 1684 1694
f 1694 992 991
f 1867 1868 1866
f 1869 1866 1868
f 978 1803 1804
f 1804 979 978
f 181 180 1332
f 1332 1331 1870
f 1332 1870 181
f 1848 822 821
f 821 1849 1848
f 451 450 932
f 932 869 451
f 25 24 1871
f 1871 1872 1795
f 1871 1795 25
f 731 730 1539
f 1539 1536 731
f 642 641 1640
f 1640 1626 642
f 1653 1652 1874
f 1874 1873 1653
f 1814 1813 1312
f 1315 1312 1813
f 1503 10 1875
f 1875 1876 1503
f 1875 10 9
f 1810 1811 1877
f 1879 1863 1862
f 1862 1880 1878
f 1862 1878 1879
f 1881 1882 1883
f 16 15 1797
f 1884 1797 15
f 18 17 1495
f 1796 1495 17
f 1882 1881 1885
f 1496 1495 1885
f 1886 1887 1888
f 1889 1890 1892
f 1891 1892 1890
f 1386 1893 1387
f 1894 1387 1893
f 1413 1412 1895
f 173 172 1340
f 1340 1271 173
f 1035 1034 1896
f 422 421 967
f 967 1799 970
f 1799 967 421
f 1898 1899 1900
f 1900 1897 1898
f 961 1901 1902
f 1902 962 961
f 962 1903 963
f 1904 963 1903
f 93 92 1446
f 1446 1442 93
f 1806 1287 1905
f 1906 1907 1905
f 939 1908 1909
f 364 363 1060
f 1060 1908 939
f 1060 939 364
f 370 369 1911
f 1911 1184 1910
f 1184 1911 369
f 728 727 1912
f 1912 1913 1541
f 1912 1541 728
f 1912 1847 1913
f 1846 1913 1847
f 726 725 1914
f 802 1914 725
f 727 726 1914
f 1914 1912 727
f 413 412 1916
f 1916 1917 1915
f 1916 1915 413
f 1920 1921 1919
f 1921 1918 1919
f 1918 1921 1922
f 1784 1923 1924
f 1924 1785 1784
f 1923 1783 1782
f 1782 1924 1923
f 65 64 1867
f 1807 1867 64
f 67 66 1925
f 1925 1462 67
f 66 65 1867
f 66 1867 1925
f 1925 1866 1926
f 1866 1925 1867
f 71 70 1463
f 1463 1858 71
f 1928 1929 1927
f 1930 1927 1929
f 1931 1932 1933
f 1934 1935 1936
f 1932 1931 1936
f 112 111 1934
f 1934 1423 1935
f 1423 1934 111
f 27 26 1794
f 1794 1579 27
f 462 461 918
f 1861 918 461
f 532 531 782
f 782 781 810
f 782 810 532
f 1937 1938 1939
f 1941 1942 1943
f 1943 1940 1941
f 949 1941 1940
f 1940 1944 949
f 1942 1843 1943
f 1842 1943 1843
f 255 254 1217
f 1217 1219 1205
f 1217 1205 255
f 824 1235 818
f 818 1234 819
f 1234 818 1235
f 1893 1817 1816
f 1816 1894 1893
f 1948 1945 1946
f 1946 1947 1948
f 34 33 1949
f 1949 1486 34
f 33 32 1949
f 1949 1950 1951
f 1950 1949 32
f 32 31 1952
f 1952 1950 32
f 31 30 1479
f 1479 1952 31
f 1951 1950 1953
f 1955 1956 1957
f 1957 1954 1955
f 1959 1960 1961
f 1961 1958 1959
f 1964 1965 1963
f 1962 1963 1965
f 1963 1962 1966
f 1967 1326 1968
f 89 88 1447
f 1447 1326 1967
f 1326 1447 88
f 1019 1018 1969
f 1970 1971 1972
f 77 76 1973
f 1973 1452 77
f 395 394 1009
f 1014 1009 1015
f 1009 1014 395
f 409 408 1788
f 940 1789 1788
f 940 1788 408
f 86 85 1454
f 1454 1974 86
f 87 86 1327
f 1974 1327 86
f 412 411 1916
f 1975 1916 411
f 1916 960 959
f 959 1917 1916
f 410 409 1788
f 1788 1976 410
f 1322 182 1870
f 181 1870 182
f 1193 1192 1977
f 1017 1048 1978
f 1047 1978 1048
f 1981 1982 1980
f 1979 1980 1982
f 1980 1979 1983
f 1502 1981 1984
f 1980 1984 1981
f 12 11 1502
f 1502 1984 1498
f 1502 1498 12
f 1926 1866 1985
f 1868 1986 1987
f 1987 1869 1868
f 1986 1988 1989
f 1987 1989 1990
f 1989 1987 1986
f 1887 1886 1991
f 1903 1853 1904
f 1852 1904 1853
f 1994 1995 1993
f 1992 1993 1995
f 1995 1994 1996
f 1993 1992 1997
f 1779 1778 1997
f 1998 1999 2000
f 1121 1120 1998
f 1999 1998 2001
f 429 428 947
f 1798 947 428
f 947 2002 948
f 2003 948 2002
f 2002 2004 2003
f 2005 2003 2004
f 2004 954 953
f 953 2005 2004
f 1899 2006 2007
f 2007 2008 1900
f 2007 1900 1899
f 2007 1938 2008
f 1937 2008 1938
f 1766 2010 2011
f 2011 2009 1767
f 2011 1767 1766
f 2010 1959 2011
f 1958 2011 1959
f 1960 2012 2013
f 2013 1961 1960
f 1704 1890 1889
f 1705 1889 2014
f 1889 1705 1704
f 2016 2017 2018
f 2018 2015 2016
f 1891 2016 1892
f 2015 1892 2016
f 2019 1430 2020
f 2018 2017 2020
f 101 100 2021
f 2021 1429 101
f 100 99 2021
f 2021 1430 2019
f 1430 2021 99
f 1728 1727 2022
f 1639 1638 1654
f 1654 2023 1639
f 1654 1628 2023
f 1627 2023 1628
f 677 676 1325
f 1588 1325 676
f 1971 1970 1964
f 2025 1964 1963
f 1964 2025 1971
f 1066 1971 2025
f 2025 1067 1066
f 1907 1906 2026
f 1718 1717 2027
f 371 370 1911
f 1911 1251 371
f 777 776 2029
f 2029 2028 777
f 767 777 2030
f 2028 2030 777
f 927 1385 2031
f 2032 2033 2024
f 1919 2034 2035
f 2033 2032 2036
f 24 23 1828
f 1828 1871 24
f 2037 2038 1299
f 1299 2039 2037
f 2042 2038 2037
f 2037 2040 2041
f 2037 2041 2042
f 2042 2041 2043
f 1293 2044 2043
f 1299 1298 1809
f 1299 1808 2039
f 1808 1299 1809
f 721 720 1542
f 1542 1538 721
f 202 201 1297
f 1297 2044 1293
f 1297 1293 202
f 2041 2040 2045
f 185 184 1320
f 1316 1320 184
f 183 1316 184
f 1316 183 1321
f 1321 1604 1317
f 1321 1317 1316
f 671 670 1584
f 1578 1584 670
f 566 565 1741
f 1746 1741 565
f 1417 1416 2046
f 2046 2047 1417
f 1823 1822 2048
f 2014 1889 2049
f 1929 2050 1930
f 2051 1930 2050
f 75 74 1928
f 1831 1928 74
f 2053 950 2052
f 2052 949 1944
f 949 2052 950
f 2055 1040 1039
f 1039 2054 2055
f 1041 2056 2057
f 1042 2057 2058
f 2057 1042 1041
f 1844 2055 2054
f 2054 1845 1844
f 417 416 995
f 995 2059 417
f 418 417 2060
f 2059 2060 417
f 975 2061 2062
f 2062 976 975
f 76 75 1928
f 1928 1927 1973
f 1928 1973 76
f 2064 2065 2063
f 2066 2063 2065
f 2065 2067 2068
f 2068 2066 2065
f 2067 1860 2068
f 1859 2068 1860
f 2070 2051 2071
f 2071 2069 2070
f 2050 2064 2051
f 2051 2063 2071
f 2063 2051 2064
f 302 301 1161
f 1174 1161 301
f 1876 1875 2072
f 1990 1989 2073
f 1988 1986 2074
f 2075 1499 2076
f 15 14 1884
f 1884 1499 2075
f 1499 1884 14
f 776 775 2029
f 1685 2029 775
f 2077 2078 2079
f 2078 2077 2080
f 2082 2047 2081
f 2046 2081 2047
f 2083 2084 2085
f 1051 1050 2086
f 1068 1791 1069
f 1790 1069 1791
f 1945 1911 1910
f 1910 1946 1945
f 1841 1840 2087
f 414 413 1915
f 1915 1840 414
f 2089 1053 1052
f 1052 2088 2089
f 1653 1873 2090
f 1587 1149 2090
f 1148 2090 1149
f 2089 2088 1002
f 1003 1002 2088
f 1851 1850 1792
f 1793 1792 1850
f 2092 1602 1601
f 1601 2091 2092
f 1880 1862 2093
f 199 198 795
f 795 1301 798
f 1301 795 198
f 1438 1433 1439
f 1432 1439 1433
f 113 112 2094
f 1934 2094 112
f 114 113 2094
f 2094 1422 114
f 773 772 1708
f 1708 1687 773
f 1947 1946 2095
f 1184 1183 2096
f 1901 1787 1902
f 1786 1902 1787
f 411 410 1975
f 1976 1975 410
f 1434 2070 2069
f 2069 1435 1434
f 1872 1871 2097
f 587 586 2098
f 2098 1713 587
f 584 583 1724
f 1724 1825 584
f 586 585 1824
f 1824 1826 2098
f 1824 2098 586
f 1956 1898 1957
f 1897 1957 1898
f 2012 1955 2013
f 1954 2013 1955
f 2099 2100 2101
f 2104 2105 2103
f 2105 2102 2103
f 2102 2105 2106
f 1754 1753 2107
f 2060 974 2108
f 973 2108 974
f 419 418 2060
f 2060 2108 1041
f 2060 1041 419
f 956 955 2109
f 2091 1601 2110
f 2113 2053 2112
f 2112 2052 2111
f 2052 2112 2053
f 2112 2111 2114
f 965 2114 2111
f 1822 1821 2115
f 1921 1707 1922
f 2116 1922 1707
f 770 769 1707
f 1707 2117 2116
f 2117 1707 769
f 1921 1920 2118
f 769 768 2119
f 2119 2120 2117
f 2119 2117 769
f 2119 2034 1919
f 1918 2120 2119
f 1918 2119 1919
f 768 767 2030
f 2030 2119 768
f 2084 2083 2121
f 1865 1864 2121
f 1050 1049 2122
f 2006 2113 2007
f 2112 2007 2113
f 2105 2123 2124
f 2124 2106 2105
f 2099 2114 2100
f 2100 2114 2125
f 2125 965 964
f 965 2125 2114
f 2123 2100 2124
f 2125 2124 2100
f 2127 2128 2129
f 2129 2126 2127
f 2129 2130 2131
f 1767 2009 2104
f 2105 2104 2009
f 2128 2132 2129
f 2129 2133 2130
f 2133 2129 2132
f 2132 2134 2133
f 2135 2133 2134
f 1276 1275 2136
f 1285 1279 2137
f 1278 2137 1279
f 1617 1614 1585
f 1586 1585 1614
f 2138 2103 2057
f 2057 2102 2058
f 2102 2057 2103
f 2057 2056 1757
f 2061 1762 2062
f 1761 2062 1762
f 2138 2139 2140
f 2140 2103 2138
f 1759 2127 1760
f 2126 2141 1760
f 2126 1760 2127
f 2139 1760 2141
f 2141 2140 2139
f 1074 1073 2142
f 1283 1282 2142
f 999 998 2143
f 2134 2144 2135
f 2145 2135 2144
f 2144 1765 2145
f 1764 2145 1765
f 1334 1333 1269
f 1270 1269 1333
f 7 6 1488
f 1506 1488 6
f 1488 2146 1489
f 2147 1489 2146
f 2146 2148 2149
f 2149 2147 2146
f 765 764 2148
f 2148 1513 2149
f 1513 2148 764
f 766 765 2148
f 2148 1510 766
f 374 373 1017
f 1017 1978 2150
f 1017 2150 374
f 375 374 2150
f 2150 2151 375
f 377 376 1879
f 1879 1878 1054
f 1879 1054 377
f 376 375 2151
f 2151 1879 376
f 9 8 1487
f 1487 1875 9
f 1419 1418 2081
f 2082 2081 1418
f 695 694 1562
f 1566 1562 694
f 697 1560 1554
f 1554 698 697
f 701 700 1559
f 1559 1469 701
f 703 1467 1558
f 1558 704 703
f 1005 1105 1006
f 857 855 856
f 857 858 860
f 858 857 856
f 923 858 856
f 856 944 923
f 930 934 851
f 929 930 931
f 851 944 931
f 944 851 923
f 851 931 930
f 934 850 851
f 1162 1163 1164
f 1164 1172 1162
f 1357 1358 1359
f 1380 1381 1383
f 1383 1381 1384
f 1373 1376 1370
f 1370 1376 1377
f 1370 1379 1443
f 1377 1379 1370
f 1357 1359 1379
f 1359 1443 1379
f 1359 1380 1443
f 1392 1390 1391
f 1391 1393 1394
f 1392 1391 1402
f 1402 1391 1394
f 1383 1443 1380
f 1388 1402 1443
f 1388 1389 1392
f 1388 1443 1383
f 1402 1388 1392
f 1383 1384 1382
f 1115 1104 1114
f 1104 1115 1116
f 1114 1104 1106
f 1115 1114 1118
f 1114 1106 1113
f 1104 1103 1106
f 1102 1100 1101
f 1100 1102 1104
f 1104 1102 1103
f 1104 1084 1100
f 1095 1084 1091
f 1095 1099 1100
f 1094 1095 1091
f 1084 1062 1091
f 1091 1062 1063
f 1088 1084 1082
f 1100 1084 1095
f 1062 1084 1061
f 1013 1088 1012
f 1013 1061 1084
f 1013 1084 1088
f 826 833 784
f 833 799 784
f 799 833 1781
f 1846 1030 1210
f 2152 1016 1854
f 1854 1853 2152
f 1689 877 894
f 877 1689 875
f 875 876 877
f 874 875 1689
f 1689 873 874
f 871 872 874
f 873 871 874
f 836 837 873
f 836 873 1689
f 1689 864 836
f 864 1110 861
f 862 863 864
f 862 864 861
f 838 839 861
f 1110 854 838
f 854 1110 845
f 845 846 854
f 844 840 843
f 835 843 834
f 843 840 832
f 840 841 842
f 1110 838 861
f 1110 864 1689
f 842 1110 832
f 825 843 832
f 834 825 830
f 834 843 825
f 829 830 825
f 842 847 1110
f 832 840 842
f 825 827 831
f 831 829 825
f 827 828 831
f 827 825 783
f 827 783 816
f 847 845 1110
f 817 815 816
f 816 783 807
f 817 816 807
f 808 817 807
f 792 782 791
f 792 800 783
f 806 801 805
f 783 801 806
f 783 800 801
f 792 793 800
f 806 807 783
f 782 792 783
f 914 916 917
f 916 914 913
f 909 910 911
f 913 911 916
f 909 911 913
f 909 906 907
f 906 909 913
f 905 898 899
f 908 898 905
f 906 913 908
f 908 913 898
f 897 898 883
f 890 896 897
f 891 896 890
f 889 890 883
f 883 890 897
f 898 913 883
f 886 883 882
f 892 889 888
f 885 886 882
f 887 888 886
f 888 889 883
f 883 886 888
f 1375 1378 1372
f 1374 1375 1369
f 1368 1369 1365
f 1371 1365 1369
f 1369 1375 1371
f 1365 1371 1363
f 1365 1363 1364
f 1363 1371 1190
f 1190 1371 1366
f 1371 1375 1372
f 1413 1895 2154
f 2153 2154 1895
f 1196 1198 1249
f 1240 1249 1244
f 1249 1198 1244
f 1240 1247 1249
f 1238 1239 1240
f 1233 1198 2156
f 1198 2155 2156
f 1256 1257 1258
f 1258 1337 1256
f 1256 1337 1249
f 1253 1247 1248
f 1247 1253 1249
f 1248 1252 1253
f 1256 1249 1253
f 1225 820 1224
f 820 1225 1246
f 1224 820 1234
f 819 1234 820
f 1237 1231 1234
f 1224 1234 1222
f 1222 1234 1231
f 1232 1233 1246
f 1244 1238 1240
f 1198 1233 1244
f 1223 1224 1222
f 1246 1245 1232
f 1246 1233 2156
f 2156 820 1246
f 1684 991 1644
f 1643 1644 1688
f 991 1303 1644
f 1303 1688 1644
f 1295 1296 1294
f 1294 1296 1683
f 1303 991 1296
f 991 990 1296
f 1679 1680 1682
f 990 1680 1683
f 1683 1296 990
f 1682 1680 990
f 1682 1681 1679
f 1675 1676 1677
f 1677 1676 990
f 1682 990 1676
f 1273 1268 1274
f 1268 1273 1803
f 1273 1274 1272
f 1273 1286 1803
f 1268 1803 1265
f 978 1259 1260
f 978 1260 1261
f 1265 1261 1264
f 1261 1265 978
f 978 1265 1803
f 1360 1354 1355
f 1362 1189 1360
f 1361 1356 1351
f 1344 1345 1346
f 1344 1346 1338
f 1338 1348 1351
f 1347 1344 1341
f 1346 1348 1338
f 1352 1351 1356
f 1360 1189 1354
f 1191 1367 1189
f 1352 1354 1189
f 1367 1370 1443
f 1189 1367 1895
f 1443 1895 1367
f 1341 1344 1338
f 1338 1351 1352
f 1895 1412 1352
f 1895 1352 1189
f 1443 2153 1895
f 1356 1354 1352
f 1905 1287 1906
f 1906 1287 1288
f 1288 1719 1718
f 1288 1718 1906
f 1779 1923 1784
f 1784 1780 1779
f 1923 903 1783
f 903 1923 1763
f 1092 1666 1756
f 1092 1093 1923
f 1734 1763 1093
f 1093 1763 1923
f 1666 1092 1750
f 1092 1923 1750
f 903 1763 1771
f 1771 900 903
f 1772 900 1771
f 900 901 903
f 1734 1735 1763
f 1666 1755 1756
f 1742 1747 1739
f 1739 1747 1740
f 1622 1739 1740
f 1740 1749 1754
f 1740 1747 1749
f 1750 1749 972
f 1749 1747 1751
f 971 1751 1752
f 1751 971 972
f 1744 1742 1739
f 1747 1742 1743
f 972 1749 1751
f 972 1666 1750
f 2157 884 912
f 878 879 880
f 925 870 924
f 2157 922 880
f 878 880 922
f 915 918 912
f 912 918 1861
f 1861 2157 912
f 922 921 878
f 922 2157 1861
f 933 852 853
f 853 935 859
f 933 853 932
f 932 853 859
f 869 924 870
f 924 869 923
f 869 870 868
f 923 2157 924
f 923 932 859
f 923 869 932
f 924 2157 880
f 785 799 781
f 799 1785 778
f 1781 1785 799
f 1782 778 1785
f 799 810 781
f 810 799 809
f 780 778 779
f 778 780 799
f 809 799 780
f 1785 1924 1782
f 778 902 1777
f 1774 904 1773
f 902 904 1769
f 1774 1768 904
f 1777 1770 1776
f 1777 902 1770
f 904 1768 1769
f 1768 1774 1775
f 902 1769 1770
f 902 778 1782
f 1203 1204 1205
f 1203 1205 1848
f 1219 822 1848
f 1219 1848 1205
f 1218 1220 1215
f 1218 1215 823
f 1217 1218 823
f 1221 823 1215
f 1216 1221 1215
f 823 1221 1226
f 1226 1227 1228
f 1226 1228 824
f 1230 1228 1229
f 824 1230 1235
f 1230 824 1228
f 1236 1235 1230
f 1226 824 823
f 1465 1466 1398
f 1386 1398 1466
f 926 812 928
f 928 1386 926
f 1386 928 1398
f 1472 1815 1817
f 1815 1472 1476
f 1471 1472 1470
f 1470 1386 1466
f 1386 1470 1817
f 1817 1893 1386
f 1470 1472 1817
f 1471 1470 1473
f 1007 982 983
f 982 1007 1008
f 1077 984 987
f 987 984 1262
f 982 1262 984
f 1008 1064 1014
f 1014 1016 982
f 1262 1016 2152
f 1262 982 1016
f 982 1008 1014
f 1010 1011 1009
f 1016 1011 1020
f 1009 1011 1015
f 1015 1011 1016
f 1023 1213 1022
f 1022 1213 1854
f 1021 1022 1020
f 1020 1022 1854
f 1020 1854 1016
f 1977 1192 814
f 1977 814 811
f 811 813 927
f 927 2031 811
f 811 2031 1977
f 1454 2158 1974
f 2158 1454 1459
f 1455 1459 1454
f 2159 1968 1974
f 1968 1327 1974
f 1327 1968 1326
f 2159 1974 2158
f 1852 1855 1350
f 1904 1852 980
f 963 1904 980
f 1855 1212 1214
f 1349 1350 1855
f 1350 2160 1852
f 958 963 980
f 980 1852 2160
f 1855 1214 1349
f 1197 2001 1198
f 2155 1198 2001
f 1200 1209 1199
f 1120 1194 2001
f 1202 1194 1195
f 1195 1201 1202
f 2156 1194 1202
f 1206 1200 1211
f 1206 1207 1208
f 1208 1849 1206
f 1206 1849 1209
f 1849 1202 1209
f 1202 1849 2156
f 2001 2156 2155
f 1120 2001 1998
f 2156 2001 1194
f 1206 1209 1200
f 1126 1128 1130
f 1126 1127 1128
f 1128 1129 1130
f 1135 1131 1134
f 1006 1126 1130
f 1131 1132 1133
f 1006 1098 1126
f 1117 1111 1112
f 1112 1105 1117
f 1098 1125 1096
f 1125 1105 1112
f 1124 1096 1125
f 1006 1105 1125
f 1006 1125 1098
f 1096 1097 1098
f 1154 1155 1153
f 1153 1144 1145
f 1153 1155 1159
f 1160 1157 1159
f 1160 1155 1156
f 1155 1160 1159
f 1144 1153 1159
f 1141 1147 1140
f 2161 1134 1133
f 1133 1134 1131
f 1146 1144 2161
f 1146 1140 1147
f 2161 1006 1134
f 2161 1140 1146
f 2161 1133 1140
f 1144 1159 2161
f 1134 1006 1130
f 947 1798 2002
f 2002 954 2004
f 954 2002 1798
f 1421 1427 1403
f 1890 1403 1404
f 1421 1403 1420
f 1425 1420 1704
f 1890 1704 1420
f 1420 1403 1890
f 1404 1428 1429
f 1428 1404 1405
f 1429 2021 2020
f 1404 1429 1891
f 2016 1891 2017
f 2017 1891 1429
f 2017 1429 2020
f 2021 2019 2020
f 1891 1890 1404
f 2022 1727 1982
f 1982 1727 1983
f 2162 1983 1727
f 1983 1979 1982
f 884 2157 2163
f 2163 2157 920
f 884 2163 1690
f 881 884 895
f 1690 893 895
f 884 1690 895
f 919 920 923
f 923 920 2157
f 942 923 851
f 942 919 923
f 849 942 851
f 851 848 849
f 1108 1690 1996
f 1996 1690 2163
f 1109 1996 1994
f 1996 1109 1108
f 833 1109 1994
f 1109 833 1107
f 1994 1781 833
f 1778 1994 1997
f 1781 1994 1778
f 1997 1994 1993
f 1633 1634 1625
f 1625 1626 1645
f 1635 1625 1634
f 1640 1645 1626
f 1624 1633 1636
f 1618 1609 1605
f 1606 1607 1624
f 1616 1606 1624
f 1605 1606 1616
f 1618 1605 1616
f 1636 1633 1625
f 1642 1649 1647
f 1642 1645 1640
f 1647 1645 1642
f 1636 1625 1645
f 1624 1636 1616
f 1615 1618 1616
f 1627 1636 1639
f 1616 1636 1627
f 2023 1627 1639
f 1150 1149 1616
f 1627 1150 1616
f 1641 1642 1640
f 1628 2090 1150
f 1653 1628 1654
f 2090 1148 1150
f 1653 2090 1628
f 1846 1539 1541
f 1846 1541 1913
f 1540 1541 1539
f 1846 1536 1539
f 1536 1846 1210
f 1319 1536 1210
f 1210 1318 1319
f 1532 1536 1319
f 1535 1536 1532
f 1533 1535 1532
f 1531 1318 1530
f 1530 1318 1529
f 1534 1532 1319
f 1318 1210 1529
f 1529 2164 1524
f 2164 1529 1210
f 1525 1524 1528
f 1528 1524 2164
f 2164 1527 1528
f 1877 1811 1812
f 1521 1877 1812
f 1877 937 1527
f 1877 1527 2164
f 1524 1525 1523
f 1528 1526 1525
f 1520 1521 1812
f 1522 936 1521
f 936 937 1877
f 936 1877 1521
f 1057 1067 1909
f 1057 1059 1067
f 1060 1057 1909
f 1067 2025 1963
f 1966 2165 1067
f 2165 2166 1067
f 1908 1060 1909
f 1909 1067 2166
f 1067 1963 1966
f 1087 1004 1006
f 1080 1006 2167
f 1080 1075 1006
f 2161 1123 2167
f 1123 1055 1056
f 2167 1850 1080
f 2167 1006 2161
f 1078 1080 1850
f 1087 1086 1004
f 1083 1004 1081
f 1081 1004 1086
f 1075 1076 1085
f 1075 1085 1087
f 1087 1006 1075
f 1070 2161 1186
f 1179 1089 1186
f 1186 1089 1090
f 1186 1177 1179
f 1070 1186 1090
f 1185 1181 1177
f 1177 1178 1179
f 1185 1177 1186
f 1055 2161 1180
f 1072 1188 1180
f 1180 1070 1072
f 1089 1179 1187
f 1070 1071 1072
f 2161 1070 1180
f 2161 1055 1123
f 1907 2026 1905
f 1905 2026 1805
f 1805 1806 1905
f 1804 1805 977
f 2026 977 1805
f 1255 977 1197
f 1197 977 2026
f 1255 1197 1250
f 1255 1263 1254
f 1263 1255 1250
f 977 979 1804
f 1123 1122 1119
f 1123 1119 2000
f 1121 1998 2000
f 1121 2000 1119
f 2096 1946 1184
f 2095 2096 2166
f 2095 1946 2096
f 1910 1184 1946
f 2166 2165 2095
f 1385 1387 2168
f 2168 2031 1385
f 2168 1387 1894
f 992 2169 2033
f 989 2033 2036
f 2033 989 992
f 1662 1664 1665
f 1662 1665 1661
f 1661 1665 1654
f 1655 1646 1648
f 1655 1648 1656
f 1651 1660 1650
f 1660 1651 1659
f 1637 1655 1650
f 1650 1660 1654
f 1646 1655 1637
f 1654 1660 1661
f 1674 1678 989
f 1672 1673 1674
f 2032 2024 2036
f 1672 1674 989
f 989 2036 1671
f 2036 2024 1665
f 1658 1671 1663
f 1671 2036 1663
f 1658 1663 1657
f 1671 1672 989
f 1654 1637 1650
f 1654 1638 1637
f 1665 2024 1654
f 1663 2036 1665
f 1731 1733 2170
f 1731 2170 1729
f 1838 1835 1839
f 1839 1729 1838
f 1838 1729 2170
f 1555 1830 1031
f 1031 1830 1490
f 1031 1548 1550
f 1555 1031 1552
f 1032 1031 1490
f 1552 1031 1550
f 1551 1552 1550
f 1548 1549 1546
f 1548 1031 1549
f 1548 1546 1547
f 1549 1031 1847
f 1544 1542 1543
f 1542 1544 1545
f 1538 1542 1847
f 1847 1542 1545
f 1847 1545 1549
f 1912 1914 1847
f 1537 1538 804
f 1538 1847 804
f 803 1914 802
f 803 804 1847
f 1914 803 1847
f 795 797 1300
f 794 795 1300
f 794 1300 1299
f 1297 794 2038
f 1299 2038 794
f 2044 1297 2043
f 2042 2043 2038
f 2043 1297 2038
f 1310 1311 1306
f 1813 1308 1310
f 1310 1315 1813
f 1315 1307 1316
f 1307 1315 1306
f 1316 1307 1320
f 1306 1315 1310
f 1614 1616 1586
f 1149 1586 1616
f 1738 1621 1746
f 1746 1745 1738
f 1621 1741 1746
f 1737 1741 1152
f 1152 1736 1737
f 1741 1621 1152
f 1152 1621 1151
f 1703 1702 1151
f 1702 1703 1701
f 1620 1726 1703
f 1703 1151 1620
f 1716 1725 1715
f 1715 1620 1722
f 1715 1725 1726
f 1726 1620 1715
f 1151 1621 1620
f 1799 968 970
f 1844 952 968
f 1942 952 1844
f 952 1942 1941
f 968 1799 1040
f 1040 2055 1844
f 1040 1844 968
f 1941 949 952
f 1844 1843 1942
f 1441 1442 1433
f 1440 1441 1438
f 1438 1437 1440
f 1433 1438 1441
f 1433 2159 1434
f 1433 1442 2159
f 1445 1447 1968
f 1444 1445 1968
f 1446 2159 1442
f 2159 1446 1968
f 1967 1968 1447
f 1446 1444 1968
f 2051 2070 1973
f 1930 2051 1973
f 1973 1927 1930
f 1973 2070 2158
f 1452 2158 1459
f 2158 1452 1973
f 1452 1459 1457
f 1458 1453 1457
f 1457 1453 1452
f 1459 1460 1457
f 1452 1453 1451
f 1831 1832 1833
f 2067 1833 1860
f 1831 1833 2067
f 2065 1928 2067
f 2064 2050 1929
f 1831 2067 1928
f 2065 1929 1928
f 2065 2064 1929
f 1173 1175 1174
f 1143 1138 1139
f 1175 1138 1143
f 1142 1143 1139
f 1159 1158 1161
f 1174 1171 1173
f 1161 1174 1159
f 2161 1159 1174
f 1174 1175 2161
f 1170 1168 1169
f 1169 1182 1186
f 1169 1186 1170
f 1170 1186 1167
f 1176 1165 1167
f 1143 1176 2161
f 1167 2161 1176
f 2161 1167 1186
f 1167 1165 1166
f 1143 2161 1175
f 1729 1728 1731
f 1731 2022 1856
f 2022 1731 1728
f 1982 1856 2022
f 1876 2072 2171
f 1876 2171 1982
f 1503 1982 1981
f 1982 1503 1876
f 1503 1981 1502
f 2171 1856 1982
f 1851 1792 1079
f 1079 1792 1058
f 1068 1058 1792
f 1065 1058 1068
f 1068 1792 1791
f 1423 1424 1426
f 1936 1935 1423
f 1990 2073 1991
f 1991 1985 1869
f 1869 1985 1866
f 1990 1869 1987
f 1991 1869 1990
f 1705 1423 1426
f 1936 1705 2049
f 1705 1936 1423
f 1933 1932 2049
f 2049 1932 1936
f 2014 2049 1705
f 1886 1888 2173
f 1991 1886 2173
f 2172 2173 1888
f 1933 2049 2172
f 2172 1888 1933
f 1991 2173 1985
f 1837 1827 1829
f 1883 1730 1829
f 1837 1829 1834
f 1839 1834 1829
f 1730 1839 1829
f 1730 2162 1727
f 1829 1492 1881
f 1493 1494 1496
f 1496 1885 1493
f 1493 1885 1881
f 1883 2162 1730
f 2174 2162 1883
f 1883 1829 1881
f 1493 1881 1492
f 1980 1983 1498
f 1498 1984 1980
f 2174 1983 2162
f 2174 2076 1498
f 1498 1499 1497
f 1499 1498 2076
f 2174 1498 1983
f 1885 1495 2076
f 1885 1883 1882
f 2076 1883 1885
f 2076 1495 1796
f 1797 1884 2075
f 2174 1883 2076
f 2075 2076 1797
f 2076 1796 1797
f 1304 1305 789
f 1808 789 790
f 789 1808 1304
f 2040 2037 2045
f 2045 2039 1808
f 2039 2045 2037
f 1808 1685 2045
f 790 1302 1309
f 1314 1814 1312
f 790 1814 2029
f 1814 790 1309
f 1685 1808 2029
f 1814 1314 2029
f 1808 790 2029
f 2079 920 867
f 865 2077 2079
f 2077 865 866
f 865 2079 867
f 2005 866 948
f 2005 948 2003
f 2080 866 2175
f 2077 866 2080
f 2175 866 2005
f 1069 1790 1066
f 1066 1790 1971
f 2176 2177 1972
f 1972 1971 2176
f 2176 1971 1790
f 2177 1965 1972
f 1965 2177 1948
f 1970 1972 1964
f 1964 1972 1965
f 1945 1948 1251
f 1251 1948 1018
f 1945 1251 1911
f 1018 1948 1969
f 1948 2177 1969
f 1917 959 1915
f 1915 959 980
f 1915 2160 2087
f 2160 1915 980
f 1840 1915 2087
f 1586 1592 1594
f 1592 1586 1589
f 1586 1594 1583
f 1594 1592 1593
f 1586 2090 1589
f 1874 2090 1873
f 1589 1874 1588
f 1874 1589 2090
f 2090 1586 1587
f 2088 1052 1000
f 1000 1003 2088
f 1850 2167 2176
f 1850 1790 1793
f 1790 1850 2176
f 1301 796 798
f 796 1301 1300
f 1301 1241 1300
f 1298 1242 1809
f 1298 1300 1242
f 1809 1242 1243
f 1242 1300 1241
f 2069 2063 2066
f 2069 2066 2173
f 1435 2173 2172
f 2069 2071 2063
f 1435 2069 2173
f 1435 2015 1432
f 1435 2172 2015
f 1431 2020 1430
f 1431 1432 2020
f 2018 2020 1432
f 1432 1431 1800
f 1436 1439 1800
f 1432 1800 1439
f 2015 2018 1432
f 2178 2094 1936
f 1936 1931 2178
f 1936 2094 1934
f 1422 2154 1343
f 2154 1422 2178
f 2154 1399 1342
f 1399 2154 1401
f 2154 1342 1343
f 1411 1342 1399
f 1422 2094 2178
f 1422 1343 1415
f 1415 1343 1414
f 1411 1410 1342
f 1399 1400 1411
f 1443 1406 2154
f 1443 1409 1406
f 1409 1443 1397
f 1409 1397 1396
f 2154 1406 1401
f 1401 1406 1408
f 1408 1406 1407
f 1395 1396 1397
f 2154 2153 1443
f 1965 1966 1962
f 1966 1965 2095
f 1948 1947 2095
f 2165 1966 2095
f 2095 1965 1948
f 2096 938 939
f 1025 1026 938
f 939 1909 2096
f 2096 1025 938
f 1025 1183 1024
f 1183 1025 2096
f 2096 1909 2166
f 940 986 988
f 940 988 1262
f 985 986 981
f 941 981 986
f 940 941 986
f 1262 1789 940
f 1789 2152 1853
f 1789 1853 1903
f 1786 962 1902
f 962 1786 1903
f 1789 1903 1786
f 1789 1262 2152
f 1788 1787 1901
f 1976 1901 961
f 1901 1976 1788
f 960 1975 1976
f 1916 1975 960
f 960 1976 961
f 2049 1889 1892
f 2049 2015 2172
f 2015 2049 1892
f 2070 1434 2159
f 2159 2158 2070
f 1478 1449 1456
f 1456 1449 1450
f 2168 1448 1449
f 1818 1474 1816
f 1816 1448 1894
f 1448 1816 1474
f 2168 1894 1448
f 1474 1475 1448
f 1478 1456 1477
f 1484 1485 1486
f 1953 1486 1949
f 1484 1486 1953
f 1951 1953 1949
f 2168 1478 2179
f 1478 2168 1449
f 1482 1953 2179
f 1482 1483 1484
f 1482 2179 1478
f 1484 1953 1482
f 2170 2097 1871
f 1838 1871 1828
f 1837 1836 1838
f 2170 1871 1838
f 1838 1828 1837
f 1721 1802 1825
f 1825 1802 1824
f 1721 1825 1724
f 2008 1937 1900
f 1900 1937 1939
f 1939 1957 1897
f 1939 1897 1900
f 1740 1754 1623
f 1623 1754 2107
f 2107 1275 1277
f 1619 1623 1277
f 1277 1623 2107
f 1340 1339 1353
f 1669 1334 1269
f 1271 1670 1269
f 1271 1340 1413
f 1670 1271 1413
f 1667 1669 1670
f 1669 1269 1670
f 1413 1340 1353
f 2111 2052 965
f 1944 966 965
f 1944 965 2052
f 2048 1266 1267
f 1820 1823 1267
f 1267 1823 2048
f 2048 2074 1266
f 1986 1868 1266
f 1266 1867 1807
f 1867 1266 1868
f 1986 1266 2074
f 2180 2048 1822
f 2074 2048 1989
f 1822 2115 2180
f 2048 2180 2073
f 1887 1991 2073
f 2074 1989 1988
f 1989 2048 2073
f 1887 2073 2180
f 1922 2116 2117
f 2117 2120 1918
f 2117 1918 1922
f 1629 1630 1632
f 2169 2035 2030
f 2030 2035 2034
f 2035 2169 1632
f 1629 1632 2169
f 1629 992 1692
f 992 1629 2169
f 1692 992 1694
f 1629 1692 1693
f 2030 2092 2169
f 2029 2092 2030
f 2092 2029 1602
f 2029 2030 2028
f 2030 2034 2119
f 1602 2029 1603
f 1604 1603 1314
f 1314 1313 1317
f 1314 1603 2029
f 1314 1317 1604
f 1292 1293 2043
f 1288 1292 1719
f 2043 2041 1292
f 2041 1719 1292
f 1710 1723 1619
f 1709 1710 1711
f 1711 1619 1277
f 1801 1720 1711
f 1711 1277 1801
f 1711 1710 1619
f 2045 1719 2041
f 1717 1719 1686
f 2027 1717 1686
f 1685 1686 1719
f 1708 1686 1687
f 2027 1686 2136
f 1719 2045 1685
f 2136 1686 1708
f 2118 1277 1276
f 2118 1276 2136
f 1707 2118 1708
f 1921 2118 1707
f 2118 2136 1708
f 1706 1707 1708
f 1277 2118 1801
f 1048 1017 1019
f 1049 1048 2122
f 1019 1969 2122
f 2181 2122 1969
f 1019 2122 1048
f 2121 2181 2084
f 2086 2121 1864
f 1050 2122 2181
f 2086 2181 2121
f 2181 2086 1050
f 786 787 788
f 786 788 943
f 2005 953 943
f 943 2175 2005
f 2175 943 788
f 788 2053 2175
f 967 969 951
f 950 788 951
f 2053 788 950
f 2006 2175 2113
f 2113 2175 2053
f 951 788 967
f 1938 2112 1939
f 2112 1938 2007
f 2112 2099 1939
f 2099 1957 1939
f 1957 2101 1954
f 2101 1957 2099
f 2099 2112 2114
f 966 1940 2182
f 966 1944 1940
f 1940 1943 1842
f 1842 2183 2182
f 964 966 2182
f 2182 1940 1842
f 1849 821 820
f 1849 820 2156
f 820 821 818
f 2125 964 2182
f 2125 2106 2124
f 2106 2125 2182
f 1961 1954 2101
f 1954 1961 2013
f 2101 2100 2123
f 2123 2105 2009
f 2123 1958 1961
f 1958 2123 2009
f 1958 2009 2011
f 2123 1961 2101
f 2098 1826 1713
f 1801 1291 1826
f 1826 1290 1713
f 1801 1698 1291
f 1713 1714 1712
f 1714 1713 1290
f 1291 1289 1290
f 1290 1826 1291
f 1801 2118 1698
f 2118 2035 1698
f 2035 2118 1920
f 2035 1632 1698
f 1919 2035 1920
f 1698 1632 1699
f 1700 1696 1699
f 1697 1698 1699
f 1696 1700 1695
f 1700 1631 1691
f 1700 1699 1632
f 1631 1700 1632
f 2087 2160 2184
f 2184 2160 2085
f 2087 2184 2137
f 1281 1841 1278
f 1278 1841 2087
f 2087 2137 1278
f 1350 2083 2085
f 2083 1350 2121
f 1350 2085 2160
f 1865 2121 2093
f 2093 1862 1865
f 2121 1350 2093
f 2106 2182 2102
f 2183 2058 2102
f 2183 2102 2182
f 1610 1617 1613
f 1617 1610 1611
f 1613 1617 1608
f 1610 1613 1612
f 1600 1608 1617
f 1599 1600 1617
f 1596 1597 1595
f 1597 1596 1599
f 1599 1617 1597
f 1617 1591 1597
f 1591 1598 1590
f 1598 1591 1585
f 1585 1584 1577
f 1577 1584 1578
f 1598 1585 1576
f 1591 1617 1585
f 1571 1585 1577
f 1576 1585 1575
f 1577 1570 1571
f 1571 1575 1585
f 1845 2054 1842
f 2054 1042 2058
f 1042 2054 1039
f 2058 2183 2054
f 2054 2183 1842
f 1041 2108 973
f 2056 973 2062
f 973 2056 1041
f 976 2062 973
f 1761 1757 2062
f 2062 1757 2056
f 1757 1760 2139
f 2139 2138 2057
f 2139 2057 1757
f 1282 2137 2185
f 2137 1284 1285
f 1284 2137 1282
f 2137 2184 2185
f 1282 2143 2142
f 2143 1282 2185
f 998 1074 2143
f 2143 1074 2142
f 2131 1767 2104
f 2126 2129 2131
f 2131 2141 2126
f 2103 2141 2131
f 2140 2141 2103
f 2103 2131 2104
f 1284 1283 1280
f 1280 1279 1284
f 1283 2142 1280
f 2142 1073 997
f 996 997 993
f 997 996 2142
f 2142 996 1280
f 1767 2131 1764
f 1764 2131 2135
f 2130 2133 2135
f 2135 2145 1764
f 2130 2135 2131
f 2167 1123 2177
f 2167 2177 2176
f 2175 2006 2080
f 1899 2080 2006
f 2085 2084 1053
f 1053 2084 1001
f 2085 1053 2184
f 1002 2185 2184
f 1002 2184 2089
f 2184 1053 2089
f 1956 1955 1898
f 2012 1899 1898
f 1996 2079 1899
f 2163 920 2079
f 2079 2078 1899
f 2079 1996 2163
f 1898 1955 2012
f 2078 2080 1899
f 2010 2012 1960
f 2010 1960 1959
f 2010 1765 2144
f 1765 2010 1766
f 2132 2144 2134
f 1996 2012 2010
f 1996 1899 2012
f 1996 2010 2144
f 2000 1999 1969
f 2000 2177 1123
f 1969 1999 2001
f 1002 1001 2185
f 2181 1197 2026
f 2181 2185 1001
f 2084 2181 1001
f 2107 1750 2185
f 2181 1969 1197
f 1969 2177 2000
f 2107 2185 2026
f 2185 2181 2026
f 2026 1906 2107
f 1753 1750 2107
f 1718 1275 1906
f 1275 2107 1906
f 1275 1718 2027
f 1969 2001 1197
f 2185 1750 2109
f 2128 957 2132
f 2128 2127 957
f 2132 957 1996
f 1995 1996 1992
f 1992 1996 957
f 957 1997 1992
f 957 1779 1997
f 2132 1996 2144
f 1748 1750 1753
f 2027 2136 1275
f 956 1779 957
f 1779 956 1923
f 2109 1923 956
f 2109 1750 1923
f 2059 995 975
f 2060 2059 974
f 975 974 2059
f 2061 975 1762
f 995 994 975
f 2143 2185 2109
f 999 2143 994
f 2109 975 2143
f 2143 975 994
f 2109 955 1762
f 2109 1762 975
f 1758 1762 1759
f 1759 1762 955
f 1759 957 2127
f 957 1759 955
f 1462 1925 1926
f 1462 1926 1985
f 1464 1461 1463
f 1462 1463 1461
f 1462 1985 1463
f 1463 2173 1859
f 2173 1463 1985
f 1859 2173 2066
f 1463 1859 1858
f 1858 1859 1857
f 1859 2066 2068
f 1321 1322 1603
f 1603 2110 1601
f 2110 1603 1322
f 1322 1870 2110
f 1331 1334 1870
f 1870 1669 1668
f 1669 1870 1334
f 1870 1668 2110
f 1328 1329 1330
f 1333 1332 1328
f 1328 1270 1333
f 1336 1270 1335
f 1330 1335 1270
f 1270 1328 1330
f 1511 1512 1514
f 2147 1500 2164
f 1511 1514 1500
f 2147 2149 1513
f 1513 1511 2147
f 2147 1511 1500
f 1500 1501 2164
f 1518 1519 1877
f 1810 1877 1519
f 1518 1877 1517
f 1515 1516 1517
f 2164 1501 1517
f 2164 1517 1877
f 1517 1501 1515
f 1508 1509 1504
f 1507 1508 1506
f 1488 1506 2146
f 1506 1508 2146
f 1505 1510 2146
f 1505 2146 1504
f 2146 1510 2148
f 1504 2146 1508
f 1043 1044 1046
f 1037 1027 1028
f 1027 1037 1038
f 1027 1038 1350
f 1043 1350 1038
f 1046 1054 1880
f 1046 2093 1043
f 1350 1043 2093
f 1880 2093 1046
f 1054 1878 1880
f 1044 1045 1046
f 1863 1879 2151
f 1864 2151 2086
f 2151 1864 1863
f 2150 1978 1047
f 2150 2086 2151
f 2150 1051 2086
f 1051 2150 1047
f 1193 1977 1137
f 1136 1137 1819
f 1977 2180 1137
f 2115 1819 1137
f 1821 1819 2115
f 2115 1137 2180
f 1487 1489 2147
f 2072 1487 2147
f 1875 1487 2072
f 1029 1033 1035
f 2147 2164 2171
f 2171 2164 1210
f 1035 1896 1210
f 1210 1896 2171
f 1035 1210 1029
f 2171 2072 2147
f 1416 1419 2046
f 2081 2046 1419
f 1872 2097 2179
f 1795 2179 1579
f 1872 2179 1795
f 1794 1795 1579
f 2179 1481 1579
f 1479 1481 1953
f 1953 1481 2179
f 1479 1953 1950
f 1481 1479 1480
f 1479 1950 1952
f 2092 2110 2169
f 2110 2092 2091
f 2178 2180 1413
f 1417 2178 1418
f 2154 2178 1413
f 1417 2180 2178
f 1670 1413 2180
f 2110 2033 2169
f 2033 2110 1668
f 1668 1670 2033
f 1670 2180 2024
f 1670 2024 2033
f 1652 1977 1874
f 1652 1654 1977
f 2031 1874 1977
f 2180 1977 2024
f 1654 2024 1977
f 2180 1417 1887
f 2082 1418 1931
f 1887 1417 2047
f 1888 1887 2047
f 2047 2082 1933
f 1933 1888 2047
f 2168 2179 2097
f 1933 2082 1931
f 2178 1931 1418
f 2097 1733 1732
f 1733 2097 2170
f 1856 2097 1732
f 2097 1856 2031
f 2097 2031 2168
f 1034 2171 1896
f 2171 1034 1856
f 1856 1034 2031
f 2031 1034 1874
f 1588 1874 1325
f 1323 1324 1325
f 1325 1874 1323
f 1323 1874 1582
f 1580 1581 1582
f 1874 1580 1582
f 1874 1564 1580
f 1563 1564 1565
f 1565 1564 1874
f 1574 1565 1874
f 1572 1573 1574
f 1569 946 1568
f 1569 1572 1874
f 1874 1572 1574
f 946 1569 1874
f 1874 945 946
f 1567 945 1566
f 1562 1034 1560
f 1034 1562 1566
f 1560 1561 1562
f 1554 1559 1553
f 1559 1554 1034
f 1554 1560 1034
f 1566 945 1034
f 1468 1469 1467
f 1034 1558 1467
f 1467 1469 1034
f 1558 1556 1557
f 1556 1558 1034
f 1556 1036 1491
f 1036 1556 1034
f 1469 1559 1034
f 945 1874 1034
