OFF
5072 10140 0

85344.38002497523848433048 446435.0019856904982589185 -1.062293660687179563950622
85343.99366091462434269488 446432.9844110597623512149 -1.062293660687178231682992
85342.26181036331399809569 446434.0891889816266484559 -1.055661224418916521727851
85447.33457030271529220045 446454.0084857915062457323 10.0243519816686745826928
85448.70578688244859222323 446454.5806449096417054534 10.04018093383229270898482
85448.69539027988503221422 446454.5969556696945801377 12.06420844648976320456768
85362.97086547038634307683 446479.4043517509126104414 9.870654703838257049142157
85363.06568641515332274139 446480.6451044708956032991 9.859248155709156691273165
85361.25339772475126665086 446479.8716896774712949991 9.867652046615095429160647
85448.5793268166744383052 446455.1914213912095874548 10.02247748811477023878069
85448.3236648143210913986 446455.8056398245971649885 7.967551566003201912735676
85447.98492571711540222168 446456.6194478823454119265 9.215567365388205089971052
85344.68447868870862293988 446427.9744798627216368914 0.5907822540318197201969497
85343.74068587877263780683 446430.2503576641902327538 1.331636340184926048380021
85344.71563961617357563227 446428.2994362604222260416 -1.062293660687179341906017
85333.58310375914152245969 446461.0429656061460264027 5.79764481624154104366653
85334.3674284510052530095 446461.6706443392904475331 4.770582209270889606500532
85332.90191401305492036045 446460.4978236243478022516 4.095346155208743788023185
85347.46019209371297620237 446470.440597088891081512 9.873586767951431752976532
85349.11134434126142878085 446470.643212443683296442 9.873250772112077910946937
85347.91298016509972512722 446472.0413167402148246765 9.873747801927422074186325
85443.11399154490209184587 446469.9637466061976738274 17.96809721371899826181107
85444.56980326819757465273 446470.5870218099444173276 17.95665312980615269111695
85443.60615245670487638563 446473.1227466346463188529 17.88727753149135679677784
85449.75626898034533951432 446461.5370400462998077273 -1.062293660687179119861412
85448.65186527922924142331 446463.2346548875793814659 -1.062293660687179563950622
85450.42386075538524892181 446462.0314000147045589983 -1.034781497421655815927011
85437.74568640072538983077 446453.2858205063384957612 12.15038218156062832520092
85437.22557206536293961108 446451.6961154507589526474 12.1491884336387521159395
85439.43037033107248134911 446450.7937042246339842677 12.11548456050668320926889
85338.34440419673046562821 446443.2630417631007730961 5.645298110313591521958188
85337.82467819763405714184 446444.5163177488138899207 3.751827427646859725030026
85338.37970172835048288107 446443.1779247036320157349 4.146440084255263336387998
85448.2999303744436474517 446459.0243894043378531933 8.292205761257791962748342
85451.18678216067200992256 446460.334263493015896529 8.825024464813111535477219
85448.698503995401551947 446459.2400127085275016725 10.2115770394646183660825
85449.25721688425983302295 446461.1923313108272850513 10.448879673529791745068
85364.50319774796662386507 446485.8494625352905131876 1.603506858970245918527553
85365.23424732926650904119 446484.1082097450271248817 -0.3625543771426647521316511
85365.47188665247813332826 446483.5425712360884062946 1.684674927132854049816046
85333.41867114359047263861 446455.1410370109952054918 6.200939034055430454372981
85332.30913007208437193185 446457.8166029486455954611 6.855566907704282009206054
85332.75801568960014265031 446456.7341526464442722499 5.305202313642373823654452
85445.12849892491067294031 446473.5073076318949460983 13.92733379593513198813071
85445.36753603549732360989 446472.7858501708833500743 15.11521398637486512939176
85445.65779352172103244811 446471.9100640253745950758 14.04856428323976125227546
85345.92888977369875647128 446424.986328464699909091 9.471000000000001861621968
85347.31439267625682987273 446425.0590880120871588588 8.143402155675845577320615
85347.69431167948641814291 446425.1402509003528393805 9.816214404699595164061066
85450.60417723565478809178 446461.7588450136827304959 6.365443064164038489138875
85451.18352384718309622258 446460.2887755000265315175 6.345231326248708114690089
85451.17900603187445085496 446460.3708806796348653734 3.879532893396183013123846
85358.63722655389574356377 446430.4294773100409656763 -1.062293660687179119861412
85362.12662486506451386958 446431.0843691373593173921 -1.062293660687178897816807
85359.89591238647699356079 446428.3223579648183658719 -1.062293660687179119861412
85429.75856480149377603084 446470.1971421565394848585 -1.062293660687179341906017
85428.78099736561125610024 446468.1215057910303585231 -1.062293660687181562352066
85427.75819640477129723877 446469.8712386343395337462 -1.062293660687146257259883
85342.95384867492248304188 446432.1477500862674787641 1.524636146412024384488859
85343.02068489840894471854 446431.9865800967090763152 0.4809954248828337552978951
85410.49043994245585054159 446505.0730487334658391774 1.583968615568311699703941
85407.99555488720943685621 446504.0381700479774735868 1.91753601113421856538821
85409.41720702957536559552 446504.6278715643566101789 3.277926595143573873514242
85355.23007743217749521136 446429.1420688169309869409 -1.062293660687179341906017
85354.88928207082790322602 446431.1774591269204393029 -1.062293660687179785995227
85356.46340973924088757485 446429.8428890553768724203 -1.062293660687176455326153
85448.44212891360803041607 446466.9539881866658106446 16.31896622835247612215426
85448.47937064700818154961 446465.1439263459178619087 14.72120095928848648725307
85448.32181923260213807225 446467.2677767836139537394 14.57580477044642819350884
85448.34131509721919428557 446461.5431835627532564104 13.65630431478969875058738
85447.7537674716004403308 446460.5809885940980166197 14.64806359106333921715759
85448.67547167022712528706 446459.2863842553924769163 12.33580913261827838312001
85423.32933264298480935395 446510.2425062831025570631 -1.06223724065695845908408
85421.78517470470978878438 446508.3945137990522198379 -1.062293660687179341906017
85421.21183437123545445502 446509.5138645953848026693 -0.955516857664173269171215
85423.24023306576418690383 446510.3616647839662618935 -0.5161319419927563600936082
85437.39383565545722376555 446462.7427657187217846513 -1.062293660687180230084437
85435.67429284077661577612 446461.516226893465500325 -1.062293660687146257259883
85434.96545394712302368134 446463.5058932987158186734 -1.062293660687146257259883
85386.14532360140583477914 446485.9142021151492372155 -1.062293660687178009638387
85383.52570222849317360669 446486.0766241810633800924 -1.061767900190943691995926
85385.03620106974267400801 446488.4866306061740033329 -1.06229366068691888358444
85412.59308070254337508231 446463.9375044221524149179 -1.062293660687146257259883
85410.7515563504712190479 446466.0725411137682385743 -1.062293660687179119861412
85413.23736835095041897148 446467.4030794680584222078 -1.062293660687178453727597
85449.40746914356714114547 446462.6375106613268144429 17.11125594802490113011118
85447.07861164613859727979 446462.1740265334956347942 17.96030888501686817448899
85448.26560888715903274715 446461.4189251617062836885 15.78431017906505395842487
85439.1315824154153233394 446450.6062332202563993633 4.041454452408513198236051
85441.37673318859015125781 446451.5374268409213982522 4.172872143879701845037289
85439.61043493212491739541 446450.8048409994225949049 6.849948563034451431974503
85337.81715103439637459815 446458.081234133627731353 -1.062293660687179341906017
85335.74427440135332290083 446458.2515328627196140587 -1.062293660687180008039832
85336.94226944190450012684 446459.731062918552197516 -1.062293660687179341906017
85445.00494978977076243609 446453.0422576940036378801 10.68574575301232698620879
85445.97093240586400497705 446453.4429064434953033924 7.975294272743028933803089
85442.62027333403239026666 446465.7270374441868625581 17.9646078112522076253299
85444.6961375245446106419 446466.5979331295238807797 17.967545086661861120092
85442.73545612710586283356 446468.3755053074564784765 17.76165913972102217144311
85448.82781516107206698507 446464.3832376180798746645 11.51122657734629051162756
85448.72389589274825993925 446464.6101036263862624764 13.00742789385168229898682
85449.34980442131927702576 446463.2414543585036881268 12.82909095003019039893388
85433.96978863794356584549 446501.90761820029001683 8.469533689936286080524042
85434.84366169509303290397 446499.798492535250261426 9.183337547382562249254079
85434.38362201493873726577 446500.9088156976504251361 7.115215910305824564829891
85444.54746657281066291034 446461.1905552319949492812 18.01209015177538930174705
85442.23135353720863349736 446460.0931329678278416395 17.84340623767887024087031
85444.63006636545469518751 446459.4477546779089607298 15.37398661220089657319932
85434.83103582047624513507 446448.8225483103888109326 10.37456513621250309142852
85433.42859681753907352686 446448.2641009576036594808 12.07826334244923138783179
85433.22343990603985730559 446448.155785490816924721 10.63000672366408316804609
85336.30927078888635151088 446448.1705965750152245164 9.471000000000003637978807
85336.78735641500679776073 446447.0177328826976008713 7.989337977216885988696049
85336.51485579222207888961 446447.8773057744256220758 9.853104888024951435454568
85403.07784418128721881658 446495.5787407697644084692 15.03078693268576948582904
85400.77651072746084537357 446495.6869837805861607194 13.43454138035094302949801
85400.53195194466388784349 446494.445644402236212045 15.08933948519071677196735
85402.85702774705714546144 446494.9854109535226598382 15.10397580140269724324753
85367.01929837683564983308 446431.5776178316446021199 14.06678518384866194423921
85365.14721486537018790841 446432.268836384522728622 15.59749987581098906730404
85366.4364617035462288186 446430.8711449161637574434 12.97300523413568562602904
85441.58665242313873022795 446482.1180073270807042718 16.62878171094916979200207
85441.8101916519517544657 446481.5168045447207987309 18.01450046189624387693584
85442.33375839120708405972 446480.3213140282896347344 15.41657022640762164655825
85381.06671743409242480993 446431.1084654220612719655 5.025290560312957843791537
85381.29212380159879103303 446431.2052402563276700675 6.498286487895722274288346
85379.92331635075970552862 446430.6175633611856028438 6.602653298201294873592815
85362.02791973594867158681 446428.8822747950325720012 -1.062293660687146257259883
85441.84856114894500933588 446466.19749760179547593 -1.062293660687179119861412
85440.70584599714493378997 446464.6471141313668340445 -1.062293660687179119861412
85440.09208568491158075631 446467.1114097423269413412 -1.062293660687179785995227
85344.70130978822999168187 446469.9406345785828307271 8.356395531861140923979292
85343.76129516880610026419 446469.1883604354807175696 6.738286977950105338663889
85343.44995329846278764307 446468.9392000141669996083 9.480853837644357184899491
85347.20449018143699504435 446471.9438777689938433468 4.689551089092086400000881
85349.50345486680453177541 446473.7836913770879618824 5.485903155006977449659189
85348.79579808480048086494 446473.2173683771397918463 2.995348980752626566470553
85352.97134887984429951757 446425.6490951717714779079 1.219872216833852718309572
85352.26892156845133285969 446425.5821128678508102894 -0.956582636370943650838683
85353.72814073273912072182 446425.7281027864664793015 -0.9187346874232329430043364
85394.18300804081081878394 446451.6265742598916403949 15.09447435008817528512282
85394.717065647870185785 446450.6132613200461491942 15.12444168793933307881616
85396.0832203692989423871 446451.9082691710791550577 15.61898801785230261884863
85394.52590854380105156451 446452.7242170271929353476 13.9545736008587279997073
85369.69829971744911745191 446473.0988018351490609348 -1.062293660687178453727597
85371.85023427290434483439 446470.9461596437031403184 -1.062293660687180896218251
85369.36312973954773042351 446470.2052973242243751884 -1.062293660687179563950622
85349.35593311999400611967 446428.3837892435840331018 -1.062293660687179341906017
85347.95533813939255196601 446427.5961706406669691205 -1.062293660687179341906017
85347.17360351726529188454 446429.0000582230277359486 -1.062293660687177343504572
85361.15687102943775244057 446475.4926568585797213018 13.08067317540487195515198
85360.74066178839711938053 446474.2168157921987585723 14.74794105538992994297587
85363.34979623531398829073 446475.755026233266107738 14.05340850492041226971196
85370.06475015240721404552 446488.2969215115299448371 -0.9576379129884924346072239
85368.35401691503648180515 446487.4347015686798840761 -1.062290354205267961518189
85368.79953653099073562771 446487.779045366623904556 -0.08213108648007899637022433
85370.41306127179996110499 446487.7663881662301719189 -1.062293660687179341906017
85352.79627244066796265543 446431.0429771238705143332 -1.062293660687179563950622
85351.97879054602526593953 446432.9121470219106413424 -1.062293660687179341906017
85353.76083706115605309606 446432.9053384781582280993 -1.062293660687187557556399
85352.83678438870992977172 446474.6929381007794290781 9.873042489263065490945337
85353.04754116151889320463 446476.5581395128392614424 9.834472004746981355083335
85351.93363131937803700566 446475.5562478257343173027 9.872762863546215683641094
85353.02725544649001676589 446476.6030623770784586668 9.471000000000001861621968
85345.62197248819575179368 446425.7137916006613522768 1.532229777791196401182106
85346.00478880906302947551 446424.933840845653321594 1.573197208794672619092125
85345.92830680211773142219 446424.9871015491080470383 4.030784205576854795083364
85349.05042021488770842552 446425.2401515805977396667 9.471000000000000085265128
85338.99357174361648503691 446465.3728505701874382794 -0.1413946962858227962556157
85338.99222096626181155443 446465.3625144207035191357 -0.9597268607578405275049249
85337.8014759426296222955 446464.4188411020440980792 -0.6602662743318843396878037
85431.02254917370737530291 446449.4662745606037788093 -1.062293660687179563950622
85434.08972792974964249879 446449.8413371377973817289 -1.062293660687179341906017
85432.11704241826373618096 446447.788325935136526823 -1.047847677298105573129305
85342.24786306277383118868 446433.8501756248879246414 0.1437067799330738193663848
85353.39047868316993117332 446425.6928094194154255092 3.966102587059223694154753
85352.96885957097401842475 446425.6488355426699854434 6.623469429540618236273986
85350.62715410301461815834 446425.4046011979226022959 3.947792492289079913092564
85373.74430437306000385433 446460.7162234548013657331 19.00163926886127185866826
85374.19262464118946809322 446462.5098962405463680625 16.6437255614721912877485
85372.51712140414747409523 446460.9529303474118933082 17.92654065519571560116674
85437.73839756443339865655 446450.0283990449388511479 3.846181629941054058718919
85438.20094105020689312369 446450.2202425274881534278 5.693910500795043461153
85436.58946808405744377524 446449.5518716707010753453 4.72132193243574693752862
85346.66582103131804615259 446466.7520914862398058176 12.55879893881321685000785
85344.96277513286622706801 446465.4421393588418141007 12.92720352050993071202356
85346.79245405932306312025 446466.8292935228091664612 13.01018765351804873375841
85345.97995809106214437634 446424.9448432198842056096 -0.9311549198447158781632993
85350.67178708342544268817 446425.4092563122976571321 1.223878881760757542096485
85349.85255308098567184061 446425.3238121424219571054 0.1446455012262091721630952
85356.381428085922379978 446433.3843738156137987971 -1.062293660687179341906017
85342.55029839424241799861 446433.120877997309435159 1.623621204048525390462032
85354.77003743965178728104 446426.0853780096513219178 -1.062293660687179563950622
85355.84233345961547456682 446427.8624594456050544977 -1.062293660687179119861412
85355.18930621533945668489 446425.8842873253743164241 -0.9475438386692837111624499
85357.44010444312880281359 446426.2341410174267366529 -1.059233578490694105411762
85359.43381419502838980407 446455.8432548302225768566 17.5114350808258301128717
85361.4483220352849457413 446456.8104930301778949797 17.30884688521012648720898
85359.76834118925034999847 446458.7722226267214864492 16.04107847593770230787413
85364.44670522143132984638 446467.6918182122753933072 14.84222501304760299944974
85363.88356863646185956895 446470.4025651943520642817 15.90382600416517178132381
85362.33170389347651507705 446469.5195702637429349124 15.54333948329249359687765
85389.80256724497303366661 446473.2204193423967808485 -1.062293660687146257259883
85387.44179447951319161803 446473.160973846388515085 -1.062293660687146257259883
85388.86525757484196219593 446475.045260086131747812 -1.062293660687180452129041
85335.22928448673337697983 446462.3603697939543053508 3.851078873777889821639064
85334.96384451372432522476 446462.1479437059024348855 5.987330584029751712193956
85333.86156789126107469201 446458.5336985944886691868 -1.062293660687179341906017
85335.10111771384254097939 446460.0433338501607067883 -1.062293660687179119861412
85334.99127320750267244875 446451.348838034609798342 5.439190989363641648424164
85335.64761259923398029059 446449.7661302240449003875 4.223073397427426378669679
85335.94662357217748649418 446449.0450901519507169724 5.915051325347766564277663
85350.58533166615234222263 446474.6494948713225312531 1.664581073800451171962322
85348.58352166142140049487 446473.0474879719549790025 -0.1121395406117827453496005
85373.48753042456519324332 446452.4319435118231922388 19.65853882737142654946183
85375.58637278529931791127 446453.2785590607090853155 18.96347666768959783212267
85375.5972708935005357489 446453.511828546179458499 19.01535685702243227979125
85375.28676959578297100961 446453.5905659694690257311 18.72879872683929391996571
85332.21235612337477505207 446459.9368730821297504008 3.480444908592145392134398
85332.19325968313205521554 446459.8952021360164508224 6.345787408712337374083745
85445.08368465740932151675 446473.2893760391743853688 17.62441911471653455123487
85445.99255502947198692709 446471.1040526743745431304 17.90709722192192643319686
85425.28047405724646523595 446511.2040802384144626558 9.470999999999998308908289
85425.27108187029079999775 446511.1655311231734231114 12.0959624487543120352484
85426.31981902339612133801 446508.9804172986187040806 10.86220801758243936774306
85360.08822853317542467266 446426.5237877333420328796 -1.061362842590044763824153
85357.84300230904773343354 446428.3226376927341334522 -1.062293660687179785995227
85391.52700000000186264515 446468.067000000097323209 -1.062293660687170682166425
85393.26014053166727535427 446466.3595868564443662763 -1.062293660687178897816807
85390.61979776345833670348 446466.1299481422174721956 -1.062293660687179563950622
85348.89835574061726219952 446431.4975834935903549194 13.84773986247207488986533
85350.59236231143586337566 446430.0330051166820339859 14.5661116140293351861601
85350.96850245150562841445 446432.3648376059718430042 14.38666133866822605114066
85355.48690581328992266208 446458.6376731019699946046 -1.062293660687146257259883
85355.10597408351895865053 446460.5465164390043355525 -1.062293660687178675772202
85356.99209882192371878773 446460.0655535098048858345 -1.062293660687178675772202
85353.02008862383081577718 446476.597927750030066818 4.271644728612285391022851
85351.75580277254630345851 446475.5861985462252050638 5.808161896594914885838534
85353.027163416933035478 446476.6030004483764059842 6.871237591721553350510021
85426.99408480992133263499 446478.865702232695184648 -1.062293660687179119861412
85425.52744507649913430214 446479.8056747399969026446 -1.062293660687179785995227
85426.7772579508600756526 446480.141572872526012361 -1.062293660687179563950622
85364.43874918422079645097 446481.308652102539781481 -0.0001327493185921886946140869
85363.36281569037237204611 446480.8652899289154447615 1.081791861573176971589305
85364.22553678356052841991 446481.2207932209712453187 1.827206606047767634137813
85425.42066943366080522537 446511.152031541452743113 6.837200654980318148545848
85425.24953184465994127095 446511.1951216877205297351 4.26936060830203523153159
85423.96225189180404413491 446510.661158298549707979 6.060935571159520307560342
85341.4629624327935744077 446467.3490525634260848165 2.890917352671966256139058
85340.54480343814066145569 446466.6142690220731310546 4.596030663057214304956233
85343.14269599209364969283 446468.6933083843323402107 4.883542335487644159286447
85352.23110347357578575611 446470.1628631860367022455 14.29817207728947359157701
85351.84037219294987153262 446470.8512579252710565925 12.77782136980105320844814
85350.01117470218741800636 446469.4001868971972726285 12.9534074278153497061794
85350.89588293959968723357 446474.8980030947714112699 -0.9161248992734715157482128
85351.96593953922274522483 446475.7543666288256645203 0.4702570922633310113170069
85439.01841719688673038036 446472.3893345929682254791 18.48011891280063423437241
85441.1567061805835692212 446472.078567594988271594 17.85447048468360975448377
85441.67238746542716398835 446473.4277396128745749593 18.51253518210257098530747
85355.04230006916623096913 446477.4362887071329168975 9.734323936340667060562737
85354.61165427256491966546 446477.259180471592117101 7.821004118002628402450682
85374.04076845652889460325 446429.9684339720406569541 9.85478675371842527397348
85371.98530817827850114554 446428.7876237317104823887 9.854997453147394281813831
85373.26897169993026182055 446427.8016110361786559224 9.801622676941168066377941
85363.03063475660746917129 446476.6096086074248887599 12.0137203262561609307113
85361.28819175672833807766 446477.7839335657190531492 9.870827279080449656589735
85378.51745885102718602866 446489.8510919578839093447 12.17885770025247715864225
85377.98229365218139719218 446491.5794523467775434256 12.08132017290267690157179
85375.77653768190066330135 446490.5908946529380045831 12.16306766098026415079403
85336.32234629527374636382 446463.2351244182791560888 6.35599483646931417979431
85336.66353155470278579742 446463.5081678830902092159 8.139700885224693038821897
85337.9157122893666382879 446464.5102620736579410732 7.245040042089764042998468
85361.60400591786310542375 446470.2205355315236374736 17.06555659020625625998946
85360.6997026605240534991 446469.3643798076082020998 16.33732538030150038821375
85450.05435215756006073207 446462.985531957761850208 8.920399814058461274157708
85341.44840303443197626621 446462.0768047522287815809 -1.062293660687177121459968
85342.24528842580912169069 446465.2954697864479385316 -1.062293660687179119861412
85343.31782769611163530499 446461.7714800188550725579 -1.062293660687179119861412
85357.70054544726735912263 446429.5794611043529585004 -1.062293660687179563950622
85387.87263550971692893654 446429.7346207031514495611 9.749786427805824828851655
85388.20347809267695993185 446429.953481842705514282 9.782643395420075549395733
85388.03358690971799660474 446430.6327639170340262353 9.72908910083293854142994
85368.04796055131009779871 446482.4938790821470320225 8.857109359769637535464426
85370.09703954240831080824 446483.469589312793686986 8.786674353366569434342637
85369.89849097390833776444 446484.4538001440814696252 6.733581837849162532450009
85344.16418260520731564611 446463.996009151975158602 14.01793398209815855182114
85345.5776169778109760955 446464.5113336882786825299 14.82105823431605706730352
85420.63561875409504864365 446454.3667937190621159971 15.35147077929605430313131
85422.02655897887598257512 446457.3457521874224767089 15.74573913256459611886839
85419.79679109464632347226 446457.1557745703030377626 15.06938718669557353280197
85442.85683242946106474847 446478.9662163099274039268 9.200919654567593752858556
85442.55856613181822467595 446479.7388282304164022207 11.61116888577393524428771
85443.20182390548870898783 446478.0723992434795945883 11.74003274855087219918914
85353.91054064978379756212 446428.6214151256717741489 -1.062293660687179563950622
85351.41540072049247100949 446427.2859691769117489457 -1.062293660687178897816807
85368.03607813845155760646 446471.6957982901367358863 15.24540653089697528344004
85370.48178636933153029531 446469.9049436796340160072 15.2680433850145043095381
85369.10139794378483202308 446472.7722114589996635914 16.20618129277927721432206
85341.50567862160096410662 446435.6398916266625747085 0.3164625136981742969943809
85346.66188696087920106947 446426.6427591806277632713 -1.062293660687178675772202
85346.97281142471183557063 446448.2306735090096481144 -1.062293660687203100678744
85347.84327218445832841098 446450.0450488300411961973 -1.062293660687146257259883
85349.35766895936103537679 446448.7198084186529740691 -1.062293660687159579936178
85377.805140886121080257 446490.6281070958939380944 -1.062293660687179341906017
85379.51811471836117561907 446489.1674445117823779583 -1.062293660687146257259883
85376.18948308569088112563 446489.2566733037238009274 -1.062293660687179119861412
85368.96141082794929388911 446487.8462131247506476939 4.812493755784418070220454
85370.83586982250562869012 446488.6239969399757683277 5.586427324278081307795674
85370.4134060550422873348 446488.4487007709103636444 3.738044978019008812708535
85425.99221582754398696125 446462.1461689148563891649 -1.062293660687180008039832
85428.95426558064355049282 446461.4234549145330674946 -1.062293660687179785995227
85428.13105356341111473739 446459.949969914392568171 -1.06229366068718400484272
85412.18357760415528900921 446446.7351315447012893856 -1.062293660687179119861412
85413.04333960700023453683 446444.8935465280083008111 -1.062293660687179341906017
85410.62496871563780587167 446446.5331772616482339799 -1.062293660687179341906017
85363.44389226504426915199 446448.3667010384961031377 -1.062293660687146257259883
85366.24449444882338866591 446446.1308014418464154005 -1.062293660687179563950622
85363.66241660041850991547 446446.1739052953198552132 -1.062293660687179785995227
85378.67038143071113154292 446460.2055677898460999131 15.41568150275168314067287
85380.52804316386755090207 446458.0445498178596608341 15.2748172176765724117331
85380.86123456349014304578 446460.9211598203401081264 15.12461926044070104069306
85380.59218960964062716812 446461.3742663190932944417 15.82113163321345794543049
85389.45241385899134911597 446496.346472439996432513 0.9654722432114625219057302
85388.29595072397205512971 446495.8197057325742207468 -1.018899181280102705926538
85387.96602746924327220768 446495.729919148376211524 -0.4299582785032167175920392
85377.70261565400869585574 446468.194882998475804925 -1.062293660687179119861412
85377.84500671013665851206 446466.9150424815015867352 -1.062293660687179563950622
85376.46006245109310839325 446467.7179409475647844374 -1.062293660687179785995227
85365.53970522564486600459 446486.4249539450975134969 7.009821569985223099763516
85364.55492054478963837028 446486.0145574142225086689 6.991378617413615437214958
85365.01972990694048348814 446486.2121555347112007439 8.374299871539699680056401
85363.52137457410572096705 446464.2240456108120270073 18.92109362556228546736747
85364.59050988059607334435 446464.5414307161117903888 18.72831854177615085177422
85363.33975725936761591583 446464.4004328483715653419 19.05906279132942060527967
85375.84421536546142306179 446468.8978327006916515529 -1.062293660687180008039832
85345.29406392003875225782 446470.415003378177061677 1.020934833532276542200634
85346.22688825493969488889 446471.1615232860785908997 0.1470599215862010977762253
85344.74690289392310660332 446469.9136122727068141103 -1.024669678528038474496498
85351.17818459586123935878 446475.1239427367108874023 7.606586023900138826547845
85347.67650008774944581091 446472.3191503369016572833 9.749338469118423944337337
85347.66700644994853064418 446472.3140199160552583635 8.183398129010695853935431
85345.50955618044827133417 446470.5213761915219947696 9.838154221449752157013791
85331.91023770383617375046 446458.9292280025547370315 9.830694373213988868087654
85331.86763042297388892621 446458.9295292941969819367 9.471000000000001861621968
85333.09710374058340676129 446456.1249318314366973937 9.85749498827524028854441
85333.10547354766458738595 446455.8962869435781612992 3.5864581704216811353092
85333.70582285868295002729 446454.4485945520573295653 4.531427851718654586932189
85438.49777791796077508479 446467.5205258483183570206 -1.062293660687179341906017
85437.84728099349013064057 446466.1061870868434198201 -1.062293660687179785995227
85374.08449636213481426239 446484.127791541104670614 -1.062293660687146257259883
85370.82251654082210734487 446483.2131176499533466995 -1.062293660687179341906017
85372.05947071585978846997 446485.0756949012284167111 -1.062293660687179563950622
85385.20372812019195407629 446490.7296679875580593944 13.79754575631168656002501
85385.86517324906890280545 446488.3836418386199511588 13.78561783935461093619779
85387.53564581999671645463 446489.0184840174624696374 13.77478732967059116276687
85442.50080822568270377815 446463.9488323675468564034 -1.062293660687179563950622
85440.61364187518483959138 446463.1143952412530779839 -1.062293660687179341906017
85349.00309494422981515527 446473.2878498586360365152 -1.042626796456177062921711
85401.41500023051048628986 446469.189297229575458914 14.75558164872948552215348
85400.10727382174809463322 446467.9891250424552708864 13.75054440062442928649489
85402.23177971091354265809 446467.2589684976264834404 14.93807889109592146326122
85418.2129129235545406118 446500.8974242917611263692 -1.062293660687177565549177
85417.25722276640590280294 446499.1782852547476068139 -1.062293660687179341906017
85415.61236406561511103064 446500.2568132142769172788 -1.062293660687179119861412
85414.86625116944196633995 446492.9876121669076383114 17.97608866974736230304188
85412.62661423497775103897 446492.0535050850012339652 17.96391265245975077391449
85414.37353955111757386476 446490.1996568378526717424 17.95268466048703714932344
85416.61173318875080440193 446505.1828720179037190974 12.15317008715452118394751
85416.97923415385594125837 446507.6461733905016444623 12.14869298872927316779169
85414.16372476180549710989 446506.4622958156978711486 12.15381041891444979796688
85427.00121570347982924432 446506.2882606034982018173 13.86630728917648092135551
85425.30321616890432778746 446504.9445548538933508098 14.82439430082273723598973
85427.12771216666442342103 446505.2842769625131040812 15.4512986983224127612857
85431.8744369324849685654 446505.5230752330971881747 14.87499567023782454100456
85429.14513503632042557001 446506.5310976385953836143 14.74702195631887491344969
85430.62955012805468868464 446505.9824941156548447907 16.50286484789802798900382
85391.48615587574022356421 446472.0481896379496902227 -1.062293660687146257259883
85391.34686025137489195913 446474.5708830657531507313 -1.062293660687146257259883
85376.88296655562589876354 446487.5066389404237270355 12.1793395675761217944455
85419.60775687779823783785 446508.8549131305189803243 4.630041029388210382933266
85419.62470010860124602914 446508.8619411850813776255 2.809989090306582948386449
85417.9681651096761925146 446508.1748102254350669682 2.49907371805696953970255
85416.34659685338556300849 446502.1620725932880304754 13.419324313331811637795
85417.76120881761016789824 446502.678291063173674047 13.525601116632781639737
85341.4275796538422582671 446456.109394982922822237 14.45897435578030076896994
85340.47709048227989114821 446455.0188694683602079749 14.14796445389391976732441
85343.6113509970746235922 446455.3992904769256711006 14.87754442339290150698616
85393.28775265259901061654 446468.1209494007052853703 -1.062293660687179341906017
85394.89820631095790304244 446468.8348117513814941049 -1.062293660687179785995227
85394.51639089218224398792 446467.5226761809317395091 -1.062293660687179341906017
85366.69150632094533648342 446427.0800751600763760507 6.563581906976629909422627
85365.25705347582697868347 446426.9304651191341690719 4.51602804616807951276769
85368.10056235844967886806 446427.2270363738643936813 4.667692187330239050879754
85381.7875119240052299574 446460.3816091248299926519 -1.062293660687179785995227
85380.61633722418628167361 446458.9759489708230830729 -1.062293660687180674173646
85379.89266830896667670459 446460.5029811239801347256 -1.062293660687179341906017
85364.63076929813541937619 446435.5561904302448965609 -1.062293660687179341906017
85364.44155576699995435774 446433.9657004089676775038 -1.062293660687180896218251
85363.03318184975069016218 446434.8359624490258283913 -1.062293660687179785995227
85427.62276703985116910189 446499.7391284133191220462 17.95791179096641698720305
85426.38776062987744808197 446497.7128112220671027899 17.98250395308118498860495
85428.11234497626719530672 446498.4461150177521631122 17.9897382810138495301544
85422.39733182438067160547 446496.3180105608189478517 -1.062293660687146257259883
85419.92983183055184781551 446496.030610469460953027 -1.062293660687179563950622
85421.22033919022942427546 446498.161344785476103425 -1.062293660687146257259883
85439.82706098638300318271 446459.200681503803934902 17.98510026268258954473822
85440.22352114404202438891 446458.1305475152912549675 16.13434107278190765555337
85441.49762830126564949751 446459.0557700778008438647 16.73601232353802004126919
85422.69789259476237930357 446449.6799807561910711229 -1.062293660687179563950622
85425.11933688889257609844 446451.9361359527101740241 -1.062293660687169793988005
85424.78900039043219294399 446449.8631744170561432838 -1.062293660687146257259883
85426.0060008846630807966 446509.541658807429485023 -1.044035725340864306787125
85428.91284295174409635365 446507.4214156221132725477 -1.062293660687179341906017
85426.34879630239447578788 446507.13065934251062572 -1.062293660687181118262856
85425.30110820529807824641 446509.1350615024566650391 -1.062293660687179563950622
85432.60538409133732784539 446456.2593762273318134248 18.00727306805159955160889
85434.94643101774272508919 446457.2857953191269189119 18.02039216489015061029022
85433.85881705122301355004 446458.1599707917193882167 17.97604872095216066441026
85432.78955326098366640508 446455.8669214935507625341 17.35451240633900837906367
85372.00631083986081648618 446489.0968119518365710974 -0.9721210003377590558315546
85369.76062932149216067046 446488.1778390556573867798 0.7006625311192596905485175
85371.8569796915544429794 446489.0476939810323528945 2.650375924694996498942601
85436.17626182934327516705 446462.9555817408254370093 17.9711661657619288234855
85437.21762109227711334825 446462.223892431182321161 17.96439908759409576077815
85437.37356182023358996958 446463.4764302796684205532 17.97003093867636280833722
85437.29932623333297669888 446463.9289570885594002903 17.6058967630460436737394
85432.2779015341802733019 446504.1076135775074362755 17.7071908484114217685601
85430.66592481017869431525 446504.520686280622612685 18.38581963098614835416811
85431.08001746743684634566 446503.0908064786344766617 17.37054904549287925874523
85418.01570494542829692364 446500.486149373697116971 16.97324189719731890590992
85418.117760352703044191 446501.7613669706624932587 15.12345648253936047922252
85416.88881992673850618303 446500.5739274026709608734 16.13956870041567270845917
85432.77845890275784768164 446484.2922907800530083477 17.98615511893936158571705
85433.96527590419282205403 446484.1237370754242874682 16.97975594333187387974249
85434.69274491276883054525 446485.0815993666183203459 17.98180276963061530182131
85434.1034134381334297359 446486.4119461743393912911 17.94481124860695686606959
85437.29426754439191427082 446493.8841607706272043288 2.318672380100014862591706
85436.79874891621875576675 446495.0804821382625959814 3.472533283804895010149494
85437.16999577381648123264 446494.1840958668035455048 4.317556506845562580565456
85395.95391193896648474038 446491.2822244199924170971 13.49734190074788386937144
85396.07383107359055429697 446491.2139346812036819756 14.77860804397248628561101
85395.55079438776010647416 446492.370622967544477433 15.08628721153140439525941
85426.19672149361576884985 446509.044358579209074378 12.13455053965478214195173
85431.42739294531929772347 446508.0430616232915781438 8.73943678412360824836469
85430.95525717792042996734 446508.8584037109976634383 6.098799188465871878861435
85431.04411945887841284275 446508.8516144742025062442 8.714887355210942487815373
85399.0472365536552388221 446484.4846505603636614978 15.06816182794270808642523
85398.5555420278396923095 446485.5284935346571728587 15.08182730955609862633082
85396.93035278213210403919 446484.8349658152437768877 15.09502358131172350397264
85405.26375687819381710142 446482.9807492148247547448 -1.062293660687178897816807
85404.737913767050486058 446480.4534754539490677416 -1.062293660687179563950622
85402.52793838613433763385 446482.2316414046799764037 -1.062293660687179341906017
85393.69721260273945517838 446470.4078651810414157808 15.11313077480504318828025
85394.95032682678720448166 446467.963313646090682596 15.09323165954665135757296
85395.63653112821339163929 446470.8451858775224536657 14.71213851481715728652944
85395.41812018259952310473 446471.1081864350708201528 15.10772612722395180639978
85402.2186295663850614801 446461.8354104377212934196 15.10114231540550555621394
85403.21239804383367300034 446463.4287389558157883584 15.10072764214024765294653
85401.59481926502485293895 446462.7468684338964521885 15.10570011831257630774417
85387.42052354896441102028 446477.3436735185096040368 -1.062293660687146257259883
85384.5845026076422072947 446479.4090333070489577949 -1.062293660687146257259883
85386.46351626353862229735 446479.9310993455001153052 -1.062293660687179341906017
85399.59096962216426618397 446449.3641771566472016275 -1.062293660687179563950622
85399.58656809588137548417 446450.8492468841723166406 -1.062293660687179563950622
85400.79748061182908713818 446450.857721965410746634 -1.062293660687179341906017
85426.30177882769203279167 446509.0243306266493164003 5.402540301252904519913045
85426.31495204329257830977 446508.9922644702019169927 8.032198339199306147406787
85416.2844309872598387301 446507.4763970654457807541 1.311437661822448585979828
85418.75705610602744854987 446508.5020423260284587741 0.4981261706423255608555678
85380.37380099932488519698 446484.1267462538089603186 -1.062293660687179119861412
85378.43036378359829541296 446485.0264281420386396348 -1.062293660687179563950622
85381.23961860526469536126 446485.7365509163355454803 -1.062293660687146257259883
85361.43455257813911885023 446480.0707065000897273421 0.1204951807808466723859198
85360.78194523682759609073 446479.8017852229531854391 1.869543612831644052718616
85362.09208190577919594944 446480.3416559905745089054 2.538936366148817569410312
85388.62512466221232898533 446466.9022596190916374326 -1.062293660687181118262856
85388.25117266068991739303 446464.6644504817086271942 -1.062293660687178897816807
85386.03500165767036378384 446465.1504709752625785768 -1.062293660687181340307461
85377.19809086162422318012 446465.8015943027567118406 -1.062293660687178897816807
85383.19593327533220872283 446440.5461558228125795722 -1.062293660687146257259883
85383.48209440267237368971 446442.5387057918705977499 -1.062293660687146257259883
85385.16338508218177594244 446441.1834103191504254937 -1.062293660687180230084437
85389.43497717824357096106 446450.5518814922543242574 -1.062293660687179119861412
85387.49014634997001849115 446450.5287931099301204085 -1.062293660687181118262856
85388.44885355087171774358 446451.695037328579928726 -1.062293660687179563950622
85347.77341312036151066422 446466.7446896927431225777 14.15746905088406926154221
85366.76527504214027430862 446427.2265948473359458148 -1.061941292007877235548108
85367.94926076717092655599 446427.2112559755914844573 -0.7221411428187699543812528
85365.6353804874379420653 446426.969923732103779912 2.040583311532774501984022
85349.10068568578572012484 446425.2549969719839282334 -0.966359219059107599214542
85350.01477808062918484211 446427.139106221788097173 -1.062293660687179119861412
85375.59865520586026832461 446439.377303551824297756 16.21289744606927740733227
85374.2718669520691037178 446439.2547269864589907229 15.56377561456529257100101
85374.29357075125153642148 446438.154149855428840965 17.25518033393703731803726
85375.33992340236727613956 446490.492609336506575346 4.45609605099773897762816
85374.32269935688236728311 446490.0706646538455970585 4.032803823194070602653483
85374.16043498080398421735 446490.0033573668915778399 5.266388046469786310410655
85365.20091773930471390486 446484.4943553316406905651 9.868639405855452295668329
85365.68334480430348776281 446486.3217757443781010807 9.811318050425770209699294
85364.55098552987328730524 446486.0087637493852525949 9.748973085084864820260009
85349.08290280512301251292 446425.2435394379426725209 2.854328617409521928749427
85349.18841348853311501443 446425.254543952876701951 4.352732657131333837696729
85347.7072800195892341435 446425.1000652332440949976 4.15563308290403643496802
85360.18767206373740918934 446479.5569018288515508175 7.900155817892035692295849
85359.69075469014933332801 446479.3516831182059831917 9.734628676138713743171138
85365.50567947396484669298 446483.8158489231136627495 -1.06186328622386327857896
85366.99432648676156532019 446485.3331522013177163899 -1.062857914551551097304127
85367.12366362758621107787 446482.2741052485653199255 -1.062293660687179563950622
85355.82774645680910907686 446474.6930293620098382235 -1.062293660687178675772202
85353.66552765705273486674 446474.9027682660380378366 -1.062293660687178675772202
85356.09046366083202883601 446477.7696269489242695272 -1.050973976918376795453014
85357.3987157469819067046 446476.1934413171838968992 -1.062293660687182006441276
85375.73193758113484364003 446483.559749365143943578 11.50519014597726830118063
85373.89559781138086691499 446482.6248265124741010368 9.865763317349200534067677
85374.73770163729204796255 446481.482257770374417305 12.51060611996763860531701
85345.06265920413716230541 446432.6579064602847211063 11.27363492842014736083911
85343.28982224417268298566 446433.6886256221332587302 9.865413441588692933237326
85343.01966697561147157103 446432.0765391862369142473 9.810610331200642519888788
85382.25498186818731483072 446493.3609765985165722668 11.50362760327355715617159
85381.78916361705341842026 446493.1677551199099980295 10.17484648648092360190276
85380.01763345069775823504 446492.4329241481027565897 11.35756154049351529522482
85382.54044519664603285491 446493.3261924019898287952 12.17691373006318578120499
85381.77541774703422561288 446491.8478817053255625069 12.1770329808638582136382
85383.68063549406360834837 446490.6983784117619507015 12.17568752870375092811628
85363.46567072888137772679 446480.9076736205606721342 9.586361494005879890778488
85362.01596672013693023473 446480.3102910462184809148 8.312780621422064086800674
85367.89651933677669148892 446480.488278943405020982 -1.062293660687146257259883
85368.09017984445381443948 446478.8136171351070515811 -1.062293660687179119861412
85366.41318393030087463558 446478.9858996598049998283 -1.062293660687179563950622
85373.8554687508731149137 446489.8768573301495052874 0.9282923056820571172664813
85373.59071929096535313874 446485.9451950499787926674 -1.062293660687179341906017
85375.28206941140524577349 446486.43518227175809443 -1.062293660687179785995227
85373.44378684817638713866 446488.7707646381459198892 10.09959987113566803884623
85373.18976284336531534791 446489.579805097309872508 12.07929302903534818369735
85373.22134629006905015558 446489.6128335690591484308 10.11540504733832790407178
85374.82773787998303305358 446490.280154706968460232 9.705419177495796745347434
85384.10426648792054038495 446484.983162368240300566 13.07634928410613994742562
85385.90080070288968272507 446484.4069478951278142631 15.06508031129883917742518
85386.05766822879377286881 446485.5891462697763927281 13.37817938589092214840548
85383.32283333811210468411 446487.5148002960486337543 13.77975602114541686660232
85357.13316688500344753265 446466.6544528027297928929 -1.062293660687178453727597
85355.00319271501211915165 446464.4342910108389332891 -1.062293660687178675772202
85355.02340247199754230678 446466.5467081915703602135 -1.062293660687180230084437
85352.17246836012054700404 446475.9196473473566584289 2.401717662945988873701708
85352.45404969967785291374 446476.1449910351657308638 1.368481177634059520187293
85370.83203211633372120559 446479.8568857240024954081 11.76075708799594465858718
85368.86079198175866622478 446478.9854747634381055832 12.61521556229133267379439
85370.53592948558798525482 446479.6142120113363489509 12.71148457761432482016062
85435.23384451236051972955 446498.8567715525859966874 7.207677753501709361216854
85436.47624612980871461332 446495.8589267997303977609 7.43585737385872302951384
85435.93826176012225914747 446497.1568442477146163583 5.783007477966791043400008
85385.31204095749126281589 446492.2115631547058001161 12.17412440913358651073395
85359.77977246063528582454 446479.3888177830958738923 0.7376810701759366484253633
85374.88893480594560969621 446490.3055392008391208947 3.024751370416035811672373
85376.70735333279299084097 446491.0598194714984856546 -0.03608279036428262143143542
85372.31922795064747333527 446489.2394784642965532839 8.281466845556526124028096
85372.56957936628896277398 446489.3433784934459254146 6.293966640395280975894821
85370.25324094304232858121 446488.3801741129136644304 7.402876978268976060348905
85394.96658333006780594587 446486.7307935094577260315 -1.062293660687178675772202
85392.3902471913315821439 446486.6703101572929881513 -1.062293660687146257259883
85393.9069191767048323527 446488.7537861529272049665 -1.062293660687180008039832
85374.26895568761392496526 446490.0483717719907872379 7.557168202923464583875557
85392.11968379770405590534 446490.9505714183324016631 13.7994325585391059973972
85391.19861644148477353156 446493.0713091287179850042 13.79520188668766422779299
85389.96798265502729918808 446489.954555242438800633 13.73314981940936796434016
85341.32276890668435953557 446460.7223247233196161687 15.35024091468931040083135
85342.90384355249989312142 446462.8627599919564090669 14.20087200635133051207504
85340.41343987551226746291 446461.7795850039110518992 13.01900913049358088358076
85349.9172811546886805445 446474.0551137935253791511 9.833284355368322238177825
85351.45282922741898801178 446475.3437351214233785868 9.594484379649275140877762
85350.92641728177841287106 446474.7851724272477440536 9.867690468680837767578851
85351.82444818697695154697 446472.6173444426967762411 9.872924713000621466107987
85350.72898058067949023098 446471.5230821456643752754 9.873003225853064890316091
85353.53010176266252528876 446472.1898247936042025685 11.86097002259876376228931
85334.95527171161666046828 446462.1410830708337016404 -0.3750497895328367969902672
85333.95353668232564814389 446461.3394153678091242909 1.859134402321516832401471
85335.18878230034897569567 446462.3279567367862910032 1.296932995426535617511377
85341.89704478955536615103 446459.9659582838648930192 -1.062293660687179563950622
85345.8313143472041701898 446450.0861024659825488925 -1.062293660687176899415363
85345.07787143137829843909 446470.2419890273595228791 3.316453585739957521383303
85346.1883014827617444098 446471.1306430951808579266 1.333165525004043061585435
85338.86651428139884956181 446460.5735235437168739736 12.66184703638368169720252
85339.74133702351537067443 446461.2665398186072707176 12.182163504925997088435
85344.60553459094080608338 446463.1606462117633782327 -1.062293660687178231682992
85345.24733136182476300746 446466.1918314435170032084 -1.062293660687179563950622
85348.31756278230750467628 446468.0575501563725993037 12.96202559395703524103283
85337.24039394485589582473 446461.2706691580824553967 9.874223743361257632500383
85338.31735694404051173478 446463.0921299739857204258 9.874461757777938331059886
85363.80303712874592747539 446466.3168485643691383302 16.51302871080009637694275
85364.89173453343391884118 446467.0826239562011323869 16.03748519275330153277537
85339.49717371254519093782 446465.7758727485197596252 1.040667334259382181826936
85339.41138827588292770088 446465.7072204483556561172 3.118543895480761829475114
85364.23885446600615978241 446430.6136983938049525023 12.95728597700957429594837
85365.65370670265110675246 446430.7782548615941777825 11.87406197659941575750508
85334.77084802233730442822 446451.880375020788051188 8.719688719058064307887435
85334.76278906367952004075 446451.9063681030529551208 9.75151278467212279110754
85334.20059959361969958991 446453.2971311361179687083 9.791774640403952290057532
85350.88059927156427875161 446468.302000547235365957 15.35635123826806669455891
85349.32979941199300810695 446467.8153980624629184604 14.37030313312418705606888
85337.62852885392203461379 446464.1309471339336596429 -1.058892285805653532548831
85339.13584715010074432939 446465.0379142520250752568 -1.062293660687179341906017
85357.40362520675989799201 446478.3003285331651568413 9.864603463182390896690777
85356.72648040558851789683 446477.1826136026065796614 9.872196406952472358398154
85357.94461493384733330458 446476.6656070260214619339 9.871563105329212106653358
85336.29596219172526616603 446460.7004540899652056396 9.874302730119520532525712
85335.36656370291893836111 446460.1060510184615850449 9.874366258529860829185054
85336.60302411376324016601 446458.7802231517271138728 11.86915370380153156304459
85361.28239888481039088219 446454.7156342395464889705 -1.062293660687179119861412
85361.14889386588765773922 446456.3428761084214784205 -1.062293660687179341906017
85362.52306583625613711774 446455.636520764441229403 -1.062293660687180008039832
85344.05419887315656524152 446460.0262782401987351477 -1.062293660687158247668549
85362.68076528463279828429 446480.5842359863454475999 4.177844827043097453156406
85363.82205641991458833218 446481.0545302204554900527 4.181190495180405086728115
85363.84160797785443719476 446481.0625868720235303044 2.946975707255712784160551
85356.44628006077255122364 446478.0151785716880112886 3.993923773860457160367332
85354.59667786122008692473 446477.2530091103399172425 3.787092869091015945315348
85354.8194575878296745941 446477.344810419948771596 5.558046276373941552151337
85433.86921104593784548342 446459.381449010397773236 -1.062293660687179785995227
85434.22495273881941102445 446457.5308875967748463154 -1.062293660687179563950622
85431.20658784135594032705 446458.5293723903014324605 -1.062293660687180008039832
85422.85270319280971307307 446443.8544423543498851359 8.683600931601187511432727
85421.32972734664508607239 446443.2227763614500872791 7.349271914964374374790168
85424.15901272746850736439 446444.3962443213677033782 6.737709259821686558211695
85332.79388294527598191053 446460.4112781312433071434 9.731523713097946171046715
85334.24734650454774964601 446461.5745452558621764183 7.510894545069566774486702
85353.58321510294626932591 446469.0869581970036961138 17.15886750586670217444407
85353.3295252079697092995 446470.5358307784190401435 14.95882251632418125097956
85360.08948060547118075192 446475.3853737517492845654 10.53502506186029741286347
85359.29984678773325867951 446477.7400654223747551441 9.87143574190233152876317
85356.77320922348008025438 446426.0456202185014262795 2.136528882495526193707747
85355.99743368502822704613 446425.9647086636396124959 2.974779214677641725472768
85355.07705087543581612408 446425.8687149122706614435 2.300450905257436229334189
85338.2939129689330002293 446443.3847971560317091644 7.391106311720111676777378
85338.41805209276208188385 446443.0854459921829402447 9.279572304206880062338314
85337.73008355437195859849 446444.7444248570827767253 8.611879364445908180414335
85374.81544920039596036077 446479.8184653039206750691 15.07512918544873237181037
85374.87054137210361659527 446477.2848934729699976742 15.05903363716319809384458
85375.99687658427865244448 446479.2179324816097505391 15.1520670869031661709414
85347.88034653801878448576 446432.5979238578584045172 -1.062293660687179563950622
85349.91376274937647394836 446431.7627839023480191827 -1.062293660687179341906017
85348.94654771972273010761 446431.1062386172125115991 -1.062293660687178453727597
85332.06566519114130642265 446458.4036982433754019439 3.954822848759580899979937
85331.86710301756102126092 446458.9021606096066534519 6.22333036208079981577157
85331.86838396832172293216 446458.9352429552236571908 3.338141097945718893669209
85359.15896235770196653903 446479.115011099143885076 -0.9822354330130482757965638
85356.09902009628422092646 446477.8720824291231110692 0.09763506780249690819584174
85345.40689753620245028287 446426.5298062893562018871 -1.058253604259974833823321
85345.24716610815085005015 446426.6176059878780506551 -0.5683096416840821563098984
85388.22037843517318833619 446484.3036642863880842924 -1.062293660687146257259883
85388.61312548503337893635 446486.951732477406039834 -1.062293660687178897816807
85389.85944255813956260681 446485.4040435459464788437 -1.062293660687146257259883
85341.28344947677396703511 446436.1757787113892845809 2.173127506312850343306309
85365.16479640227044001222 446456.7773162324447184801 18.71621009622826647955662
85366.28462363591825123876 446457.6701292279758490622 19.00648211806490550657145
85364.79576086404267698526 446456.9585055585484951735 19.04820234483886665088903
85334.86759510735282674432 446451.6470774784684181213 2.402626574181214724745814
85366.43148274115810636431 446478.0251843238365836442 12.50804586900593839970952
85367.11406575242290273309 446479.9964187585283070803 9.869835182978597742931015
85358.59307111914677079767 446478.8998112700064666569 4.140844731192291128252236
85357.73384559118130709976 446478.5457484028884209692 5.337810018552859858687043
85359.08425558244925923645 446479.1022146829636767507 6.405937071077425493115243
85395.98600904826889745891 446447.2460516512510366738 15.05595644021720147520682
85395.82245600505848415196 446445.0606322077219374478 14.12996158677111502299795
85398.10036801842215936631 446444.6124047720222733915 15.74717105626898039361095
85345.3306523192732129246 446470.4442843116703443229 6.572177034578778886952932
85370.64244222783599980175 446487.6974119374062865973 7.564183160031173080994904
85372.1347667160298442468 446487.3863060186267830431 8.054700981062826059542203
85387.82853511028224602342 446490.1101313019171357155 13.80782422753826566008684
85372.38937146624084562063 446431.4614030910306610167 12.16846642505560538438658
85371.10134864336578175426 446430.9146202200790867209 12.11571216175079612753507
85369.1537667508382583037 446476.7416855222545564175 16.18731774194202444050461
85368.22363586194114759564 446476.9202785754459910095 15.33678528504696281231645
85367.09502014421741478145 446476.3519253246486186981 15.49055639166294184860817
85353.95836794766364619136 446467.8703095481032505631 18.32340968494347421824386
85356.44243126518267672509 446469.7038074352312833071 19.29659745290762984382127
85353.77353861072333529592 446468.1855317408917471766 18.55651780096467362568546
85389.8159970520791830495 446490.2567417348036542535 -1.062293660687179563950622
85390.5350646667939145118 446487.2590099824010394514 -1.062293660687146257259883
85388.45148317232087720186 446489.6238827636116184294 -1.062293660687178675772202
85352.634976634566555731 446466.3983330020564608276 -1.062293660687174012835499
85350.35851675977755803615 446464.1596545262145809829 -1.062293660687178897816807
85349.83571882206888403744 446465.9555154559784568846 -1.062293660687146257259883
85348.29032207001000642776 446472.8128464389010332525 6.505293065508451100242837
85349.19477200788969639689 446473.5383504547062329948 8.0858567084967134519502
85342.07083234598394483328 446467.8355182082741521299 7.474755796708835831054785
85341.48494018551718909293 446467.2751903061289340258 9.85291582243469754587295
85340.16764834236528258771 446460.7014910118887200952 -1.062293660687178897816807
85364.90663677325937896967 446475.2287320395698770881 15.82067606521230018756796
85365.05643540930759627372 446474.1092442575027234852 17.60524892731589119421187
85366.90337228651333134621 446475.0830370292533189058 17.2875310729442404067413
85351.08963511486945208162 446475.0530784293659962714 4.060690544592102213528051
85353.0279435904958518222 446476.6030073791625909507 -0.9252667710719922888884525
85353.23424207937205210328 446476.691587337467353791 1.676043450955077895869749
85346.8652448447683127597 446471.6147615208174102008 -1.020394092076716496819699
85347.34542238374706357718 446472.0566628784290514886 0.5195073500082371120711855
85337.74416632069915067405 446459.6844229691196233034 12.54953321986651282315961
85360.51825321122305467725 446471.3289115278166718781 19.04260815199123868524111
85360.1678689256077632308 446472.9190770982531830668 16.35058543959173249504602
85357.93819514618371613324 446471.4824447401915676892 17.12877430985435367460923
85343.94407036303891800344 446429.7599129097652621567 6.522094150273453294630599
85343.45079017725947778672 446430.9494170179823413491 9.471000000000000085265128
85343.41016254381975159049 446431.0473871742142364383 6.635096662838757097802045
85346.8401780545391375199 446471.6523263533017598093 6.565810267198126659593527
85342.61884303169790655375 446468.2740797587903216481 0.2242564069094787337910191
85366.96202776307472959161 446487.0171176028670743108 4.620102093192953951472646
85366.85198572692752350122 446486.9715045377961359918 6.246945609922928355217664
85368.26512941342662088573 446487.4683776340098120272 6.63960279589130220045945
85340.23987049736024346203 446466.370237533759791404 0.0875438106109288211031938
85366.86776162490423303097 446482.6170771904289722443 7.030289993735697962051745
85367.74164773976372089237 446485.2329575743060559034 6.622339329361414783647888
85366.22665079009311739355 446484.6744350202498026192 8.254598724348465310640677
85354.46220743411686271429 446461.6078717383788898587 17.78713841054753430626079
85357.15523081287392415106 446461.7850039666518568993 19.07549183426701233656786
85356.38027613004669547081 446462.8738255820353515446 17.07472332016074290095276
85358.09748733785818330944 446473.5686069682706147432 14.0766696607750620984234
85359.63798890731413848698 446475.197443488403223455 12.46144824232537651198527
85358.01994116736750584096 446474.3724277858855202794 12.81404319543067771292044
85361.18268408987205475569 446469.9899475356796756387 -1.062293660687179341906017
85361.41271540794696193188 446471.7227911130175925791 -1.062293660687178231682992
85362.72211733403673861176 446470.6672809040755964816 -1.062293660687179563950622
85362.49553181116061750799 446474.1330234803608618677 15.9702734386667479782318
85370.59447273172554560006 446431.9567226269282400608 14.05922084024100726651341
85356.36656921858957502991 446477.9823319576098583639 5.668675778625283712131022
85357.48577316406590398401 446478.4435246770735830069 6.829240641109738163549991
85374.00517495693929959089 446487.4922870468581095338 10.75605658011769527604429
85373.77173785552440676838 446488.091367528133559972 12.11944533202081153433483
85345.68969425803516060114 446462.9252366311848163605 16.03930925298642407028638
85346.6236652127408888191 446463.7972919024177826941 16.68396742366801888124428
85345.54009539628168568015 446463.2354370354441925883 16.40274688725895302354729
85345.544078235630877316 446463.6430103479651734233 15.9437567408385927336667
85354.25705615198239684105 446471.4611050460953265429 14.70260383687682015363407
85354.18359129846794530749 446470.4447743516648188233 15.98076868637829939245876
85360.78170154128747526556 446470.6153914988972246647 18.18313968650100065360675
85351.41571188330999575555 446474.1107944031828083098 9.873293660687178174839573
85364.39477798533334862441 446426.8405318238073959947 7.082322966193956403913035
85363.8948650241072755307 446426.7883920837193727493 5.48293932626986979528283
85366.84300336113665252924 446460.2059144167578779161 -1.062293660687146257259883
85367.27191682830743957311 446458.1511185381677933037 -1.062293660687259944097605
85364.78389710304327309132 446458.7039380554924719036 -1.062293660687146257259883
85358.34960420556308235973 446478.7994853478157892823 1.829236806279500138217031
85363.23874969978351145983 446480.8141385720809921622 -0.9167321377149310057674825
85361.23299778751970734447 446479.9347495234105736017 -1.024064874988655393650561
85361.70712998663657344878 446478.8102132760104723275 -1.062293660687179341906017
85351.80325109323894139379 446469.5413967157364822924 -1.062293660687179341906017
85353.73216867736482527107 446470.5713193053961731493 -1.062293660687178897816807
85354.76354533599806018174 446468.6431788086774758995 -1.062293660687179341906017
85350.86921923598856665194 446472.6555902507971040905 -1.062293660687178897816807
85336.18764169928908813745 446463.0758683187887072563 9.828117244208746328126836
85344.37969401922600809485 446428.7094427234260365367 2.412025454576785854499121
85448.98512250209751073271 446465.6663666206295602024 8.819552781840906519050804
85447.85692080759326927364 446468.3910935856983996928 7.445782182630309442572525
85448.04113632618100382388 446467.9465062298695556819 9.611493025128845957283374
85396.5577556469215778634 446468.6288426321698352695 15.09177434806730744298875
85398.04671149537898600101 446469.2063246564357541502 15.10728361799276697752248
85397.74462247332849074155 446469.6459474211442284286 14.4635158510555736910419
85397.6892125112353824079 446468.0504520298563875258 15.11497685024401071984812
85336.46617326619161758572 446463.3502261508838273585 0.9196350198834114531010187
85335.22504014111473225057 446462.2079081204137764871 -1.058819911323324536311929
85432.28456801395805086941 446453.6972892997437156737 14.39531120979156142425381
85432.61788603525201324373 446453.0062116251792758703 13.14445210107592920678599
85433.93888528017851058394 446454.3598532602773047984 14.36348956646076224785702
85432.12516524438979104161 446447.7002675938419997692 3.878201781016109794819613
85429.76558204680623020977 446446.7216122414683923125 3.263029973577176168220149
85432.9502067059074761346 446448.0424599111429415643 1.928642692835008443097422
85437.27712839671585243195 446455.77703321841545403 14.42040180925895676011805
85438.74698895624896977097 446455.6519651358830742538 13.31499370347227717559235
85439.32587999114184640348 446456.7787612131214700639 14.65447409543514645235973
85431.02285047621990088373 446447.2430740314302965999 6.219080187901309564324492
85429.24429504336148966104 446446.5054044313146732748 5.314274353751993196226522
85431.40979087563755456358 446447.4751499808626249433 12.12625554279285466918736
85430.5376489464397309348 446449.2135322006652131677 12.15413537459908610571802
85429.39710519761138129979 446446.7190018639666959643 12.15215205836630829594469
85444.38866005298041272908 446476.7584889684221707284 8.820830864535624371569611
85444.54605262645054608583 446475.264827410108409822 10.45296654527754931507388
85445.56233915446500759572 446473.9284211549675092101 8.112195444912675412751923
85354.88092217681696638465 446425.8482591526117175817 -0.0682996350548146780035097
85363.17306313769950065762 446471.1303500410867854953 17.45572878961073826076245
85449.41190391960844863206 446462.6464212514110840857 14.46945597150015139220613
85449.39272661821451038122 446462.6152726596919819713 12.77926385101596373772281
85435.50982519317767582834 446470.8411028204136528075 -1.062293660687179785995227
85432.62839225972129497677 446472.6132965837023220956 -1.062293660687179563950622
85434.24349810894636902958 446473.9736949683865532279 -1.062293660687146257259883
85439.50067839940311387181 446479.5000913591939024627 17.97027269216499689719058
85441.56152903824113309383 446479.4726736652082763612 17.90699975523765630214257
85430.42490393227490130812 446504.9694058267632499337 18.50275773968567705196619
85429.32209920593595597893 446504.2811749264365062118 18.57607568434721301287027
85431.84439791883050929755 446505.523349312599748373 18.52136872233675646270967
85446.28736797058081720024 446472.1787679899134673178 6.982690329917859095587573
85446.73034122931130696088 446471.1015958532807417214 8.841666747950958082924444
85447.1326248983241384849 446470.1389780862955376506 7.252123603141289009954562
85424.17128721585322637111 446445.9250693345093168318 -1.062293660687179119861412
85425.96229478558234404773 446445.3001777948811650276 -1.062234497231400842665039
85423.97270520900201518089 446444.3210555848199874163 -0.9378150054994747186754012
85441.31488577675190754235 446484.176128858292941004 8.7472670316704999038393
85439.66791195534460712224 446483.592448991839773953 8.899136192336344564068895
85440.5063586031028535217 446482.1627876157290302217 11.19608472895910722400004
85449.34692847101541701704 446463.2489350825781002641 16.28431861443535311195774
85449.3582194148184498772 446463.1873079988872632384 11.02280397264873457174872
85443.80051586587796919048 446457.9094470911659300327 13.57034158803709011920091
85442.77568778136628679931 446458.8665349529474042356 15.65335440660423493852704
85345.63796509818348567933 446465.9378464602632448077 11.28229801413555399847155
85342.88821946601092349738 446463.7594342558877542615 12.11594514791488030880373
85356.63694198288430925459 446471.1325186495087109506 -1.062293660687176677370758
85361.2206333185313269496 446426.5094760383362881839 8.097519749906037844766615
85361.54340132551442366093 446426.5431399785447865725 7.057148628045454508139755
85362.59007480564469005913 446426.6523055482539348304 6.773878398866179040282987
85370.55989681645587552339 446472.7204119884991087019 15.20683234925251170466254
85348.80503361289447639138 446444.3518240844714455307 15.01146831010307103326795
85347.72691685664176475257 446443.2511975824018009007 14.67119874696714454387347
85349.11017354027717374265 446442.5311952934134751558 14.9113975476499209804615
85361.83471659311908297241 446476.1098478619824163616 12.55007962964507228775801
85371.17091527549200691283 446486.4863898755866102874 7.547911587422355239596072
85363.57639694797398988158 446480.9533008061116561294 7.056836125270162796141449
85372.01007919062976725399 446484.3690424423548392951 9.775160393735870201226135
85366.23264486857806332409 446467.0478006472112610936 16.92547608484316512544865
85367.94291295763105154037 446468.2873843734269030392 16.12327394438878513938107
85366.25746205645555164665 446468.1911763199022971094 15.21804526291538550708538
85369.61966220635804347694 446480.4338074852130375803 9.869219059792296633304431
85368.10103259273455478251 446482.4619327198015525937 9.834485430362542857096741
85364.51196942753449548036 446485.9635199062176980078 4.292365094615745668704676
85365.17239692137809470296 446484.2554285302176140249 4.242806497137395993490827
85365.44079106344725005329 446483.6165861860499717295 5.383522102004672404973462
85424.01901302378973923624 446494.002391378628090024 -1.06229366068719843774204
85421.42698970592755358666 446493.9127978781471028924 -1.062293660687179563950622
85355.50288408809865359217 446425.9131283097085542977 5.757349349987750386503649
85356.73258069451549090445 446426.0413827588781714439 3.849260742816744240712978
85357.30940583508345298469 446426.1015442574862390757 5.579651263213648348937568
85441.18893271170963998884 446454.0459850439219735563 -1.062293660687180896218251
85439.7702768798335455358 446454.0219482007087208331 -1.062293660687179563950622
85439.6727115315297851339 446455.2111791145871393383 -1.062293660687180008039832
85344.90018537352443672717 446445.902956900536082685 14.28867109614373198667181
85343.94288917510129977018 446446.808169577328953892 14.16007252723218456935683
85342.73337368869397323579 446445.4427252269233576953 13.76628525024077021043922
85339.22877546190284192562 446446.0482994003687053919 -1.062293660687179341906017
85338.3809782914468087256 446447.8597700728569179773 -1.062293660687179119861412
85339.4566534336336189881 446447.9559500432224012911 -1.062293660687178897816807
85358.8392595783225260675 446476.5834283267613500357 -1.062293660687179119861412
85360.04686571305501274765 446477.460322745144367218 -1.062293660687178675772202
85364.16832123271888121963 446472.8073946837102994323 19.01124811729284758143876
85363.29809109072084538639 446472.456244605768006295 19.00251535753066889355978
85363.68588202408864162862 446472.3776286632637493312 19.01542273146955253082524
85337.70809603638190310448 446459.6040862987865693867 13.91540481241864313233236
85336.48027851901133544743 446458.5116258908528834581 13.58418904565851548227329
85336.20438046603521797806 446458.4643487359280698001 13.19366866614070410435033
85373.86359897322836332023 446469.0696313648368231952 -1.062293660687180230084437
85371.11765461192408110946 446468.2931758823106065392 -1.062293660687146257259883
85343.42810440808534622192 446465.9798721011611633003 9.873771060758954831726442
85342.03316621834528632462 446466.0257354069617576897 9.874097398571821670998361
85338.45233435838599689305 446459.4749463959014974535 -1.062293660687178675772202
85340.33250023481377866119 446466.3224778904113918543 -1.052450437940711136519667
85332.21414609774365089834 446459.9395141189452260733 0.5813675407337792755413375
85333.66338688644464127719 446458.0333042599959298968 9.874608371527527239663868
85342.47411303014087025076 446468.140326920838560909 -0.9768939065287667311565656
85332.98700850785826332867 446456.2089202601928263903 -0.9683765486736868322026339
85334.50693032504932489246 446456.6900636802893131971 -1.062293660687179563950622
85335.26584953366545960307 446454.9468892345321364701 -1.062293660687179563950622
85351.05171936622355133295 446446.7856879616738297045 -1.062293660687203100678744
85348.34517737259739078581 446446.5388567643822170794 -1.062293660687146257259883
85360.11038838427339214832 446426.3936801162781193852 -0.6795959127557228418581303
85349.74762236696551553905 446454.9601065092138014734 -1.062293660687182006441276
85348.43671776846167631447 446456.3705455326125957072 -1.062293660687178897816807
85349.65253431613382417709 446457.8637297903187572956 -1.062293660687179341906017
85337.99642738969123456627 446452.2143438375787809491 13.34033218979074675303309
85337.06932580903230700642 446451.9068966548657044768 13.10418589617963291971137
85337.82069256460817996413 446449.8565909357275813818 13.03954392544843798873444
85336.97361543837178032845 446451.9103955766768194735 12.82689149591777777459356
85336.50791475496953353286 446453.1108328097616322339 11.67095018110249959875091
85336.95395597977039869875 446451.9610717876930721104 11.59621418568619155564647
85335.14021143484569620341 446456.6890743194962851703 11.46103738299907170983261
85344.79474360733001958579 446451.2834093654528260231 14.76129791619586839601652
85345.21764404413988813758 446449.277034608181566 14.67002212649119741172399
85347.17732899427937809378 446449.6661142006632871926 15.14009412401180298957115
85349.7354815559956477955 446444.5770352614927105606 -1.062293660687174456924708
85347.82950657507171854377 446444.6998597264173440635 -1.062293660687179563950622
85333.72529596328968182206 446454.7852261983789503574 9.873701808947188851561805
85335.12394003568624611944 446462.1334363726200535893 9.870349830585540829019919
85333.86230073821207042783 446461.1365644112811423838 9.867524802725274213344164
85334.71001100837020203471 446461.0593639076105318964 9.874950185626724774579088
85334.48271193727850914001 446461.7629033148987218738 9.654294912055135569062259
85342.51321936724707484245 446436.3571320193004794419 -1.062293660687179119861412
85342.23260241147363558412 446438.5061174751026555896 -1.062293660687179341906017
85343.58509245928144082427 446438.2224718820070847869 -1.062293660687179785995227
85335.71076170900778379291 446461.6418570598470978439 9.874817753154390587155831
85336.80173462891252711415 446446.983061016711872071 6.052439932074224593350209
85337.71213669580174610019 446444.7877022126340307295 6.229137417684236233128559
85341.95602113910717889667 446434.6226384906913153827 9.80202740431085040029302
85344.24245085465372540057 446434.5993619567016139627 12.31972310931226388674986
85358.45286261029832530767 446478.8420352553366683424 8.269425281934424276641948
85356.40431380586232990026 446477.9978854489745572209 8.170902227968042552674888
85343.50638143694959580898 446468.8938048223499208689 9.852293757522062378484407
85332.61794648008071817458 446457.0719178860890679061 1.160718154229059662085888
85331.87232534424401819706 446458.8725654553272761405 1.093939756234703519766072
85336.5943384128186153248 446456.3069380614324472845 -1.062293660687179341906017
85339.38412467404850758612 446456.0046350138145498931 13.99657477484819345647793
85337.90126802079612389207 446454.767761609866283834 13.55437308881013436234753
85335.42809070787916425616 446455.8968637505895458162 13.01013322875421707180976
85335.90500809917284641415 446454.6649460489861667156 12.05716405196563023594081
85336.19819019186252262443 446454.0014459660742431879 13.07548987113439054041919
85340.97591532900696620345 446462.2445469243684783578 11.46533229870550307794019
85345.25295406642544548959 446452.0396826863870956004 -1.062293660687146257259883
85343.55574848240939900279 446450.9125316328136250377 -1.062293660687146257259883
85344.14921840884198900312 446453.4911941954051144421 -1.062293660687179119861412
85343.12778369439183734357 446467.8151830071583390236 -1.062293660687179119861412
85335.04260453475581016392 446457.5027780907694250345 11.93291535999365393649896
85335.52721333003137260675 446457.9277798612019978464 11.50998120491137655108105
85346.24003190192161127925 446443.9068743728566914797 -1.062293660687178897816807
85346.60365005262428894639 446445.1675104086170904338 -1.062293660687179563950622
85340.60418789833784103394 446466.6617931670625694096 6.582864923374532217792421
85333.36838479997823014855 446455.2622983428882434964 8.205238031687660082980074
85333.7363468418043339625 446454.3749885075376369059 7.261704200884784299319108
85333.92178516021522227675 446453.9278194382786750793 8.518136989232287348272621
85340.55363125615986064076 446438.0213658525608479977 9.81203900269518136667557
85340.51625731769308913499 446440.0023466012789867818 9.867875210485497206036598
85339.83081267068337183446 446439.7056986286770552397 9.774058738491456566066518
85342.04032166926481295377 446439.8118616994470357895 11.41898316074074948289763
85338.26316282956395298243 446443.4589485576143488288 2.124866704844176723554483
85337.34267813927726820111 446445.6786207685363478959 3.018191408743015280435884
85334.03150995187752414495 446453.6632272365386597812 -0.4158142279525784967830759
85334.33615731239842716604 446453.2889852485968731344 -1.061939554548504638376016
85335.11360729672014713287 446457.4868353119236417115 13.17661826888036635807566
85342.27583931364642921835 446458.2539226641529239714 14.84546404947677622487845
85344.96571703637891914696 446457.3231108526815660298 15.35473135737211158868831
85344.77035376460116822273 446459.0556910324958153069 15.47053744318189494322269
85351.26050679621403105557 446429.6146219137008301914 -1.062293660687178231682992
85348.81358370390080381185 446454.4504203553660772741 14.26729396906079649909316
85347.2293617758114123717 446452.0954607269959524274 15.375456798702444416449
85348.52254451153567060828 446452.4739257582114078104 15.68507921302012952935456
85349.02854039512749295682 446452.8580253593972884119 15.48336083952494846016634
85362.74019257802865467966 446426.7962193131097592413 -1.060837760000253426895256
85364.56613053131150081754 446485.9399462764267809689 -1.032305031311836263085979
85366.43156713861390016973 446486.7835976075148209929 -0.9738213804100052106704766
85364.41536614342476241291 446468.3310954056796617806 -1.062293660687178453727597
85364.08913664806459564716 446469.8763662776327691972 -1.062293660687179119861412
85366.28689431457314640284 446468.3938737510470673442 -1.062293660687179341906017
85351.94598055898677557707 446449.2778997996938414872 -1.062293660687179119861412
85350.17994275153614580631 446451.1873445885139517486 -1.062293660687178675772202
85339.70024521906452719122 446460.4896970923873595893 13.98842086171835319419188
85337.92911948593973647803 446464.5209915741579607129 9.470999999999998308908289
85339.87582760512304957956 446466.0789015808259136975 8.338719165166157409885273
85339.1975427614088403061 446465.5360843320959247649 5.741779604217305710278652
85365.60216698034491855651 446486.453447387320920825 5.364605919335581951656877
85351.87542777917406056076 446463.9384563728817738593 15.2362260087002638897502
85352.40161596452526282519 446461.6936289903824217618 16.37379058979082557812035
85353.82192513173504266888 446462.1723471949226222932 16.53744623502594635056084
85344.26985080775921232998 446467.9735417665797285736 9.873908143939344128625635
85386.90286173889762721956 446485.2202440623659640551 14.4635394214877983642964
85387.91679824484162963927 446485.9988429603981785476 13.92053015178545294361356
85343.31628690897196065634 446468.8322295835241675377 2.464463793744105402083733
85338.46948378966771997511 446464.953433884191326797 1.324850726035220915832724
85344.82665579278545919806 446457.2054620572016574442 -1.062293660687146257259883
85346.70463334617670625448 446455.2757482741144485772 -1.062293660687179341906017
85344.65582432983501348644 446455.2428986520390026271 -1.062293660687180230084437
85357.0040202874515671283 446468.9066686092992313206 -1.062293660687179563950622
85365.44389845863042864949 446483.6091898411978036165 7.695620351118686919278389
85351.25695909904607106 446474.6550762050319463015 -1.062293660687203100678744
85397.47949889948358759284 446471.7958360342890955508 -1.062293660687179563950622
85396.2400193153735017404 446474.0619730374892242253 -1.062293660687146257259883
85398.12970505915291141719 446473.4864003386464901268 -1.062293660687146257259883
85364.46602994448039680719 446475.0711826806073077023 -1.062293660687176899415363
85365.95590367949625942856 446476.9247538104536943138 -1.062293660687259944097605
85368.02923079631000291556 446475.7599515326437540352 -1.062293660687178897816807
85384.40945728181395679712 446483.9427932834951207042 -1.062293660687179785995227
85386.00740316751762293279 446484.2857063698465935886 -1.062293660687179563950622
85386.34888919114018790424 446482.687454908387735486 -1.062293660687146257259883
85354.11444076485349796712 446477.05429265764541924 2.581343341976909844248667
85425.45184244214033242315 446471.3883757471921853721 -1.062293660687179563950622
85428.1727070124470628798 446471.8551407953491434455 -1.062293660687182228485881
85353.63193782481539528817 446472.0191902043297886848 13.29910870654182630801188
85365.58241971216921228915 446486.4278533055912703276 8.550248425917562400400129
85365.77465445992129389197 446486.1249146229238249362 8.334864947870642026828136
85362.76208337121352087706 446470.3464233045233413577 16.52605006925903907699649
85349.49710403694189153612 446459.3931069218087941408 16.54940064469968774574227
85351.70359088529949076474 446460.7639004718512296677 17.16452002762778406008692
85349.7833661475742701441 446460.3951010519522242248 16.67594884205918148722958
85350.85484535555588081479 446461.5445867177913896739 15.63419334886913958371224
85355.26210849260678514838 446477.5272145075723528862 2.151138183654502267216913
85362.74205262913892511278 446473.3739162041456438601 -1.062293660687259944097605
85364.21018245555751491338 446471.4510521712945774198 -1.062293660687212648596756
85404.82114057958824560046 446500.929544577025808394 12.16129637899204851692048
85406.46139654956641606987 446501.4310255155432969332 12.16010690218562650954937
85404.55394302368222270161 446502.5469214329496026039 12.13219299304971698916233
85372.30001204257132485509 446456.5576547057717107236 19.6381700812757493679328
85372.38191888178698718548 446456.593456755974330008 18.65255906354975223848669
85372.26628212205832824111 446459.7038907373207621276 18.69512315453752648863883
85423.9456670746294548735 446507.3245207796571776271 -1.062293660687179563950622
85354.91740776013466529548 446472.2346774180768989027 -1.062293660687259944097605
85423.83429991673619952053 446510.6080838005873374641 1.649145082516272564632231
85421.0350357292772969231 446509.4469486065790988505 1.81920895278111638404539
85422.1424855628574732691 446509.9063189593725837767 4.228146657716195910836632
85424.54598524718312546611 446465.2739601701032370329 -1.062293660687178675772202
85426.39621636846277397126 446465.1850339123047888279 -1.062293660687176011236943
85394.00301983907411340624 446484.6603025646763853729 -1.062293660687146257259883
85395.83895890248822979629 446485.0653513410361483693 -1.062293660687179341906017
85428.99035692986217327416 446508.050338770670350641 7.496081071157195907517234
85429.82101388063165359199 446508.3928289878531359136 5.133573392413346425655618
85428.57372866063087712973 446507.8569947026553563774 8.775470605889784891928684
85369.98603109765099361539 446486.1633174509042873979 7.060108218910871258344741
85419.89228279815870337188 446472.7228194584022276103 17.62641243884124975238592
85419.17232783968211151659 446473.5500839377054944634 16.03834108275121650422079
85417.88001106692536268383 446472.5178707786253653467 16.71698867546707134579265
85370.06529034076083917171 446460.7713487313594669104 -1.062293660687259944097605
85367.6515601515129674226 446462.1430227725068107247 -1.062293660687259944097605
85369.86472225541365332901 446463.2279632090940140188 -1.062293660687146257259883
85362.42342287843348458409 446471.8363624262274242938 18.99859769530484499000522
85367.16833792167017236352 446472.3736277258722111583 16.82063350847377591890108
85368.17771475783956702799 446472.7607428724877536297 16.77089939964193021637584
85368.32269776468456257135 446473.3925200994126498699 17.63750812271941725839497
85361.31806550879264250398 446480.0227054289425723255 5.13656630495484733955891
85379.11145217144803609699 446487.6951121941092424095 12.17742211027988119553811
85365.97900683159241452813 446482.7131884312839247286 9.870679102526029424780063
85420.78091674101597163826 446509.3415400132071226835 3.732722897854340082801627
85386.86836932528240140527 446495.2746103898389264941 1.337681202645808697937468
85385.35508370533352717757 446494.6468992935842834413 2.440100050477668425230604
85386.80980016982357483357 446495.2503158956533297896 4.093701525098611959663231
85394.17539706095703877509 446491.7230494636460207403 12.16603917924390820815006
85392.62241000201902352273 446493.2351682352600619197 12.16908892139433362444834
85362.09191286090936046094 446462.0014161784783937037 16.45213307050462248071199
85362.93830380508734378964 446459.9049289659014903009 15.24203300732634325242998
85364.11745062925911042839 446462.7755273366346955299 16.34890582930325564348095
85354.0624628478690283373 446472.6114836530759930611 12.92646216008071036185356
85365.15926608392328489572 446477.4956365175312384963 10.09719506268433164564158
85365.12302174806245602667 446479.8089196934015490115 9.87036137327861951007435
85360.67156512585643213242 446479.7563006588607095182 6.479458421143402979680559
85365.55441600216727238148 446476.7317185954889282584 13.95493829793865359079064
85379.48699934421165380627 446476.3740390471066348255 15.10150259314813681044143
85381.13244683788798283786 446474.3479545035515911877 15.12991881453467613027897
85382.42883785741287283599 446474.9486149526783265173 15.09796369271064975237095
85364.58396712070680223405 446485.6560323970625177026 7.050007215395864612617061
85406.72977525112219154835 446487.4104434470064006746 -1.062293660687178897816807
85405.83659976099443156272 446485.2486037692870013416 -1.062293660687179119861412
85404.6323201345803681761 446487.8697214900166727602 -1.062293660687259944097605
85368.23170524359738919884 446471.8025207397295162082 -1.062293660687179563950622
85366.79499598330585286021 446473.1318478366010822356 -1.062293660687180008039832
85365.39077583675680216402 446486.3671176327625289559 1.636854546652647179882933
85364.71816442465933505446 446481.2806713946047239006 9.869792639261429911812229
85355.57412812036636751145 446475.3553013221826404333 9.871984999301771424029539
85362.06515894111362285912 446480.3305617879959754646 6.622335696919267711280099
85356.4986503077088855207 446474.4669446607585996389 11.36031915833100391921562
85356.10724529811704996973 446474.0913580168853513896 12.04362718204149729217534
85345.03727157721004914492 446461.4690296253538690507 -1.062293660687179119861412
85347.11054330672777723521 446462.0895979710039682686 -1.062293660687178453727597
85372.57224118101294152439 446482.8891663991380482912 9.869050057735712755402346
85371.26596699700166936964 446481.7797881854930892587 9.869275017032462571364704
85373.41286844400747213513 446480.9333841453772038221 11.57132333537384027977168
85371.99844578000192996114 446480.3423972578602842987 12.37284191660554633074298
85372.99867366884427610785 446479.3063863022834993899 14.71368331113004757071394
85399.75210418192727956921 446449.5239058937877416611 15.11822474161501084211068
85401.47814773774007335305 446449.5647065287339501083 15.09176226745720761357461
85401.37021679733879864216 446450.6968593193450942636 15.11449615660830225749578
85372.55717191251460462809 446452.7381917700986377895 -1.062293660687178675772202
85374.64167393298703245819 446452.1516634031431749463 -1.062293660687179119861412
85372.18878503539599478245 446450.9456048987922258675 -1.062293660687146257259883
85369.62218410712375771254 446445.3676199187175370753 -1.062293660687146257259883
85371.18752294605656061321 446446.802029334066901356 -1.062293660687146257259883
85371.11994957452407106757 446443.6726703314343467355 -1.062293660687146257259883
85378.37897455836355220526 446464.4399322186945937574 16.14841574520980671536563
85376.95647825635387562215 446464.6936017816187813878 15.09788468175006137528271
85376.75082919748092535883 446463.6187274377443827689 16.56276755348302742731903
85361.72431951342150568962 446476.131853456434328109 -1.062293660687146257259883
85363.5789011148881400004 446476.8518944419920444489 -1.062293660687146257259883
85381.18125764634169172496 446482.3836382590816356242 15.12074205835026496913542
85383.38562715453736018389 446482.1886406046687625349 15.10958536674208829708732
85383.307416520532569848 446483.3070288178278133273 15.09382688096985170034259
85380.46593257811036892235 446477.9364664505701512098 15.13238591811797562058928
85382.61658299194823484868 446478.8100299634388647974 15.13121301616641289911058
85382.53655229545256588608 446478.9292560075409710407 14.87352027844550583779437
85379.95554256030300166458 446480.7723842054256238043 15.11091076097789631660362
85384.97691991568717639893 446485.1930682224920019507 -1.062293660687179785995227
85381.69608429798972792923 446486.1695349407964386046 12.17430338359848640550354
85379.94239137200929690152 446486.1505506650428287685 12.17592179468966406830077
85381.16283387764997314662 446483.8787137465551495552 12.90527054241275095591845
85404.05065816632122732699 446456.3347719156299717724 -1.062293660687179341906017
85401.87939748201461043209 446457.5520126332412473857 -1.062293660687146257259883
85404.62894682271871715784 446458.6789479950675740838 -1.062293660687146257259883
85387.50683275694609619677 446483.9524144591414369643 15.12258944516492142895459
85385.13181518584315199405 446482.9744942737743258476 15.12587230656034442688451
85387.53850897190568502992 446483.7318339605699293315 14.9220654926973974596649
85360.35297246102709323168 446479.6250175106106325984 3.366454007160417649657802
85374.68011334937182255089 446470.6402991389040835202 16.7085627240484626554462
85374.37078197821392677724 446471.7085921611287631094 14.97366583735974643332156
85373.52213793048576917499 446470.5430635145166888833 16.20115390246602515844643
85376.98348472178622614592 446481.6406588421668857336 13.67637841826879530060523
85376.9193785417010076344 446480.6666043841396458447 15.09783566401844190352222
85379.02567469612404238433 446481.4862915203557349741 15.12540385235614159853412
85372.51470429400797002017 446477.4376105080009438097 16.33818606202470391508541
85373.55453455355018377304 446474.7468950501061044633 16.34940184247155769980964
85374.24578241283597890288 446476.3855408502859063447 15.61395149332759402227566
85355.43600358713592868298 446444.6223479703767225146 16.50572986596436209083549
85353.84532632658374495804 446446.0724546231795102358 16.28669653713133769201704
85352.45804668190248776227 446444.4754699203185737133 15.83232147870481121287867
85372.07592363697767723352 446460.0575326425023376942 18.97920940818580248787839
85370.76845689621404744685 446460.4472832815954461694 17.60905121670890594032244
85370.90949679785990156233 446458.8005460292915813625 19.99702814584064469727309
85366.71563745963794644922 446466.4513413776876404881 18.12507670583717356294073
85365.1826985412189969793 446466.2533310740254819393 17.46835600564526913558439
85370.74967848644882906228 446462.0053340524900704622 15.29205029103894553088594
85371.6296171252615749836 446461.4141780052450485528 16.70309914891792146818261
85373.075482782325707376 446462.9344399906112812459 15.3346431265069629290565
85370.77806979880551807582 446469.3357163873151876032 16.31047011425714998722469
85369.93530544715758878738 446468.627903786429669708 16.851616763042301272435
85371.75312086152553092688 446468.9614053668919950724 17.48182483971078937656785
85373.15198254010465461761 446466.214724674413446337 15.86756474343981437868933
85373.64176256494829431176 446467.4289339254610240459 17.39960830220980980698187
85372.00395579588075634092 446466.3884258911712095141 16.85512796500996657300675
85365.01759155470062978566 446473.4567321446957066655 18.56664819743427941034497
85366.0890355025912867859 446473.6212962749996222556 18.98735813564291419197616
85361.94302414728736039251 446451.7683771777083165944 16.12952846913342597190422
85363.74815450755704659969 446454.313218551455065608 15.85205638149297691086304
85362.22371904134342912585 446454.6392135201022028923 17.31213261529759606105472
85363.48320503374270629138 446451.383237524249125272 15.87683397688016029292157
85367.86346403909556102008 446466.0823265061480924487 19.00071052866351095644859
85368.27444616190041415393 446466.5203647142043337226 18.99223029117612071559051
85367.25986447159084491432 446466.099215302208904177 18.9945945357839960365709
85379.64412200405786279589 446492.2779915453866124153 4.335635124433866671722626
85381.12725305392814334482 446492.8931945216027088463 3.633197829559442926239399
85379.74037193375988863409 446492.3179160302970558405 1.778945694472343630465616
85368.62244474716135300696 446487.7055632986593991518 2.588304196502325460471639
85369.2705257872148649767 446487.9744765933137387037 3.61490270680267755665227
85358.84767500089947134256 446470.4696048389305360615 19.16562929621226984977511
85358.96075646158715244383 446470.7436848306679166853 19.12293081589773890982542
85356.88524180137028452009 446470.026617834810167551 19.3663997591409184906297
85373.28475263723521493375 446489.6401242028805427253 3.673276478651181786716506
85350.77895555729628540576 446470.9313500797725282609 -1.062293660687179341906017
85352.90787512967654038221 446472.5998210140387527645 -1.063103525795753512284136
85355.43180898870923556387 446473.696040928945876658 11.37892905533084153546497
85367.9565436930424766615 446477.2888433684129267931 -1.062293660687179341906017
85415.31386133149499073625 446494.9365562176099047065 -1.062293660687146257259883
85412.73730432224692776799 446496.6486903217155486345 -1.062293660687180008039832
85414.79470799883711151779 446497.2162614889093674719 -1.062293660687177565549177
85374.29289555347349960357 446488.3099695508717559278 -1.062293660687179341906017
85369.84040818041830789298 446481.5527778469840995967 -1.062293660687179341906017
85372.44085940418881364167 446487.2788272887119092047 -1.062293660687179119861412
85409.90575172659009695053 446492.1360170177067629993 -1.062293660659634042531252
85410.18544270744314417243 446490.2182972621521912515 -1.062293660687167351497351
85407.95848916500108316541 446490.8727616221294738352 -1.062293660687181340307461
85395.46263964766694698483 446472.2459672571858391166 -1.062293660687146257259883
85397.64073664907482452691 446469.9917356752557680011 -1.062293660687178675772202
85381.11023175569425802678 446482.4537905104225501418 -1.062293660687179785995227
85382.12456174136605113745 446483.6014387225732207298 -1.062293660687181784396671
85382.61183898001036141068 446482.1486932155676186085 -1.062293660687179785995227
85377.02793482794368173927 446491.1927967225201427937 2.491446729414029448435031
85369.44561774081375915557 446485.2405058469157665968 -1.062293660687179341906017
85378.48501787225541193038 446487.1673131557763554156 -1.062293660687146257259883
85388.21161826989555265754 446485.365285315434448421 15.06062243123789023968584
85384.35757320206903386861 446494.2331317911157384515 0.8784495156437731600007623
85376.60337566476664505899 446491.0166895195725373924 5.101202155944996263770008
85379.6328113620838848874 446482.0498217996791936457 -1.062293660687178897816807
85378.89598457919782958925 446483.4833459801157005131 -1.062293660687179563950622
85380.89060348778730258346 446489.061223528697155416 12.17717917721397391517257
85382.83383546884579118341 446493.464732168591581285 -1.060600352419592828923101
85381.7000843580171931535 446490.6830622094566933811 -1.061150029018563145655207
85381.22209818421106319875 446492.5003280099481344223 -1.062293660687179119861412
85384.23882702132686972618 446491.9968569431221112609 -1.062293660687146257259883
85375.09770537618896923959 446486.8155941308941692114 12.18065391786583440136837
85428.26860569644486531615 446492.0981635265634395182 17.98283889127165835475353
85429.00873119708558078855 446494.8666593124507926404 17.97246768369181779689825
85426.47017873598088044673 446493.7793399921501986682 17.95648856202089049816095
85427.18655139347538352013 446495.3847720220219343901 17.97936166521556700104156
85403.21655426036159042269 446473.7151409011567011476 14.36695078315544016334115
85402.27197948408138472587 446470.9712897026329301298 15.09721732920403347577576
85404.347653573626303114 446471.8269222279195673764 15.09614688796814796489798
85371.72364773349545430392 446478.1858989818138070405 15.61032432179935192095854
85370.25345614684920292348 446478.4476200569188222289 14.29720647691540413859457
85404.98374825016071554273 446495.8385027323965914547 15.77243220017158975565508
85408.04626015914254821837 446496.7897214261465705931 16.30855121001549079551296
85406.8576836799766169861 446497.4116161787533201277 14.63562583135752070973012
85362.8980880153103498742 446466.6334247032646089792 -1.062293660687179563950622
85360.73258909718424547464 446463.944568558013997972 -1.062293660687195329117571
85359.66319026712153572589 446466.2695529370685108006 -1.062293660687179563950622
85348.29047375226218719035 446468.0391058960231021047 11.85717038251274679794278
85375.92533683932560961694 446483.6899069565697573125 12.17856850485563136032852
85375.50921686952642630786 446484.0754301540437154472 12.06228131860848762357818
85373.27633153789793141186 446484.0905809712130576372 9.868191599958477056020456
85434.58501708848052658141 446500.422741072834469378 17.4288667829614780657721
85434.45357007300481200218 446500.4275254863314330578 17.99498831954105781960607
85435.22754601466294843704 446498.5959632378071546555 17.98267158542116206376704
85433.48051029568887315691 446499.3021851398516446352 17.99281555423373646362961
85388.62684702433762140572 446486.847797466441988945 13.08117734037701218596794
85434.85144263607799075544 446493.5632344600162468851 -1.062293660687179563950622
85432.16473040395067073405 446493.6615468405070714653 -1.062293660687179341906017
85433.7429787488654255867 446494.6798861008137464523 -1.062293660687179563950622
85419.21878978365566581488 446454.6272984491661190987 -1.062293660687146257259883
85419.89825943532923702151 446451.7234774194657802582 -1.062293660687179119861412
85418.25727335442206822336 446452.0743396690231747925 -1.062293660687179341906017
85423.05667873307538684458 446510.2855264200479723513 11.74774925565901639856747
85422.96116651651391293854 446510.1106161066563799977 12.14801946232668505842867
85413.83701967119122855365 446504.6005054498673416674 -1.062293660687179563950622
85411.46040545302093960345 446505.4190655745333060622 -1.026792812828830392390955
85414.3594157007901230827 446506.6677669925848022103 -0.9658506328195941570413652
85413.30084145430009812117 446506.2388036911725066602 1.44525704431550927608896
85396.74099470720102544874 446494.5503958988119848073 12.62558210293363281095935
85394.06007983296876773238 446494.857322665280662477 12.167766722039072391226
85395.52387721855484414846 446493.4856103901984170079 13.35514583855781722832035
85419.73719037453702185303 446508.7721712261554785073 12.1503528953350645736009
85421.03394989787193480879 446509.446498203556984663 10.74583026153114850842485
85448.74513897139695473015 446465.2402832185616716743 -1.062293660687179563950622
85448.3280663547629956156 446467.0661208138335496187 -1.040734098096261828203524
85449.0599291175021789968 446465.4858451174222864211 -0.915085645554315374461396
85433.60279018047731369734 446502.793579513265285641 7.026071997357910881021326
85433.31179573913686908782 446503.4960126162623055279 5.131316633958437734008839
85433.1479300303035415709 446503.8914524345309473574 7.203406325767988782615703
85427.83913376100827008486 446505.4390104097547009587 -1.062293660687179563950622
85429.17933073658787179738 446505.1958597084158100188 -1.062293660687179563950622
85428.21395997934450861067 446503.2158848716644570231 -1.062293660687179119861412
85403.81113979067595209926 446502.3024740545079112053 8.793861586215568237889784
85405.19508317235158756375 446502.8765339714009314775 6.900444005955985282696474
85403.15070974481932353228 446502.0285275750211440027 6.808650212171228233160036
85421.9941668155079241842 446509.8447963213548064232 0.4927567907771766009261682
85416.64029490681423339993 446497.8963733208365738392 17.75476420961577161961031
85413.6993636081024305895 446496.2429013727232813835 17.45404176455700451242592
85415.85164167014590930194 446494.7007954456494189799 17.98198636833086894171174
85414.42138244427042081952 446498.171063311630859971 18.47626903324855263122117
85424.96642478578723967075 446508.0201000597444362938 12.14724284266675446986028
85408.47638574325537774712 446501.2113306214450858533 12.15840741964245808048872
85408.52202632813714444637 446503.130166037124581635 12.15912494994134007697539
85425.78988660799222998321 446499.6876765206689015031 -1.062293660687146257259883
85425.19019448258040938526 446496.7560291470144875348 -1.062293660687146257259883
85423.23224736694828607142 446499.0189100676798261702 -1.062293660687177121459968
85421.907070334636955522 446506.0373783346149139106 -1.062293660687179341906017
85420.67337469129415694624 446505.2422717835288494825 -1.062293660687179341906017
85419.55164772929856553674 446506.1888065112289041281 -1.062293660687181784396671
85375.65465469288756139576 446490.6231599217862822115 8.294019513566565748874382
85416.93035725814115721732 446497.0621809290605597198 -1.062293660687180008039832
85390.57365495472913607955 446496.8115634103305637836 6.806558999083401673146909
85392.27206197292252909392 446497.5160628896555863321 6.794238363392777202420802
85392.25914451791322790086 446497.5107047274359501898 4.955526275173807171370299
85425.28108127001905813813 446511.2033380090142600238 -0.9297140012702490574625358
85431.46864784393983427435 446507.0654159210971556604 -1.062293660687180008039832
85431.69069455524731893092 446507.4027682991581968963 -0.938393327665382748214995
85432.31239275645930320024 446505.8733907899586483836 -0.9750722628648804679585282
85431.69509145649499259889 446507.3974344094749540091 0.178325039516683686580123
85423.1112511525716399774 446510.3081630675005726516 0.7034990167313133202497966
85427.59546603105263784528 446507.1036496877786703408 12.81622831972204323847109
85425.4369226680719293654 446505.8996307995985262096 13.47486705259011863233809
85431.03541212798154447228 446508.8548436160199344158 4.091625965372721829282909
85431.2181652234576176852 446508.5483501454582437873 5.241528513415619983106808
85426.2690382292348658666 446509.1040275802952237427 1.681017520832238876238307
85425.75188005830568727106 446510.3628906632657162845 3.244532970730845011786414
85426.20163164510449860245 446509.2681082524359226227 2.900685502038481189401864
85428.41904601023998111486 446506.7995964731089770794 10.28011281084750727643495
85430.06651856779353693128 446506.1913746368372812867 10.3027298336146397872426
85422.96763767900120001286 446510.2485921776969917119 9.341517863629432483207893
85421.0973647507926216349 446509.4728026938391849399 8.585644928347932136603049
85432.43294569582212716341 446505.6141168386093340814 8.823388470775473280127699
85433.42850237760285381228 446503.2142504395451396704 9.471000000000000085265128
85433.00720963557250797749 446504.231038109224755317 8.347478997367693054343363
85432.69430077604192774743 446504.9861480307299643755 7.003694059588758236145623
85420.16615567929693497717 446448.7533252008142881095 -1.062293660687179341906017
85418.17376816269825212657 446449.8172323693288490176 -1.062293660687180230084437
85419.59100525239773560315 446450.073770020273514092 -1.062293660687179119861412
85430.16370513524452690035 446508.5341248647309839725 0.5985934658275392505899504
85430.98432159663934726268 446508.862219844595529139 0.6230032988930253035064766
85431.05087793130951467901 446508.8355135543970391154 -0.9722802496941518324291565
85443.2006778423092328012 446478.0755306182545609772 14.93014558430798288668484
85443.21014947180810850114 446478.0295378745067864656 13.33558402557135558197388
85442.77875660097924992442 446479.1684594606631435454 13.29465004149680140699274
85425.39744058616633992642 446511.1747460020706057549 1.131035127037547827200115
85425.59970605286071076989 446510.7333116455702111125 0.7157527366848266403565049
85426.62866234160901512951 446497.227448861813172698 17.00943580803971144632669
85425.54763257484592031687 446494.9151476636761799455 17.90255306428381842920317
85420.39760221916367299855 446509.1825410934397950768 6.587962784629763923760493
85431.18055056131561286747 446508.6391216391348280013 1.702327886792257327641664
85431.57578146251034922898 446507.6853526241611689329 3.44462984610386158124129
85421.830519937037024647 446503.9342318830895237625 14.17659468055816773812694
85420.59633701432903762907 446503.0318127692444249988 14.76179173423751045390873
85422.26785080140689387918 446503.3164880899712443352 15.37597864752517118347441
85436.45579594504670239985 446449.4964301188010722399 10.35954740401023954632365
85435.83012042827613186091 446449.2369263666914775968 8.494819439369541314022172
85434.75455608642369043082 446500.0135522909695282578 0.7853617962679450004159776
85434.25777893626946024597 446501.2032865959918126464 -0.9462220441002635595850734
85433.77515696201589889824 446502.3774185247020795941 0.5302197578420275725363808
85423.5407880896091228351 446500.611855546769220382 17.71951397470889943974726
85426.35251235432224348187 446502.0503664162242785096 17.91630499406081611368791
85424.7349546259647468105 446502.559167028812225908 18.52855965782673663966307
85425.78681827480613719672 446498.9767581531777977943 17.94680972963432452615962
85422.42565020640904549509 446502.7530945247272029519 16.31949032955740364059238
85423.58722488193598110229 446503.5562040365766733885 15.83825063141424571711013
85435.0955555599502986297 446499.1905371680622920394 11.48301597934072226792068
85435.80533830338390544057 446497.4775295379804447293 9.237132733067607404109367
85428.14295606667292304337 446506.9015246853232383728 11.7539545014429851477189
85424.57976058292842935771 446497.7748026401968672872 17.99205289048540379326369
85430.04253924205841030926 446506.2002274395781569183 12.05884992619566631333328
85430.60965311965264845639 446501.9371853935299441218 -1.062293660687178231682992
85430.42572357945027761161 446504.6465373274986632168 -1.062293660687179563950622
85432.60160145755799021572 446503.4333317892742343247 -1.062293660687179563950622
85447.99961944745155051351 446468.0140525983297266066 16.08968549304686490586391
85431.89782047146582044661 446505.5087515627383254468 11.21674599507691993949265
85431.94172439133399166167 446505.4561456404044292867 13.07087560125971137381384
85432.32092306062986608595 446504.3311327607952989638 12.58919267500936456372074
85431.53306965608499012887 446505.6499462581705302 13.04238825954268321538621
85423.56143892204272560775 446505.0494937010225839913 13.58177191414918816292356
85423.78969207202317193151 446507.0232164233457297087 12.1478136803464735749003
85436.76325424980313982815 446495.166190489602740854 9.471000000000000085265128
85436.2300427902810042724 446496.452906157064717263 10.87455149271494647678082
85436.92280692292843014002 446494.7809214356238953769 11.67008456462722598701021
85446.90110586192167829722 446469.3601439298363402486 16.02762721791684086269925
85446.00562452586018480361 446471.1003920587245374918 16.19601590350553976804804
85446.68738153795129619539 446469.7730099452892318368 17.38915747096889319323054
85421.28115761809749528766 446453.5870450589573010802 16.27264405287392889931652
85421.56110117517528124154 446450.9813571225386112928 15.09585687095256467671334
85423.24500223009090404958 446451.5351969723706133664 15.37128706640913655689928
85421.91111111240752507001 446451.5893673318787477911 14.56028031722951787685361
85430.10861682127870153636 446499.7477788066025823355 -1.062293660687178897816807
85428.60084807069506496191 446501.0571729228249751031 -1.062293660687146257259883
85434.86477976629976183176 446489.602225444046780467 17.99681271415399308466476
85437.31903059995966032147 446487.7495556446374394 17.9649572721478776315962
85437.76504105779167730361 446490.7798521528020501137 17.99906390755158724914509
85418.57906433531024958938 446506.3679527962813153863 12.15200287094146780475512
85431.43788050586590543389 446496.6868735142052173615 -1.062293660687179341906017
85432.10406023854739032686 446499.6697715934133157134 -1.062293660687179119861412
85439.77832929046417120844 446453.1887871545040979981 12.14789998316774344289115
85438.05608881816442590207 446456.8019899355131201446 15.48112462779273634794208
85431.88827459706226363778 446505.5153257677447982132 16.71034342629940638857988
85432.1807033080403925851 446504.7487873095087707043 16.70111542600617227094517
85445.25128394771309103817 446473.1367201086250133812 16.47612349625917715911783
85445.72140220784058328718 446471.7182543275412172079 15.15542876867502819493438
85450.2303487741737626493 446462.661072174902074039 3.526661067707595798026432
85449.47932233074971009046 446464.4736587642692029476 5.083380733775924475992269
85427.66914383138646371663 446504.4465121724060736597 17.04540791106484931560772
85428.98706635193957481533 446504.3818647009320557117 18.45321867122794401439023
85429.54207978247723076493 446505.1259070128435268998 17.19290568480357350722443
85431.85196290840394794941 446501.4459884011303074658 17.99925731137975759565961
85429.77305597139638848603 446500.5331552585121244192 18.00117777743563607373289
85427.42305914241296704859 446496.8323545906459912658 -1.062293660687180008039832
85428.30828610995376948267 446498.8836671895696781576 -1.062293660687180452129041
85428.36255451726901810616 446497.6435856241150759161 -1.062293660687179341906017
85442.32150889943295624107 446481.7388194592203944921 8.83080616985108335370569
85442.19707555923378095031 446480.6754647765774279833 10.62034190618489226665133
85443.08327164144429843873 446479.9029184415703639388 8.831168045186448267713786
85430.51497058157110586762 446496.2429829757893458009 17.9811282861537726773804
85428.89887284665019251406 446496.2597003828268498182 17.95391451767633128611124
85418.18165121489437296987 446458.2516872496344149113 14.27246410899163464591766
85414.75975672595086507499 446458.7206211913144215941 14.61725787711257673606724
85416.54244980697694700211 446457.2386514187091961503 14.78148650775614925123591
85439.07876659597968682647 446463.1578310966724529862 -1.062293660687179341906017
85432.01873474090825766325 446470.5915230110404081643 -1.062293660687259944097605
85432.02969952768762595952 446467.8979846225120127201 -1.062293660687146257259883
85432.33534048714500386268 446505.8523890055948868394 3.038657707014962294778115
85428.70780278087477199733 446506.6929918608511798084 13.06741077321824739954081
85433.41599248224520124495 446503.236845139239449054 16.66673621532719806737077
85439.61471347187762148678 446487.3595711333910003304 13.40084113807957955089023
85439.47938577491731848568 446487.7132037646370008588 15.62563584044260700522955
85439.61715775092307012528 446487.2979216896928846836 15.29087113115203777624629
85439.27034348869347013533 446489.1144136092043481767 7.846469293468517847145449
85439.66524700504669453949 446488.1611629799590446055 6.157192275761405930722958
85439.06388451439852360636 446489.6127812839113175869 6.35722457867924006791327
85432.68079978715104516596 446492.9144412729656323791 17.98807682420361331310232
85434.97214835761405993253 446493.411940249556209892 17.989910946777115441364
85433.65465932332153897732 446494.3365427619428373873 17.98317018666805111593021
85433.57622203446226194501 446502.8577254340634681284 11.73562178928881216677382
85433.42518030144856311381 446503.221226317051332444 13.99854390778568102859936
85434.31413621308456640691 446501.0765223077614791691 12.98506485954217382072784
85437.19241421004699077457 446494.1299880368751473725 6.34178772961492498438929
85437.88891234603943303227 446492.4489607648574747145 3.560319802234653607797554
85438.79271274196798913181 446464.8693931711604818702 -1.062293660687146257259883
85440.35200382983020972461 446486.5034127999097108841 3.627176890667107578281048
85440.71167111338581889868 446485.6352182912523858249 4.380425152560000867651979
85441.11496771853126119822 446484.6617077330593019724 3.797214860218655729795501
85442.27730513300048187375 446468.4799617783864960074 18.01057849810400313117498
85444.33968176566122565418 446469.3987040011561475694 18.0125968147219666093406
85440.09338643477531149983 446452.8733014406752772629 -1.062293660687179563950622
85448.762685943249380216 446459.2165707471431232989 3.662817211724525012783715
85448.13998483450268395245 446456.2469241312355734408 1.975525148009935838544493
85449.07430731176282279193 446459.3459206415573135018 1.525251732721313757679127
85432.73517390295455697924 446453.319138880935497582 -1.062293660687179341906017
85430.64984502070001326501 446454.8603814475354738533 -1.062293660687179785995227
85432.83083373594854492694 446456.2629909514216706157 -1.06229366068718489302114
85444.40704248665133491158 446475.6682678983779624104 15.64160384379262502818619
85444.40500131998851429671 446475.6713011726969853044 12.53561204747482626942201
85447.46627785437158308923 446464.1784238448017276824 17.6469074756907353673796
85446.97056356260145548731 446463.5988950204337015748 17.99023750771580054674814
85448.69868249238061252981 446464.3502765867742709816 17.98486914664458424795157
85446.56002973498834762722 446466.0970291628036648035 17.92728006508306748401083
85449.08221251748909708112 446462.8514490294619463384 17.93185450166329175658575
85443.14916846629057545215 446462.5705314455553889275 17.4537787914384452392369
85443.53906414221273735166 446464.8066233660792931914 17.90332877257885613175858
85441.88640164870594162494 446464.1113351034582592547 17.90392051585783761424864
85436.3643310336337890476 446465.6325207512127235532 -1.062293660687146257259883
85434.70200004798243753612 446467.5602284881169907749 -1.062293660687191332314683
85436.86746928992215543985 446467.7469922283198684454 -1.062293660687179341906017
85438.53741950608673505485 446464.0266224503866396844 17.95132629729025808273946
85438.21236672856321092695 446466.5450686753611080348 17.77678571408454999414062
85429.45014142961008474231 446508.2397804756183177233 -0.9200416235856125890535395
85426.17806169464893173426 446509.3254820737638510764 -0.5414879361510712696414771
85428.24732252067769877613 446507.7439764199079945683 0.6966620809554973092758701
85446.44849834289925638586 446470.2408583873766474426 14.98215764386479875724945
85446.16053723255754448473 446470.8013196087558753788 12.57163539032298693598477
85448.54184135160176083446 446465.0075686690397560596 16.08205516123925349347701
85443.80506023578345775604 446465.8932727186474949121 -1.062293660687178897816807
85442.50078981982369441539 446468.067000000097323209 -1.062293660687192886626917
85407.82315298634057398885 446483.3170752496225759387 -1.062293660687178675772202
85408.11655559561040718108 446485.7712074787123128772 -1.062293660484101565089077
85427.40038600304978899658 446466.8061286421725526452 -1.062293660687179119861412
85427.50730877502064686269 446465.6183380988659337163 -1.062293660687179785995227
85446.28943053221155423671 446467.5129531256970949471 17.78973875491831790895958
85369.76089677243726328015 446427.7487880862317979336 9.856018370750049939488235
85369.87095628089446108788 446427.4124495181604288518 9.722002968087712915234988
85446.17183632463274989277 446469.9729799430351704359 17.97517300487155367250125
85434.88126005510275717825 446448.8433791995630599558 2.406273187589554218845933
85434.83205399286816827953 446448.82311843684874475 -0.9203624699170142031690034
85436.68165258847875520587 446469.8352269392926245928 17.59277760733398210390988
85435.33933067094767466187 446470.9138837833888828754 18.41402041290544033813603
85434.83766753711097408086 446470.336688121547922492 18.34198334444287326050471
85447.835248531264369376 446456.6594726322800852358 12.14023468825237728196953
85446.63707245889236219227 446454.7716241147718392313 12.1416881858828844542586
85443.69689461900270543993 446452.4997317108791321516 1.733303090391204781539614
85443.80361728176649194211 446452.5439957594498991966 0.4846132174599801500924912
85444.94310606791987083852 446453.0166075328015722334 0.2592715892276242772851447
85448.23675468191504478455 446467.4634186708717606962 17.86157979385270166972077
85441.61943659013195428997 446483.4439792264020070434 2.164290043391392082128277
85440.82045605822349898517 446485.372624232666566968 1.95038921262681053114818
85442.55726835942186880857 446479.7282169373356737196 17.78496129735457387255337
85443.20493228777195326984 446478.049731001490727067 16.94910024869485098975019
85443.16588435009180102497 446474.1894479005131870508 18.45081528744799470587168
85381.59953364817192777991 446481.4511614319635555148 15.11032056531588629866292
85427.89486645840224809945 446481.9343739426112733781 17.47338369723967588242886
85429.17989695466530974954 446480.8535502345184795558 15.01275460277795836816495
85430.34463955397950485349 446482.0053396861767396331 16.03427990524905055735871
85415.46339831320801749825 446471.8757477461476810277 16.0934730510303900530289
85414.79831938799179624766 446472.4297867349814623594 14.99223892323756679445523
85413.46353944111615419388 446471.8208638931391760707 15.0699268971277842155132
85414.00697218370623886585 446470.7992669452796690166 15.07698977126569062079398
85416.23869055119575932622 446507.4574239258072338998 2.997287316419318337068489
85432.86435854954470414668 446478.8182897500228136778 16.65148051618087876590835
85434.47603015159256756306 446479.5523066045716404915 16.55128936071945489061363
85432.34139150935516227037 446479.6332688803086057305 15.08959377783088839919401
85446.44960399842238985002 446470.1863422394962981343 17.94534590960538622539389
85432.87392163474578410387 446469.88619812490651384 18.39684169957042314536011
85434.144293580437079072 446470.3964775141212157905 18.42297884974270161251297
85433.8411317600985057652 446472.8448091936879791319 17.66886996718515590032439
85431.99067774009017739445 446473.3698274721973575652 18.38794054513066100753349
85440.72423087267088703811 446476.4710461354698054492 18.16001688285935955491368
85439.73945708572864532471 446475.0844639094430021942 17.5955577984225755017178
85438.72154776933894027025 446476.2532587512396275997 18.44683408129564483601825
85433.55820400819357018918 446469.2509983310592360795 -1.062293660687146257259883
85442.72166581713827326894 446452.0952480344567447901 0.03674946715892200843622817
85443.29530287529632914811 446477.0650945341330952942 11.08731914370916982193194
85445.18299024435691535473 446473.3428429223131388426 11.10847634632607672244831
85445.62716128476313315332 446472.0024344304692931473 11.59265249109615858458255
85449.25564378927811048925 446463.2005942024989053607 17.99283250329678196521854
85444.71607043835683725774 446474.6783523723133839667 18.46528608175993468876186
85439.10971774304925929755 446468.2312508306349627674 17.99322277746299292289223
85438.14887981925858184695 446466.7895340461400337517 18.00592082786704395402921
85438.56560171859746333212 446469.9428784170304425061 17.19999130217845006995958
85416.20779536972986534238 446507.4446085953386500478 7.308265175670434210530857
85416.78861620344105176628 446507.6855331667466089129 9.471000000000000085265128
85418.13493737943645101041 446508.2439873873954638839 9.071376202979960723382646
85444.69788594423152972013 446476.0145358883310109377 6.302588193413003914145065
85392.28047882264945656061 446463.377760698611382395 -1.062293660687179563950622
85390.65171578730223700404 446461.6011378797702491283 -1.062293660687146257259883
85390.42061933543300256133 446464.0002735774032771587 -1.062293660687179785995227
85429.5640817773382877931 446484.6550160649931058288 -1.062293660687146257259883
85432.52436611332814209163 446482.7144994638510979712 -1.062293660687146257259883
85431.21427929688070435077 446481.8572720247902907431 -1.062293660687179119861412
85435.15992718259803950787 446455.6139990895171649754 15.49468533641065981498741
85435.89381326605507638305 446455.0747887866455130279 14.22339312836665925487978
85447.5241917449893662706 446469.1832781097618862987 8.848295204107735401066748
85446.52322016005928162485 446467.334640557412058115 17.97383270829651991107312
85390.86559142156329471618 446448.0943049066700041294 13.75383506237776209957246
85392.51572595688048750162 446449.7834222110686823726 15.12397855067149876617805
85390.34523284265014808625 446448.7975207713316194713 15.07822907164540282565213
85392.31204100728791672736 446446.7742229050491005182 15.12903934672158534624486
85440.21238901973993051797 446478.7404871942708268762 -1.062293660687179563950622
85441.80987861791800241917 446477.5030806798604317009 -1.062293660687179341906017
85440.82938483402540441602 446476.9664602401317097247 -1.062293660687180008039832
85448.00280784869391936809 446468.0109024011180736125 13.3990936813402097271819
85443.22428854940517339855 446476.5752820263733156025 17.64768609145761146805853
85443.23667741360259242356 446477.1951058367267251015 17.87085851209847220388838
85440.75122597043809946626 446477.107741640938911587 18.45985897932647645802717
85446.87141205242369323969 446465.0236192572629079223 -1.062293660687179341906017
85445.51044658217870164663 446466.0656508265528827906 -1.062293660687178675772202
85439.11392626060114707798 446461.4228857544949278235 -1.062293660687179563950622
85441.26130103848117869347 446461.7221788771566934884 -1.062293660687177565549177
85395.88369719832553528249 446437.2131762561039067805 12.11747494898320809397774
85397.29001993931888137013 446437.9631204773904755712 12.17959432915914597117535
85395.75410364201525226235 446438.2012365508708171546 12.18178304714690618482109
85444.8106940344296162948 446463.5662763123400509357 -1.062293660687179563950622
85446.9665904798312112689 446469.2327203924651257694 14.08748406818632226134014
85397.53985776331683155149 446480.4467479537124745548 15.64961325312197182313412
85399.70081354281865060329 446477.9136673593893647194 16.60344940366509902673897
85398.74669367512979079038 446480.0827430508797988296 14.5892660325308352042839
85432.4267346561246085912 446447.8253458360559307039 5.519264012486290837955494
85432.06664284379803575575 446447.6759949762490577996 6.672919782825703194362177
85396.04261106555350124836 446480.0891158793237991631 15.79174561302790991135225
85395.57432600235915742815 446478.4963348509045317769 14.25143728943340626358349
85396.75481473514810204506 446476.5078417187323793769 16.31001014857271513847081
85393.96004438943054992706 446479.0801269003422930837 15.77562656768970228426952
85428.90219527609588112682 446463.110501076967921108 -1.062293660687179341906017
85428.67792241484858095646 446465.3904289936763234437 -1.062293660687179563950622
85431.30495192240050528198 446465.3037583051482215524 -1.062293660687179563950622
85408.15230803863960318267 446454.9620620693895034492 -1.062293660687179563950622
85409.00208260702493134886 446452.2567882543662562966 -1.062293660687163798783672
85407.11711407288385089487 446453.1507877008407376707 -1.062293660687179785995227
85432.91953151946654543281 446475.7654954296885989606 17.898593509517723987301
85431.64796253868553321809 446477.0723258971702307463 18.03029404051150308418983
85430.7326246551820077002 446475.5616015394916757941 17.94904628142764835274647
85423.58215034891327377409 446445.9567959209089167416 12.15844283878700160528297
85424.03644117833755444735 446447.7441924239392392337 12.16008727654818066810094
85421.26347267883829772472 446445.8166449423879384995 12.16103509090174128459694
85412.45518456629361025989 446491.8748065631370991468 -1.062293660687179119861412
85422.35700098567758686841 446509.9952999881352297962 6.908913829828320807280306
85434.21090559153526555747 446501.32567331608152017 10.46264433706251928413167
85421.00284108299820218235 446503.8120091276941820979 -1.062293660687179563950622
85416.40458823925291653723 446502.639539397438056767 -1.062293660687178897816807
85414.969787245849147439 446503.4222904150956310332 -1.062293660687179563950622
85416.39440509221458341926 446505.2875975678325630724 -1.062293660687179341906017
85431.95707026049785781652 446506.7652286150259897113 6.731870374721207639368004
85427.77580806519836187363 446507.5495651312521658838 3.437309730527164486346692
85426.32402038160944357514 446508.9701903797104023397 4.090358582019383071326502
85434.40332120287348516285 446490.1126148420153185725 -1.062293660687179119861412
85434.43229601661732885987 446492.0466860145097598433 -1.062293660687180008039832
85435.88822555853403173387 446491.057621736777946353 -1.062293660687179341906017
85407.11761201804620213807 446478.7543812695075757802 -1.062293660687178231682992
85406.93271698654280044138 446481.0114356804406270385 -1.062293660687146257259883
85409.18906474999675992876 446480.8181080907233990729 -1.062293660687146257259883
85422.15280033965245820582 446483.5370809742016717792 -1.062293660687146257259883
85425.3818618022050941363 446483.5907772272475995123 -1.062293660687179119861412
85424.23913112815353088081 446481.4492183137335814536 -1.062293660687179341906017
85437.83802116737933829427 446492.4630817773868329823 -1.017003191809035644865844
85437.6245417942845961079 446491.8036910318769514561 -1.062293660687177343504572
85436.21961650262528564781 446492.786250967881642282 -1.062293660687179119861412
85388.72320348097127862275 446481.8825546817970462143 -1.062293660687146257259883
85419.05540460633346810937 446475.1631373691488988698 -1.062293660687146257259883
85421.05317459939396940172 446476.0238997775013558567 -1.062293660687178453727597
85419.71114046336151659489 446473.2089413841022178531 -1.062293660687146257259883
85448.97304556220478843898 446465.6955471400287933648 2.856200656889568367802212
85449.58428983211342711002 446464.2203218985232524574 3.414220143890933201191729
85449.73070367520267609507 446463.8669551550992764533 1.18531346733352749289736
85418.70901981300266925246 446508.4821168645867146552 7.693742464959592020079526
85419.4884939134499290958 446508.8054428354371339083 9.441245766293919317035943
85430.05129240310634486377 446506.2422501943656243384 -1.062293660687179563950622
85402.78754560605739243329 446464.6060784783330745995 -1.062293660687179341906017
85401.32032375178823713213 446466.0244881843100301921 -1.062293660687146257259883
85403.23986409703502431512 446466.5420244855340570211 -1.062293660687179341906017
85430.9063881858455715701 446447.1947703972109593451 9.470999999999998308908289
85419.0414853130787378177 446498.3505232904572039843 -1.062293660687180674173646
85378.81636637708288617432 446438.8824552068836055696 18.99464374735519811565609
85377.39589593763230368495 446438.5597753881593234837 18.59154460936187902575512
85377.50677844339224975556 446438.3043634095229208469 19.03356294724302344434363
85449.43725695315515622497 446464.5751826718333177269 0.04370320180606545451551526
85449.02804696653038263321 446465.5628024029429070652 0.1566670426680984440359623
85419.3069409386080224067 446468.7480031269951723516 -1.062293660687146257259883
85419.33814449733472429216 446466.7648523778771050274 -1.062293660687179119861412
85417.41058447434625122696 446467.2321562550496309996 -1.062293660687146257259883
85437.43209232640219852328 446470.7578360793413594365 -1.062293660687179341906017
85436.20959611155558377504 446472.9462277393322438002 -1.062293660687179341906017
85438.36906181060476228595 446472.4383516155066899955 -1.062293660687179341906017
85446.79817236179951578379 446456.4392954332870431244 -1.062293660687179341906017
85446.64663901887251995504 446458.8523101257742382586 -1.062293660687179341906017
85448.01089851227879989892 446456.4793994177016429603 -1.003216330439210990377319
85394.42065687380090821534 446453.2038896734011359513 -1.062293660687179341906017
85391.46479172770341392606 446454.1496805924107320607 -1.062293660687146257259883
85393.60166413175466004759 446455.7361591876833699644 -1.062293660687179785995227
85397.02216216828674077988 446476.2113335275207646191 -1.062293660687180452129041
85437.88289562746649608016 446492.463482365885283798 1.057609468173517752731527
85438.27943434266489930451 446491.5063517101807519794 0.2709698196350154852929393
85437.88008542366151232272 446492.4702649098471738398 -0.505904870351676083650716
85434.49859831502544693649 446500.6313160501304082572 2.841072538516961287768936
85433.40778689533181022853 446503.2643672915291972458 2.224883803328084219685934
85433.84924196788051631302 446502.1985621464555151761 3.78844397905906804524534
85438.44908066323841921985 446491.0887473413022235036 -0.9441600609523187470628613
85444.1754347855894593522 446470.1581501415348611772 -1.062293660687179563950622
85440.89011566550470888615 446470.005666914745233953 -1.062293660687179563950622
85441.86802493744471576065 446482.8439162016147747636 4.159765729988011528917013
85441.50544770025589969009 446483.7191349960048682988 6.384850380608746434063505
85386.4758900070155505091 446437.7824350472656078637 -1.062293660687181340307461
85387.82523526424483861774 446435.1289849081658758223 -1.062293660687180452129041
85384.93704367199097760022 446435.1940860516624525189 -1.062293660687180008039832
85441.39124579151393845677 446451.5434460550313815475 11.71457581779920786857474
85441.34414695424493402243 446451.5509846151107922196 12.07842613331793124586966
85441.11017820324923377484 446451.7401833833428099751 12.14462387865526693531137
85427.67457834076776634902 446445.8543523073894903064 4.034348547652355065906704
85427.71166508323221933097 446445.8697343201492913067 1.64316545095697663647627
85449.77485836288542486727 446463.7311406689113937318 -0.9705256404202475817299955
85450.49273892324708867818 446462.0277990464819595218 -0.3902790900935166340524063
85433.74892293376615270972 446448.3737336345366202295 8.449430877716695320600593
85431.99901436033542267978 446447.6479455404914915562 7.8884579543050898919887
85387.41373031483090016991 446445.7784782156231813133 -1.062293660687146257259883
85384.30179530398163478822 446446.5346146079828031361 -1.062293660687146257259883
85387.37639892857987433672 446448.1548508289270102978 -1.062293660687180674173646
85430.1773268092074431479 446456.6232687778538092971 17.97383479236615499985419
85430.27259614276408683509 446455.237970690184738487 17.96938490983438541093165
85433.4826124298560898751 446455.1725870809750631452 15.87459746035425567356469
85400.75887599796988070011 446452.5357888857834041119 -1.062293660687179785995227
85399.3275411680806428194 446452.0321610817918553948 -1.062293660687179563950622
85419.49425193044589832425 446503.4019420866388827562 13.5197065395484141703264
85419.13295462452515494078 446502.5511462932336144149 14.5709912042458569203518
85425.03764007547579240054 446462.4228040602174587548 17.93265776474914119376081
85426.71218677179422229528 446462.0592158783110789955 17.98081079939464999029042
85427.93091114459093660116 446463.3798748867702670395 17.98926407828624363105519
85429.22462294370052404702 446446.4972452761139720678 7.791319017357328569062247
85380.13124276806775014848 446437.13571505481377244 15.92255447619604424858153
85379.48346075143490452319 446437.9813820380950346589 17.61812708683093831041333
85377.90059284681046847254 446436.0328022426692768931 15.65155307184297406308815
85421.61772521221428178251 446473.1781231568893417716 18.0441842566340646669687
85422.70112467245780862868 446472.0648139174445532262 17.85912960838817653552724
85422.70625730641768313944 446473.6207445503096096218 18.04546649868898811064355
85433.31903009297093376517 446465.8231304298969916999 17.98300008501769653435076
85431.19591101536934729666 446467.7006410021567717195 17.64188595985269714105925
85432.3745836245798273012 446464.5136589195462875068 17.99944300225164894868612
85446.61217658620444126427 446471.3949337342637591064 3.630857728741915035897136
85445.9909528274874901399 446472.8940825839526951313 1.923594953206985369575932
85445.96341211341496091336 446472.9605443526525050402 3.616832385535054594782878
85429.48675391198776196688 446453.8402343130437657237 -1.062293660687179785995227
85427.99724434470408596098 446454.2583758585969917476 -1.062293660687179563950622
85421.59888497889915015548 446448.5635253579239360988 13.31170320136931550791815
85420.4078255972417537123 446448.5871613769559189677 14.09024166759840568374784
85378.95589944806124549359 446461.2304052404942922294 16.5939242666008368587427
85380.27105384111928287894 446463.016031255479902029 15.47945435376252731884961
85374.70945594615477602929 446433.8193245253642089665 14.29671154080155304200161
85375.58872813661582767963 446433.7704473964986391366 13.66771685157570637159097
85376.33230277748953085393 446434.3937495474820025265 14.1470226617720591377747
85365.75671320181572809815 446433.8314191228710114956 18.10032423950467972417755
85366.61932828709541354328 446433.4360153662855736911 17.27070370226246609490772
85367.05827596620656549931 446434.133372947690077126 18.35666382415221420387752
85380.62692234905262012035 446433.1566089533735066652 9.853845614677284814320046
85382.34549288591369986534 446435.5913767791353166103 11.09366725226928096503798
85380.93180365971056744456 446435.1970536140142939985 12.46794729574968663143864
85367.6306817810982465744 446434.5533314202330075204 18.54453722899376089117141
85367.13707960410101804882 446435.4481800185167230666 16.87037965711618880959577
85366.10684238807880319655 446434.2276886895997449756 18.08154358419027118998201
85354.61398070624272804707 446437.7679332731640897691 -1.062293660687146257259883
85356.80433519018697552383 446436.5503889026585966349 -1.062293660687146257259883
85354.69155548061826266348 446435.2213549876469187438 -1.062293660687178009638387
85349.1440752310591051355 446427.6245916182524524629 9.861894787858842548189386
85351.23666275234427303076 446427.5484883770113810897 9.861034577606293538565296
85350.54476581618655472994 446429.0193242469104006886 11.3872254611168060023374
85362.64005546153930481523 446426.7327944290591403842 9.837962951547492451709331
85364.45453161113255191594 446426.8467639856971800327 9.072522937519000407746717
85358.25864311170880682766 446448.2193205541116185486 16.18132692126955163303137
85357.53842926859215367585 446447.2729749107966199517 17.15906524894705142969542
85359.63471779596875421703 446447.7643606502679176629 17.70155008249682992982343
85392.73601123328262474388 446432.7187384757562540472 -1.062293660687180008039832
85391.0452725439245114103 446432.5026448766584508121 -1.062293660687179563950622
85391.14532903660438023508 446434.022483157692477107 -1.062293660687179785995227
85349.8060624200152233243 446425.3966330692637711763 9.84306540684564623688857
85344.6899766351270955056 446427.9612220225972123444 4.226930790391704384489913
85345.3517750084720319137 446426.3653503322857432067 6.037818225809012062654801
85344.68777344586851540953 446427.9665348301059566438 7.843201002798748433519904
85345.28698043157055508345 446426.5215970610734075308 3.188364860791698784936443
85343.50036714431189466268 446430.9904802951496094465 -1.034259035369469614806803
85348.75023387269175145775 446425.2088428547722287476 0.9287782529848944701456048
85359.74531546235084533691 446426.3556038734968751669 1.79360249314835895617648
85360.6569150415452895686 446426.4506815546192228794 0.8450361812827550389570774
85387.68973371796892024577 446429.8704649101127870381 8.097060340191825744682319
85387.20231524224800523371 446431.0575752003351226449 6.812291755326727482611204
85387.92040170087420847267 446429.4157263771630823612 6.431836363839226855532161
85362.42865944001823663712 446472.0999945742660202086 18.99889038470058721941314
85351.37184205690573435277 446434.5876617696485482156 -1.062293660687179785995227
85344.75318361843528691679 446433.3904435982694849372 12.31764167611879479125037
85341.63494338536111172289 446440.822115760762244463 13.0497590129015783588784
85342.66399272598209790885 446438.3870041578775271773 13.05386035190828586394218
85344.31349182903068140149 446439.1547331738984212279 13.5373239894167003427583
85361.62525019751046784222 446448.2197112608700990677 18.20414379440667573817336
85363.57527878522523678839 446448.4439392353524453938 19.07417865463195738584545
85363.32848255924182012677 446449.2410418590879999101 17.8142853388927306923506
85347.2629208081925753504 446425.0537196179502643645 2.346440663398444481657634
85356.00326621701242402196 446430.3005363077390938997 14.08776624387674658578362
85354.64683325975784100592 446429.5312938990537077188 13.06139274336594802150557
85356.27373731299303472042 446429.2560645086923614144 12.25144228214963071366128
85368.55233302830311004072 446429.630943852593190968 9.856439087660850972838489
85368.0905507502902764827 446427.3005479905987158418 9.835949078844526738407694
85367.8306412235542666167 446427.1988842375576496124 2.440977526999273283792036
85365.20563117385609075427 446455.5453408691682852805 16.81103249178969605281964
85338.31221828600973822176 446461.0001543199177831411 -1.062293660687179563950622
85345.28581961241434328258 446430.7908921491471119225 -1.062293660687179563950622
85377.26573514756455551833 446433.4939751620986498892 12.18771325311993969364721
85375.32844415357976686209 446433.12028000399004668 12.84268504155939183419832
85366.7455683397565735504 446465.6171163955004885793 19.00038563010762260319098
85358.9450425965478643775 446432.6599065530463121831 -1.062293660687176233281548
85359.3149533292162232101 446432.3046847233781591058 16.63179266546484669220263
85361.28314938885159790516 446430.8881983296014368534 14.03644147842427791772479
85361.4652154866635100916 446432.0608451643493026495 15.97258048930525831110572
85357.94226061025983653963 446430.9074493494117632508 14.72660812410444997055947
85342.39832438353914767504 446433.4873506740550510585 5.20374443083923576836014
85343.09398389140551444143 446431.8098256763769313693 2.517509761859818340212769
85345.95194164876011200249 446446.306236684147734195 -1.062293660687179341906017
85338.93592479023209307343 446441.8366390890441834927 6.470342845220155680863172
85339.82795126813289243728 446439.6855914883781224489 8.547114569153212215724125
85338.86274089723883662373 446442.0131159553420729935 8.108320476088126227409703
85350.04862625342502724379 446432.9239765910315327346 -1.062293660687178897816807
85351.02686714814626611769 446431.4056351623730733991 -1.062293660687179341906017
85351.26811903923226054758 446440.6141710397787392139 -1.062293660687179785995227
85352.87758799422590527683 446441.4454076585243456066 -1.062293660687178897816807
85353.07582102241576649249 446439.6448387762065976858 -1.062293660687179341906017
85341.37534990777203347534 446441.4206024830345995724 13.02004517615160494869997
85341.37306690950936172158 446441.3944887175457552075 12.38399364187349505073144
85349.87746069706918206066 446434.398282195907086134 14.33207541528736328473315
85343.7580245572462445125 446430.2085468842415139079 4.224543923856970195629401
85340.03541197061713319272 446444.5769950243993662298 13.0131508965682201051095
85340.9059439499833388254 446442.8776621690485626459 13.04044087870715173949066
85359.10794203924888279289 446430.0199355906806886196 12.98964727445780376058337
85376.88973720552166923881 446436.8763667958555743098 17.57317180655542543377123
85338.87240556013421155512 446449.7861723706009797752 -1.062293660687175567147733
85347.09113175554375629872 446430.8687876735348254442 -1.062293660687179119861412
85346.05486747733084484935 446432.4260634026722982526 -1.062293660687179563950622
85340.44481613955576904118 446438.1980731976800598204 1.134452682256795741366773
85365.95007180608808994293 446472.4179055914282798767 17.65634578291226119972634
85366.14075307956954929978 446471.6512436743942089379 16.37342777802096449590863
85339.42083164420910179615 446462.8769001032342202961 -1.062293660687178897816807
85348.4606943005055654794 446434.3372071274206973612 -1.062293660687178897816807
85346.29458428559883031994 446454.7626469972892664373 15.3952667324406107240975
85346.9104465106938732788 446454.4308521139901131392 14.54542671891877425593975
85347.79779426493041682988 446455.6145379822119139135 15.77472474918746492278387
85336.40506322820147033781 446447.9396010811906307936 2.014170542943714004024969
85335.27647927778889425099 446450.6610873362515121698 0.6104340325263619693174633
85336.37839681917103007436 446448.0135969802504405379 -0.9469749297786942410226629
85351.0099838575697503984 446452.8778164637042209506 -1.062293660687179341906017
85349.50550730967370327562 446451.9952233855146914721 -1.062293660687179341906017
85349.12939780390297528356 446452.9781134890508837998 -1.062293660687178897816807
85340.77748856600373983383 446458.1210880716680549085 -1.062293660687179119861412
85337.35635501935030333698 446464.0626200877595692873 2.949691811143675401751807
85359.66242767851508688182 446446.3812898538890294731 -1.062293660687179563950622
85358.04478257484151981771 446446.201840445282869041 -1.062293660687179341906017
85358.00498075182258617133 446448.2537534246221184731 -1.062293660687185115065745
85343.03100021646241657436 446458.0156839770497754216 -1.062293660687179785995227
85337.42427499615587294102 446445.4818567401962354779 0.7065421125356825537977556
85341.1353234416019404307 446450.8603033397812396288 -1.062293660687179341906017
85342.39925192002556286752 446448.4977436367189511657 -1.062293660687181340307461
85341.66542436424060724676 446455.6028928292798809707 -1.062293660687178009638387
85346.89053937006974592805 446468.9147543360595591366 -1.062293660687179341906017
85345.76709021665737964213 446468.1809227545163594186 -1.062293660687179341906017
85346.28563753358321264386 446470.2939512460143305361 -1.062293660687179119861412
85368.77484964170434977859 446483.3037004536599852145 -1.062293660687259944097605
85348.19656513117661233991 446454.8329237615689635277 -1.062293660687179119861412
85366.64261382428230717778 446470.2323574867914430797 -1.062293660687179341906017
85408.15780264775094110519 446503.99356260517379269 12.15285237193103640152003
85406.86173032659280579537 446503.4172282583313062787 12.16041962137019538658933
85364.04562237470236141235 446477.0097034067730419338 12.59292990259923428197908
85366.33272992409183643758 446484.278028695029206574 9.791373424101212918913006
85369.59591958005330525339 446483.0946192595874890685 9.868140397696611998412664
85384.16381713232840411365 446489.1821968990843743086 13.79331996244617819513678
85371.61978035826177801937 446478.960612706548999995 14.37548086437555916461406
85402.71380981590482406318 446493.0451397415017709136 -1.062293660687179785995227
85401.4408237152238143608 446495.8116812515072524548 -1.062293660687179563950622
85403.43927536287810653448 446494.5404697589692659676 -1.062293660687178897816807
85395.33995241147931665182 446491.4289729692391119897 -1.062293660687178897816807
85394.12950039254792500287 446491.6160772747243754566 -1.062293660687179119861412
85394.2874654728511814028 446492.8306756218080408871 -1.06229366068716912785419
85362.10812258959049358964 446472.7312272281851619482 17.84585776322202477217616
85384.85720170977583620697 446471.234438146639149636 -1.062293660687179341906017
85382.7072680996498093009 446469.1263153903419151902 -1.062293660687146257259883
85382.7831770442717242986 446472.195384878315962851 -1.062293660687146257259883
85364.32171624047623481601 446478.6974722990416921675 -1.062293660687179341906017
85361.40117770730284973979 446464.8088143987115472555 17.28861949790029939322267
85360.47589761603740043938 446463.8396650975337252021 18.17218513192691276003643
85361.70373796361673157662 446463.6755634615547023714 19.07291036847047038804703
85361.22041718507534824312 446473.6561104693100787699 15.89448029621411784262364
85361.21806175375240854919 446479.9814966716221533716 7.503952794557625871618711
85368.42301434479304589331 446477.6705879152286797762 14.32795996578163588708321
85376.66513151380058843642 446483.8138561873929575086 -1.062293660687178897816807
85367.40012924186885356903 446487.198713217512704432 0.5558682343479698362287422
85368.55123611874296329916 446487.6760161499259993434 1.191930722026202982277709
85413.74028180338791571558 446493.054618870432022959 -1.062293660687179119861412
85412.99567496123199816793 446494.6322730276733636856 -1.062293660687146257259883
85364.49571449970244430006 446485.8975556998630054295 8.367520635818818774964711
85381.12222978196223266423 446482.8256639725877903402 14.47098898716286008436782
85382.34794735758623573929 446489.6148683154606260359 13.79002323020350573301585
85380.24024167786410544068 446492.4429271860281005502 12.15981373689974986973539
85402.64294328038522507995 446485.9683726044604554772 15.05519781832648540387254
85404.16669720697973389179 446486.6426855416502803564 15.08299470118406304663949
85402.33609807686298154294 446487.097967533627524972 15.07480872237591285056624
85411.23586831011925823987 446493.5455084081622771919 -1.062293660687180674173646
85372.99286779171961825341 446484.7630510470480658114 9.850031957077721500581902
85376.97343845445720944554 446491.1701916188467293978 10.03992199193428369596859
85379.69315837725298479199 446490.9580006130272522569 12.17842161465046935120426
85392.61183779248676728457 446483.1122465673834085464 -1.062293660687146257259883
85408.94189525306865107268 446464.2756692225229926407 14.61468548991983595897182
85410.29917754183406941593 446462.302764131803996861 15.09106037234908548327894
85410.99838209680456202477 446463.1515138162649236619 14.4383112858378481746513
85390.88258150313049554825 446481.0028249747701920569 -1.062293660687180674173646
85389.17380464010057039559 446479.4163447724422439933 -1.062293660687146257259883
85388.26942464258172549307 446472.6204805238521657884 15.78642556308457933766931
85386.36497493792558088899 446472.7718411225359886885 14.6820884818225128043423
85385.24607401098182890564 446471.2735398373333737254 15.80550037580230515743551
85390.68956071867432910949 446495.141236764146015048 -1.062293660687179119861412
85389.68427560404234100133 446494.5552209828747436404 -1.062293660687179563950622
85388.97365310206077992916 446495.4766483089770190418 -1.062293660687180230084437
85397.21394732700719032437 446491.9593090488924644887 15.09718987877235285566258
85396.00300104715279303491 446491.4943957988871261477 15.10429489070377506720888
85386.24232299195136874914 446490.5613688469748012722 -1.062293660687177565549177
85383.65062176990613806993 446490.0175638461951166391 -1.062293660687179563950622
85396.07772960180591326207 446497.2208077473333105445 12.16714061384256062581244
85370.42911184670811053365 446475.3572249371791258454 19.03019603485124022768105
85371.71271564533526543528 446474.6257279383135028183 17.36432108059938528299426
85371.69481367811386007816 446475.5781511824461631477 17.22375440467997975702019
85382.83163978437369223684 446488.2312693984131328762 13.33313280416166435315972
85377.4004045879264594987 446484.4098485512076877058 12.17751607531110558113596
85378.11196842709614429623 446486.1502214630017988384 12.17761956559762204221897
85375.11022791136929299682 446485.0072826379328034818 12.09158717263144033893241
85381.46476648694078903645 446488.0367980477749370039 -1.06229366068718489302114
85420.89795789566414896399 446499.5066283933119848371 17.69156522123280339542362
85421.24935707474651280791 446500.9707100936211645603 18.52490230211116895020496
85386.83163490377773996443 446487.7354282099986448884 -1.062293660687179119861412
85377.97783588181482627988 446491.5868158184457570314 5.580220911271311479140422
85377.97308034716115798801 446491.5848432219936512411 4.017013520430997353116709
85404.84259960940107703209 446493.6499681137502193451 -1.062293660687179341906017
85405.76766918535577133298 446491.6395428786636330187 -1.062293660687179341906017
85403.63887939148116856813 446491.03471450658980757 -1.062293660687179785995227
85394.6121363131096586585 446498.4867260679602622986 10.49895734563177818188251
85393.52159440483956132084 446498.0343691249727271497 10.44781592255826829784837
85393.18607379011518787593 446497.827705730393063277 12.14243380634939128981387
85383.81636184948729351163 446481.2015748109552077949 -1.062293660687179563950622
85382.07033868964936118573 446493.284386581159196794 2.208722900764493513037223
85369.4596514033037237823 446469.2705989577225409448 15.5867935836058908449786
85392.43217913867556490004 446497.5824795134249143302 10.52193784479974958401272
85386.88165459073206875473 446471.1826752107590436935 14.74343136433626888504023
85384.8234107027092250064 446479.8174799163825809956 15.11219551402591321220825
85379.25319984988891519606 446482.742478850472252816 13.42926587637292001886635
85378.91760321336914785206 446484.8051816055667586625 12.17628215137909641896385
85393.59177766021457500756 446487.1684229133534245193 15.11393648416701118719629
85394.45490481381420977414 446486.6998390677035786211 15.06558094048009088794515
85395.08356114558409899473 446488.1107508308487012982 15.10951284421322426965162
85394.49623787062591873109 446488.0946663437644019723 14.86298761760097342232712
85388.75400469641317613423 446477.9322662832564674318 14.55827625705999039951166
85389.2909760130278300494 446480.3916441393666900694 15.02538491308406953805843
85387.15046612464357167482 446479.9198801115271635354 15.12515395416221508639865
85370.09549845929723232985 446455.6365620094002224505 16.42467698225336292239263
85366.66447086998960003257 446455.4164043369237333536 15.69292517342102755151245
85368.88656793066184036434 446453.2756250319653190672 15.19225908096472288377754
85390.04383988180779851973 446472.6361343023017980158 14.95564243002029769513683
85389.80457669569295831025 446473.1055152597837150097 15.78028864283872501061978
85389.72840794025978539139 446473.4773729774169623852 15.50597572459633788355404
85407.62687550729606300592 446468.2178894281387329102 15.10010400901111005111943
85407.370353770034853369 446465.2163172541768290102 15.06158176308719909286538
85409.52931650336540769786 446466.0206105107208713889 15.09940018504916636743474
85392.14172117155976593494 446479.1643996043712832034 -1.062293660687146257259883
85393.21138056823110673577 446481.1191551702213473618 -1.062293660687178453727597
85393.99289407969627063721 446479.3199991610599681735 -1.062293660687179563950622
85395.30638528030249290168 446483.0035822484060190618 15.10911446667768132101628
85396.92550094550824724138 446483.6018194596981629729 15.0691344878534323470376
85395.34202744968933984637 446484.1756693029892630875 15.09775614800861021080891
85395.6248227414907887578 446482.717253678769338876 14.55716694948687894850536
85386.80288608015689533204 446495.2474479302763938904 10.80196741821652928194908
85386.02957567649718839675 446494.9266786618391051888 9.649245044419670236379716
85384.44163530180230736732 446494.2677583098411560059 12.03560663347655612653853
85392.28190535165776964277 446497.5201459246454760432 8.632972751693126056693472
85390.39191798288084100932 446496.7361788879497908056 8.507150547011224972493437
85391.27477584636653773487 446497.1023884586757048965 9.664000850435002121230355
85384.73085507257201243192 446494.387969165516551584 9.419489421246872495885327
85383.40464828681433573365 446477.1344985711039043963 15.13113478374299170070572
85392.9981233474682085216 446487.951570662553422153 14.14385273303042822590214
85393.3482114460930461064 446487.4910116833634674549 15.05633184632661247803753
85383.60424272919772192836 446493.9206502008601091802 2.330094257645607402906762
85382.74605833135137800127 446493.5646751872263848782 3.62079799559705195477477
85384.19740219929371960461 446494.1666928357444703579 3.866339312120693705310259
85390.82308766023197676986 446487.4324294818798080087 13.56977252616152895825508
85389.77388639104901812971 446486.0015162454801611602 15.07092461193183829948339
85391.78659925782994832844 446486.8408118973602540791 15.06227989717217496945523
85391.23182693621492944658 446485.3938523398828692734 15.08615255152789735859642
85425.45446969180193264037 446444.9335451010847464204 10.67333914782250836594812
85425.41733928908070083708 446444.9592069144127890468 12.10596537544785178397433
85423.40908708087226841599 446444.1275375908589921892 12.10863060752535780295602
85397.04416469558782409877 446455.3667630248819477856 -1.062293660687181562352066
85397.36302108444215264171 446458.2170778567087836564 -1.062293660687178453727597
85399.60845563815382774919 446456.5327623864286579192 -1.062293660687179785995227
85389.47545504903246182948 446484.7359032237436622381 15.11652316173518073583182
85437.44802768720546737313 446449.9104436023044399917 12.02464170695564504853792
85438.59144201953313313425 446450.3822058200603350997 10.75892866983912909972787
85394.04146539012435823679 446483.3728270003339275718 15.11501462529255945810291
85414.59279402410902548581 446464.1491375175537541509 -1.062293660687295249189788
85417.91626798362995032221 446463.9776750898454338312 -1.062293660687182450530486
85415.69323290688043925911 446461.5475560570484958589 -1.062293660687178897816807
85407.04474448869586922228 446456.4512047494645230472 -1.062293660687179563950622
85406.00352017178374808282 446454.9149447256932035089 -1.06229366068718356075351
85413.48814526654314249754 446470.0312796903890557587 -1.062293660687146257259883
85410.8482586927420925349 446469.9948881056043319404 -1.062293660687165131051302
85412.6266412819386459887 446472.913540841022040695 -1.062293660687178453727597
85366.24642733654764015228 446465.6757554520736448467 19.00087803300977284948203
85428.6978502859128639102 446448.4522855046088807285 12.15539727298057925963803
85428.57506195874884724617 446451.3583574601798318326 13.17887356660356168447379
85385.62084243561548646539 446478.3244033080991357565 14.20590653741275843913172
85385.68876372302474919707 446475.761292491399217397 15.79845618695806308551255
85387.89726483385311439633 446476.6714732922264374793 15.80039328830295097816361
85385.09424340083205606788 446478.7281064636772498488 15.11047468695709561359308
85352.54164619844232220203 446473.9970816533314064145 -1.062293660687179341906017
85377.97888291487470269203 446479.9645725508453324437 15.11803241640310169202621
85415.51706741769157815725 446469.7778825847781263292 -1.062293660687178675772202
85376.75780971731001045555 446476.4348483511712402105 15.12549761592555519484904
85377.492072477558394894 446475.6468676253571175039 15.1388749155766344500762
85378.79042081205989234149 446477.25733977957861498 15.13095548985982041756415
85374.49619464643183164299 446486.3740630230749957263 11.55907730027864666055848
85372.50973007608263287693 446478.1546650969539768994 16.12982971349365612923066
85359.38823660451453179121 446464.3210969592328183353 16.76929867030197840449546
85357.52886477284482680261 446466.0605397650506347418 16.13472874536934398292942
85385.10675752755196299404 446482.7083018729463219643 14.89585429271717131882724
85381.81857503596984315664 446473.5868882707436569035 15.13265236906193145216548
85374.87017741148883942515 446469.0891822074772790074 16.94030719045315791504436
85376.3393602468422614038 446470.730461491213645786 15.74413713773419587482749
85390.44301252835430204868 446482.0851803897530771792 15.11982606469513434888086
85391.64602232622564770281 446484.3772858292795717716 13.62586160117808198322109
85389.65577591076726093888 446484.3164932071813382208 14.56565147925410563800597
85432.17329396112472750247 446457.1656237717834301293 17.98114113726688856331748
85431.79429905422148294747 446461.2550383791676722467 -1.062293660687181562352066
85430.3459702470718184486 446461.5715972447651438415 -1.062293660687179785995227
85430.80449518427485600114 446462.8939220575848594308 -1.062293660687179341906017
85438.19911925462656654418 446474.9323651193990372121 17.86117024340763137502108
85406.97466930934751871973 446458.3057484690798446536 -1.062293660687146257259883
85404.65766335971420630813 446461.2508454289054498076 -1.062293660687177787593782
85406.83016014560416806489 446460.6765730032930150628 -1.062293660687146257259883
85400.97735229227691888809 446488.972117053170222789 14.5519971627269448788411
85402.80339638337318319827 446489.8087945384904742241 14.6559722701901673502789
85426.99487287111696787179 446467.2815333847538568079 18.39945438209161565623617
85427.31219082893221639097 446465.8925002607284113765 17.49809149725092183302877
85428.35509074587025679648 446467.1310541097191162407 17.98938113489050749649323
85410.50721983134280890226 446500.163365342072211206 12.78019770405172650384884
85410.01671246429032180458 446502.3517460001166909933 12.1575874948402216091381
85393.42529194378585088998 446473.1343918191269040108 -1.062293660687146257259883
85435.0899270751397125423 446457.1298688003444112837 17.82564387288881135873453
85422.0202908267528982833 446443.5091928974143229425 5.364333899028510543871562
85418.88796090050891507417 446442.2100348721141926944 5.939084998909334167649376
85428.72112481690419372171 446446.2884155398933216929 6.548018604128473363346075
85427.52951632514304947108 446445.7941867161425761878 6.970775286045519436584073
85434.39779587612429168075 446462.5750416588271036744 17.70333820710858319102954
85434.5511465687450254336 446462.2813205831334926188 17.96933139420728764434898
85434.80690853585838340223 446465.3244199261534959078 17.96172186203566312201474
85435.43530413851840421557 446449.0733637455268763006 12.00728923044970741784709
85435.10845891843200661242 446449.8905148275662213564 12.14951531010568608337508
85438.65777146445179823786 446453.5905309264198876917 -1.062293660687180452129041
85435.95360447169514372945 446458.2811494737397879362 -1.062293660687179563950622
85424.64420014283678028733 446452.6736010926542803645 16.11359119822029128954455
85426.27015033253701403737 446453.1572555434540845454 16.90160769204904767093467
85424.04845810002007056028 446454.5131613113335333765 16.18629961676215245347521
85437.38804037231602706015 446458.2168217690195888281 18.00084485075015905408691
85436.83588602319650817662 446456.8901622502598911524 16.37517450485328041054345
85438.4770108693337533623 446457.7229338206816464663 16.60843000127646007513249
85431.39291650168888736516 446454.277391764335334301 15.82693771504428781327078
85427.92518587109225336462 446452.1092673448147252202 -1.062293660687179785995227
85426.49595352477626875043 446450.6539642680436372757 -1.062293660687179341906017
85426.44748418082599528134 446453.2345762003678828478 -1.062293660687180008039832
85423.64401602795987855643 446450.7576246600947342813 16.37396932980130870305402
85422.98614124904270283878 446449.6254262462025508285 14.04915572158840930683255
85425.42155883132363669574 446450.6380497746868059039 14.05852593016325258190591
85403.96664693205093499273 446465.3514040929148904979 -1.062293660687179341906017
85404.56907424774544779211 446463.3444201590609736741 -1.062293660687179785995227
85421.44662086416792590171 446471.6738847810192964971 17.94718923889318773490231
85420.82082380256906617433 446472.8375950594199821353 18.04240657354496946140898
85429.41996045195264741778 446446.5782630160683766007 11.74147418774949969133559
85426.58739794635039288551 446446.2010746189043857157 -1.062293660687179563950622
85426.69619947807223070413 446445.4485621188650839031 -0.8786742618613194721888249
85424.72473740579152945429 446444.6308830003836192191 1.155636334235569995243509
85405.93818915239535272121 446459.5285652613965794444 15.11117335321690369198677
85404.29462091265304479748 446458.7676041701924987137 15.08664114509567966138093
85405.48231064753781538457 446456.9571505830390378833 14.325546402742865836899
85414.1825755136669613421 446440.2584399472107179463 6.109550254083504050583997
85411.96288659637502860278 446439.3378068279125727713 7.234776381840872794271036
85412.0522016006289049983 446439.3748509156284853816 5.634860795063882044075854
85428.68193759658606722951 446468.1636111284606158733 18.33418401966989463858226
85427.30946598885930143297 446470.2083764031413011253 17.66112606846572674612617
85406.80624440201791003346 446442.1798283618409186602 -1.062293660687146257259883
85405.58633922315493691713 446445.2935263855033554137 -1.062293660687182450530486
85407.74670924992824438959 446444.5224706180160865188 -1.062293660687146257259883
85426.01218772807624191046 446445.1648629633709788322 5.410510642188670615837509
85425.60867258584767114371 446444.9975019422126933932 3.187466325464852978655017
85421.24044975424476433545 446462.9897009729756973684 16.48210824239205507524275
85422.44362982106395065784 446464.0173372385324910283 17.18150361900862677089208
85420.96096765437687281519 446464.5549293117364868522 16.63965959172791286846405
85429.96972614267724566162 446452.9878542193328030407 14.76830677305913930297265
85429.49837521871086210012 446453.9451418446260504425 16.50703253414084059613742
85429.19498066931555513293 446453.232176273362711072 15.62040452191208217413987
85425.99184025653812568635 446445.1564236925332807004 8.097620632787005945374403
85428.16270224341133143753 446446.0568054653122089803 9.985525258299592366029174
85428.42133922771608922631 446446.1640771517995744944 8.73395502109723942396613
85429.4706873842078493908 446446.5993024029303342104 9.32916573196842335846668
85435.08085790698532946408 446448.9261639499454759061 6.904545102539861645141173
85433.97113290640118066221 446448.4658969364827498794 5.584088828424545347672847
85435.39726847123529296368 446449.0573976748855784535 5.458295811404986430659392
85376.26815401621570345014 446460.44254947459558025 -1.062293660687180008039832
85378.22387753611837979406 446460.2371592811541631818 -1.062293660687146257259883
85377.03260837867856025696 446458.3077911153086461127 -1.062293660687179563950622
85447.87851208783104084432 446456.8751026612007990479 10.72564596201448416934454
85447.04129161001765169203 446458.5512780654826201499 13.02922549157432996480566
85445.356478238056297414 446457.6972044667927548289 12.28154366274787712143279
85424.09712143881188239902 446454.3758542396244592965 -1.062293660687146257259883
85425.66684185589838307351 446454.6177340298308990896 -1.062293660687179563950622
85420.10806384410534519702 446442.7160819899290800095 10.43397241952177090240639
85392.19522314162168186158 446450.7028615929884836078 15.13209874543401056712355
85409.72011073572502937168 446449.0356045354856178164 16.27213359574456319478486
85408.13240668848447967321 446448.2689693224965594709 16.2857631454074542887156
85409.72386562236351892352 446448.800622100941836834 16.19463260134694593261884
85422.81559472759545315057 446443.8390513318590819836 2.034420043275874334653963
85420.95754711530753411353 446443.0684117364580743015 3.290580496924366382671678
85419.92809488734928891063 446442.6414384752861224115 1.197236916590173283481136
85375.73359065492695663124 446452.4225523826899006963 17.58425181978050844122663
85376.87567471244256012142 446452.4669243135140277445 16.94232271908087739120674
85377.14831372522166930139 446454.0136751479003578424 19.02334404399633882576381
85373.01240344620600808412 446432.4740960898925550282 13.32044885596650907189087
85372.41409593184653203934 446433.4271209912258200347 15.14860063849304516736538
85422.01982458932616282254 446449.915482271637301892 15.06040713449420742620077
85418.21302933419065084308 446442.3212960863020271063 12.16039627467947425998318
85416.63230037879839073867 446445.4173548112739808857 12.16606670798495137830741
85416.11016754509182646871 446442.6119401463656686246 12.16325813828713364728173
85421.97217668416851665825 446454.2456768729025498033 16.15823564887884344898339
85411.08559166522172745317 446460.507933402550406754 -1.062293660687146257259883
85413.59202858668868429959 446462.1922981133684515953 -1.062293660687178897816807
85413.32300870392646174878 446460.0109269351814873517 -1.062293660687178675772202
85378.46014809074404183775 446439.6341441324329935014 17.62432796463420814347955
85395.06485085487656760961 446435.8030076561262831092 -1.062293660687146257259883
85393.5820253667188808322 446435.3752417597570456564 -1.062293660687179341906017
85392.61472996455268003047 446438.0955578114953823388 -1.062293660687146257259883
85421.79539206033223308623 446443.4159143973956815898 11.36550585866723750427809
85411.79983009889838285744 446448.8262544518802314997 13.73173398249072540977522
85409.7836747789551736787 446447.9975523994653485715 13.74288892298445574624566
85411.0496229599229991436 446445.6804015936213545501 13.73064663334853463538821
85393.85521408585191238672 446434.3188958370010368526 7.986950432602368366019618
85394.37930743847391568124 446432.4343752186396159232 7.854354239222200995129697
85395.38420947865233756602 446434.7056550056440755725 8.754825760525182687388224
85414.54552365685231052339 446466.0387185582076199353 -1.062293660687179119861412
85436.49657184045645408332 446449.5133422362850978971 6.34858880084768539830975
85398.37562661673291586339 446450.850543949578423053 -1.062293660687178897816807
85409.5595145784318447113 446487.0698776894132606685 -1.062293660687179119861412
85409.57848263162304647267 446485.0570947694359347224 -1.062293660687179563950622
85428.2220699590106960386 446452.6369893601513467729 15.32866565353601018273366
85427.16066961566684767604 446451.0529126282199285924 13.60000871626433927019661
85412.54047135892324149609 446457.9871255379403010011 -1.062293660687146257259883
85411.56919290382938925177 446439.3312068039085716009 -1.062250895000641071064251
85408.9165299864107510075 446440.3018911418621428311 -1.062293660687180008039832
85410.1751753428834490478 446441.3958881330909207463 -1.062293660687179563950622
85398.25081107160076498985 446436.7414471700903959572 12.17702776443668533090658
85396.47596770318341441453 446435.8083043359802104533 12.14413591092345079403003
85391.02979631206835620105 446445.3011472658254206181 15.13167974758903611132155
85390.79499646034673787653 446446.3006827989593148232 15.13330941625957848373218
85389.91204611242574173957 446445.5622121059568598866 15.13269212085525872169001
85389.99518191543756984174 446446.18568362423684448 14.90516985756510770499972
85427.3677566753322025761 446445.8645332162850536406 12.15230775266761398256676
85432.86275588120042812079 446449.2839637599536217749 12.15145019547522053926514
85417.68863205620436929166 446441.7126039725844748318 10.60612801235959956613897
85418.94118628442811314017 446442.2321105111623182893 11.2256546713662732628336
85429.40774240679456852376 446446.594761339423712343 -0.9882382616146863085759833
85428.77672575226461049169 446447.3438856664579361677 -1.062293660687178675772202
85392.78192733395553659648 446442.1337425322853960097 -1.062293660687146257259883
85390.77099777924013324082 446442.3779106188449077308 -1.062293660687146257259883
85392.32750327292887959629 446444.4748605294153094292 -1.062293660687146257259883
85445.67566915946372319013 446455.904451996146235615 12.14409346518313270735234
85443.16707912966376170516 446454.6204762265551835299 -1.062293660687180008039832
85442.38953963987296447158 446452.6208738004788756371 -1.062293660687179563950622
85444.2364813385356683284 446452.8643645314732566476 -1.061172081532088862232399
85433.63676037982804700732 446450.8788259923458099365 12.15245110774927184138505
85431.23034044064115732908 446452.6258314322330988944 13.43728116017423701578082
85434.7932150684209773317 446452.2519263189751654863 12.15265682448282902328174
85435.72110403439728543162 446454.1303526907577179372 12.90563736848801923429164
85426.24435358584742061794 446452.1300642419373616576 15.79726310900181474039528
85441.28373347796150483191 446469.1810912293149158359 17.97808533976067835169488
85439.69378135520673822612 446471.1338209280511364341 17.64186535623088403212932
85448.74113937602669466287 446466.2552478626603260636 0.9272575277306203123117712
85447.7404915517836343497 446468.6720628538751043379 -0.3129471695807349851392587
85450.17472409379843156785 446459.8026890435721725225 5.194365139017845578450761
85371.93144728863262571394 446437.3048109782976098359 17.06160068072795965576915
85373.81146651126618962735 446436.9561136439442634583 18.77771473599799634257579
85451.15361022799334023148 446460.3364101028419099748 -1.006993840529290862306766
85451.11844574697897769511 446460.1967826565960422158 1.444019310804570688233639
85448.87264369463082402945 446459.2627416634932160378 -0.9260268277516602308807592
85447.92651851556729525328 446468.223139088717289269 1.583510042480801960351755
85447.40777735476149246097 446469.4749750071205198765 0.9202388003450532316662702
85447.6345136764575727284 446468.8687322575715370476 -0.9927159780558528767713256
85447.00650755756942089647 446470.4433268231805413961 -0.7086490558118820892730128
85450.75520296726608648896 446461.394347574096173048 1.430754618726878035772643
85394.58338094963983166963 446454.8407857160200364888 15.12849876265113913120786
85395.62508314338629133999 446456.2553767726058140397 15.06308974085787610874831
85394.25829452474135905504 446455.6414156860555522144 15.10467404047667905331309
85396.15110991525580175221 446455.3938707192428410053 15.09994580853595813607626
85409.21669552740058861673 446456.8293029790511354804 -1.062293660687146257259883
85409.02381470141699537635 446459.5068708744365721941 -1.062293660687173568746289
85410.57732245397346559912 446458.2730479820747859776 -1.062293660687146257259883
85448.07273325795540586114 446456.4084935377468355 3.329607420823060159875695
85447.75710814229387324303 446454.2329280624981038272 -1.020825874765390217646654
85448.75738526722125243396 446454.6433938729460351169 -0.9244378560565031932583224
85446.00871290652139578015 446453.4687677533947862685 -0.9659945940579446332918678
85445.70375617619720287621 446454.6516774314222857356 -1.062293660687179119861412
85428.29478008879232220352 446450.1032732622697949409 -1.062293660687179785995227
85419.52607947919750586152 446442.4746994802844710648 8.177599524894095139870842
85444.38557128653337713331 446456.2813134351163171232 -1.062293660687179785995227
85437.67255188629496842623 446450.0010890414705500007 9.62583600161989672017171
85448.66463031753664836287 446454.986482909182086587 1.989712892864153870320365
85436.27735979907447472215 446449.4224223493947647512 0.7180034021867131022176522
85436.83321626724500674754 446449.6529681120300665498 2.683131213167424977683595
85448.07105641826638020575 446454.3139490951434709132 1.459054589374105592725073
85427.5299778398621128872 446448.6694445202592760324 -1.062293660687179341906017
85417.31559201274649240077 446453.8865499974926933646 -1.062293660687179563950622
85416.78441720042610540986 446455.8585346177569590509 -1.062293660687146257259883
85445.22656267328420653939 446461.013739196234382689 -1.062293660687179341906017
85443.19302701597916893661 446461.0830356845399364829 -1.062293660687179563950622
85448.72301247344876173884 446454.8462219551438465714 5.929689495355270345555709
85448.68997899179521482438 446454.5712052107555791736 5.930194367491002260805999
85448.70671727100852876902 446454.581287248816806823 3.875264015022817254418896
85425.23136925435392186046 446446.3394482690491713583 12.15694508901616011087299
85425.61638392058375757188 446447.8775539224734529853 12.15836722538288228179226
85431.67580796711263246834 446447.5138931930996477604 0.2869683302731986795919283
85374.03412036804365925491 446432.1343973525217734277 11.38981575881851071585515
85375.80383138899924233556 446432.8704796995734795928 11.71762696246013923939699
85374.09460581878374796361 446432.1773474565125070512 12.18560893159319036271881
85363.753928581383661367 446426.7736927499645389616 1.602343719751412320917439
85426.66283563648175913841 446447.2950894931564107537 -1.062293660687179119861412
85424.60294148829416371882 446447.772319612093269825 -1.062293660687182006441276
85448.24998217824031598866 446455.9826596119673922658 0.2566599218371002355532084
85417.51655892895360011607 446478.7233512757229618728 -1.062293660687179341906017
85419.52337838750099763274 446479.6045177154010161757 -1.062293660687259944097605
85419.38270286498300265521 446477.4172845245921052992 -1.062293660687146257259883
85414.08720043579523917288 446458.5015898972633294761 -1.062293660687179563950622
85428.0872799359931377694 446462.5847515608766116202 17.96108562092146598843101
85429.98481885252112988383 446463.3902354924939572811 17.9811783849032700288717
85366.38815584391704760492 446437.8033900360460393131 15.72406945950980095005889
85367.67097325416398234665 446438.4978189350804314017 15.9377044267584864201126
85365.69667835730069782585 446439.743236906302627176 16.85392622120608763225391
85446.17036462435498833656 446460.4952977857901714742 15.99424250863762608787511
85447.94219237656216137111 446456.7221131405676715076 5.380373190965480389991171
85448.72162843949627131224 446459.1995283222058787942 6.377391525107930725368988
85437.32478488507331348956 446460.1982356214430183172 -1.062293660687180008039832
85445.93763028278772253543 446453.4290941308136098087 2.599165979556468109024081
85428.48507065461308229715 446460.5515728001482784748 17.31720488552310399654743
85441.54372059025627095252 446457.1456282268627546728 13.82487945903953452386759
85443.79404989052272867411 446455.7992791261640377343 12.14617035202429917717382
85417.37617352066445164382 446446.1286407659063115716 -1.062293660687179785995227
85414.9192671959608560428 446443.6626667537493631244 -1.062293660687179341906017
85414.8070048541558207944 446445.9035519592580385506 -1.062293660687179119861412
85409.63888152426807209849 446438.3739077819627709687 5.663857404784380378259812
85410.15923692210344597697 446438.5897291973815299571 7.561857917917949478692208
85407.69271355769888032228 446437.5667195850401185453 8.324733661257409877975988
85396.58796638800413347781 446493.4074251378187909722 15.08645866004951052730121
85398.77805577310209628195 446493.7313789785257540643 15.08295887928505862873862
85377.67250116697687190026 446429.651209709292743355 4.140404245030688379358708
85375.9790479997027432546 446428.9241510577849112451 4.201747205340639723658569
85376.76266569974541198462 446429.260585533338598907 2.107734094577981664997424
85373.27237517987668979913 446427.7667233429383486509 9.471000000000000085265128
85376.21708273494732566178 446429.1221085107536055148 9.841030598864707101824933
85398.06664284958969801664 446433.7549298577359877527 -1.062293660687179563950622
85397.02887119339720811695 446435.4577530008391477168 -1.062293660687179341906017
85398.86156878281326498836 446435.40703327622031793 -1.062293660687179341906017
85348.9322389555600238964 446465.2458701668074354529 17.30381548244683287407497
85347.45431707994430325925 446465.2544012463768012822 15.80864162353272739380827
85346.96772058556962292641 446463.6323731462471187115 16.30562602899419033519735
85341.31511342541489284486 446450.0874642754788510501 13.8799391452194811336085
85343.214688962820218876 446449.2394642909057438374 14.22280924328886975160913
85342.51714777402230538428 446452.6424224906950257719 14.38118852391536606205591
85395.36634874939045403153 446455.9562371713109314442 -1.062293660687179563950622
85396.02668387589801568538 446455.1532295125653035939 -1.062293660687179785995227
85365.19263696108828298748 446463.8349822479649446905 17.27752052332085952457419
85365.11763606251042801887 446462.7321645439951680601 15.65259559155133572971863
85366.55747981996682938188 446463.5730284903547726572 16.01986419357633195659218
85353.8787983274960424751 446437.8706739305052906275 15.53852984012109850198158
85354.27985692884249147028 446438.8384208056959323585 15.70812900965857217272514
85352.94997286981379147619 446438.5009338919189758599 15.38275956924451470797521
85354.35690017977321986109 446439.2076307025272399187 15.26528204024603141419902
85364.32556033774744719267 446431.6882926878170110285 -1.062293660687146257259883
85361.85348128342593554407 446433.6744205070426687598 -1.062293660687146257259883
85371.46293880919984076172 446427.5777242894400842488 8.122747307690472595709252
85368.95690880277834367007 446427.3163512837490998209 7.206667851893777232419325
85361.26844736469502095133 446472.9783920950721949339 16.9482000275474042894075
85356.6541052377870073542 446441.3200626469333656132 -1.062293660687179119861412
85355.81129932163457851857 446443.3844763641827739775 -1.062293660687179341906017
85358.09279511014756280929 446442.7155121167888864875 -1.062293660687179119861412
85353.31805964605882763863 446425.6852562850690446794 8.082415961784384705879347
85350.72649217516300268471 446425.4149619240197353065 8.092614250541643627911981
85351.56169933837372809649 446425.5020720568136312068 6.916805468490030861516971
85356.58885634968464728445 446445.4743402057210914791 -1.062293660687179341906017
85354.88202841788006480783 446445.0614335799473337829 -1.062293660687179563950622
85355.29958980396622791886 446446.7671287342091090977 -1.062293660687179341906017
85367.63136248322553001344 446429.145304737554397434 -1.062293660687179341906017
85368.39307308061688672751 446427.6460209934157319367 -1.062293660687179785995227
85354.92544238404661882669 446433.911831565317697823 14.8015327535410836645724
85354.39917710631561931223 446434.0571763493353500962 15.29154954303599289744398
85353.103685483627486974 446433.303988083906006068 14.94153503967616458680823
85354.62930571974720805883 446431.0695692041190341115 15.5219847074887926652309
85345.63530630318564362824 446440.1886542268330231309 13.9253516689940077810661
85345.47770097581087611616 446437.6188792613102123141 13.65378948144857496060922
85347.5830746570136398077 446439.4999161471496336162 14.29374225824485478142378
85356.5553316170844482258 446439.3526173743302933872 -1.062293660687178897816807
85357.92003187059890478849 446438.9941856268560513854 -1.062293660687179341906017
85347.99940515427442733198 446430.3176507704192772508 13.53997647439766893739943
85349.81190569217142183334 446428.941714149434119463 13.71989071135557658465132
85352.59476321327383629978 446430.6405146429315209389 15.01706983900974634593695
85350.43008808299782685935 446425.3840476778568699956 6.026181145113914894295704
85352.00224455198622308671 446429.2215303074335679412 14.2744813984216687430262
85347.21647140098502859473 446425.0488750545773655176 5.952649137681488511475436
85345.9562310020555742085 446424.958731083374004811 6.750740830827386851353822
85351.9142565529327839613 446425.5731044262065552175 9.806858451219602201831549
85377.06233102284022606909 446433.6947648057248443365 -1.062293660687146257259883
85375.12000380500103347003 446431.610625382571015507 -1.062293660687146257259883
85373.89986987980955746025 446434.1850273249438032508 -1.062293660687190000047053
85349.44657813347293995321 446456.2588021406554616988 15.71789252857488961012677
85341.69951223826501518488 446435.1724779944634065032 4.410280020786278676325765
85343.54086010722676292062 446442.6029606279917061329 -1.062293660687180008039832
85344.61307901603868231177 446441.1928412365959957242 -1.062293660687178897816807
85342.35595992303569801152 446440.669833558436948806 -1.062293660687178897816807
85338.87561830654158256948 446441.9820631546317599714 4.907392195103016163670873
85343.64365404804993886501 446430.4843418472446501255 5.501146244677138419376661
85343.15173335110011976212 446431.6705676612327806652 5.410238490716530179724941
85340.9326741162221878767 446437.0228284078184515238 -0.9255897760716509381495598
85344.80811453946807887405 446427.6763422999065369368 3.001079255169829540506043
85337.13897586811799556017 446446.1698318396811373532 4.374182279766366754358842
85336.78744157467735931277 446447.0175275272340513766 3.161492569505799821172332
85340.77824998101277742535 446463.3476732769631780684 -1.062293660687179341906017
85348.27108586988470051438 446442.8416793789947405457 -1.062293660687146257259883
85346.11315373249817639589 446442.1351076168939471245 -1.062293660687176233281548
85341.31660026949248276651 446436.0958383342367596924 6.84528181640590283052461
85341.49925465398700907826 446435.6553824898437596858 8.682187662722578025409348
85340.95993090693082194775 446436.9559168134583160281 7.888874846306230814718674
85341.82267678157950285822 446434.8754769502556882799 7.304236164100284867117807
85345.06122649836470372975 446427.0659838795545510948 1.685840421722529569592552
85369.99994572503783274442 446427.425137569080106914 1.916729923098292154293176
85369.20773589632881339639 446427.3425119566963985562 3.402126130479580901067038
85344.86970435656257905066 446433.1171547482372261584 13.00438737546917344900521
85344.50353447408997453749 446433.9921312024816870689 13.02105014398966531530277
85343.7513598724763141945 446430.3470609206706285477 9.824257314906796878517525
85344.94725716138782445341 446427.6221663918113335967 9.85763539431211732733118
85346.25857633732084650546 446429.8271380428341217339 11.14459165672335672070403
85342.43696262352750636637 446444.5834603272960521281 -1.062293660687175123058523
85343.52842279082688037306 446443.8939251433475874364 -1.062293660687179341906017
85344.6923107397451531142 446437.3955790041945874691 -1.062293660687179341906017
85346.41461666456598322839 446434.6343438056646846235 -1.062293660687179341906017
85343.78172116084897425026 446431.2024815545883029699 9.864583484818394865101254
85336.69448300253134220839 446450.2059328714967705309 -1.062293660687174678969313
85338.03120862923969980329 446451.0567190906149335206 -1.062293660687179563950622
85343.94948203543026465923 446435.5412435858161188662 13.12281154551444473099764
85346.89969349940656684339 446434.887848099519032985 13.71729451749733996734903
85369.88581578279263339937 446433.6123135046800598502 -1.062293660687179119861412
85371.69243521310272626579 446431.7251853824127465487 -1.062293660687179341906017
85370.14640119152318220586 446431.5020512029877863824 -1.062293660687179341906017
85353.11581421995651908219 446428.6703655821620486677 11.91507419356700481216649
85341.55130164411093574017 446442.0588412856450304389 13.19226964347649655451278
85369.80707441575941629708 446430.3895519846118986607 12.16612064353659938831242
85366.83583402261137962341 446430.9158084637019783258 11.2260679925822621783027
85357.5530642932717455551 446426.1269572587916627526 0.6132661296334322997836352
85337.23631694437062833458 446452.3567377265426330268 -1.062293660687178897816807
85335.30080002636532299221 446450.6627593770390376449 -0.9934927002360559589178024
85339.82528773364902008325 446439.7743861765484325588 -1.005448069013401779514538
85338.78835074663220439106 446442.5493679360952228308 -1.061839923625603088197522
85340.4982415679405676201 446441.4709132008138112724 -1.062293660687178453727597
85340.28860067353525664657 446438.5747737908968701959 3.523075642168180365843
85339.45829145144671201706 446440.5769953663111664355 4.515121520369715923948206
85339.7596140664245467633 446439.8505416564294137061 2.058159836487915228531165
85344.4835119728377321735 446462.7082371031865477562 16.07192078939065638110151
85365.98407570229028351605 446449.31522657215828076 19.0063904458073551495545
85366.9415017055143835023 446449.8706321066711097956 19.05048104424426469449827
85366.10318285074026789516 446449.6224624485475942492 18.99072092042728954197628
85367.37040960631566122174 446449.0466016027494333684 17.75028973981195079545614
85375.19754229248792398721 446437.3596235659206286073 19.02668047400834083759946
85375.11067794461268931627 446437.0840479758917354047 19.01017136017007302939419
85376.60110831086058169603 446437.6556826148298569024 18.94116420926562582849328
85336.41323735662444960326 446447.9198898509494028986 4.327037125187918498170347
85344.60639545977755915374 446444.6043609192711301148 -1.062293660687179785995227
85339.0094941504648886621 446441.6592327005346305668 2.526503314708551162226513
85338.65254260068468283862 446442.5199916508281603456 0.4148834026022160670343908
85347.73859313935099635273 446432.4576127637992613018 13.67931718000605378904311
85345.88130171848752070218 446430.8573720810236409307 13.10473459574471100097526
85368.92342679492139723152 446437.0652396476943977177 -1.062293660687180008039832
85366.66950646594341378659 446437.0770113093312829733 -1.062293660687178675772202
85367.69429613190004602075 446438.6698529222630895674 -1.062293660687179341906017
85364.5110321888787439093 446428.2542705780942924321 9.857078374500865436402819
85362.13767566770548000932 446429.3402308333315886557 9.858533715980714262627771
85365.63832437273231334984 446429.8237038708757609129 -1.062293660687146257259883
85364.07714557237341068685 446428.4171528864535503089 -1.062293660687179341906017
85348.97499610326485708356 446425.2322850240161642432 7.759500420841896506374269
85358.97137240633310284466 446426.2748834422091022134 4.169720072903125185348472
85354.49836262002645526081 446425.9028809117153286934 9.849517858887628207753551
85354.33217296209477353841 446427.4996665347134694457 9.860032299398906019405331
85361.90971541112230625004 446442.6975454800995066762 -1.062293660687146257259883
85362.35903596554999239743 446444.6510241770301945508 -1.062293660687146257259883
85363.78102460810623597354 446443.2382551653427071869 -1.062293660687178453727597
85356.21248157857917249203 446425.9871376505470834672 7.744839655996058169762364
85342.94097437115851789713 446432.1787953982129693031 7.309778067680625213142775
85345.68636911657813470811 446426.0164372807485051453 9.862648162276240526580295
85346.03658838233968708664 446424.9837496553082019091 9.829639447941570296052305
85337.65327951246581505984 446464.3002425822196528316 5.229798219976821371801634
85349.02131246792851015925 446426.1409386089653708041 -1.062293660687179785995227
85343.41656870367296505719 446436.5542474957183003426 12.34372613649720840101054
85341.42529602900322061032 446436.3887773920432664454 9.866623807736413453994828
85360.56145883718272671103 446440.3372521352139301598 -1.062293660687179119861412
85361.39761817973339930177 446438.3819384576636366546 -1.062293660687179119861412
85359.32400399014295544475 446438.8536780218710191548 -1.062293660687178675772202
85338.09934219563729129732 446443.9438466561259701848 9.816260940090815623193521
85348.04503516327531542629 446428.7284873797907494009 11.87988884139540068929364
85353.73919361298612784594 446429.7985165692516602576 13.68985553675918609428663
85345.26802081988716963679 446426.5673165865009650588 8.87022163032254518100217
85344.1528000820690067485 446462.0190903745824471116 15.63450937933687789893611
85346.22008576840744353831 446460.0030680157942697406 15.06903946051441778308799
85355.73702278808923438191 446431.5035634938394650817 15.70183352648169261556177
85356.95768626352946739644 446431.8979612149414606392 15.86958196692772737890209
85343.2851759787299670279 446436.931287192041054368 13.06510149581582069799879
85343.86561879735381808132 446437.2357430726988241076 13.26138223644730196326691
85339.44506027571333106607 446446.0411545495153404772 11.29978508709861628744875
85339.86706351810425985605 446444.9570485908188857138 12.1597885931289599881211
85339.68855870144034270197 446445.782068297965452075 13.12307921533327892404941
85344.17886651407752651721 446441.0749477153294719756 13.68410586318866428712226
85354.51150465439422987401 446425.8097297783242538571 8.983519456329025487661966
85357.09666995966108515859 446426.1153077141498215497 9.807327915662009232278251
85368.52699782620766200125 446434.3627281708759255707 19.01938837161259243657696
85369.03200340982584748417 446432.7073607305064797401 16.17345307479197913380631
85370.91369550376839470118 446433.7868924684007652104 16.64264888386428964395236
85358.22866272892861161381 446426.1974205785081721842 7.153300682866976067941778
85392.84170390479266643524 446463.7860071146860718727 14.30681869870934797006612
85390.69961681138374842703 446464.9502196885296143591 15.05710085716591173365941
85393.03706508908362593502 446463.3109402789268642664 15.10867269366530152296946
85391.74274291504116263241 446465.9336121774394996464 15.12349033497515726764959
85379.42413652721734251827 446437.6875428596395067871 -1.062293660687178897816807
85378.18847732705762609839 446436.4454882106510922313 -1.062293660687179785995227
85377.66253722236433532089 446438.2754394257790409029 -1.062293660687179341906017
85365.31449130305554717779 446432.7795812344993464649 -1.062293660687179563950622
85366.29359722792287357152 446431.6794690883252769709 -1.062293660687180008039832
85364.52821415351354517043 446426.9515421090763993561 9.847546740782533447600144
85366.32641241866804193705 446427.0426408109487965703 9.721809198890326797481976
85365.83291787659982219338 446428.629895779478829354 9.85695769756096140667978
85363.27676601281564217061 446431.5238321311771869659 14.71289791274385194697061
85378.76711986305599566549 446432.4919537215027958155 9.85421180426089016179958
85379.45387801298056729138 446434.3886568787856958807 11.7252783435460585792498
85368.80861887929495424032 446434.7365912565728649497 19.00874698540998863904861
85370.47190828248858451843 446430.0359635756467469037 9.855904591658987357050137
85377.83717586094280704856 446429.7219103128300048411 5.975627539684625233462612
85379.26814366535109002143 446430.3362748210784047842 4.760703915641008698855785
85392.11043653746310155839 446448.3985409203451126814 -1.062293660687146257259883
85390.70402407289657276124 446446.3528905483544804156 -1.062293660687180008039832
85389.70592115790350362659 446448.6258780177449807525 -1.062293660687146257259883
85357.92439311076304875314 446432.159722996992059052 16.07952230479522981454465
85358.11397443422174546868 446432.7649702509515918791 15.27648928173956655029997
85356.22029712333460338414 446435.0632151711615733802 15.72680651915210781055521
85365.65520267888496164232 446438.6765506464289501309 -1.062293660687179119861412
85365.19565790865453891456 446440.6631974630290642381 -1.062293660687177121459968
85346.76740873351809568703 446441.4334505671286024153 14.29108204002608673022223
85371.1566062221972970292 446443.2027444244013167918 18.65229226462091460803094
85370.81746383049176074564 446441.5850688102655112743 16.42740607342429726145383
85372.32622570327657740563 446442.7650782435084693134 17.26206319498864516504
85364.04843492140935268253 446430.5914637164096347988 11.22714404666672294297314
85361.80146079701080452651 446430.3300033986452035606 12.35360628553052819711411
85364.76712905241583939642 446426.8793671598541550338 -0.05073811051112908643290211
85364.75706272065872326493 446426.9799317999859340489 -1.054572359574888151811933
85345.30670525028835982084 446453.4678826456656679511 14.09779328462716563308277
85372.00241706888482440263 446472.8883554251515306532 14.55106348199220711592261
85371.68700703680224251002 446470.015063589031342417 15.85317775457864719612644
85366.09159122110577300191 446458.4688491687411442399 17.68490942130231502460447
85367.62842776074830908328 446458.2208111915388144553 19.01712128706058635430054
85367.64547456876607611775 446458.8606733462074771523 18.05215740646370647937147
85349.45026880255318246782 446460.9569589852471835911 15.64456463663825402932162
85353.16073985291586723179 446441.8725249056005850434 15.73567135302444697231294
85354.5418169614567887038 446442.67876462108688429 16.10693318653733285827911
85345.27502234186977148056 446443.6593125408398918808 14.16531826232250246277999
85367.59312666406913194805 446451.1369034417439252138 17.61881705940733766624362
85369.15836531907552853227 446452.2296399634797126055 16.94640858128846971908388
85367.63629953470081090927 446452.083786221279297024 16.21220196292346571453891
85354.46385153579467441887 446453.9323325261939316988 17.14605302399946751279458
85352.85992167463700752705 446452.5133740213932469487 16.66166912241255460003231
85354.81850215778104029596 446451.7081728324410505593 17.02140363363405484165014
85346.58268082862196024507 446457.8467718044994398952 15.76124631579923907054308
85340.06287726193841081113 446453.6157203070470131934 13.92706852756471214149769
85334.27022851734363939613 446453.0875772863510064781 7.352988064736091011752706
85342.83100662686047144234 446463.6996758291497826576 13.00475741988198841170288
85339.69519783472060225904 446465.7444129202631302178 9.874585160303691822036853
85337.23946835086098872125 446456.6347482526325620711 13.57975172722044554518561
85340.93746297068719286472 446465.2760627713287249207 9.874223904228065507027168
85349.68981493603496346623 446452.7734162550768814981 15.96875136504075598509189
85349.90351004373223986477 446451.0378454645979218185 15.87059113774538054997265
85350.83161168510559946299 446453.1129612291697412729 16.21428210136907566152331
85349.14691442459297832102 446466.5898776619578711689 15.8120479367873176812509
85339.91464976036513689905 446451.5794169086730107665 13.70682574772977346810876
85340.06954071628570090979 446450.3023274163715541363 13.62372806358297872009189
85344.41078456335526425391 446459.7897000248776748776 14.26275632768826895357961
85341.48213965781906154007 446446.53158475091913715 -1.062293660687179341906017
85349.15939114868524484336 446468.7274432837730273604 11.90168312695082519780954
85357.98882206181588117033 446461.0546191525645554066 17.60397947711171795504015
85358.64325894592911936343 446462.1485206771758385003 18.84933295693856436514579
85363.45663797124871052802 446437.1963233267888426781 15.28849730407180018687541
85360.75505722158413846046 446437.2124104575486853719 16.12987251702562474520164
85362.40137074224185198545 446435.4679129032301716506 15.05060362256256389912323
85340.71894385907216928899 446437.5370370199671015143 2.4526810954827147348567
85344.88960953279456589371 446448.2278963747667148709 -1.062293660687146257259883
85347.22385225865582469851 446459.7699394930386915803 16.03670002723421816881455
85347.6050026912271277979 446461.8392347712069749832 14.51673374986334330571935
85345.4726385340909473598 446431.6874742230866104364 12.1881977590336099126489
85348.40339223790215328336 446447.575902885349933058 15.20714938971425667091353
85349.97143675955885555595 446445.2934835655614733696 15.34756840253445098198881
85349.92452314932597801089 446445.7906919861561618745 14.63131679576992993929707
85349.44467190404247958213 446439.6961917563457973301 14.7231934447435754975686
85349.29918924054072704166 446440.6965471071889624 14.78430378026005165281731
85354.52486191749630961567 446430.2861857131356373429 14.35478797303279208108506
85357.48547645192593336105 446436.1171954775345511734 16.17640157897808705911302
85355.62544111761962994933 446436.3028997688088566065 15.78128075597132351504115
85355.48320077410608064383 446431.1827586384024471045 15.66860589661085967350118
85354.56532154393789824098 446425.815342752612195909 7.25827555151869230343209
85342.76398807998339179903 446447.3729162579984404147 13.95100082955571174636589
85374.10297481127781793475 446444.9350709539139643312 19.00693850834235831825936
85374.74795521286432631314 446444.9494366589933633804 19.03278368307472590004181
85375.53130567370681092143 446445.5250904708518646657 19.01279116223800969009972
85340.03100672803702764213 446439.1959401487256400287 6.371769942607421910452103
85341.08445668387867044657 446436.6556332675972953439 5.584816257536987293974562
85355.03830457960430067033 446428.74255629867548123 11.4686012540986705943169
85364.19423343942617066205 446439.0693746586330235004 16.77777479965303442099867
85364.04729914605559315532 446439.898294646292924881 17.97872716327360365085042
85362.58278040435106959194 446438.9344981200410984457 17.54501111908284016749349
85362.80642625642940402031 446441.0600277585908770561 17.75997524108421998789709
85346.80328794560045935214 446428.613901917589828372 11.30557344494554783409512
85346.77983302627399098128 446428.6712489394121803343 13.07972364019658684242131
85356.46750661804981064051 446428.2988478583283722401 9.85946910227297657058898
85343.3547468299075262621 446442.9950673725688830018 13.67810669038142989961671
85347.31976155922166071832 446426.9955454763257876039 9.862453526158480698882158
85342.76293181518849451095 446438.1014238084317184985 11.32042927130157750070794
85345.24138926318846642971 446432.2434216722031123936 13.0199550355967250681033
85345.04102789486933033913 446433.2443531849421560764 13.15419212303835649890971
85352.13389378174906596541 446437.4084393142256885767 -1.062293660687176455326153
85350.26799565200053621083 446438.8233207647572271526 -1.062293660687146257259883
85363.58958715073822531849 446434.3648102771257981658 16.2870870569659835780385
85361.04462078551296144724 446433.9652452834998257458 15.29310001473608693345341
85362.79475233764969743788 446433.1959627654869109392 17.45614888946479226206066
85363.8878373610059497878 446433.2710403551463969052 17.53077740701945330670242
85352.37550468329573050141 446435.5419925706228241324 14.99098292330391046789373
85367.19553228068980388343 446428.4516886220662854612 9.85643545791690200985613
85367.92761002684710547328 446451.1380049603758379817 -1.06229366068718578119956
85368.16081901028519496322 446449.1985407102620229125 -1.062293660687146257259883
85365.87700846699590329081 446449.8793298986274749041 -1.062293660687146257259883
85344.9596197032806230709 446447.6017663914244621992 14.4584022003367156372633
85358.09379060038190800697 446429.8985749201965518296 11.3588500874954885233592
85361.16178254938859026879 446426.5033380422391928732 2.062479280715675766799677
85359.88818946051469538361 446426.3705052937148138881 9.458797524262619660362361
85359.3153794946993002668 446427.8940540851908735931 9.858552609897113683246062
85359.92798194772331044078 446434.518242986814584583 -1.062293660687178675772202
85357.88503901497460901737 446434.7947787279263138771 -1.062293660687179341906017
85359.17892825942544732243 446436.4825501525192521513 -1.062293660687179341906017
85372.17908608623838517815 446441.6740744872950017452 -1.062293660687179563950622
85369.98186724187689833343 446442.2464101710356771946 -1.062293660687179563950622
85359.6108426810969831422 446453.2080294324550777674 16.77864719858482445147274
85359.70551082550082355738 446451.0456132774124853313 15.56752872837902401670362
85361.81858434321475215256 446448.8694911455968394876 17.4296052959464908838072
85360.65484016214031726122 446439.3961392666096799076 17.18066569456959769013338
85360.75498743010393809527 446440.5187658636714331806 17.27542929808265625979402
85358.74633245119184721261 446439.9253237972734495997 16.80599815673905084167927
85363.25666547437140252441 446456.2542461931006982923 19.04149607209494732273924
85363.07850048539694398642 446457.4963408834883011878 17.28743829284616495556293
85359.57257403011317364872 446470.6705405611428432167 -1.062293660687179785995227
85358.61224081557884346694 446467.8690765519859269261 -1.062293660687179785995227
85374.78882752153731416911 446428.4131477937335148454 1.402079867375223720671329
85373.26397436282422859222 446427.7655692381667904556 4.180635036601393572652796
85373.27743951011507306248 446427.767657903372310102 1.55459954102948261223105
85373.29408876871457323432 446427.7720502387383021414 6.824712786424694144216119
85370.10366889956640079618 446436.3152250784914940596 17.41839825133531860501535
85372.37622586342331487685 446436.0313041401095688343 19.06450846749731198315203
85387.14081307529704645276 446431.2073640552116557956 9.225820844046705104801731
85385.33190313956583850086 446432.9396587657392956316 7.465580774930749008433395
85379.61129802391224075109 446434.4769732033601030707 12.20530864342945953637809
85382.93495051533682271838 446433.7145807166816666722 9.853324674802742322299309
85381.84735745946818497032 446431.603871961880940944 9.852976891505802470305753
85377.2589523742935853079 446448.3862749662948772311 15.73411999715973763613874
85378.92091530043398961425 446448.164025516714900732 17.11601972067514410014155
85379.48152099980507045984 446449.1860378070268779993 15.91765544390437625565937
85353.19729295981233008206 446443.6168038661126047373 -1.062293660687179341906017
85354.52818306577682960778 446443.7694011250860057771 -1.062293660687178897816807
85354.68899466062430292368 446441.4576764118974097073 -1.062293660687179341906017
85383.74411949900968465954 446444.5345731268753297627 -1.062293660687180452129041
85385.36849626665934920311 446443.241294987325090915 -1.062293660687146257259883
85376.34946492889139335603 446437.8431852178764529526 19.01915775475845649111761
85357.37931360109359957278 446440.2974522352451458573 -1.062293660687179563950622
85377.35287105539464391768 446429.5139813274145126343 8.271178066417482099836889
85379.03229869063943624496 446430.2351833350257948041 9.711829852778647520494815
85383.58072695996088441461 446440.7114031876553781331 19.05973789114656113952151
85385.50706422302755527198 446442.8222896603401750326 17.08086695257930998081974
85384.03059969299647491425 446442.5423340715351514518 16.70046081559087980394906
85376.6305809104087529704 446440.6042164649697951972 14.99282857448943317990597
85363.57119370784494094551 446450.5666784017812460661 -1.062293660687146257259883
85365.40193311923940200359 446452.4968944635475054383 -1.062293660687180008039832
85384.03175674450176302344 446432.3814604623476043344 5.086917745441354554714053
85384.06852096572401933372 446432.397244627820327878 3.320524705460872638695946
85387.10313332150690257549 446431.2991332958335988224 3.586425073887680170514614
85360.88867718221445102245 446426.4748537981067784131 3.485539794688677694978196
85362.78184363494801800698 446426.6723065839032642543 4.234593583760339896571168
85395.61007479735417291522 446438.8412416729843243957 -1.062293660687146257259883
85398.1592332000145688653 446437.1005732591729611158 -1.062293660687176677370758
85362.18950511135335545987 446446.3619399907765910029 16.97252979174079356994298
85363.05652626988012343645 446447.656278780777938664 18.35829393378487850441161
85361.40135343775909859687 446446.7272184320609085262 18.00359715027235552042839
85370.05946986105118412524 446427.5391279991599731147 -1.056486419325466163954275
85371.51719528777175582945 446427.583383111865259707 0.2701442664352068923072636
85408.74103951631695963442 446461.858973584370687604 -1.062293660687146257259883
85374.41514361850568093359 446428.2527122293249703944 6.729702716676190021871662
85370.75269915809622034431 446427.5036479727714322507 5.178921367548823262438873
85368.97822226629068609327 446450.7431057996582239866 19.03700910221380127040902
85383.87707830251019913703 446437.5991641320870257914 14.26487472526810229567218
85382.35297545979847200215 446437.8695351643837057054 15.63761488656141906972152
85381.62003229257243219763 446436.6038854425423778594 14.17428627834037513366638
85368.54299866128712892532 446436.184855656698346138 16.63318355750255150837802
85368.67626908367674332112 446437.867468901677057147 16.03024024159801541600245
85371.76228433326468802989 446427.6089453199529089034 2.85874312859065016212412
85375.56394147950049955398 446430.8745404718210920691 9.85464444738832412440388
85377.32581580878468230367 446430.6824895816971547902 9.854035760947448707725016
85375.40048573745298199356 446428.6757540507242083549 7.320253904787990428815192
85388.16690810254658572376 446429.8488418062916025519 7.595421097792536713200207
85345.33167095050157513469 446426.4182446018094196916 9.73686963276463046668141
85377.26885072489676531404 446429.4779084619949571788 -0.09179293771252136635574459
85374.65270003199111670256 446428.3547035031369887292 5.533133073799715972995727
85369.39624463456857483834 446431.540787615580484271 14.16224432496393959013403
85368.66055328663787804544 446435.34126290149288252 17.99374726740916941025716
85349.73730820036143995821 446436.5425673413556069136 -1.062293660687146257259883
85365.69097481122298631817 446442.2046920332359150052 17.84238648626772771876858
85365.10581278736935928464 446442.7011775367427617311 16.72149619472740411652012
85364.44715306189027614892 446441.3955314589547924697 18.20057656265498735592701
85361.08912392979254946113 446432.6268562093609943986 16.99412632105438092366967
85361.05043326619488652796 446432.9349175860406830907 16.86701957711299826314644
85387.74283568994724191725 446439.3065766102517955005 14.42421132140409767430356
85384.9056568214000435546 446439.5485414452850818634 16.58199717720709642776455
85385.82884444006776902825 446438.4163976426352746785 14.27713676422139243982201
85359.40537125521223060787 446440.8343629518640227616 15.97030645389979497394961
85360.19201244073337875307 446426.4021933123585768044 4.56979440456817442850479
85361.44173491821857169271 446426.5325364125892519951 4.865486428147151265477532
85361.96872297186928335577 446426.5875000208034180105 0.8615367190355752713415427
85367.93649421095324214548 446432.7630449094576761127 -1.062293660687160468114598
85357.89661774730484467 446431.7798117062193341553 16.20273688957222901763089
85362.59602355120296124369 446430.469337658432777971 13.07374972794158551891996
85359.31000936297641601413 446436.4473921800963580608 15.88057473803518071520102
85370.56959126780566293746 446437.074277604348026216 16.55474108409790190421518
85365.34654502257762942463 446434.9646652305964380503 16.47950723147184604044924
85358.73471780969703104347 446462.4427349874167703092 19.07806883047783230722416
85359.79197090855450369418 446461.856165371194947511 17.68184122263313184930666
85377.0636720476031769067 446460.7899913889705203474 17.3225096460868499548269
85377.68159853863471653312 446461.4648815580876544118 17.10583261427453649616837
85360.82302602869458496571 446454.0194376939325593412 17.25096501982119434615015
85358.78485315512807574123 446453.5180414594942703843 17.77323369365292293764469
85381.37420233449665829539 446438.5698190152761526406 17.32047293707612922730732
85373.06473268184345215559 446443.9166174326092004776 18.53519446124694880495554
85373.45039278398326132447 446444.4130791152711026371 19.03426541944129013472775
85371.43429604989069048315 446453.9909051718423143029 18.07397391854360790830469
85370.38112811039900407195 446451.8085146583034656942 18.35012861915696902315176
85371.25683208876580465585 446453.6899530806113034487 19.6620928163443444702807
85369.55498122116841841489 446457.2174790529534220695 16.61670170848661953755254
85368.90680901534506119788 446457.9671483701677061617 20.00346299563876328875267
85367.19840720079082529992 446456.9718320402898825705 17.72842307531506733653259
85370.12917571936850436032 446455.6578429270884953439 19.72959732877712468734899
85369.66376488124660681933 446458.4003126461757346988 -1.062293660687259944097605
85366.78213432726624887437 446470.6682052285177633166 14.47803521987676234061837
85346.38669836183544248343 446468.3647402308415621519 9.873489061173426506456963
85357.59344966165372170508 446454.822244902141392231 17.89829295665859376640583
85357.26483858689607586712 446455.5752812924329191446 16.54620263206476948880663
85355.98825895802292507142 446454.6810720644425600767 17.08005897267486261625891
85356.10854662675410509109 446454.1538178522023372352 17.53269612706226254772446
85334.3821148280258057639 446452.8177727614529430866 1.129740684410001083648467
85362.93244386765582021326 446464.4788017226965166628 18.73976038904617880120895
85338.39061732529080472887 446455.1766992224147543311 -1.062293660687179341906017
85339.31392308333306573331 446456.867874641960952431 -1.062293660687179341906017
85340.02934001431276556104 446455.3796597270993515849 -1.062293660687179119861412
85363.24791655989247374237 446480.8179432029719464481 5.573912316752184459289765
85364.17595578078180551529 446449.1104583263513632119 18.54326147613715392026279
85368.23750248872966039926 446465.6582545271376147866 18.12254710121801792865881
85365.15812463429756462574 446484.2893999919178895652 9.450372551344710103649049
85359.34813502649194560945 446462.9220214514061808586 18.85201123156973679328985
85360.55683698122447822243 446463.3105389303527772427 19.01805908663136435166052
85354.67707067320588976145 446472.8225155453546904027 13.30325149423010699933911
85356.68187064096855465323 446473.1978931595804169774 13.752926535168409571952
85369.25139903542003594339 446459.9334164389874786139 17.44469177287971461964844
85392.19331283721840009093 446482.9336329993093386292 15.05093668590389555106412
85370.29042786298668943346 446461.1257974777836352587 16.3136787609317153169286
85370.62443203566363081336 446473.6152080430183559656 16.52375170223753997333915
85371.02826590058975853026 446475.9446231098845601082 -1.062293660687179563950622
85383.65133974835043773055 446474.2357594846980646253 15.07226353710412247721706
85373.70604420825839042664 446485.1090351432794705033 9.45974268555502995070583
85381.24524850519082974643 446480.9280997763271443546 -1.062293660687179341906017
85378.4379495196626521647 446477.6311996012227609754 14.52672480056517301250096
85380.25255424555507488549 446473.3046369033982045949 -1.062293660687178897816807
85381.05232061837159562856 446471.6879268636694177985 -1.062293660687179341906017
85379.25720743057900108397 446471.8638423170195892453 -1.062293660687146257259883
85371.56614173331763595343 446478.9008038784959353507 -1.062293660687193774805337
85371.72668378324306104332 446481.1487612099153921008 -1.062293660687180230084437
85373.94758764994912780821 446481.5317389228148385882 -1.062293660687176455326153
85378.89926860897685401142 446468.7238071757019497454 15.80473106686655704322675
85377.75224853085819631815 446470.3304131496697664261 15.0478013853189178661296
85375.92457619050401262939 446467.9303769722464494407 16.64629441779741725326858
85376.9456571355985943228 446467.1470979591831564903 14.88922095845577509010127
85351.69135503577126655728 446444.9079699238063767552 -1.062293660687178231682992
85353.55894306889967992902 446446.2160757884848862886 -1.062293660687180452129041
85365.89386485111026559025 446459.3286785384989343584 16.29239138912387119262348
85366.92786388711829204112 446459.2401264750515110791 17.05348888519227301685532
85367.37538700854929629713 446460.0371347273467108607 16.14731234961454475751452
85375.43969107745215296745 446474.6429339455207809806 15.04348077660757709850259
85378.67869901843369007111 446472.2237530511920340359 15.11316255540168285165237
85380.93843973315961193293 446469.5272791306488215923 15.81212434553114576374355
85368.93119916273280978203 446470.1146592462901026011 13.98571749419667575864423
85388.47416406340198591352 446461.3285495699965395033 -1.062293660687179785995227
85389.67009253616561181843 446460.6088629507576115429 -1.062293660687179563950622
85389.2530095043039182201 446459.2768586390884593129 -1.062293660687178453727597
85370.82178938369906973094 446479.1157713835709728301 13.6428533964628275754194
85369.70659304104628972709 446473.9802859205519780517 17.65601339118569512720569
85369.00209104777604807168 446474.5661367281572893262 18.98760862660632398046801
85377.38349708473833743483 446470.1559932082891464233 -1.062293660687146257259883
85375.85595088217814918607 446472.4781055694911628962 -1.062293660687179563950622
85377.10837127933336887509 446473.2092204175423830748 -1.062293660687146257259883
85372.91516770493763033301 446477.1283256533788517118 -1.062293660687179563950622
85372.81044332473538815975 446473.5254995543509721756 -1.062293660687179785995227
85374.81933749282325152308 446471.4639465813525021076 -1.062293660687180230084437
85374.71034925068670418113 446473.3673089625081047416 -1.062293660687178897816807
85374.70804634861997328699 446478.4501184887485578656 -1.062293660687179563950622
85373.29496056519565172493 446468.4798875984270125628 19.01605915934108992360052
85370.73578188597457483411 446467.7676732812542468309 18.64658513008456708348604
85370.72975860341102816164 446467.3402755521237850189 19.04713089664514313881227
85386.9132237333687953651 446475.3518195556825958192 14.7866371035157921909331
85389.81070728979830164462 446474.5981877768062986434 14.20009798674871071000325
85368.51401701071881689131 446464.9341018327395431697 16.85018392663370434547687
85367.43650752435496542603 446463.0156000994611531496 14.62062470857151019743014
85374.78653302186285145581 446475.0000657103955745697 15.6303160902776010487969
85377.47428502977709285915 446472.9219398234854452312 15.07850396606254150810855
85375.97707357407489325851 446471.9141945492592640221 15.65536312129566098860778
85374.9381227122648851946 446466.2632241036044433713 14.81468020753510828058097
85363.77515766577562317252 446456.7929258962394669652 18.75268574908255558852943
85364.98474389110924676061 446457.6334693640237674117 18.24628132705008809466563
85369.55188224025187082589 446467.0846062774653546512 18.93805001746475014101634
85405.4684243595547741279 446467.6369878689874894917 15.10482827738647948478956
85404.66803160651761572808 446464.4294711605762131512 14.61778545566100717678637
85401.33489474534871987998 446469.4562360076233744621 15.10897258075157623125051
85403.21559932013042271137 446470.1061584479175508022 15.02913565971646114860505
85403.3388788778247544542 446466.4474615097278729081 15.10596745778384963898588
85387.78859821739024482667 446457.1990480637177824974 14.94040617340132293122679
85385.24248787043325137347 446458.4354656385257840157 15.13443534470074780529103
85386.16208627470768988132 446456.2847547546843998134 15.15115514233686333511741
85373.75852442349423654377 446469.7300632016849704087 17.43935807569890528156975
85364.95977428622427396476 446465.1221349940751679242 19.0253740521240040095563
85367.3468826978059951216 446473.9321501014055684209 19.03323424199992075500631
85367.11885872384300455451 446464.6383057946804910898 17.28123324224508650104326
85357.569891515260678716 446469.6734263001126237214 18.78051364167882653077868
85356.96161831861536484212 446469.8152267808909527957 19.37335351070321820543541
85356.30274075570923741907 446468.1712664725491777062 17.30126246358780406353617
85365.62161009071860462427 446473.1649897027527913451 18.99522683851008508781888
85367.91834267498052213341 446443.5445401433389633894 17.2093910851024354258243
85369.20936124032596126199 446443.4514422303182072937 18.16258592840810948132457
85369.4335012214578455314 446444.6301425036508589983 16.51486642648238145625328
85372.01364980838843621314 446457.2251460035913623869 16.23133766509397091226674
85373.31659671115630771965 446459.1914524399908259511 17.25062752310936176058931
85365.14108042740554083139 446473.2006042717257514596 19.01845784667613870055902
85361.04450297199946362525 446459.5241239526076242328 15.65661201988691964004374
85364.89894867486145813018 446471.4139102651970461011 16.79693334334232091009653
85363.82923656383354682475 446472.0668523331405594945 18.46195120110389353840219
85361.09466461637930478901 446471.293447982519865036 19.01316282633449006311821
85358.54349698286387138069 446440.7625718735507689416 -1.062293660687178897816807
85381.16877943121653515846 446445.3774997271248139441 15.67129976671554381084661
85383.78707700964878313243 446443.0468159408192150295 15.77836504565652298026635
85384.0354564173030667007 446446.1886952099157497287 15.10123081133892419813947
85382.2258303802227601409 446446.1811290647019632161 16.22122513634258922365916
85398.83162992507277522236 446462.0869112111395224929 14.52099600894177022780696
85399.33641181144048459828 446464.7191646498395130038 15.07836353376444016305413
85397.77725062711397185922 446464.7574568177224136889 15.11583229850388043757903
85371.85403356788447126746 446464.9987710745190270245 14.84535522239411875489168
85371.26428380003198981285 446465.5276109043043106794 16.01634439608394444576334
85369.5873635340976761654 446464.0744479195564053953 14.87060049451628174210782
85376.14506696966418530792 446446.5626976045314222574 -1.062293660687146257259883
85378.63715481827966868877 446445.3140380795230157673 -1.062293660687180230084437
85376.34718592962599359453 446443.854891388735268265 -1.062293660687181562352066
85368.94067752598493825644 446441.404051115969195962 17.32769983133911040340536
85369.93370649115240667015 446442.529842668678611517 18.4028844289943620537997
85370.35086882686300668865 446449.3050338612520135939 16.2872894378369927892436
85371.74165240697038825601 446449.2170812998083420098 15.29474106691377777167418
85372.28367600547790061682 446450.8044493203633464873 17.31735758011885906171301
85364.32651304123282898217 446454.2730227315332740545 -1.062293660687146257259883
85365.71318854283890686929 446457.0111064459779299796 -1.062293660687178675772202
85367.040997943768161349 446454.5923197994707152247 -1.062293660687146257259883
85372.27301090344553813338 446434.9094005805673077703 17.49302783089330759480617
85374.14296816139540169388 446434.5454516825266182423 15.75946428870381232911768
85374.69016468992049340159 446436.1908256400492973626 17.91780619061052348683916
85382.40735577615851070732 446453.7507756051491014659 -1.062293660687181118262856
85379.33278802456334233284 446454.2077477931161411107 -1.062293660687180674173646
85381.07306391207384876907 446455.3450181050575338304 -1.062293660687146257259883
85380.0506273857899941504 446439.4480759874568320811 18.91009620013256053994155
85380.11451631762611214072 446440.2117691985331475735 17.78617035569493154412157
85370.61369833744538482279 446434.9035962398047558963 18.53108143697424381457495
85371.29921614387421868742 446427.5606484024319797754 1.597035260572555737113021
85360.54218681166821625084 446444.0405049414257518947 -1.062293660687179341906017
85360.02804757331614382565 446442.1940663616987876594 -1.062293660687181118262856
85366.18104067994863726199 446441.5192420158418826759 19.0633498254521569492681
85368.44917906890623271465 446442.4898726994870230556 19.06920074623145922032563
85373.43081175381666980684 446455.3784942168276757002 14.85930218498561039552897
85375.5533687993447529152 446456.2107924617012031376 14.93083293427069691006182
85373.996747101831715554 446457.8065242499578744173 14.70814201152474254286062
85375.24276826401182916015 446428.6080404251697473228 -0.7452640844648108497949579
85375.19243003937299363315 446428.6778188326279632747 -1.047620641443231193079555
85377.18559169313812162727 446429.4814349057269282639 -1.01095719416391505163233
85375.37519676955707836896 446443.3024683083640411496 16.16615917363066046164022
85372.40825576784845907241 446430.3368010727572254837 -1.062293660687179341906017
85369.73109236049640458077 446428.9918096677283756435 -1.062293660687175567147733
85365.45835353930306155235 446453.1487537790671922266 15.32173583278352957393054
85365.52967560455726925284 446451.0414688147720880806 16.4685670892227165040822
85387.47289019636809825897 446459.8744236587081104517 15.13300521028523881739147
85390.1379496740410104394 446459.9818684588535688818 15.12720996005352702695745
85388.75944617437198758125 446461.4659921870334073901 15.13741049196472587823337
85365.46380272050737403333 446448.6687211267999373376 18.37049759328833431482053
85371.93234251788817346096 446451.8781784907914698124 19.79553269144513905075655
85369.61650100752012804151 446450.6051721601979807019 18.67412763830789401708898
85375.98608140883152373135 446435.3916432226542383432 15.88411182739580418399328
85368.50702754675876349211 446443.3207924655289389193 -1.062293660687180452129041
85368.77553501055808737874 446440.8773915485362522304 -1.062293660687179563950622
85343.25439020807971246541 446461.358965858060400933 15.2001190945072330862331
85369.84016101025918032974 446442.9209424654836766422 19.03796648273662839301323
85388.21031999264960177243 446444.7788710289751179516 15.83771850602605013591528
85362.85493558917369227856 446462.9620167978573590517 17.42762346042405852131196
85366.90375203595613129437 446447.7033181082224473357 -1.062293660687146257259883
85338.23314429518359247595 446448.8244509142241440713 11.82434036180070258126307
85338.70310176181374117732 446447.7137330364785157144 12.97757998163898385257653
85339.47621205933683086187 446449.1815946122515015304 13.38882223564883666711012
85364.24246529152151197195 446458.1370408100192435086 17.04897304336742180908004
85360.328813472471665591 446473.5444683919195085764 -1.062293660687179563950622
85351.35730095792678184807 446440.8055596568156033754 15.24195475526913945429897
85349.54072009354422334582 446439.5271201316500082612 14.52140524187998416039136
85363.79585950827458873391 446444.0996202838723547757 15.71474971930616426618599
85362.97811903762340079993 446441.8416287919972091913 16.68799674119225073809503
85361.79916769677947741002 446458.1431238700170069933 -1.062293660687179341906017
85362.51429158898827154189 446459.5210374038433656096 -1.062293660687179341906017
85366.64523799883318133652 446443.0013843830092810094 17.23344920431386384507277
85366.46221536785014905035 446444.4396400558180175722 -1.062293660687179563950622
85370.89548727383953519166 446462.0756242548231966794 -1.062293660687179341906017
85371.91869398468406870961 446463.0749205157626420259 -1.062293660687179119861412
85372.40218616287165787071 446461.7288966289488598704 -1.062293660687178009638387
85375.96759910890250466764 446438.1325763955246657133 18.3428337305669018064691
85366.01175233171670697629 446461.5572905824519693851 14.47922416920398092088362
85368.29459449193382170051 446460.8399201245047152042 15.52035052970501993740982
85425.62843610106210689992 446450.041751018026843667 13.02955189153939663526671
85427.11685987301461864263 446448.3807634765980765224 12.15719419994339922652671
85374.56428054197749588639 446454.7480257588904350996 16.5241090499629628141065
85399.23977078616735525429 446465.3322596866055391729 -1.062293660687179341906017
85400.8511685386038152501 446463.9618192787165753543 -1.062293660687179341906017
85382.88085182095528580248 446441.608697708579711616 17.39894526416344788799506
85377.08644503125105984509 446455.8008178455638699234 16.51216793274833349869368
85374.96311711949238087982 446454.0116359062376432121 17.88857257270313638741754
85376.22476778579584788531 446453.8882351806969381869 18.86653297177304366982753
85378.32665923742752056569 446457.0101630313438363373 -1.062293660687179119861412
85377.16873137959919404238 446457.1494830708252266049 -1.062293660687179341906017
85389.96097783715231344104 446455.8447837423300370574 -1.062293660687179119861412
85388.87691398002789355814 446457.3991365169058553874 -1.062293660687179341906017
85390.6758136058779200539 446457.9950955174281261861 -1.062293660687179341906017
85381.69574891131196636707 446444.8741996349999681115 -1.062293660687182006441276
85381.11605201923521235585 446441.8616826555808074772 -1.062293660687178675772202
85378.76455137743323575705 446442.5876038764254190028 -1.062293660687146257259883
85386.84454525214096065611 446494.1526647277059964836 12.17371877862058049402094
85372.99890037532895803452 446438.2386683167424052954 16.31059771848899231372343
85369.99839896555931773037 446439.1384475403465330601 15.5859327095743260827021
85371.15165946961496956646 446443.4733726661070249975 19.04483795107146804070908
85370.68928505442454479635 446443.5118339035543613136 19.01187635430772360223273
85369.45537019027688074857 446442.9987181600299663842 19.0117116959728491565329
85354.4463306769757764414 446450.1491473040077835321 -1.062293660687178675772202
85353.70630519924452528358 446448.2494705021963454783 -1.062293660687179119861412
85359.46575413693790324032 446459.5201397643540985882 -1.062293660687179119861412
85358.42610650131246075034 446460.6871317797340452671 -1.062293660687179119861412
85359.3519821420923108235 446461.9462949415319599211 -1.062293660687179563950622
85368.78042352311604190618 446449.6620527345803566277 17.79095943334979423866571
85372.30533448935602791607 446445.7680582414614036679 16.5933204353938386077516
85370.97943304981163237244 446444.4536485833232291043 17.75442654415238408205369
85367.07448424908216111362 446445.8092656469088979065 15.63290568010201475601662
85373.83223649868159554899 446442.5376209642272442579 15.97826442915583200488072
85384.22033192119852174073 446435.0499574627610854805 9.8532898617496815774075
85385.09064858005149289966 446436.7331793798948638141 11.1519101033987357851629
85383.92141387067385949194 446436.2602885061060078442 12.19728872145024389794798
85361.08852268217015080154 446463.1311485557234846056 18.7976999320365685264278
85361.33253617590526118875 446462.6612612614990212023 17.93137082233258183805447
85352.0886038197495508939 446463.4488571376423351467 -1.062293660687178453727597
85365.96210020434227772057 446450.0649131043464876711 18.21861880510924436293863
85342.38464265903166960925 446453.0314219846623018384 -1.062293660687179341906017
85351.65634608195978216827 446465.6777849916834384203 16.45039109987148151503789
85353.42679590026091318578 446466.2212896026903763413 16.15801130380349448500965
85351.52171376829210203141 446466.7065491183893755078 17.98952964761424055950556
85338.99567623520852066576 446459.2058376073255203664 14.79787370160025616883104
85354.71437724740826524794 446459.6950604332378134131 17.60707311704147315367663
85353.58862646824854891747 446458.5018060236470773816 16.50739453014915980588739
85356.00355420849518850446 446457.057565753988455981 15.41848548970921939371692
85349.53825938777299597859 446464.4889613272389397025 15.98342683107450667989724
85348.3191772976570064202 446463.5618908142787404358 15.34648990740451779402065
85360.37727718253154307604 446455.0893617772380821407 19.0507340241429297122977
85352.94156865680997725576 446459.3048227525432594121 17.30467793780467289366243
85351.72334667923860251904 446457.9502441080403514206 16.84608502637728832951325
85353.03017171953979413956 446458.7531797050032764673 17.23044791706235301376182
85348.0175602160015841946 446458.4384297409560531378 16.13366940579874864170051
85348.55238116157124750316 446456.9346982851857319474 16.11378993756696331729472
85340.96876733515819068998 446448.0239108725800178945 13.61327835615889192411032
85351.00138909599627368152 446456.0017450700397603214 14.66102719311616731090453
85352.72322725312551483512 446454.0287237578886561096 16.0312461489610171838649
85344.79273082560393959284 446453.9104675423004664481 14.99892098897242220800763
85340.37622690974967554212 446457.813676829042378813 14.38367967052602836020014
85335.05663683757302351296 446452.1234684127266518772 9.872632664433165672335235
85348.49677682277979329228 446437.6109117920859716833 14.31990000707284593772783
85357.56314010945789050311 446444.5464761718176305294 16.96780307142223520600055
85355.83632516139186918736 446446.7446528782602399588 16.78812524080661106040679
85348.15295588971639517695 446441.5222455291077494621 14.60636155618056619687195
85337.56475934262562077492 446445.2724567177356220782 -1.024642451547876698114692
85339.78744279794045723975 446464.0279882740578614175 -1.062293660687179119861412
85334.3834067334100836888 446452.8146574390702880919 4.062034777715364697314726
85346.95498706091893836856 446444.5743526635342277586 14.59003676877821931157087
85340.97472470146021805704 446436.920242809341289103 3.795805083318126271763049
85336.07043243758380413055 446463.0335229990305379033 2.539505118865286181772944
85339.12704161064175423235 446441.4069102327921427786 9.778559953534893267601547
85340.61816180669120512903 446443.5562800458283163607 -1.062293660687179563950622
85339.77514067468291614205 446452.9637427892885170877 -1.062293660687179785995227
85339.53284159470058511943 446451.3155620573088526726 -1.062293660687178897816807
85338.69619907466403674334 446447.7286954713054001331 11.78832751728090144638372
85337.03613671560015063733 446446.48997501126723364 9.808463684857445130660381
85335.42997556409682147205 446450.2909438185160979629 7.200749242178209108544706
85334.34031301872164476663 446452.9185743450652807951 2.665238477889192214576042
85332.82781747386616189033 446460.3953044253285042942 -1.008179301828382445904708
85332.2106559940439183265 446459.9301750705926679075 -0.9390718713037027320922334
85336.09657954532303847373 446448.6834838048089295626 7.736822362526167395913035
85335.96042849072546232492 446453.3656288023921661079 -1.062293660687179563950622
85347.61558810426504351199 446464.1939958631410263479 -1.062293660687177565549177
85357.93399929473525844514 446462.0189678047900088131 -1.062293660687179119861412
85357.83853067101154010743 446463.84593639598460868 -1.062293660687178231682992
85357.68298207550833467394 446473.562860637903213501 -1.062293660687179785995227
85337.67637810100859496742 446448.6782235961873084307 -1.062293660687179119861412
85337.66880928352475166321 446447.0478939109016209841 -1.062293660687179119861412
85343.65157249406911432743 446446.5524853428942151368 -1.062293660687179341906017
85346.98665919763152487576 446438.1457633174723014235 -1.062293660687178897816807
85344.15374304074794054031 446439.4819641083013266325 -1.062293660687178897816807
85346.76886653677502181381 446440.1883788896957412362 -1.062293660687146257259883
85331.9503957677079597488 446458.9299952415167354047 -1.046395108426870113049745
85332.20961023271956946701 446459.9323768840986303985 9.732427184798737584969786
85340.72232248281943611801 446464.7833208789816126227 -1.062293660687179341906017
85346.78988829447189345956 446457.3684241768787615001 -1.062293660687180008039832
85358.22331021181889809668 446444.0291674309410154819 15.90025467911234358098227
85358.1961170942522585392 446442.2242753296159207821 14.83127456052795700713887
85370.78940711003087926656 446439.4679152393364347517 -1.062293660687180452129041
85368.87021067863679490983 446455.173781277728267014 -1.062293660687146257259883
85369.65585317379736807197 446453.4225295682554133236 -1.062293660687259944097605
85372.98832459028926678002 446450.1832295687636360526 15.95768212598179403016729
85343.02483295595447998494 446461.6265466326731257141 15.75649228462011919305041
85373.26674719866423401982 446427.7952301422483287752 -1.002146542495791603499811
85370.00992475020757410675 446448.5686867826152592897 -1.062293660687180230084437
85368.74608999140036758035 446447.0977566100191324949 -1.062293660687146257259883
85362.43183550244430080056 446440.8209646305767819285 -1.062293660687179119861412
85368.09889061670401133597 446427.2268620151444338262 8.948288124845268143303656
85405.43346774610108695924 446448.1370464983629062772 -1.062293660687179119861412
85404.72730713203782215714 446446.6732130063464865088 -1.062293660687179341906017
85403.90243291444494388998 446448.0715798091841861606 -1.062293660687179785995227
85403.68170261781779117882 446451.7590867172693833709 -1.062293660687146257259883
85404.28555194323416799307 446449.5553497889777645469 -1.062293660687179341906017
85389.48135709679627325386 446452.2787823508260771632 -1.062293660687179563950622
85357.25333756247709970921 446451.1309490956482477486 -1.062293660687177787593782
85355.91056379316432867199 446453.9058120075496844947 -1.062293660687177343504572
85358.98879912565462291241 446453.6830697867553681135 -1.062293660687180452129041
85366.42453594875405542552 446480.4581476422026753426 -1.062293660687179341906017
85363.16157247287628706545 446472.807199340604711324 18.38888332723803387125372
85363.91457302571507170796 446456.3080817950540222228 -1.062293660687179341906017
85359.74797471141209825873 446455.2735608888906426728 -1.062293660687179341906017
85359.75745527837716508657 446448.6777939397725276649 16.42721637696866920919092
85335.36115255980985239148 446450.6336871605599299073 9.848324681307920158701563
85359.34745150849630590528 446456.9898332099546678364 -1.06229366068718356075351
85356.25474054082587826997 446456.2127084494568407536 -1.062293660687146257259883
85346.88229933245747815818 446471.6860351356444880366 2.120055411506491349626913
85353.16213328970479778945 446460.6478813068242743611 -1.062293660687180230084437
85365.23859581387660000473 446481.3306090948753990233 -1.062293660687177787593782
85354.8558861016936134547 446467.3635104830027557909 16.98883728459214736972172
85380.34732393031299579889 446446.351885744312312454 -1.062293660687179341906017
85378.25665871235833037645 446448.3822669950313866138 -1.062293660687259944097605
85379.89636397799768019468 446449.3034551168675534427 -1.062293660687179341906017
85360.1304202054743655026 446462.8752928845933638513 19.01319074132720388092821
85355.52655749890254810452 446471.7278792384313419461 15.67176748869449731671466
85355.41424884297885000706 446470.3398295899969525635 17.41830189284500818303059
85356.20967795552860479802 446470.8782939563971012831 17.5217134671662329026276
85354.79478118901897687465 446463.9720648817019537091 15.6362386486374020932999
85358.19706505317299161106 446472.772010671382304281 15.34225159851795972087984
85351.19712006743066012859 446466.8066824876004830003 17.68441862533202879603778
85372.71963087475160136819 446448.2718801245209760964 -1.062293660687146257259883
85357.90810342549229972064 446446.6241196747287176549 17.23776647321587773831197
85366.98465557891177013516 446457.5442912544240243733 18.73672775612157792579637
85357.84394441590120550245 446462.8670975847053341568 17.99764218729710307798086
85358.66275799956929404289 446470.6834912929334677756 18.79006581176885504191887
85359.37240856316930148751 446466.8209936276543885469 15.40294451500010097788618
85358.23600641022494528443 446453.4862399575067684054 17.94233070679513630807378
85358.39869435007858555764 446469.1935728673124685884 17.52970352809710874453231
85352.04681373793573584408 446458.4561509816558100283 -1.062293660687179119861412
85354.09669514822599012405 446457.0976202589808963239 -1.062293660687178231682992
85358.28003517229808494449 446468.5025766777689568698 16.55635366690664156408275
85363.85451244623982347548 446459.6830646783346310258 -1.062293660687179563950622
85365.02253834565635770559 446461.250931159476749599 -1.062293660687181784396671
85355.73976596842112485319 446465.5626213737996295094 15.86924850692475885693966
85346.60929349935031495988 446447.3164661481860093772 14.7976120020902275342678
85339.35163823618495371193 446442.921808854560367763 9.86898615403484491537256
85340.48892117370269261301 446443.7737514635664410889 12.30532252603681442337802
85389.26303242493304423988 446431.2406453584553673863 -1.062293660687179563950622
85389.70433890237472951412 446430.2094963678391650319 -1.05270686261946333495132
85388.00397516581870149821 446429.4145322572439908981 -0.9668465364960605601396537
85389.78862445401318836957 446430.1407011140836402774 -0.4601243087637644224585642
85351.92421163084509316832 446441.6710956667084246874 15.45573732084842788481183
85350.68415735090093221515 446443.400935767509508878 15.34028004823561275316024
85341.18004285376810003072 446442.2735579331638291478 11.11963007359231703219393
85337.42920028565276879817 446450.7360339471488259733 11.63114291608987471704495
85338.20735052585951052606 446455.9248521379777230322 13.72868274080563111283482
85345.7745851709769340232 446455.7744237702572718263 15.39144335837568178249057
85341.22277681475679855794 446436.3243727174703963101 9.734438419701234579406446
85352.2755292038491461426 446441.1293186929542571306 15.22738104569263661858258
85353.47772356016503181309 446441.6063891273224726319 15.20253575349364183466605
85352.25745252754131797701 446441.3418875422794371843 15.49008461839810912863413
85360.19956330125569365919 446446.146768206381238997 17.75950407066696357105684
85361.24070984899299219251 446448.3209484653198160231 -1.062293660687178231682992
85365.20902895537437871099 446449.2452140242676250637 19.00714829492538981980942
85364.7643899911199696362 446448.8139093643985688686 19.01683060552543835797223
85362.54555515902757178992 446444.1192381053697317839 15.54375206601718062415785
85360.05668595168390311301 446445.4666006842162460089 17.40765854509027477092786
85361.28662136162165552378 446443.4850006287451833487 15.33241759295043493693811
85358.12810879595053847879 446438.0175348022021353245 16.49377505198217619408751
85360.05353604318224824965 446437.4971505758003331721 16.87230061416439141908086
85356.33882587774132844061 446431.4595995277049951255 15.91309721465150417429868
85364.97103163378778845072 446437.1213363694259896874 -1.062293660687179341906017
85363.66940039407927542925 446438.2133700603735633194 -1.062293660687179119861412
85354.22688726993510499597 446455.0603022975265048444 -1.062293660687146257259883
85366.65616815492103341967 446448.0384552114992402494 16.69497444204336389361742
85360.79777780071890447289 446441.2875369693501852453 16.15807117274671611539816
85415.26067696594691369683 446456.4614391811192035675 15.09074028313985493809923
85413.03333760816894937307 446457.516592423606198281 14.03409451083114056757495
85380.12613244484236929566 446452.6658775013056583703 15.22306210886989852326678
85382.1022187540220329538 446450.9528823696309700608 14.88398412656639990814256
85382.4935781037638662383 446454.1899483759189024568 16.02043047580614043567948
85398.69067737975274212658 446456.4687932714587077498 15.10806538680542132624396
85400.70382925629382953048 446453.7977948682964779437 15.62103937253984575761478
85401.48145815262978430837 446455.2794280718080699444 14.348015274353416614872
85400.66027023908100090921 446457.5071578107308596373 15.11414124642921308350196
85381.77250496354827191681 446440.0529071625787764788 19.04056940762575322878547
85380.47455905283277388662 446439.3014888680772855878 19.00094349085865275128526
85381.71001326863188296556 446440.4001561338664032519 18.50427741509992429769227
85386.51762517471797764301 446437.5247570648207329214 12.48605602793006674744447
85372.37065052146499510854 446444.8447463694028556347 18.03544893268552229415036
85378.8300356783001916483 446434.9431355127599090338 13.40737484419671154967091
85376.08573211666953284293 446445.3427936438820324838 18.79561774808322027752183
85376.27261873093084432185 446444.6169652450480498374 17.58545429333335619048739
85378.06499911857827100903 446438.2984856003313325346 18.99569522572193847054223
85372.84700121292553376406 446444.3985754100722260773 19.0249620989923364788865
85373.4223801751941209659 446445.3564521871157921851 17.920060597475341523932
85372.30279809216153807938 446443.9329988813260570168 19.03014096509499353260253
85395.86335623485501855612 446454.1264930025208741426 -1.062293660687179563950622
85393.30117783012974541634 446477.3606116586597636342 14.01072478347179206537021
85391.76726897693879436702 446478.289512581133749336 15.79914632073026226066759
85392.89995485132385510951 446479.3913356399862095714 14.94342059204717543252627
85366.92621332459384575486 446440.3821574702742509544 17.04796586880689801546396
85365.01136884203879162669 446440.4702928551705554128 18.24497508658686228955048
85364.83861011230328585953 446440.0850807201350107789 17.9048728428389303246604
85378.6936994326242711395 446441.1420004467945545912 15.47270511311914198415707
85373.8110499088215874508 446446.9774288744665682316 15.70463230800964993250091
85370.73094677292101550847 446446.9674961186246946454 14.74975113937630055715999
85380.61678789390134625137 446448.8740835885982960463 17.10460690949376783009939
85380.33767172643274534494 446448.0561560154892504215 18.17023155633579634127273
85382.20085737979388795793 446448.8864118820638395846 17.9090085085933168329575
85394.62922634970163926482 446443.8508368267212063074 -1.062293660687179563950622
85393.5960843662905972451 446446.4942754727089777589 -1.062293660687146257259883
85374.5686746177525492385 446441.2671041669091209769 14.467397976899444955734
85372.6867920258519006893 446442.2322262227535247803 16.23405593224955367759321
85375.8182453689951216802 446436.1092240923317149282 17.08191932377907917839366
85367.85025395658158231527 446445.5572461825795471668 -1.062293660687179785995227
85364.55689916375558823347 446433.7879613785771653056 17.77548202173912272883172
85368.17145856846764218062 446448.355785821913741529 16.2274494274415701511316
85361.71062273914867546409 446437.8238797958474606276 16.45374332821227980616641
85387.46029090246884152293 446430.4292741076205857098 2.8529326447070588734789
85387.12610792856139596552 446431.2431785181979648769 1.133851841433920926149881
85387.85933777221362106502 446429.4647930595092475414 1.277807478925325979091099
85381.51398143767437431961 446442.101935745042283088 15.7864479448341938905287
85379.87531714617216493934 446443.0452077949303202331 13.79992960502178966919473
85382.54388786519120912999 446431.7426663332735188305 7.109964787831751564795013
85425.42254477222741115838 446452.172048318141605705 16.33678932743849898656663
85405.98554500589671079069 446436.8586582451243884861 5.478049684009688391483905
85407.81545337493298575282 446437.6176268742419779301 5.496287670356817756101009
85401.49016397313971538097 446478.5135389232309535146 16.60027907248590395283827
85400.66542819364985916764 446478.388811400393024087 16.52392123743510055078332
85400.62135261429648380727 446478.0860049122129566967 16.54764385859812847456851
85449.21040625678142532706 446465.1226820757146924734 6.931767255585444154064589
85406.57050580490613356233 446449.5640851689968258142 -1.062293660687146257259883
85405.77822453422413673252 446451.5198301063501276076 -1.062293660687146257259883
85445.49847687021247111261 446467.779685111076105386 -1.062293660687178453727597
85444.56307991441281046718 446466.9160939643043093383 -1.062293660687179785995227
85433.2876238188473507762 446503.5410237548057921231 -0.9525537947893170098723203
85412.05322338378755375743 446455.8727163527510128915 -1.062293660687146257259883
85430.85178815964900422841 446453.4570360157522372901 -1.062293660687179563950622
85429.94899839822028297931 446452.3638159651309251785 -1.062293660687178009638387
85425.90543703512230422348 446448.7101202518679201603 -1.062293660687179341906017
85438.45994483493268489838 446463.2184559680754318833 17.97405460917687491928518
85440.11698398289445322007 446463.3579921132768504322 17.88903125059658094642145
85440.23370056276326067746 446464.7384174687904305756 17.95511284957285980112829
85407.53186642292712349445 446453.28328228514874354 15.09307881283837460273389
85405.85488549851288553327 446453.1921880872687324882 14.2166047416850531703858
85406.08061642218672204763 446452.6991991295944899321 15.08565997911357570160362
85402.9334280018083518371 446464.1022268653032369912 14.10081023950899492547251
85410.78720388417423237115 446463.0529419018421322107 -1.062293660687146257259883
85400.03618125774664804339 446445.0086888758232817054 15.34489172484068930657486
85399.96050223703787196428 446445.4247981194639578462 15.73336028501003980295536
85412.4024191972566768527 446439.5201063682907260954 3.070315094555135182474714
85412.96627397726115304977 446439.7539694924489594996 4.813879756726532122002027
85411.26491879665991291404 446439.048319293069653213 4.672139674171699397220436
85415.54429682703630533069 446453.4317192397429607809 -1.062293660687179563950622
85414.41419299747212789953 446454.3219054958317428827 -1.062293660687178231682992
85427.66620048778713680804 446446.0051618621218949556 -1.062180937884484199784652
85417.17964470335573423654 446491.4898242093622684479 -1.062293660687187557556399
85415.86777465646446216851 446489.9814589922316372395 -1.062293660687178897816807
85414.8174146348173962906 446491.6823153862496837974 -1.062293660687180896218251
85430.30715787102235481143 446472.0802993529941886663 18.04160668546779433540905
85429.27138787132571451366 446470.6678809773875400424 17.47417884614840488666232
85430.50046641219523735344 446468.7645912683219648898 18.42890351128378512157724
85414.42193966837658081204 446456.9062861455022357404 -1.062293660687179563950622
85415.6131551483558723703 446459.0747448758920654655 -1.062293660687178675772202
85388.51530574864591471851 446481.3909688923158682883 15.07711633098462478130841
85386.84376171180338133126 446480.6890953003312461078 15.08757070815701695210009
85417.55569857904629316181 446448.7453434200724586844 -1.062293660687179785995227
85416.34452682231494691223 446448.4923238448682241142 -1.062293660687178231682992
85385.95204145324532873929 446449.4127951473346911371 -1.062293660687180008039832
85384.62726777394709642977 446448.2601867279154248536 -1.062293660687179341906017
85384.127335159937501885 446449.9435164197348058224 -1.062293660687181784396671
85390.85026691596431192011 446481.0807067045825533569 15.0778298812888937874277
85391.11573758229496888816 446479.1554588694707490504 14.18701416934906944788963
85396.58639754877367522568 446464.778283041319809854 -1.062293660687146257259883
85395.65793444192968308926 446466.7714364766143262386 -1.062293660687179119861412
85397.84240637683251406997 446467.0220092666568234563 -1.062293660687174456924708
85397.69286587144597433507 446440.2570389976026490331 12.18197869531066146464582
85394.9821978831896558404 446439.5537494577583856881 12.15629404294543647324645
85370.37044892917037941515 446466.083035629300866276 17.42194585623491676074082
85372.13811629073461517692 446440.1179180726758204401 15.06375434992281725499197
85382.5140713176951976493 446437.3650958224898204207 -1.062293660687178009638387
85381.0409966177394380793 446439.3444589358987286687 -1.062293660687146257259883
85374.85026480736269149929 446459.0799674369627609849 -1.062293660687146257259883
85373.20692693669116124511 446456.8453498775488696992 -1.062293660687179563950622
85371.61212991877982858568 446454.3053459465154446661 -1.062293660687179785995227
85370.5207948458701139316 446456.1534182446775957942 -1.062293660687176455326153
85387.93840685473696794361 446437.9176578455371782184 11.23787208656679936780165
85402.38089179724920541048 446459.9901577018899843097 -1.062293660687146257259883
85393.71303130812884774059 446440.0726373302168212831 -1.062293660687181118262856
85382.81874396097555290908 446431.8606716647045686841 0.1747490315909707714325805
85382.50638513999001588672 446431.7265651021734811366 1.513883664265265993620346
85381.40918996550317388028 446431.25550085335271433 0.8188330257688785085434802
85406.66220957873156294227 446437.2439205896807834506 -1.053002737469759697575
85407.44944706191017758101 446439.0056363220792263746 -1.062293660687180452129041
85408.71987743899808265269 446438.0007588353473693132 -0.9602708271358915137483336
85421.47732661721238400787 446459.6918733470956794918 14.85983124645715847123029
85419.31069772614864632487 446460.4285605372861027718 14.40499882582456514512614
85421.04887961706845089793 446458.8417741759913042188 15.66005053249785383684411
85405.26387490073102526367 446436.5593399983481504023 3.356881665973281414494522
85402.25575899233808740973 446435.3117006939137354493 3.82624051318695856949148
85402.01873618592799175531 446435.2133936546742916107 2.048100205510100302319643
85392.39970986872503999621 446436.2636423717485740781 9.785593601875236302589656
85390.86134156284970231354 446437.3333770441240631044 9.851784503328508080244319
85389.65278137223504018039 446435.2226725767250172794 9.84995560203093489803905
85429.62633846583776175976 446446.6638598910067230463 1.13388693389258010668641
85412.04396879448904655874 446452.7852763739647343755 -1.062293660687181340307461
85410.74464373728551436216 446451.2454372360371053219 -1.062293660687259944097605
85410.20795692641695495695 446454.3345136720454320312 -1.062293660687146257259883
85408.86252077648532576859 446449.8959606294520199299 -1.062293660687179119861412
85415.86439201452594716102 446466.908303505799267441 -1.062293660687179785995227
85390.45662911604449618608 446477.9578107120469212532 15.58072082502247468482892
85390.72189559567777905613 446477.7041011966066434979 15.742782930781986650004
85403.05360953600029461086 446454.6780818475526757538 15.57974018444816977080336
85401.8733463772659888491 446454.2200689021265134215 15.60173674692306988731616
85403.83048474859970156103 446453.5281090321950614452 13.82557144493568657139804
85414.40361868499894626439 446450.7941903225146234035 -1.062293660687181784396671
85413.34357892854313831776 446448.7373246963834390044 -1.062293660687179785995227
85406.61980289744678884745 446462.9138215213897638023 -1.062293660687146257259883
85418.39370921111549250782 446460.7189309544046409428 -1.062293660687177787593782
85447.755883945690584369 446468.6349176397197879851 5.548242744935791392890678
85446.88236258042161352932 446470.7429158150916919112 5.418387055932049278794693
85417.30039247799140866846 446457.8678167707403190434 -1.062293660687179119861412
85423.28578650279087014496 446460.6308291292516514659 -1.062293660687177343504572
85423.66757419258647132665 446457.775869909324683249 -1.062293660687146257259883
85421.51753805522457696497 446457.7530989055521786213 -1.062293660687146257259883
85411.26943780241708736867 446475.598241414874792099 -1.062293660687146257259883
85413.11159974585461895913 446474.8441086641978472471 -1.062293660687146257259883
85426.09020623826654627919 446455.9051256493548862636 17.31150514234862214379973
85424.63899694370047654957 446457.42882414540508762 16.95715203018336936224841
85416.3233168027363717556 446465.3966885532718151808 -1.062293660687179785995227
85402.61713618465000763535 446467.9496638510026969016 -1.062293660687179341906017
85404.10857049032347276807 446468.3302717174519784749 -1.062293660687146257259883
85436.2904971413518069312 446466.9005574398906901479 17.99750975143500753006265
85430.33404115089797414839 446466.9733504552859812975 -1.062293660687180008039832
85415.42936958526843227446 446471.820685629325453192 -1.062293660687146257259883
85406.64215632040577474982 446492.3974174918839707971 15.7987710078055680895659
85408.92356125159130897373 446492.1375290979049168527 16.3849889711780640766392
85407.78959305032913107425 446494.0996467401273548603 16.24738771328665976056982
85411.94277989308466203511 446480.9302354886312969029 -1.062293660687179785995227
85410.7844832015543943271 446478.4294619248830713332 -1.062293660687179563950622
85415.53031205163279082626 446464.1251210158225148916 15.63674864623673954611149
85416.28775219408271368593 446464.1057663394021801651 15.67637847719573862548259
85416.71868470903427805752 446465.0830854302039369941 14.980581705880007703513
85423.4112004708731546998 446479.5320539663080126047 -1.062293660687146257259883
85425.27332063368521630764 446478.0823056008666753769 -1.062293660687179563950622
85444.7902994141768431291 446454.8599820869858376682 12.14394362979578367855993
85443.50854934469680301845 446454.3784087742678821087 12.14489403894410557427364
85444.79755710320023354143 446453.0680191914434544742 12.13491777940310178962591
85438.9731930159468902275 446473.9731106670806184411 -1.062293660687179563950622
85437.51693476778746116906 446473.6600590003654360771 -1.062293660687179119861412
85417.44992212788201868534 446441.6135971863986924291 8.838101947265961655375577
85438.08559494971996173263 446491.9709041104069910944 17.22508406368482170023526
85437.63416132891143206507 446493.0638129594153724611 16.357680317256278357263
85437.10732797099626623094 446494.2775299873319454491 17.91824324074424623631785
85441.83963540956028737128 446460.2313531606341712177 -1.062293660687179785995227
85442.16516547776700463146 446461.2152248445781879127 -1.062293660687179119861412
85444.74899494314740877599 446458.2414482544409111142 -1.062293660687180452129041
85442.93348785194393713027 446459.0649403708521276712 -1.062293660687179563950622
85409.20880100592330563813 446442.7549827548791654408 -1.062293660687179341906017
85410.99200924056640360504 446443.4792185878613963723 -1.062293660687179785995227
85416.09181377045752014965 446441.0503112575970590115 10.15419808140110902172637
85415.74233037421072367579 446440.9053603202919475734 8.252198469936818270298318
85426.89836609947087708861 446458.1601173284579999745 -1.062293660687179563950622
85427.37885086308233439922 446456.7767410266096703708 -1.062293660687179119861412
85426.05117759238055441529 446456.1587772032944485545 -1.062293660687177787593782
85416.54831498302519321442 446441.2396486606448888779 6.446401762608784835606457
85414.81448860141972545534 446440.520530780078843236 4.724466613874169773623635
85417.17930056429759133607 446441.5013548031565733254 4.62322079995402024366058
85421.01348373715882189572 446469.6832015843829140067 -1.062293660687146257259883
85419.37837537504674401134 446471.1746997911832295358 -1.062293660687146257259883
85421.3638153776410035789 446471.7092873748042620718 -1.062293660687179119861412
85414.40136018695193342865 446452.5580705272150225937 -1.062293660687179563950622
85400.3570471585844643414 446461.7482382446178235114 -1.062293660687179119861412
85398.19020673596241977066 446460.9632985207135789096 -1.062293660687179119861412
85398.63524723138834815472 446463.2245518777635879815 -1.062293660687146257259883
85416.10675900743808597326 446452.1076336942496709526 -1.062293660687178897816807
85420.39382868779648561031 446459.6975641906028613448 -1.062293660687180674173646
85408.62704156241670716554 446449.6535397297702729702 15.00946170199908813458478
85407.59702477010432630777 446448.9583506601047702134 15.32644457137847560090904
85406.66555042963591404259 446452.0116280385409481823 15.10828268258619289099443
85410.70532731234561651945 446447.9226612552884034812 -1.062293660687179341906017
85409.38119525542424526066 446447.4939450689125806093 -1.062293660687178897816807
85409.68447784784075338393 446448.8164410497411154211 -1.062293660687179563950622
85402.64358314100536517799 446457.604525522910989821 14.50861403322296183660001
85402.33494022984814364463 446458.0042817432549782097 15.11134302143400454099265
85399.2869683011231245473 446465.9601653818972408772 15.05912213847543767997195
85400.98312220994557719678 446465.4651009949157014489 15.10734517850638880531733
85417.0445735387911554426 446449.1530037513584829867 15.05880632272539187965776
85416.72573428695613984019 446447.777564522810280323 15.09114021920726500525234
85418.34970815350243356079 446448.442303897172678262 15.08591693651279719290415
85413.34239698290184605867 446453.8432943891966715455 14.28851567060357119487435
85414.93445770637481473386 446455.1880577171104960144 15.09453137380131515499215
85413.16727204536437056959 446454.444227149011567235 15.09372846077214980198278
85419.48380748626368585974 446445.3083742301678285003 12.16253469469477010989067
85412.65342187347414437681 446439.6242116664652712643 0.9699007700239696827537728
85414.39365211028780322522 446440.3459855956025421619 1.000303553164013870002691
85414.03602962069271598011 446440.1976589063997380435 3.42977830613183121144516
85392.47487202392949257046 446450.7861261319485493004 -1.062293660687179119861412
85395.97661490637983661145 446450.5186236111330799758 -1.062293660687255725250111
85394.12341853223915677518 446449.312889903609175235 -1.062293660687146257259883
85412.54008916590828448534 446470.1565306559787131846 15.0549330997263233200556
85413.21977839703322388232 446468.6390412158216349781 13.73190186461935624606667
85401.9794146265194285661 446435.1970847341581247747 5.577295757094722361557615
85402.32945652907073963434 446435.3422673163586296141 7.312833189217220031252964
85400.5617659239360364154 446434.6091039874590933323 6.218719743817844758382307
85402.336036564243840985 446435.3711785488412715495 12.10388948423249999564177
85402.66367810461088083684 446437.393776873592287302 12.1726452538656850776988
85401.05475292309711221606 446437.6713271408225409687 12.17461213735716363260053
85383.00675781167228706181 446447.6723617722745984793 -1.062293660687180230084437
85381.33470443528494797647 446448.0916805326705798507 -1.062293660687179785995227
85382.94436845395830459893 446449.1151655979920178652 -1.062293660687179119861412
85434.67142417147988453507 446474.5459086563787423074 18.41836275810537415509316
85411.97571546371909789741 446473.7887219729018397629 15.07948036919405865319277
85411.0506001974135870114 446470.7502808551071211696 15.09567122786198467565555
85377.23392022502957843244 446451.1742515569785609841 -1.062293660687146257259883
85378.63107809636858291924 446452.4504104043589904904 -1.062293660687180452129041
85380.03278602469072211534 446451.1792509317165240645 -1.06229366068718533711035
85394.11152726747968699783 446464.0805132788955233991 -1.062293660687179341906017
85419.36804435090743936598 446457.6997067178599536419 -1.062293660687146257259883
85390.69317702250555157661 446470.0492499143583700061 -1.062293660687146257259883
85392.84354647500731516629 446470.0713111485820263624 -1.062293660687178897816807
85428.3091331656469264999 446454.5168285894906148314 18.01149405250450286075647
85427.31950911891181021929 446453.3580625271424651146 16.97990964296576166248087
85412.43829439127875957638 446461.2995801526703871787 14.04262346053437227055838
85409.69635669680428691208 446461.1066896658740006387 15.10596273933175659465178
85410.04483783955220133066 446458.6831751986173912883 14.52479163301867259860956
85402.46256629105482716113 446462.5913788708276115358 -1.062293660687179563950622
85408.83346922625787556171 446464.5398873328231275082 -1.062293660687179341906017
85409.01945812150370329618 446475.8567692933138459921 -1.062293660687179341906017
85408.82820037449710071087 446477.2055314220488071442 -1.062293660687179563950622
85395.61132079649541992694 446480.2320009813411161304 -1.062293660687178897816807
85396.88260392761731054634 446482.4524952629581093788 -1.062293660687181784396671
85397.9417775080946739763 446480.371928169799502939 -1.062293660687146257259883
85436.42607872263761237264 446495.9799584816792048514 4.313270630769591384989781
85415.08757914417947176844 446475.0844880496151745319 -1.062293660687259944097605
85414.0680607819085707888 446467.6266336428234353662 15.40656237769434078188624
85416.0057626730267656967 446468.146660180005710572 15.78378044999913676349479
85414.99793275260890368372 446469.5687845697393640876 13.47559105995523154319926
85412.55024419327673967928 446466.1146021538879722357 15.08174033166103100711553
85410.79752516004373319447 446465.3688585945055820048 15.07503206013272034624606
85413.02066547755384817719 446463.3132533466559834778 16.11435791933826067179325
85400.80077374591201078147 446462.8259321755613200366 14.62143302573067771277238
85437.65909351427399087697 446493.0036380912060849369 8.544250651378215266618099
85438.61554867019003722817 446490.6944872371386736631 8.842659751120720557082677
85438.18244419331313110888 446491.7404745201347395778 6.665601311859138178306239
85401.85875461698742583394 446454.4828325110138393939 15.49231340708188930932465
85405.3374492834263946861 446465.6096503360313363373 -1.062293660687180230084437
85408.04580636303580831736 446466.8653277303092181683 -1.062293660687146257259883
85421.40078288473887369037 446478.4735309836687520146 -1.062293660687181562352066
85387.2605762481689453125 446432.8892353271367028356 9.842184532916871120278302
85387.32931559052667580545 446432.994385978439822793 8.745419881528567529471729
85415.29480267988401465118 446470.9307853986392728984 14.58634886493785742800355
85395.00219862913945689797 446477.7603977106045931578 -1.062293660687178231682992
85394.53528446576092392206 446475.0600087254424579442 -1.062293660687179563950622
85392.57937346381368115544 446476.9795195119804702699 -1.062293660687146257259883
85396.47341006381611805409 446445.5712765664793550968 -1.062293660687179341906017
85398.41623443324351683259 446444.2628727100091055036 -1.062293660687179119861412
85396.80025429875240661204 446442.5672620863770134747 -1.062293660687146257259883
85388.50324003977584652603 446470.0267827459028922021 -1.062293660687182672575091
85399.9257673875690670684 446441.2214430888998322189 -1.062293660687180008039832
85400.36527904085232876241 446442.9637528927414678037 -1.062293660687179563950622
85400.99505332788976375014 446441.8782971908221952617 -1.062293660687179563950622
85351.6396469751198310405 446438.2163016158738173544 15.04158721939274734324954
85388.81022223483887501061 446453.3669951755437068641 15.11570027051731379685862
85389.13028255509561859071 446452.5760160134523175657 15.13669528774040351493113
85390.5349776858784025535 446454.0375112317269667983 15.13049734214260766407278
85418.54762278070847969502 446477.5008650445961393416 16.61316260410591638674305
85420.69836967001901939511 446478.4290258298278786242 16.67065444049331901510413
85418.46430291402793955058 446478.4877677741460502148 18.04293289979202796757818
85388.43348318517382722348 446438.578021220862865448 -1.062293660687178897816807
85388.77906448004068806767 446440.7243022898328490555 -1.062293660687146257259883
85390.29587856968282721937 446438.5465536530246026814 -1.062293660687179341906017
85403.97139654170314315706 446454.1728351195342838764 -1.062293660687178231682992
85402.32234638201771304011 446453.1464927941560745239 -1.062293660687179563950622
85418.53746717509056907147 446447.3730712246615439653 13.4244171208107179182889
85401.99907032024930231273 446455.0617571586626581848 -1.062293660687180674173646
85386.92620951734716072679 446435.4789772634394466877 9.852623027794871646278807
85402.3851650129072368145 446448.2866417958284728229 -1.062293660687182006441276
85410.99232834774011280388 446438.9352602994185872376 0.4074085264808546269499345
85411.63792939520499203354 446439.2030283193453215063 1.328770106331567335544719
85410.94298458243429195136 446438.9147945917211472988 2.207052869030867281452402
85388.71213315929344389588 446453.1816202971385791898 -1.062293660687179119861412
85385.80638469167752191424 446452.9153576964163221419 -1.062293660687179563950622
85399.04522136101149953902 446433.9801054190029390156 -0.8937317509360662715067747
85397.42671364430862013251 446433.308816772245336324 -0.7730558133642324580847571
85348.59778328509128186852 446451.4627119667711667717 -1.062293660687179119861412
85418.44374763606174383312 446452.803885670960880816 16.12558315742497683231704
85417.2723702944495016709 446452.499022813921328634 15.90780129826462108155738
85417.55893368879333138466 446452.2790122724254615605 16.30100323293246233902209
85373.81996931828325614333 446442.861793822783511132 -1.062293660687259944097605
85368.38154138567915651947 446427.304494230542331934 -1.023135886998896681987503
85396.22907103493344038725 446433.8026790255680680275 -1.062293660687179341906017
85421.66004078411788213998 446443.5200464800000190735 12.15775377391383393899105
85369.46012067735136952251 446427.368835092696826905 4.747679031285190198730106
85376.77101067056355532259 446441.7241220386931672692 -1.062293660687179785995227
85398.59566543837718199939 446447.722314054670277983 -1.062293660687178453727597
85397.38032243296038359404 446449.2086808476014994085 -1.062293660687179341906017
85409.06599203086807392538 446457.2943333769217133522 15.62318774433868284745586
85407.52893810522800777107 446455.6825358583009801805 14.56741162997707128567981
85409.89962256033322773874 446456.2450706532690674067 14.06652071712376006473733
85380.95873929974914062768 446431.0621826016576960683 -0.9185495884560855861522555
85391.23752967231848742813 446430.7417308954172767699 0.9914257384270696027428471
85389.37605645200528670102 446429.9695611023926176131 1.498368760481163297626495
85390.17198442113294731826 446430.2997251512133516371 0.6647076587157894067559027
85388.81319154766970314085 446442.8979591628303751349 -1.06229366068719932592046
85390.27607978813466615975 446444.3422201439971104264 -1.062293660687146257259883
85389.72239400213584303856 446439.7135189431719481945 13.79469421641045379089974
85391.49614029063377529383 446440.7633286112686619163 14.27232086643583031104754
85389.81551057253091130406 446441.1378455368103459477 15.70437871113283812007921
85386.80833127204095944762 446432.8981702669989317656 -1.062293660687179119861412
85389.69828291509475093335 446433.5471125396434217691 -1.062293660687175567147733
85384.76870847225654870272 446439.0461594230146147311 -1.062293660687146257259883
85384.46343437810719478875 446437.1031041764072142541 -1.062293660687146257259883
85407.75874407141236588359 446437.5941062505007721484 3.516095387196383370564945
85409.71366788606974296272 446438.4049259988823905587 3.548752887891179597090741
85386.77347976769669912755 446439.8855062359943985939 -1.062293660687146257259883
85387.13541797359357587993 446441.8372043741983361542 -1.062293660687146257259883
85396.47686985088512301445 446435.6613767197704873979 11.38300546518460620859514
85397.46864164648286532611 446433.3567415050929412246 10.49730015421576112544244
85397.52643482809071429074 446433.3921886450261808932 12.12398932424231290383432
85386.92311876667372416705 446431.737559701781719923 2.492073788890979191279484
85357.45349108545633498579 446440.2582482323632575572 15.61750325759963864413749
85361.54407935403287410736 446436.2603911100886762142 -1.062293660687179785995227
85359.11549818950879853219 446434.8077070058789104223 14.56346779737135044285878
85364.78574941137048881501 446450.0152385160326957703 17.55575335447722551407423
85363.7844846835796488449 446449.931386393669527024 17.05449901881039309614607
85361.72913418362441007048 446439.6801481745205819607 -1.062293660687179341906017
85360.75784905168984550983 446451.1541156119201332331 -1.062293660687146257259883
85359.01279026696283835918 446450.053813259641174227 -1.062293660687146257259883
85352.49800468605826608837 446457.187092862615827471 15.20149354272432162815676
85354.36632380867376923561 446456.2997397836879827082 15.14693961414873513149359
85356.7970828988472931087 446447.2469353166525252163 -1.062293660687179119861412
85355.85538925501168705523 446448.5062656970112584531 -1.062293660687178453727597
85347.71801804969436489046 446436.2392951217480003834 -1.062293660687146257259883
85394.6174778450804296881 446432.1456200120155699551 7.767020489186112541801776
85394.43335530854528769851 446432.0672966481070034206 5.863929849635606039726099
85397.13574443676043301821 446433.188134887081105262 5.656797246005701218507511
85360.84252584868227131665 446426.4700403230381198227 6.225815647389731033456428
85370.39281410039984621108 446435.6772746286005713046 -1.062293660687146257259883
85371.90020351065322756767 446433.8470806607510894537 -1.062293660687146257259883
85374.97153927554609254003 446429.1828880255343392491 -1.062293660687180008039832
85377.77386661425407510251 446430.5746310071554034948 -1.062293660687146257259883
85366.62669340129650663584 446432.9616874648490920663 -1.062293660687179341906017
85373.44924488810647744685 446429.2252627379493787885 -1.062293660687179563950622
85373.89798814714595209807 446430.6887523079058155417 -1.062293660687179341906017
85399.12313399995036888868 446434.0124202876468189061 7.65002282869663208231259
85396.87832437742326874286 446433.081367788661736995 8.115451900730263901095896
85367.61679289629682898521 446427.1765803624875843525 7.623733816502752169697033
85359.96193770202808082104 446430.1159545194241218269 10.727686381396130954613
85360.93487835935957264155 446430.2394637360121123493 13.01041952270351309550733
85356.35265142042771913111 446431.2727392174419946969 15.65401022076032333529838
85359.85606029942573513836 446426.4318077299394644797 9.832157641989931917692047
85373.73433781428320799023 446436.5056021253694780171 18.9998834337131903282625
85378.92133991206355858594 446430.1873798447195440531 3.076513315392578995499662
85381.06127953637042082846 446431.1061307424097321928 3.390708526293654934136157
85372.13077634964429307729 446440.163740126823540777 -1.062293660687179563950622
85372.07756241582683287561 446438.5007253690855577588 -1.062293660687179341906017
85376.70049516187282279134 446446.3243652230594307184 18.51186414311558792178403
85375.38509178579261060804 446446.2252587423427030444 17.83541706781491598121647
85380.63301134816720150411 446446.6345384523156099021 17.89972659453252035177684
85378.64187948979088105261 446445.4825834020157344639 17.40876180386824145784885
85380.14547539055638480932 446445.6056176692945882678 16.6543166452789463960471
85389.36141315683198627084 446469.7588813675683923066 15.13522250618168740743386
85390.91918107231322210282 446470.4084326407173648477 15.13180122764807222779382
85380.19826546630065422505 446430.7356086293002590537 2.052869400707048264109744
85392.04361874771711882204 446435.2525218958035111427 -1.062293660687180452129041
85389.95969100868387613446 446435.1914932680665515363 -1.062293660687179341906017
85389.60250079796242062002 446436.8177581065101549029 -1.062293660687180008039832
85383.50510938871593680233 446432.1553523397305980325 8.411564280106086144428446
85384.60238675244909245521 446438.5905429647536948323 15.31572249962786358423728
85387.69611039188748691231 446455.9169388646259903908 -1.062293660687181118262856
85382.99196901400864589959 446439.5039248463581316173 17.72123438080975788011528
85395.64604540388972964138 446432.5702698937966488302 3.64249076889927758671206
85399.4554645116877509281 446440.2983843539841473103 12.17998451925993386169012
85401.81426750060927588493 446441.3114757488365285099 13.69163380976185351300956
85399.62436144816456362605 446441.435464036010671407 12.18112619700463916672106
85398.36079592572059482336 446433.6962346844957210124 9.918116235065181029995074
85393.53031277608533855528 446436.7547297098208218813 9.48767657545935882978938
85412.27751852032088208944 446451.0161693239933811128 15.19691505647424634162235
85415.08748514251783490181 446451.9935859428369440138 15.42633994035548283818571
85396.48451911583833862096 446448.1192088190000504255 15.12307343941246351448626
85395.94536924918065778911 446449.5700132263009436429 15.12303289376519543907307
85394.5016232655179919675 446449.015991976426448673 15.12527000071065685915528
85395.8022211551433429122 446478.8740937673137523234 -1.062293660687179341906017
85388.81884358267416246235 446438.414718581538181752 12.38854371983409485835637
85396.37510958182974718511 446463.5031092652934603393 15.08687397188405832082481
85394.59640802041394636035 446463.8841541666188277304 15.1219412630495444460621
85394.48085389757761731744 446462.7454191349097527564 15.10615076574967829969864
85378.01996234997932333499 446443.9533997909165918827 15.49360545549888357186319
85379.24174625266459770501 446444.7137248449726030231 15.87570168729065045454263
85395.35934985344647429883 446457.7345782899064943194 -1.062293660687179341906017
85392.75810555447242222726 446457.6678519744309596717 -1.062293660687146257259883
85394.05453270224097650498 446459.3298702493193559349 -1.062293660687176011236943
85401.12417182661010883749 446446.4523608401068486273 15.10126578150029352798356
85398.81519135487906169146 446448.100568420544732362 14.65215277648979963487363
85399.41897211589093785733 446453.5467569823376834393 -1.062293660687179119861412
85396.99023998627671971917 446452.8370313473860733211 -1.062293660687179341906017
85398.26637850116821937263 446453.1740267271525226533 15.27515170917681430751145
85398.89789701193512883037 446455.9610541982692666352 14.40177745034483258734781
85397.05156335809442680329 446456.4040207350044511259 15.11953602792799777887467
85374.7085416720510693267 446441.0414602892706170678 -1.062293660687146257259883
85380.21441138545924331993 446444.9918767590424977243 15.68685784010443562408454
85423.49363028144580312073 446465.7946280036703683436 18.36032489378368737220626
85421.46736469611641950905 446467.3337215101928450167 17.34943743211664823888896
85398.6456349328946089372 446443.3642652766429819167 15.04551081932856426703893
85398.1764436712401220575 446442.624359810957685113 12.88949839027745092323585
85399.83646869448421057314 446444.1306433383142575622 14.13446653817559628407707
85417.46925818674208130687 446460.1183499585604295135 14.94540862995274643765242
85376.21964440756710246205 446461.6481488394201733172 19.01673303184712793267863
85375.1207421574363252148 446460.5214761807583272457 18.14000746051483048404407
85374.59510752790083643049 446467.9008549415157176554 17.39625140282189619256314
85355.39393143117194995284 446451.9434905002708546817 -1.062293660687146257259883
85382.36848943210497964174 446458.4491726555861532688 -1.062293660687179341906017
85383.67015316388278733939 446459.1023970203823409975 -1.062293660687179341906017
85390.42892272364406380802 446454.3992390510975383222 14.6943409210312427859435
85392.55555822256428655237 446454.9730586841469630599 15.07227636284622107609721
85391.17563724635692778975 446456.4960676535265520215 14.0660588602875442632012
85386.90352574455027934164 446468.3997405759291723371 -1.062293660687146257259883
85404.73952903864847030491 446436.341863500711042434 9.626931739678862953724092
85406.78197841966175474226 446437.1889851536834612489 10.11369250667895514084194
85404.75252678306424058974 446436.3479746736120432615 12.03510646436162545569459
85392.02787722399807535112 446441.5627011113683693111 15.12173828726212398976259
85393.50610655562195461243 446443.3007770852418616414 15.09424299246503586857671
85391.66916228631453122944 446442.4383771542343311012 15.13040453678117103208933
85403.87152438191697001457 446479.6521795055596157908 16.58396061341454341686585
85405.27701877459185197949 446480.1324696271331049502 16.60163364055414803033273
85404.44445894655655138195 446480.3791978447115980089 14.52599746760625976094161
85413.17123855877434834838 446473.4665061209234409034 13.85555056550260744074876
85414.63214175097527913749 446475.3793801559368148446 15.82484766229653416758083
85393.46066354967479128391 446450.6704670781036838889 15.1260727428084944534703
85430.01232722270651720464 446491.2494355359813198447 17.92113947065682211245985
85428.21571192123519722372 446490.5543696157983504236 17.96071257889412819963582
85383.8201632309501292184 446469.2974493948859162629 13.81553413063378776826085
85384.56526936760928947479 446467.8036472427775152028 15.1244800182272403077377
85386.62625656678574159741 446468.6133737586787901819 15.14235231935027847782749
85425.87347697085351683199 446484.841703816840890795 17.25469297247679989482094
85424.65246445097727701068 446482.3564965762197971344 17.98768764181835777549168
85426.56804241432109847665 446483.1627381650032475591 17.98926094272614406577304
85384.1921846771874697879 446472.6089747511432506144 -1.062293660687179563950622
85399.53505216463236138225 446469.7991251189378090203 15.11032276849394939688409
85397.31450649970793165267 446471.9097354102996177971 15.10452461383409783479692
85401.64817013868014328182 446482.4799449588172137737 15.74023552029831840570751
85402.97517612713272683322 446482.7835335015552118421 15.75807111900076051824726
85417.65658647086820565164 446473.0425702501670457423 -1.062293660687179119861412
85381.9596510632400168106 446473.6950530624017119408 -1.062293660687179119861412
85381.40136641488061286509 446475.3123093671165406704 -1.062293660687190222091658
85394.7378703620343003422 446482.636962517979554832 -1.062293660687179119861412
85400.27223421969392802566 446480.5118553580832667649 -1.062293660687183782798115
85399.21435853317962028086 446478.6539565404527820647 -1.062293660687178675772202
85392.06616543310519773513 446475.0154691091156564653 14.81952820708688101092321
85391.35687167153810150921 446473.8220589682459831238 15.79738188014876776321671
85393.7382692582905292511 446482.3036129169631749392 15.0917128801625590739377
85386.54045630917244125158 446471.1088872125837951899 -1.062293660687146257259883
85397.83376637128822039813 446497.845103602041490376 12.16590906880092504138702
85397.73307287271018140018 446499.6839381759637035429 12.15486199901637220932571
85395.46300858700124081224 446498.7038681533304043114 12.16659730598540001267338
85400.29594104034185875207 446481.699250294710509479 15.77600920129432182648088
85398.06909473329142201692 446481.2364086741581559181 15.38440651623181487650527
85397.78255895475740544498 446480.8134337848168797791 15.79015118262052652653438
85387.05253433417237829417 446481.4928515100036747754 14.16000261429280548952647
85402.43988934817025437951 446483.0807691570371389389 15.32906969536380792362706
85401.90933138821856118739 446483.4362788473954424262 14.462946234769264108877
85385.53643554296286311001 446474.5561043564230203629 -1.062293660687146257259883
85419.75219235371332615614 446506.0864204662502743304 12.15087006380268164207337
85420.53433106601005420089 446507.0049791456549428403 12.15060378125509110702751
85403.66808285409933887422 446478.6125884508946910501 15.42539494318256920735166
85395.15518332214560359716 446484.6267149107297882438 14.44344150624163880536344
85392.38011662379722110927 446495.6490957044879905879 12.16961058672998241547702
85413.88452560373116284609 446476.7321775740711018443 -1.062293660687179341906017
85399.23773649528448004276 446483.0204026856226846576 13.42496063666491856736229
85410.19700204409309662879 446497.7656551889376714826 16.184112061380016456269
85408.97381436428986489773 446498.8006855548592284322 13.86965893768445390321631
85414.85577364735945593566 446486.5774883418926037848 17.96305230618440518242096
85412.66112703840190079063 446486.9202499823877587914 17.05921480146038149428023
85413.74800261204654816538 446484.8446505976025946438 17.15610043437456511128403
85393.04286878849961794913 446485.5422155606211163104 14.35480622300241115851804
85416.28709034653729759157 446472.9690715089091099799 15.10865448385164988565066
85410.72876899497350677848 446496.3348752010497264564 -1.062293660687178897816807
85410.29303061177779454738 446498.3703705822699703276 -1.062293660687179119861412
85412.35636945617443416268 446498.6455835884553380311 -1.062293660687178231682992
85412.32886900985613465309 446477.5705268621677532792 -1.062293660687179341906017
85413.63815592607716098428 446478.7573986909119412303 -1.062293660687178675772202
85398.84501246428408194333 446490.0747665721573866904 14.58750288871914158050913
85397.18817077326821163297 446488.955664892855565995 15.10874700003937753933769
85394.95791424937488045543 446489.1752366349101066589 13.51924388307787516794178
85403.16830975280026905239 446489.8794428456458263099 -1.062293660687179119861412
85401.36926336478791199625 446489.0878499087993986905 -1.062293660687179341906017
85401.8333539974846644327 446490.6309985654079355299 -1.062293660687179563950622
85386.16159354269620962441 446494.9222588542033918202 -1.028998316226345854929036
85387.39161777976551093161 446492.6681176098063588142 -1.062293660687179341906017
85393.7686730742861982435 446498.1368573931395076215 9.296741559929111886617648
85435.6180709080072119832 446497.9294266189099289477 1.10667603539214032259963
85436.5613310758926672861 446495.653654597990680486 0.5160078923946765927510683
85436.13952801490086130798 446496.5631309192976914346 -1.016795820040405029516251
85411.35807364825450349599 446499.2203988165711052716 14.7249373938350629487104
85411.95740300991747062653 446498.6174932801513932645 16.00270783599096446891963
85413.23470781520882155746 446499.3881626449874602258 15.64216822901638437315341
85395.41600121255032718182 446498.820169345592148602 11.73256097903451689035137
85399.43001958071545232087 446500.4851847512763924897 4.297910629083416367279824
85397.87463755458884406835 446499.8400120596634224057 6.509160222989042843266816
85400.49971111175545956939 446500.9288929546601139009 6.926555680938400350044049
85409.48042738951335195452 446504.515044329222291708 12.15760268369028906931817
85419.08539162571833003312 446508.6364949769922532141 -0.9357798075005023807904081
85421.37693004502216354012 446502.4724763747653923929 16.08718291982490100622272
85419.32893713089288212359 446500.9775410211877897382 17.05412021696139390769531
85398.43557492633408401161 446500.0726889633224345744 8.031465760371013118401606
85399.31366676227480638772 446500.4369215851766057312 9.36656603757480787919576
85413.75602981305564753711 446489.3146307638380676508 17.95047739537266195952725
85411.25408939298358745873 446489.1339995987364090979 16.84921119113547405277131
85399.83948330137354787439 446472.9257310518296435475 15.09629068481932634426812
85410.25432384123269002885 446478.389701330044772476 15.1216731957645063033624
85409.66947993234498426318 446476.9611265951534733176 15.07006307395173649865683
85411.40452511103649158031 446477.6750351263326592743 15.06561904891485426105646
85409.54322364171093795449 446476.624839724856428802 14.77345739703215166116479
85379.40385270172555465251 446492.0192540777497924864 -1.062287431689276751001216
85397.34844774357043206692 446499.6217484490480273962 9.172084262050974601265807
85395.375914610835025087 446498.8035414174082688987 9.235853285486369301793275
85396.48325531548471190035 446488.8142695051501505077 -1.062293660687178231682992
85397.21730816921626683325 446486.3439795335289090872 -1.062293660687180896218251
85390.34687808901071548462 446496.7174963333527557552 10.77877162727004645148554
85390.12855244576348923147 446477.1525185927166603506 -1.062293660687146257259883
85381.75140747219847980887 446458.7850729706697165966 14.92126785086145801528801
85382.11606653305352665484 446458.543444888258818537 15.4848288835703780108588
85385.43754508791607804596 446494.6811042870976962149 4.869597306135550418559887
85385.53633985576743725687 446494.7220843712566420436 6.252448311178627093909199
85386.73960485546558629721 446495.2211988689377903938 5.776260602023789658687747
85401.59002087971020955592 446484.4854681233991868794 -1.062293660687179563950622
85399.61984580775606445968 446485.9233559735585004091 -1.062293660687179119861412
85401.36769401925266720355 446486.7202105429605580866 -1.062293660687146257259883
85390.08774782417458482087 446496.6100090615800581872 2.444616608913974253880497
85388.1674354363203747198 446495.8134632025612518191 2.748777711216554120454703
85389.60655084461905062199 446496.410408484167419374 3.990442578816287166887378
85405.21391565739759244025 446484.1996138935210183263 -1.062293660687179563950622
85404.03117999460664577782 446484.4983639634447172284 -1.062293660687179341906017
85388.99612128190346993506 446470.1446695234044454992 14.36996781284217128416003
85409.27849552895349916071 446482.4897708982462063432 -1.062293660687179563950622
85410.45150460719014517963 446483.6841343724518083036 -1.062293660687179563950622
85396.73204072484804783016 446447.4385544669930823147 -1.062293660687178675772202
85395.84355405648238956928 446448.9689750272664241493 -1.062293660687179341906017
85395.67070220471941865981 446475.9342329118517227471 15.94503471315793063922683
85395.7799419426592066884 446487.3458035614457912743 15.11030082678812469509921
85402.45970030091120861471 446479.1414152857614681125 16.48416457285283698297462
85413.56322670150257181376 446506.3476411301526241004 3.532613956680576094981916
85413.19560248900961596519 446506.1951505529577843845 2.523769050116200673983258
85412.20299998017435427755 446505.7834188872366212308 2.670009529074582221852552
85415.30117412205436266959 446482.2720835854997858405 -1.062293660687178453727597
85413.93815921711211558431 446480.7393138606566935778 -1.062293660687179563950622
85413.14657061296747997403 446482.7910126178758218884 -1.062293660687179341906017
85389.56714138966344762594 446468.6910164272412657738 15.12021734217730362104248
85391.81660231221758294851 446469.5647603789111599326 15.09294886863797735543358
85401.0710731806029798463 446473.4700996350147761405 -1.062293660687187335511794
85403.85231852586730383337 446474.0835963079589419067 -1.062293660687179341906017
85403.26189389140927232802 446471.2973618258256465197 -1.062293660687146257259883
85417.45378038188209757209 446469.1222316999337635934 -1.062293660687179563950622
85416.40069510496687144041 446468.2007676560897380114 -1.062293660687179563950622
85410.39486752978700678796 446468.0437005481799133122 -1.062293660687146257259883
85402.5397658683214103803 446469.4869512250297702849 -1.062293660687179563950622
85384.84466421320394147187 446463.6381860179244540632 -1.062293660687179341906017
85386.79638734983745962381 446463.3265684113721363246 -1.062293660687179341906017
85385.50416108388162683696 446461.8301559016690589488 -1.062293660687179341906017
85399.60905282205203548074 446475.0415651629446074367 -1.062293660687146257259883
85402.18670016330725047737 446475.0235221855691634119 -1.062293660687179563950622
85396.24874151457333937287 446474.7415056566242128611 14.23334929263939230281721
85395.53091729385778307915 446472.5938111101277172565 14.72902631903800418911032
85396.01395218937250319868 446472.4693662095232866704 15.13994908167868658210864
85396.00056574837071821094 446461.6821866432437673211 -1.062293660687146257259883
85374.04688035539584234357 446467.6176051454385742545 -1.062293660687179563950622
85389.72119525486778002232 446449.6774716938380151987 15.13584810735104824175323
85400.73309357199468649924 446467.8194097463856451213 -1.062293660687179341906017
85396.01637038849003147334 446459.6879928005510009825 -1.062293660687179563950622
85407.9979856486024800688 446459.8924504328751936555 14.5855838748455202136256
85407.05387683250592090189 446458.2339283860637806356 13.57502859164529063207283
85397.06224946268775966018 446461.0949246001546271145 14.86450784102526512242548
85400.01465278821706306189 446459.3101530348067171872 -1.062293660687179341906017
85393.72336963232373818755 446441.3034055244061164558 13.68908078745382717045231
85392.4376159357198048383 446439.8110952661372721195 12.22973297082401522573036
85402.82882052136119455099 446435.5493823883589357138 9.331248610863864811904023
85401.51447888546681497246 446444.2773399550351314247 -1.062293660687179341906017
85405.08170167740900069475 446451.1251348817022517323 15.11206209913145670498125
85394.94288741635682526976 446447.7009389368467964232 -1.062293660687179341906017
85397.92051999902469106019 446449.2752027976093813777 15.11771166049414283349961
85398.68664434179663658142 446433.8313828313257545233 0.8191785343042601308383155
85390.6491648858500411734 446452.0713051444035954773 -1.062293660687180230084437
85382.84266923724499065429 446442.550656943756621331 15.9395670045430559724764
85408.25429130719567183405 446441.7999238683260045946 13.78296040925305554480929
85409.10190577962202951312 446439.2063654123339802027 12.16744646815929442595916
85410.15835781799978576601 446441.4888520913082174957 12.16939132079029306510165
85387.34551956878567580134 446459.446476908924523741 -1.062293660687181340307461
85387.05912128898489754647 446457.6358476157765835524 -1.062293660687179785995227
85385.10825227657915093005 446458.8723937954055145383 -1.062293660687179341906017
85390.73857552316621877253 446430.5389018288697116077 6.553937452710118627408065
85391.19984584093617741019 446432.1497352821170352399 6.694086911928907035473912
85387.94925698432780336589 446430.9230345624964684248 6.907479732444600450946837
85381.36188228038372471929 446449.7071016822010278702 16.30892230305816070767833
85374.92329098661139141768 446461.8772560820798389614 -1.062293660687146257259883
85372.76451126138272229582 446464.228236658382229507 -1.062293660687179563950622
85371.69418361081625334918 446444.1364381873281672597 18.68505236123281676441366
85372.91559948163921944797 446459.1684946153545752168 -1.062293660687178675772202
85396.42122862840187735856 446450.3214836037950590253 15.1111460839620050933263
85375.70026923497789539397 446450.7578212100197561085 15.13164693669988913882207
85375.30999742302810773253 446448.253631162631791085 14.71033398432606631445196
85396.7366882642381824553 446433.6657804875867441297 9.162875029873184473672154
85399.73196071195707190782 446434.2649358679191209376 4.818774906234878585564729
85397.87257949265767820179 446433.4937431488069705665 2.721547652966262997864533
85378.62844562676036730409 446439.8615905654150992632 -1.062293660687146257259883
85388.03228610633232165128 446429.412229783833026886 4.049811714206803969773318
85387.3150661518593551591 446430.7829697602428495884 4.640411491489346396122073
85379.90418955784116405994 446435.4227787386043928564 -1.062293660687180230084437
85378.40717269666492938995 446434.6839039677870459855 -1.062293660687179563950622
85383.77157579918275587261 446432.3336157728335820138 -1.032211513651347445374995
85383.99660898555885069072 446432.3663703005877323449 1.235324932707290823685753
85387.94131316035054624081 446436.9828508113860152662 -1.062293660687179341906017
85393.7540486774523742497 446431.7855486053158529103 2.750513242809937253241515
85395.06000505367410369217 446432.3272048122016713023 1.310791852081056862999731
85394.94076166689046658576 446432.2777476314222440124 2.598082681269775040533432
85398.07544595356739591807 446443.1162769235670566559 15.04491852545726437995199
85404.66634783052722923458 446460.0145592929911799729 15.0577408110048498457445
85403.03259082110889721662 446459.2136646293802186847 15.11530738407336116324586
85402.91109947176300920546 446459.5794962567742913961 14.69884246667678873166096
85401.19207338058913592249 446451.2773343276930972934 14.19796624948989105519104
85402.95351543209108058363 446451.3762460756115615368 15.10457325145769580387878
85396.86481584090506657958 446452.5572031221818178892 15.31795182267313926161023
85396.68283537622482981533 446453.2336790095432661474 14.41515269176172964193938
85398.3465176562312990427 446460.2870864690630696714 15.11949628845887438899354
85400.28789474738005083054 446460.9681216161698102951 15.06120655752532933036036
85399.11108225618954747915 446461.7062200044747442007 15.11173689072345815986864
85391.89912202391133178025 446453.7234934053849428892 15.13257710219402518703191
85396.00028209750598762184 446458.9120638377498835325 14.6660690014713992468387
85397.65109652050887234509 446457.0368497715098783374 15.10879990657673488385626
85398.15286637286772020161 446457.5313189295120537281 14.78685247720171602736627
85396.72251748833514284343 446459.5773918595514260232 15.1207518999753283139853
85398.77318577449477743357 446457.4510422543389722705 15.12091776814693133701439
85402.23498509346973150969 446442.6876726762275211513 -1.062293660687179341906017
85401.98395582698867656291 446441.1057031314121559262 -1.062293660687179341906017
85411.82909254483820404857 446439.6088352073566056788 12.16468811559044205239388
85409.70641858201997820288 446438.4113808026304468513 12.06783774436035905353037
85418.53476446231070440263 446442.0635439219768159091 3.343657301228785350133421
85425.16755392141931224614 446444.8145445697009563446 4.435753676297204961542775
85415.21765984225203283131 446443.7706149892183020711 12.16573893609032275264781
85415.66552986176975537091 446446.3378032847540453076 13.50181345203232652352199
85396.55775948821974452585 446433.0562453623861074448 -1.054073586633679227020366
85394.98653346626088023186 446432.4484965249430388212 -1.062071818740477402442934
85413.64176743650750722736 446440.5915452088811434805 -1.062293660687180230084437
85415.99723146385804284364 446441.1498099638847634196 -1.060918181063435383748583
85414.32413552874641027302 446440.3173555675311945379 -0.9214461096459785061085768
85410.69759902154328301549 446454.6374862531665712595 15.05823643496928632146137
85410.52455818308226298541 446453.740665220539085567 15.10251055444279622008708
85409.43232165252265986055 446438.2882354759494774044 1.454128836599130503159927
85419.76092332157713826746 446443.4784152739448472857 12.15996643526328035989081
85411.64408384812122676522 446449.5845298081985674798 15.69905686179565229565469
85410.70926342115853913128 446449.1985814833315089345 15.37088172726338974882765
85409.61616163523285649717 446450.594731389544904232 14.37937698950050346979879
85410.37086924018512945622 446450.0071286930469796062 15.45299616658165930971336
85402.82180956462980248034 446439.2890729928039945662 13.781025209539590647978
85398.52047826968191657215 446451.7272042332333512604 14.30425039615098903311718
85395.99121871372335590422 446441.9106550904107280076 13.18227797208740881274025
85397.66118029828066937625 446439.1081077081034891307 -1.062293660687146257259883
85396.42291777435457333922 446440.6095406122040003538 -1.062293660687178453727597
85397.63859796180622652173 446441.3904522970551624894 -1.062293660687179785995227
85387.82658867948339320719 446442.1368482243269681931 15.97433435505488041883382
85388.53106855227088090032 446442.99281115218764171 15.38180195535722738497952
85404.55291185244277585298 446452.0971406693570315838 15.06205345437505727090866
85404.68127817792992573231 446436.3237373856827616692 -0.9542736497862601696695606
85406.18542885786155238748 446436.9415616162586957216 -0.3470907747600136539212201
85405.28737840701069217175 446436.5690882569178938866 1.09654862172035083567323
85405.30329027170955669135 446455.7389960124855861068 15.62218801652439914562365
85397.79749451806128490716 446473.2178959615412168205 15.13678922790556846678101
85402.48904667077295016497 446444.5038791333208791912 13.02850940145616220888769
85404.93227612999908160418 446446.2046791063039563596 14.07575039541905859152848
85403.78980831039370968938 446446.3418273593997582793 15.66958315493866926715327
85385.65162446405156515539 446440.5794295999221503735 17.54170228097346395657041
85398.61749944680195767432 446442.4532096824841573834 -1.062293660687179785995227
85404.82611381681635975838 446445.2922417495283298194 12.75365745035728082257265
85407.95522656945104245096 446443.7873179545276798308 13.81292008704303064803298
85407.32712759822607040405 446446.8092177984653972089 13.48444453816073540508569
85399.70303013072407338768 446439.4384113841224461794 -1.062293660687179563950622
85400.07297388666484039277 446436.9018249005312100053 -1.062293660687032570422161
85390.13450125500094145536 446444.1893945150659419596 15.13111778412151053885282
85398.55765804633847437799 446435.0916351319756358862 12.17478608029299635973075
85411.08951976899697910994 446449.2603904613642953336 -1.062293660687180230084437
85400.36850548333313781768 446434.5289477274054661393 1.858628732212558531955438
85425.11006725909828674048 446459.4217789144022390246 -1.062293660687146257259883
85410.7737621324195060879 446449.2289720558910630643 16.18236898730999939743924
85411.46195783575240056962 446449.7177555052330717444 16.29517129129480323967982
85394.86500811282894574106 446442.7549205559771507978 15.12386442831821042886986
85395.81069379269320052117 446444.1738366300705820322 15.14470305767174806987896
85391.70401036685507278889 446430.9352347811800427735 3.007181669732928774863012
85393.3282726441539125517 446431.6089544744463637471 0.5645140886441853966815074
85399.57918741682078689337 446434.2015719639603048563 9.113879695749716347563663
85396.91213981295004487038 446433.0953930202522315085 1.084528959167256667583956
85405.17952189501374959946 446437.4429162230808287859 -1.062293660687180008039832
85403.9471714822284411639 446436.0132270855247043073 5.111249275246215972856589
85407.39486565929837524891 446437.4431848691310733557 0.7996273503489479406169949
85402.10031758043623995036 446440.7053292397758923471 13.73813168844399967838399
85400.51865864716819487512 446439.0118386546964757144 12.17684381153014605558838
85410.88289804474334232509 446438.889873236243147403 3.473431498291516650311905
85398.80110439620329998434 446438.3267597191734239459 12.17813730613496936427964
85403.41049207943433430046 446435.79063515888992697 6.446440572949187597373566
85404.52700347796780988574 446436.253716883365996182 7.258392149020495232036865
85410.96794120171398390085 446438.9251455423072911799 6.15965936103865718820316
85393.35885972772666718811 446450.1213381114066578448 15.12012180132839134216738
85408.74179683376860339195 446452.6111584875616244972 15.09992603531804356009616
85393.29892760331858880818 446431.612876218045130372 -0.9787131962352422220874359
85400.80780212060199119151 446445.8732031080289743841 -1.062293660687179119861412
85402.052166726891300641 446445.4698338899179361761 -1.062293660687179119861412
85399.92870732485607732087 446436.7679016287438571453 12.17498393629195874154902
85400.7570041832368588075 446434.6900805632467381656 7.868628452988877697293901
85389.03290924715111032128 446433.4994219977525062859 6.624354900613527163955041
85403.10940906785253901035 446435.6657586547662504017 0.6940597298133484027715667
85396.21794025678536854684 446432.8382845870801247656 8.698727594770980786620385
85394.50404717058700043708 446434.1376510020345449448 -1.062293660687180008039832
85417.9333484786911867559 446441.8860737749491818249 -1.037683503301949139441263
85417.01000704809848684818 446441.4311390100046992302 1.325264777123014159343484
85387.81495231420558411628 446447.8057540276204235852 15.12071574899397674585089
85388.00644985608232673258 446449.0778213164303451777 15.08554400339152579135771
85385.36339401573059149086 446447.5254826296004466712 16.0905599061721602538455
85404.36637690516363363713 446438.7255399753921665251 -1.062293660687180008039832
85402.50052211154252290726 446439.5895228628069162369 -1.062293660687178897816807
85403.56739877421932760626 446441.3472642338019795716 -1.062293660687175789192338
85421.76104240657878108323 446455.616775067406706512 -1.062293660687179341906017
85421.69184969867637846619 446452.1812324465718120337 -1.062293660687146257259883
85412.81890653385198675096 446442.8735822038725018501 -1.062293660687179785995227
85403.24770041636656969786 446446.0007286033942364156 -1.062293660687179563950622
85409.96485750949068460613 446445.1068882322288118303 -1.062293660687146257259883
85411.83446594720589928329 446441.2292380789294838905 -1.062293660687179341906017
85402.61346103367395699024 446435.6030676249647513032 -1.061406400477350464583992
85405.92654915731691289693 446438.7877707519801333547 -1.062293660687179341906017
85401.85023398902558255941 446437.6388804306043311954 -1.062293660687180230084437
85399.43856148766644764692 446448.7346011240733787417 15.10309516121963291368502
85397.90606540454609785229 446448.1344160884618759155 15.1185647319265967780666
85393.43427242936741095036 446450.038086045125965029 14.89038234431487239817216
85407.00777635043777991086 446447.2146326362853869796 -1.062293660687146257259883
85402.16380140790715813637 446441.5289982263930141926 13.74682904120711235407271
85400.98014745138061698526 446444.7862617718055844307 14.41082139569864040140601
85418.4268694641359616071 446442.0187936383299529552 0.13443635944707996165981
85404.86654762162652332336 446440.2239968633512035012 13.78173807328661126803127
85406.37720732866728212684 446441.4565901881433092058 13.80339418235604043161402
85404.87169684292166493833 446442.7365116109722293913 13.79533280565506458970049
85395.37171886111900676042 446466.9368478814139962196 15.10016591896884996515382
85396.6295998745335964486 446467.4168446809053421021 15.07107591773315036220993
85425.54369296232471242547 446466.8346787214977666736 -1.062293660687179563950622
85410.64356953476089984179 446438.7906098884996026754 9.470999999999998308908289
85420.04937723942566663027 446442.7039697157451882958 12.06736600431524131238348
85412.38144153947359882295 446439.5114057227037847042 -0.8911700851920230093128339
85419.3953767604980384931 446444.5242371745407581329 -1.062293660687179785995227
85421.92393658966466318816 446443.5494115433539263904 -1.042378530513892620490424
85419.86416538791672792286 446442.6494436055654659867 -1.005871603838728534086044
85412.27421814556873869151 446439.4672897464479319751 12.02579210791708241856668
85432.96479500574059784412 446454.4287764185573905706 15.07514065445430340162147
85417.46077366310055367649 446452.0072038482176139951 16.25246971441207222142111
85414.37185255131043959409 446440.33694406010909006 9.500976045254097002157323
85412.50441633742593694478 446439.5624104697490110993 9.966260437463411392400303
85414.4263998450041981414 446447.7322054665419273078 15.07694762440540792169941
85413.38355051862890832126 446450.3026829726877622306 15.55579978585199718565946
85431.0673172988899750635 446459.6792426396859809756 17.97278126165725709029175
85429.59862153518770355731 446458.9912695914972573519 17.95131346794315518877738
85424.07874493692361284047 446462.3891286497237160802 -1.062293660687146257259883
85401.19246550844400189817 446471.5547677321592345834 -1.062293660687146257259883
85412.92196112532110419124 446484.9958151487517170608 -1.062293660687178897816807
85436.81230595047236420214 446489.4373815846629440784 -1.062293660687178897816807
85438.97572814705199562013 446489.201291919918730855 -1.062293660687178897816807
85435.17459948317264206707 446498.9997616707114502788 2.486059142386804143853851
85428.80373690447595436126 446457.1148170086671598256 -1.062293660687181562352066
85445.57153369125444442034 446473.9062327260035090148 4.967511275095551681602046
85433.86585661565186455846 446461.9930518300971016288 -1.062293660687180230084437
85432.81217453046701848507 446460.2965591914253309369 -1.062293660687179119861412
85420.50578614421829115599 446465.1615827372879721224 -1.062293660687146257259883
85432.49553803846356458962 446505.4658011647406965494 5.12940728342097607139749
85416.21504221149371005595 446476.9620109911193139851 -1.062293660687179563950622
85414.59004536308930255473 446484.0519055532640777528 -1.062293660687179341906017
85417.01471992986625991762 446482.9060790399089455605 -1.062293660687179563950622
85442.79070615270757116377 446477.9197765078279189765 18.48101594838129813069827
85438.48586185688327532262 446489.4087019683211110532 13.75784787677654108506431
85403.62762342522910330445 446474.4350679576746188104 15.07375041085099809379244
85402.03155508743657264858 446473.7624824060476385057 15.06916973323318842403751
85401.50504296549479477108 446474.735485086333937943 15.13574270313886671601722
85434.98881525795150082558 446499.4481589229544624686 5.078702811424413710028603
85386.97668123057519551367 446455.1554354890831746161 14.67660749483544968541082
85388.41202777098806109279 446456.1316812545410357416 15.14439956952678834056769
85386.83996983712131623179 446455.4660029059159569442 15.14609413414627425709114
85373.43533359032880980521 446470.6284906304208561778 -1.062293660687179563950622
85372.93662061616487335414 446466.6640352642280049622 -1.062293660687180674173646
85399.20214442574069835246 446452.8411415914306417108 15.29430907971045172644153
85377.20783375369501300156 446462.6739889815216884017 17.08313148731324560003486
85377.1582571396284038201 446463.5204428730648942292 16.91214918910077358304989
85385.952127612050389871 446456.2481392144109122455 -1.062293660687179563950622
85385.6729996013455092907 446457.6061894683516584337 -1.062293660687179785995227
85371.5230115525919245556 446457.8225875443313270807 -1.062293660687179341906017
85373.75081980624236166477 446454.125376432784833014 -1.062293660687259944097605
85384.57541117932123597711 446454.6387657464947551489 -1.062293660687180230084437
85383.23517630653805099428 446451.8326131708454340696 -1.062293660687146257259883
85376.62880427794880233705 446443.0441133267595432699 14.99378091946215540986032
85356.45341646193992346525 446443.0724617275991477072 15.56174480245086577667735
85355.99616528445039875805 446441.3432292976067401469 14.47558057988052837572468
85364.98749750122078694403 446445.2128611768130213022 16.13063748980353295792156
85372.76341321328072808683 446454.3820506512420251966 19.68542305586224827607111
85394.87620600692753214389 446441.7907592846895568073 -1.062293660687146257259883
85368.78136709569662343711 446430.4384140018955804408 -1.062293660687179563950622
85429.06644377269549295306 446455.83228484628489241 17.97926370515295246832466
85399.55380704074923414737 446434.3423794633708894253 -1.062049511557558556518188
85400.64129881771805230528 446434.6495790058397687972 -0.9587615277328151996982797
85371.85326557188818696886 446436.3568935191724449396 -1.062293660687179563950622
85377.06274971982929855585 446435.1029939781874418259 -1.062293660687179563950622
85391.51531419370439834893 446430.8956199006061069667 -1.010517912743313706513959
85389.85784492306993342936 446430.1694149062968790531 3.48644216950782315223023
85379.32718112022848799825 446438.6645828826003707945 18.75630796210793604927858
85414.79353891868959181011 446460.3389889260870404541 -1.062293660687179341906017
85382.49267772682651411742 446431.7206800304120406508 2.895408778142797956434151
85373.1606813990802038461 446432.2583487675292417407 -1.062293660687179563950622
85391.19684816764493007213 446440.1768176070181652904 -1.062293660687146257259883
85379.77701575361425057054 446433.729689416999462992 -1.062293660687179785995227
85379.24366891132376622409 446430.4490176229155622423 -1.058094501975734402776652
85379.93490736842795740813 446431.7034718900104053319 -1.062293660687179785995227
85379.06304841079690959305 446430.2482202576356939971 -0.7736072392336533765089257
85375.27832494732865598053 446449.2119259301689453423 -1.06229366068718489302114
85374.04375973514106590301 446446.6385028589866124094 -1.062293660687146257259883
85382.16186561570793855935 446435.1137517827446572483 -1.062293660687179563950622
85378.02561995649011805654 446429.8028159514651633799 7.230993469998802325449105
85376.8642485599557403475 446439.9596628685249015689 -1.062293660687179785995227
85400.76222256002074573189 446482.8189164900686591864 -1.062293660687178897816807
85376.48190457199234515429 446436.8419259001384489238 -1.062293660687146257259883
85370.77474156724929343909 446437.553382678481284529 -1.062293660687179341906017
85363.31364776630653068423 446436.4675910767400637269 -1.062293660687179119861412
85356.06651691062143072486 446443.598576712014619261 16.53312392859871948758155
85367.67760265459946822375 446435.4735524425050243735 -1.062293660687178675772202
85366.91742526872258167714 446441.9096559623721987009 -1.062293660687179341906017
85362.39225900743622332811 446453.5181576434406451881 -1.062293660687146257259883
85373.42493567148630972952 446439.3836149056442081928 -1.062293660687178897816807
85373.15608642048027832061 446437.3042362097767181695 -1.062293660687146257259883
85345.69853904968476854265 446458.6089152455097064376 -1.062293660687178897816807
85361.76782498520333319902 446446.4762204444268718362 -1.062293660687146257259883
85354.5743698590958956629 446451.1577648039092309773 16.83164767578006859594097
85360.65991637717525009066 446452.9688284622388891876 -1.062293660687179119861412
85363.24801739116082899272 446460.8891362069407477975 -1.062293660687179563950622
85352.70385827189602423459 446453.7008917136117815971 -1.062293660687179341906017
85352.72299751620448660105 446451.5069839564384892583 -1.062293660687178453727597
85333.58073642915405798703 446454.7502300649066455662 3.300881346911864966386929
85341.04381859081331640482 446454.0515860208543017507 -1.062293660687179119861412
85346.90198932787461671978 446453.2362022217712365091 -1.062293660687179119861412
85365.15185763675253838301 446447.7660768473288044333 17.22255008497495154529133
85357.45464117742085363716 446457.9800516385585069656 -1.062293660687179119861412
85355.68323100519774015993 446447.4893707357114180923 15.67124511938117059628439
85351.70260683556261938065 446445.7285736710764467716 15.77194272892768545091258
85352.63894183450611308217 446453.512722040293738246 16.69148601717906288399718
85359.01866632138262502849 446444.8036224726238287985 -1.062293660687179341906017
85356.58007961268594954163 446449.1475280129816383123 15.02343905999571482823285
85356.85221129254205152392 446437.4200811107293702662 16.15600847361294256643305
85351.06655092623259406537 446442.6554357930435799062 -1.062293660687146257259883
85354.85932375086122192442 446435.0780649248627014458 15.49873097546194244955586
85348.7755205921275774017 446440.6277551762177608907 -1.062293660687146257259883
85349.90253628905338700861 446441.6624976163147948682 -1.062293660687179341906017
85350.41656168790359515697 446436.5452830567955970764 14.64921331500459444896478
85349.0991066497954307124 446456.4479968514060601592 16.17519991873244578073354
85357.95573620204231701791 446452.4041306551080197096 16.59754214431244534466714
85358.23818743554875254631 446450.4178553323145024478 15.3278633610801957587455
85355.67497878972790203989 446451.8505286445724777877 17.18217888326067921411777
85355.79378395438834559172 446451.4388883567880839109 16.4903972629376625036457
85356.72156748472480103374 446452.5645988930482417345 17.51979893941696886372483
85356.47146663154126144946 446460.0849295629886910319 17.09025676618648148519242
85360.43351724761305376887 446459.0635778107680380344 16.13640601845397881675126
85357.62886940466705709696 446457.6816428176243789494 15.68070596131153138230729
85358.56142286772956140339 446458.7128963094437494874 15.86950026406947067414421
85361.43800968570576515049 446460.8283718111924827099 -1.062293660687179563950622
85362.92345906325499527156 446462.6708438421483151615 -1.062293660687146257259883
85340.56049246872134972364 446449.2970086747664026916 13.63976477807500842232002
85354.6804880224954104051 446446.7186605304013937712 16.20912951968445625539061
85353.33226485033810604364 446449.7061681888299062848 15.4016233875255501573065
85353.29769968621258158237 446446.4367104555713012815 15.76877389198594237029738
85349.18261376245936844498 446462.7051146320882253349 -1.062293660687179563950622
85348.68254654364136513323 446460.6021953492308966815 -1.062293660687178897816807
85349.23368790652602910995 446452.1165776104899123311 15.82163385391174514893464
85351.93662488569680135697 446455.9994300089892931283 -1.062293660687146257259883
85351.00264314314699731767 446467.6479592722025699914 -1.062293660687179341906017
85335.66514820727752521634 446449.723844564869068563 2.274559619290414946846113
85360.96673600931535474956 446459.3980755573720671237 -1.062293660687179563950622
85346.61047608792432583869 446459.9866786881466396153 -1.062293660687178897816807
85347.80830229267303366214 446467.9357967229443602264 -1.062293660687179341906017
85349.75670892099151387811 446469.5398891519289463758 -1.062293660687178897816807
85347.18974311818601563573 446466.0917912973091006279 -1.062293660687146257259883
85360.33414416153391357511 446458.0749069908051751554 -1.062293660687179341906017
85347.75061458759591914713 446469.9447627877816557884 -1.062293660687178009638387
85349.06433415922219865024 446471.4657537174643948674 -1.062293660687178675772202
85354.2316435479442588985 446462.4686476064380258322 -1.062293660687178897816807
85333.83255710992671083659 446454.1429854543530382216 2.210598986403906618392057
85333.35012614006700459868 446455.3063275814638473094 0.7011222450393895799791721
85336.8529694972385186702 446454.7254534605308435857 -1.062293660687179563950622
85338.65212364790204446763 446442.6797878480865620077 9.840526833726730870921529
85356.06247753747447859496 446439.2587990292813628912 16.14885163760450481618136
85358.82607331669714767486 446445.3728931404766626656 17.32605626576781432390817
85350.01918212744931224734 446440.1369649071129970253 -1.062293660687179341906017
85363.9194707674760138616 446447.006056356942281127 16.85711967571234382035072
85386.34493166857282631099 446444.0901344771264120936 15.79963875632076764077283
85385.22849347876035608351 446444.6470642961212433875 14.24728255515263164454609
85380.29913928336463868618 446453.4632566616055555642 16.30056496164213797328557
85377.91999374082661233842 446452.1804724197136238217 15.86945184868866398630871
85376.13859629942453466356 446451.667000289133284241 16.21072528796308276355376
85382.52484364439442288131 446454.4181499306578189135 16.19776534350904029224694
85381.35771772994485218078 446454.1233761830371804535 16.62543202700499733737161
85386.39600374082510825247 446451.3906592950806953013 15.13250491859869306665587
85384.73335757893801201135 446449.7056077767629176378 15.88631418290874641741084
85396.7039966633019503206 446483.8960127074969932437 -1.062293660687179563950622
85378.63386110735882539302 446446.6459384315530769527 19.07842683600944155841717
85368.6023885402682935819 446439.3495898304390721023 15.85414795984376645776592
85404.29597512814507354051 446437.4278573350748047233 12.17099965563615882047088
85407.13702414042199961841 446437.3755094212829135358 12.11660208443616859597114
85369.79714404542755801231 446465.2453147429623641074 16.51319607817144685668609
85381.01403434149688109756 446441.2832103026448749006 16.71905904995926306355614
85377.08234835954499430954 446446.1327652753097936511 19.05016414532360968792091
85378.70565345125214662403 446447.0420743205468170345 18.68318334376383660355714
85389.81934556203486863524 446443.4813182913931086659 14.55755222843598417625799
85391.77762234280817210674 446445.6402415179181843996 -1.062293660687179341906017
85393.11147154743957798928 446445.8867011424736119807 14.8465093007226709431734
85393.0078890135046094656 446446.1212174904649145901 15.12897419487558359207924
85374.77180403123202268034 446451.4432904416462406516 16.72548746726793567063396
85377.37503876739356201142 446445.9625133017543703318 18.92341314291748943787752
85377.11726126284338533878 446447.2235455287736840546 17.40938077488399216008474
85375.46152982764760963619 446438.8852376150898635387 -1.062293660687179563950622
85373.10496914188843220472 446444.7570378041709773242 -1.062293660687180674173646
85378.26069001200085040182 446453.3673244271776638925 17.42161102354124224689258
85384.2987879653082927689 446451.6295813095639459789 15.23788832363538681136106
85383.25613057367445435375 446450.2574186900747008622 16.59789219818753736035433
85385.21699602529406547546 446451.8277743671787902713 15.42856830389465194741661
85372.770007275918032974 446451.601649644086137414 18.20070605441085476172702
85384.60182620291016064584 446463.641560157120693475 15.13228643792617233998499
85383.41251707417541183531 446463.3605324223171919584 14.911239982105259471723
85383.85102167786681093276 446462.4314557178295217454 15.30416535657193222164096
85386.25818002251617144793 446446.752577410894446075 14.5609865113279237647248
85404.1006107585271820426 446449.8327721998794004321 14.06914735989779074998296
85404.88844368280842900276 446447.8650421402999199927 15.28542518323658860879277
85406.28096372543950565159 446448.5014545133453793824 15.2180477928620021543793
85381.5089767162426142022 446431.2983427942963317037 7.795472906971935955766639
85384.17155297595309093595 446432.4760615779086947441 9.796071323136304798140372
85392.90749309372040443122 446434.1270931165781803429 -1.062293660687179341906017
85390.85317748255329206586 446433.2854613742674700916 6.68725048320537140966735
85392.78032223462651018053 446431.4097991802264004946 6.858726305641615894614915
85391.97896461411437485367 446431.0492903377744369209 5.021688796439749857825063
85389.75829704012721776962 446435.1294047601986676455 8.647542079694231276221217
85399.94235492216830607504 446434.3521984912804327905 12.02208190120483166651866
85392.06363106725621037185 446434.4354046955704689026 7.199122444868476300428028
85390.55909215471183415502 446439.0579070476233027875 12.26942186172448856495976
85391.31794986865133978426 446439.930428160703741014 13.11816117508150369985742
85400.91750100671197287738 446434.7566478601074777544 4.983379862627974610234105
85383.91790450937696732581 446447.9233217919245362282 17.57265679928056911762724
85395.89035583133227191865 446437.1239281723974272609 11.63173605716450786928817
85392.76082685122673865408 446437.1596204240340739489 9.842377719708279570909326
85395.26757993031060323119 446438.6766662126174196601 10.34409174228963124164693
85392.8691395256610121578 446439.9690010790945962071 10.40771456290088892160384
85400.92017267347546294332 446434.7577559545170515776 9.642139019454399218034268
85402.34910607896745204926 446445.8644377089804038405 16.25705012415465589015184
85402.0549633853806881234 446447.6967282182304188609 14.08132874948599599917998
85403.60038322520267684013 446447.0863568902132101357 15.57390746915406332107068
85403.95887897739885374904 446446.6639460705337114632 16.2435251622308172159137
85387.74767720770614687353 446440.6631471729488112032 16.3688614639020286745108
85395.31296147809189278632 446438.5635303506278432906 11.60557972939496096387302
85378.69062998821027576923 446432.4248941854457370937 -1.062293660687179563950622
85378.65841395588358864188 446430.0744965392514131963 1.102097824753857757684727
85381.31016154969984199852 446433.0001768430811353028 -1.062293660687179119861412
85385.1285324922064319253 446433.4396041763829998672 -1.062293660687179341906017
85395.46888298714475240558 446438.1991635471349582076 12.08477703119467072667703
85393.09936217936046887189 446444.2612004347611218691 13.73356512401193185723969
85380.15454817596764769405 446454.1196253477828577161 17.36488872761298196678581
85379.17780665363534353673 446454.9128531628521159291 19.01392407818241991890318
85412.4774906250968342647 446440.1717447172850370407 -1.062293660687179119861412
85415.70122035164968110621 446440.8883096209610812366 3.514132786788829232449416
85403.18335895855852868408 446450.3675823237281292677 15.11649863835988760740747
85392.52348214523226488382 446471.5751554211601614952 14.40327330002128825015006
85393.57052952233061660081 446471.5141928865923546255 15.12542109064810169627435
85406.56518084330309648067 446440.9837461974238976836 13.76227577556808689962509
85406.40440728073008358479 446439.0454323006561025977 12.17046482424127340493669
85397.64277287742879707366 446452.4223299844306893647 15.56563275887187458579319
85394.53923718938312958926 446446.7297290228889323771 15.12024552495032558852017
85393.31955010609817691147 446461.7143514091148972511 -1.062293660687179341906017
85386.81231343149556778371 446443.2472599964239634573 16.26422878647226966108974
85389.40930304935318417847 446462.6921606426476500928 -1.062293660687179341906017
85388.1713196668861201033 446463.2913882023422047496 -1.062293660687179563950622
85387.90467830735724419355 446457.0278394395718351007 15.14512802824141779467482
85375.56126042641699314117 446459.6139134782715700567 16.47730606339037962015937
85375.91898965412110555917 446458.5971666047116741538 14.7001026453179743924693
85385.04602852984680794179 446454.7554615501430816948 15.15572675077339503957319
85386.39843990678491536528 446443.7092721547232940793 16.3607410701390101337438
85383.58021848462522029877 446447.5724034679005853832 17.46981264195119720739058
85380.02747246669605374336 446450.2884912588051520288 14.58796831486347223005851
85384.24377291227574460208 446456.730522700643632561 -1.062293660687179341906017
85372.88450861361343413591 446454.4352364128571934998 19.22124775330194168532216
85392.97601902813767082989 446436.5857881746487691998 9.838069572578520549654968
85387.40513305201602634043 446452.7610164458747021854 15.12732383387596435397882
85385.99944256963499356061 446467.1517288179602473974 15.08778528343031410940966
85387.84869287628680467606 446468.0064946068450808525 15.12868817870552362592207
85399.06466579010884743184 446453.1580857775988988578 15.62055039989246552067925
85388.79309169351472519338 446454.7680500206770375371 -1.062293660687179785995227
85440.25738742468820419163 446486.7318056705989874899 2.16160021646873978795611
85380.44550491755944676697 446457.2102884373161941767 16.48701777389485201297248
85382.01358979263750370592 446457.7873500203131698072 15.72980491416048565156416
85382.37151943170465528965 446466.8037914443993940949 15.15312400572067907944529
85380.06384429809986613691 446465.9305328792543150485 15.13470577377996129087023
85381.9447072680777637288 446465.5873188232071697712 15.14496632707125733929843
85381.03495339443907141685 446467.7745830958592705429 13.66724077742837550886179
85380.02515784482238814235 446456.1819680006010457873 17.06831874157388284629633
85378.97624733574048150331 446456.018433137855026871 17.3675748679807497865113
85384.44068035166128538549 446453.9872965060058049858 14.51313041148425675430644
85407.04750138109375257045 446456.8503926056437194347 15.23305359590653296208984
85406.77897280505567323416 446447.5759285798412747681 15.49407274134437706436529
85393.71737829010817222297 446467.4762640487169846892 15.07619338884773441122888
85395.16419763313024304807 446458.9226487622363492846 15.12333931403830433737312
85393.37353636779880616814 446458.2169218671042472124 15.13306937661399231842552
85394.17926129531406331807 446456.2902786066988483071 14.28695575648914939392853
85405.51250296097714453936 446447.395060411945451051 16.1542338877617410730636
85412.83100540142913814634 446458.8438742588623426855 15.62420687843260225236008
85411.04228810465428978205 446457.6152613806189037859 15.13651484174463845988612
85412.1171501524222549051 446455.2326787214842624962 15.04858367055260259803617
85398.78310721163870766759 446441.3184592754114419222 -1.062293660687179563950622
85410.58123127574799582362 446449.4488727889256551862 16.22195705632251261363308
85397.08143402314453851432 446478.3801611937815323472 -1.062293660687179341906017
85418.57114178259507752955 446450.3733524364070035517 14.30365525783897773237641
85418.80112218672002200037 446452.5730291332001797855 16.27536006864218265377531
85409.60147762599808629602 446444.0605853409506380558 13.81836795470655232520585
85411.21175187248445581645 446443.6311048375209793448 13.82160608966354153892553
85409.98345545917982235551 446445.1154271572595462203 13.82080535483455641099226
85416.04209399948013015091 446460.17309118079720065 15.62475933067963040912218
85416.34741622753790579736 446451.7792784187477082014 16.295580610192775594669
85425.11531681827909778804 446461.0873329292517155409 17.68571540030384170449906
85423.19076038245111703873 446462.5263019097619690001 17.23872496854221836315446
85423.00273684014973696321 446460.4341712487512268126 16.78671758010814585304615
85418.42004728429310489446 446457.7660345716285519302 15.08722246628731511464139
85417.01021823636256158352 446457.161708652856759727 15.0937300001587022535432
85417.71316583974112290889 446456.3677932164864614606 15.09480986882212150135274
85414.00863698212197050452 446463.6142966730403713882 15.95163307376683725635758
85414.78286936845688614994 446466.8271247114171274006 14.78531720627397305634076
85417.36986654561769682914 446453.3110531054553575814 14.98932622339092546326356
85416.2401027352170785889 446452.7020201212144456804 15.15432429954015347561835
85420.41203307482646778226 446449.2357210131594911218 15.05227175104400316740794
85441.92490868519234936684 446451.7647868613130412996 2.292672713481704871441025
85440.24182945193024352193 446451.0667167521896772087 2.630872022624427764014854
85430.18672243162291124463 446464.549028265755623579 17.96134898941106428083003
85428.32325214087904896587 446458.4981933105736970901 -1.062293660687179341906017
85423.13643357237742748111 446464.0721169367898255587 -1.062293660687146257259883
85420.91134682112897280604 446462.4201165455160662532 -1.062293660687146257259883
85419.36456879947218112648 446488.1154918849351815879 17.97864716208984248169145
85420.96445589745417237282 446489.1057027089991606772 17.97669905050272021185265
85420.04392430301231797785 446491.1111692488775588572 17.94071885794360809995851
85418.09694598712667357177 446490.3618771662004292011 17.95864479596184182241814
85421.54689057078212499619 446467.8117418258334510028 -1.062293660687174901013918
85402.51287175522884353995 446490.1072538176085799932 15.10004944044969654726174
85404.00780421581293921918 446487.659784481511451304 15.10010296722562195270712
85422.85963495296891778708 446470.2985146480496041477 -1.062293660687146257259883
85411.49691178546345327049 446474.8587094031972810626 15.04530165674223418648126
85416.71137925246148370206 446485.4550479187746532261 -1.062293660687179341906017
85417.93423661391716450453 446484.4849009232711978257 -1.062293660687178897816807
85409.66996609832858666778 446470.252972279442474246 15.06856026285682048637682
85409.60710264599765650928 446469.2839972054935060441 15.09874558740372840759392
85411.83825192165386397392 446467.4273574749822728336 14.5775479172582915765588
85417.3238213825534330681 446471.008328657248057425 -1.062293660687146257259883
85422.9909686547180172056 446501.767547204508446157 18.54310158371584904557494
85422.94208333776623476297 446502.3655423373566009104 17.22261123980511143827243
85417.07497941740439273417 446474.9478676581056788564 -1.062293660687259944097605
85408.23941053071757778525 446473.4809667699155397713 15.07153203211155911844799
85406.89630587001738604158 446472.9445841379347257316 15.05705890231856436400903
85408.41771672612230759114 446472.3277465647552162409 15.0870775060782253973457
85419.21158224766259081662 446466.4171782355406321585 16.21714438532106328239024
85420.05142189761681947857 446463.8171681789681315422 16.02973171954659648008601
85414.28411479512578807771 446506.6466656167176552117 10.98655880807980445013072
85418.34172401229443494231 446508.3297625128761865199 10.93273306771833475181666
85399.7280279393307864666 446477.6272186831338331103 16.41542774048727082458754
85400.42966894942219369113 446476.8062505746493116021 14.72800900711078675442423
85400.92094167042523622513 446477.6570673331734724343 15.70859623853026754147777
85405.8382705854601226747 446476.1250904311891645193 -1.062293660687146257259883
85403.55896375319571234286 446476.3556775161996483803 -1.062293660687178675772202
85404.92280879855388775468 446478.1964210430160164833 -1.062293660687146257259883
85432.27503323288692627102 446504.4678188904654234648 15.41722493484507694461172
85412.57621459735673852265 446476.1669785965350456536 -1.062293660687179341906017
85440.09919583612645510584 446487.1136615545838139951 0.7339475764061867968379715
85440.61636367769096978009 446485.818287026952020824 -0.9847864822894539793551871
85439.92144916087272576988 446487.2498230939381755888 -1.057809088373688588546884
85430.51912753934448119253 446472.512039442197419703 -1.062293660687178675772202
85419.39044939113955479115 446508.3677502733771689236 -1.062293660687179341906017
85412.04007124407507944852 446467.0896819222834892571 15.09143079303418666370362
85438.55585307414003182203 446490.8391094122198410332 2.297968572356084315799762
85400.24709221995726693422 446488.2804035382578149438 -1.062293660687179341906017
85400.40461385017260909081 446490.0781473557581193745 -1.062293660687179119861412
85417.24207492668938357383 446488.3210344958934001625 -1.062293660687178231682992
85419.54059105941269081086 446487.5691084238351322711 -1.062293660687179119861412
85417.90559319176827557385 446486.4602436143904924393 -1.062293660687179119861412
85435.63878584765188861638 446497.8794303288450464606 3.818114128916472171937357
85399.06227549619507044554 446500.3326444512931630015 1.547168627301682919394921
85397.02910325741686392576 446499.489284309558570385 -0.125640368555906101200037
85397.44971582568541634828 446499.6637544643599539995 1.559757572463598584988631
85444.41894106788095086813 446475.5858206520206294954 16.83315839981343842168826
85417.40895488079695496708 446481.1220475729205645621 -1.062293660687179341906017
85414.94702935268287546933 446477.8890280442428775132 -1.062293660687179563950622
85401.22901951412495691329 446501.231410186446737498 4.325691821807682302392095
85403.88107246314757503569 446502.3314821372623555362 4.954233611183894048224374
85402.71099195089482236654 446501.8461325698881410062 3.221201422012247572723709
85409.00543625517457257956 446504.4570689869578927755 5.768775632635398942227312
85407.67689465984585694969 446503.9059897390543483198 4.09628148076730713711413
85407.55730375170242041349 446503.8563834129017777741 7.612534191819681161916833
85413.11729938400094397366 446506.1626704136724583805 9.40147022396832809931766
85411.34376996780338231474 446505.3841347909183241427 12.11025064184759791885426
85411.26399460060929413885 446505.3939193187397904694 9.688695768771522054407797
85432.23224834517168346792 446488.7843218946363776922 -1.062293660687179341906017
85430.21570095494098495692 446490.498880941653624177 -1.062293660687179341906017
85432.51185678571346215904 446491.8156362353474833071 -1.062293660687189778002448
85428.81451455457136034966 446505.4405290951835922897 16.26767192693129260305795
85389.21846849242865573615 446493.4889018972171470523 -1.062293660687179563950622
85417.92686058946128468961 446504.7172340566175989807 12.15183384788726783654056
85413.18888645397964864969 446493.6560682387789711356 17.9520033625161019585903
85430.74379411048721522093 446494.8898882984067313373 -1.062293660687179563950622
85431.0572759333299472928 446493.816486732626799494 -1.062293660687178897816807
85430.26953539531677961349 446493.0228075660415925086 -1.062293660687180230084437
85436.90283705164620187134 446494.8291423351038247347 1.534729675857477770861692
85417.2890812919067684561 446507.7748061676393263042 -1.057072645428837054382143
85434.42657569631410297006 446484.8579506468959152699 -1.062293660687177565549177
85432.51066376231028698385 446484.893618048052303493 -1.062293660687146257259883
85433.05044425434607546777 446486.7322663892991840839 -1.062293660687146257259883
85409.15407522753230296075 446504.4191445690230466425 -1.05118550839650914952017
85409.36476147305802442133 446502.3559291135752573609 -1.062293660687178231682992
85407.26132524895365349948 446503.2605920697096735239 -1.062293660687179119861412
85446.28774486383190378547 446470.5537342862808145583 11.04171930970063009169735
85446.99717152740049641579 446469.1732141238753683865 11.13921208529466611025782
85437.30439114497858099639 446493.8559645905042998493 -0.934617024438090249205402
85439.24485045493929646909 446489.1759507934912107885 0.5143693830817223089368895
85439.34533070618635974824 446488.9315097513608634472 -0.9286429028404532548535144
85437.21059375828190241009 446494.0861109397956170142 15.39256066227320118855459
85438.08291794935939833522 446491.9801322424318641424 14.08512562435735304688933
85437.67222498776391148567 446492.9719447327661328018 12.75575996306097437127391
85435.05848821003746706992 446487.6532092837151139975 -1.062293660687089413841022
85436.90295887265529017895 446487.5941950076376087964 -1.062293660687179341906017
85436.04236726893577724695 446485.9617315925424918532 -1.062293660687179341906017
85434.31152320194814819843 446501.0828289089258760214 15.51955896699223913515198
85434.68567731471557635814 446500.1797938107047230005 14.25493549425390504836741
85437.2751914235414005816 446493.9302017831359989941 0.6897424495217072681896298
85436.42260470343171618879 446495.9883397476514801383 12.18735734545325577471431
85413.97774238235433585942 446502.1233677710988558829 -1.062293660687179563950622
85432.96836959299980662763 446497.9109037310117855668 -1.062293660687178897816807
85434.86407269714982248843 446497.4139564919751137495 -1.062293660687179341906017
85429.44017958491167519242 446497.0275729922577738762 -1.062293660687180230084437
85428.82843292148027103394 446495.0955659726751036942 -1.062293660687178453727597
85438.40762637561419978738 446484.9716920645441859961 14.24952856318311411598643
85438.87142133612360339612 446482.7228775460389442742 14.22854325493518423684236
85438.8078274996078107506 446482.7556975827901624143 11.75050180358658202806055
85430.30126289601321332157 446508.5908416444435715675 2.496591967736400352606552
85430.97876194972195662558 446508.8619398259907029569 2.277000339574659193431216
85437.78508232353487983346 446492.6995588504942134023 11.07238842050510463366209
85437.39349092774500604719 446493.6446810006164014339 11.76071145380853266715349
85435.47640970522479619831 446498.2713312882115133107 17.45307773863254752200191
85435.79078030955861322582 446497.5126515141455456614 15.23695023064184361771822
85435.29216226082644425333 446498.716019461746327579 14.46535622038286916790639
85435.77101398032391443849 446484.1645019155694171786 -1.062293660687179341906017
85435.54517363094782922417 446482.6687139696441590786 -1.062293660687179119861412
85443.73743771505542099476 446478.3322586301947012544 8.805306007629583930906847
85443.73574199948052410036 446478.3363997381529770792 7.123478125292477258767576
85440.77136548187991138548 446471.6144340495811775327 -1.062293660687179563950622
85438.51348896617128048092 446469.16641357442131266 -1.062293660687146257259883
85436.9641781939280917868 446474.603410118434112519 17.95622870691392236608408
85436.65257135641877539456 446475.4960766825242899358 18.3674204329846055827602
85447.10637488249631132931 446470.2023251177743077278 2.207185833260202123540239
85447.33690262478194199502 446469.6460112374625168741 3.975837287315322043923516
85446.22344246809370815754 446472.3330342138069681823 5.262495620447790400930899
85433.17018459165410604328 446466.18101859389571473 -1.062293660687146257259883
85448.43695938476594164968 446466.9864160386496223509 10.75614548587677532509588
85441.24889205614454112947 446484.3031562785035930574 -0.975820388051869880285949
85441.94294792639266233891 446482.6630609206622466445 0.2076133335467745810731799
85442.47365962226467672735 446481.2066226403112523258 -1.03813588314749960517247
85439.74207491597917396575 446482.4922365447855554521 -1.062293660687179563950622
85441.87057938637735787779 446464.9849563040188513696 -1.062293660687179563950622
85418.52514220464217942208 446496.82276367541635409 -1.062293660687179341906017
85444.62458856769080739468 446476.1914184949710033834 4.109627749428323539859775
85438.07268620305694639683 446490.4042275594547390938 12.8245058800051339176207
85438.4853494522103574127 446489.4099365812144242227 12.20698308991484282159945
85434.24490100698312744498 446480.5822553259786218405 -1.062293660687146257259883
85436.47968383081024512649 446495.850633153400849551 13.58526296213878481466963
85446.29675502705504186451 446472.1561149688204750419 -0.7595250797392225639015351
85446.83522912324406206608 446470.4779832595959305763 -1.062256274743006656535727
85446.15642246590869035572 446472.1820277279475703835 -1.059515321945334154207785
85445.4443507521937135607 446470.8254176658228971064 -1.062293660687179341906017
85432.25917869203840382397 446484.8003650383907370269 18.00306938597740469276687
85430.27069002746429760009 446483.3701344567816704512 18.04936065208570639128993
85438.60176979172683786601 446490.7282718579517677426 6.093934868553597894447194
85447.69007958706060890108 446460.5622018614085391164 15.14738950872416367587903
85446.40621031782939098775 446459.6426589062320999801 14.56040953006958282855976
85449.04507738651591353118 446463.9086027267621830106 14.55434460163429299939253
85446.86668039133655838668 446469.4271308860625140369 12.66010265405953383321958
85448.01870132183830719441 446467.9917336890939623117 11.15441544693853082037549
85448.43951086440938524902 446466.9184063269640319049 13.10746496161784513390103
85447.23904354895057622343 446459.7772021014243364334 14.23296464850822573566802
85436.52846024863538332283 446471.4327047849074006081 18.38905908852416359877679
85437.95168983987241517752 446471.2350299995741806924 18.12574283166899036245923
85445.23046831040119286627 446462.937551702547352761 17.97008081943840451799588
85448.43648883221612777561 446465.2375415753340348601 12.12341960595207801532069
85435.8120877046458190307 446459.0108246802119538188 17.96387296749273687623827
85433.66045807510090526193 446458.6598021076642908156 17.40280924207583268525923
85445.61553678062045946717 446469.4020101265050470829 -1.062293660687178897816807
85441.64059356554935220629 446482.083120164752472192 13.93402827577073921361261
85443.16236231949005741626 446477.3935973010375164449 14.72989205114272159846678
85415.49444680221495218575 446480.3909464260796085 17.10959234017321506371445
85416.13032428096630610526 446481.9605211392045021057 17.66383073207160236961499
85414.6958012273971689865 446482.9291323533398099244 17.22222330589964300884276
85416.99824763275682926178 446481.6176256479229778051 17.46568363368437815097423
85432.64762698419508524239 446463.4121079127071425319 -1.062293660687180008039832
85420.94066931093402672559 446504.2296917312778532505 13.17887878437811721710204
85422.11630162449728231877 446504.8845670745940878987 12.92872491051014449681134
85427.7409812611440429464 446482.3001240177545696497 18.04516116731353747582034
85426.46770661498885601759 446480.9296777085983194411 16.84178986328939942040961
85431.74067834689049050212 446478.8182657661382108927 15.94658965863756883152291
85442.98241522054013330489 446452.3384933476336300373 12.1412866718416392330937
85423.5820936591480858624 446458.7943631939706392586 16.7450208386833949703032
85420.5980294397595571354 446471.0852328912005759776 17.638510839964766319099
85423.75448886577214580029 446474.1106845923932269216 18.02757370173260653700709
85425.53893767535919323564 446474.8322367095970548689 18.03549893505256562775685
85424.36286676624149549752 446474.6038528942735865712 17.69837829580700017118033
85419.73078652824915479869 446502.0303518856526352465 15.72500785799683420407291
85436.43823934592364821583 446479.1732253252994269133 18.03811413104417837871551
85438.08241848202305845916 446478.2620216180803254247 17.92379559180420400821276
85438.71327606494014617056 446480.2849338414380326867 18.03655060125797504611
85443.36815031588776037097 446462.109802176826633513 17.98593739284808989964404
85443.00340239737124647945 446452.2121004567015916109 9.23563638171362555340238
85439.721517701938864775 446467.3127498980611562729 17.94392256693476284112876
85425.19623270617739763111 446481.2587499358924105763 18.04691797884329673706816
85425.13485207925259601325 446468.6460244330810382962 -1.062293660687146257259883
85425.0074002149049192667 446470.5433498149504885077 18.36119008246945583096021
85421.96877063544525299221 446469.753091759339440614 18.59250553995364541037816
85443.02186525083379819989 446475.1083692092215642333 -1.062293660687181118262856
85443.84386290500697214156 446473.4525899605359882116 -1.062293660687180008039832
85442.01913701392186339945 446473.7486650966457091272 -1.062293660687179563950622
85436.76885879511246457696 446470.8983769107726402581 18.21062629503718000023582
85408.73067844798788428307 446464.5733178567024879158 15.10003853446765376133953
85415.53643695873324759305 446501.2398304005619138479 14.29803989310800282908076
85434.63916182194952853024 446476.6617649764521047473 17.9116215987938751652564
85433.18808139748580288142 446477.9409952631103806198 18.04611053075923976507511
85432.32137996038363780826 446461.3633079924620687962 17.96290554849293741312977
85433.19917517650173977017 446460.5152205057675018907 17.95631134431686604102651
85425.64638739355723373592 446465.611772384203504771 17.73392621500939725365242
85430.62906391618889756501 446461.8271088288747705519 17.02651027080136358904383
85436.53355383666348643601 446495.7206687447032891214 2.388596677232596388051888
85441.66960119837312959135 446482.0412376670283265412 11.1321237230232679138453
85432.44507226790301501751 446483.1716993821319192648 16.48728388175089776268578
85434.46631893637822940946 446477.8513801028020679951 -1.062293660687182672575091
85436.44546588207595050335 446475.7924092362518422306 -1.062293660687179341906017
85434.20341390448447782546 446475.9212427695165388286 -1.062293660687146257259883
85430.09419112345494795591 446472.7109615905210375786 18.36772543266211243917496
85432.0157222280977293849 446468.871602209226693958 18.14663309014470726765467
85434.05784307661815546453 446468.7559495354653336108 17.58121586264461910786849
85443.81545148695295210928 446478.1440433048992417753 4.72467978541327315866738
85439.41454161517322063446 446486.8957179457065649331 10.90428202463974471925212
85439.61871501475980039686 446487.3360875596408732235 11.5244186644986434941984
85438.69933178405335638672 446485.5290863052941858768 12.48406147224336848466919
85442.46738119306974112988 446481.3972318735904991627 7.309619883955944530384841
85439.57554679761233273894 446488.3776887277490459383 3.186777736975805463970346
85440.17164262448204681277 446485.6515288544469512999 8.908804638530144259789267
85437.5012642498331842944 446482.4797475629020482302 -1.062293660687178231682992
85437.28200935434142593294 446480.5268199905403889716 -1.062293660687179341906017
85442.31429138728708494455 446472.0851918967091478407 -1.062293660687177787593782
85440.42475870111957192421 446473.1899012944777496159 -1.062293660687179341906017
85447.85098688669677358121 446456.9412309312610886991 7.338537425834406491276241
85434.69050499382137786597 446461.2644126866362057626 17.974150093659201132823
85430.72317865800869185477 446460.7168093466316349804 17.94985307113156025593526
85442.51018920229398645461 446455.1269057641620747745 12.14690709198516316291716
85430.10882738303916994482 446460.1922672296641394496 -1.062293660687179785995227
85437.57647433102829381824 446449.9612401335034519434 7.48494691990636784595381
85441.40538511732302140445 446454.5469210194423794746 12.1475395113603639174471
85432.660348724719369784 446464.8434717307682149112 -1.062293660687179119861412
85433.77988439310865942389 446464.1177830272354185581 -1.062293660687179563950622
85439.82071557421295437962 446457.6564720028545707464 -1.062293660687179341906017
85440.10375570713949855417 446458.6761841291445307434 -1.062293660687179563950622
85441.14426236262079328299 446458.4831286001717671752 -1.062293660687179341906017
85441.500381455771275796 446458.2794483313336968422 15.56272295075593703472805
85438.95101802123826928437 446450.5313427434302866459 9.027619131000971464118265
85447.97285575146088376641 446468.003385787014849484 17.91034683454047993222957
85425.31127720180666074157 446461.5296111834468320012 17.99072539889321475925499
85426.7767575738689629361 446458.5147109522949904203 18.30902160839591630292489
85420.9830858958448516205 446450.4432074532378464937 -1.062293660687179341906017
85431.6737504153570625931 446450.1237349811708554626 12.15388677760752500489616
85433.43326069391332566738 446448.2428102827980183065 6.977970313499856302996704
85435.56288445720565505326 446456.8148001196677796543 -1.062293660687179341906017
85422.67940208183426875621 446457.4459082644316367805 16.11755496722838287837476
85431.83164355465851258487 446451.4136954397545196116 -1.062293660687179563950622
85444.38279276332468725741 446452.7842132629011757672 4.177674996974504395552685
85443.29033224095473997295 446452.3311068250332027674 3.793002749933220396627576
85437.34338173481228295714 446452.0596139054978266358 -1.062293660687179785995227
85440.97749064254458062351 446456.6090901850257068872 -1.062293660687180008039832
85436.917158699274295941 446456.13012221350800246 -1.062293660687177565549177
85435.861893287772545591 446450.876628751982934773 -1.062293660687146257259883
85433.70284635690040886402 446451.693342879181727767 -1.062293660687180230084437
85435.65319148713024333119 446452.9184030639589764178 -1.062293660687179785995227
85437.80686815868830308318 446450.2212879749131388962 -1.062293660687179341906017
85440.90780023374827578664 446451.4912241852143779397 -1.061861195735518625937743
85418.39732871226442512125 446447.8383623571135103703 -1.062293660687179341906017
85420.17616962947067804635 446446.5667163333855569363 -1.062293660687180008039832
85422.27043481855071149766 446446.8480205204105004668 -1.062293660687179785995227
85420.47706088166160043329 446450.0128725761896930635 15.09576718500497527486459
85423.5412294828420272097 446447.0463557335315272212 -1.062293660687179341906017
85440.16377882071537896991 446451.0343446501647122204 10.64465678901897227603968
85429.16194504483428318053 446460.007303891412448138 17.96665283548192704188295
85439.45087894324387889355 446450.7386639208998531103 1.656856188842338539757293
85438.28498729223792906851 446450.2551013553747907281 1.35887613062849466061266
85445.28690160543192178011 446453.1591993868933059275 4.944956420452344403315692
85443.84249112960242200643 446452.5601189879234880209 5.275219563399384803403791
85444.70581819651124533266 446475.6664020163589157164 -1.060599793533813395285392
85442.32873781477974262089 446476.5130732604884542525 -1.062293660687179341906017
85444.0589298602135386318 446477.5378844368387944996 -0.9593904236795005591176277
85444.83733601377753075212 446475.6780123595963232219 -0.2069846393122513616980029
85448.73256927572947461158 446454.6041797334910370409 1.468614899306151855284952
85440.46068668886437080801 446451.157489481323864311 9.361105975940407830648837
85435.64440402349282521755 446454.7764371237717568874 -1.062293660687179119861412
85440.33378537827229592949 446451.1048561828210949898 0.7803245774137281820515
85421.7627419595664832741 446473.6044569051591679454 -1.062293660687179119861412
85438.78345511732914019376 446490.2897048567538149655 4.952952775308459010261686
85436.36182134189584758133 446466.029100987536367029 17.99926813251660817627453
85423.84107952179329004139 446466.8238369363243691623 -1.062293660687179341906017
85422.37591225025244057178 446465.9564875611686147749 -1.062293660687259944097605
85419.56552579592971596867 446468.7748809406766667962 16.78749296601854723576253
85421.40866625460330396891 446473.7057902692467905581 17.20498257116575047120932
85420.45446104242000728846 446473.9302043290226720273 16.26701654282624787128952
85417.23339851407217793167 446464.333934271358884871 15.7757629040663847064252
85418.13981972732290159911 446470.9887953260913491249 16.56696859095374563253245
85412.7610758950759191066 446441.2501311739324592054 12.16558451292354092743153
85409.22731004054367076606 446448.5867448048084042966 15.79245658970627097517081
85414.47793820586230140179 446440.3809439045726321638 11.88781368480370659312939
85401.13158224793733097613 446438.9621731669758446515 -1.062293660687179563950622
85409.28583698776492383331 446444.9347426847089082003 13.61901094073285456431677
85414.84973456549050752074 446451.0733129293075762689 16.3161716584121343487368
85412.48202446088544093072 446450.280530683696269989 16.17416648088546793360365
85412.5931869432533858344 446449.985081004910171032 16.20634317862482376426669
85427.72918541808030568063 446455.6083341091871261597 17.96607123429651764467962
85415.35557240855996496975 446449.0062595540075562894 14.31487628322564376048831
85415.6479564811015734449 446448.5019488870166242123 15.10082573227186131248345
85414.07453691543196327984 446460.0993435347336344421 14.83078829526597175458846
85416.51453284130548126996 446461.6159093272872269154 14.2247252977861133871329
85414.24253140347718726844 446462.3149766350397840142 14.3706856017328448160697
85422.69463179900776594877 446448.9230206445208750665 13.1708735607130709155399
85416.68168000555306207389 446441.2952179536805488169 12.02126447477693105270191
85414.48177900706650689244 446440.4943780586472712457 12.1556925045447918876107
85419.30959594277373980731 446454.5045514882658608258 14.53002833287049000432489
85417.97375101274519693106 446461.0668311090557835996 15.59888061633351696855243
85413.32604150984843727201 446445.8347783946665003896 12.17017204129454910344066
85413.91955155642062891275 446444.443591943709179759 12.16787802626131842487212
85416.06565250863786786795 446447.1053244782378897071 14.56192308588257589008208
85415.11699602211592718959 446447.0872037730878219008 15.08442831183390175908698
85405.2800622936338186264 446446.992007424240000546 16.21958931098956568916947
85404.38609599499613977969 446446.5912853818153962493 16.15320925733046308891971
85406.60185613394423853606 446447.7575981825357303023 16.25308822843130229784947
85408.79056551128451246768 446444.5589556597406044602 13.81555046314603885093675
85423.04867838852806016803 446446.0319283806020393968 -1.062293660687179563950622
85421.70304083987139165401 446444.8125493708066642284 -1.062293660687181784396671
85423.93483613009448163211 446444.303265346447005868 4.508422717905473220412205
85421.90600253801676444709 446443.4617909471853636205 -0.1320222111315802471231962
85405.77588989735522773117 446440.3187786624184809625 -1.062293660687179341906017
85429.9325659829773940146 446451.9463902595452964306 13.219707490484765344263
85434.29487722057092469186 446456.0536000715219415724 -1.062293660687179341906017
85431.47195804043440148234 446459.8983474408159963787 -1.062293660687179785995227
85441.61917607954819686711 446451.6379819021094590425 6.126957346061103315548735
85443.85948655910033266991 446452.5671679735532961786 6.873329121171326328010309
85438.30938959578634239733 446458.0450990964891389012 -1.062293660687146257259883
85448.70756907512259203941 446454.5818845873000100255 7.984493169940238388448961
85439.92425545646983664483 446475.3206788820680230856 -1.062293660687179341906017
85439.22346539745922200382 446476.7778793738107196987 -1.062293660687179785995227
85447.22567910434736404568 446468.6043118910165503621 -1.062293660687179119861412
85428.21235891510150395334 446471.8655298615922220051 18.36835595642259377768823
85432.53014168502704706043 446476.9185938916052691638 -1.062293660687146257259883
85438.18267480713257100433 446475.54042435361770913 -1.062293660687179341906017
85438.27650406387692783028 446486.1470830104663036764 -1.062293660687178453727597
85437.26025467536237556487 446484.4301098875002935529 -1.062293660687179785995227
85420.14863070873252581805 446461.506170999666210264 16.09824340586639834782545
85423.50238007346342783421 446472.7532993408385664225 -1.062293660687179341906017
85423.01423179893754422665 446475.0824904462788254023 -1.062293660687179785995227
85417.20245306091965176165 446470.4891202088911086321 16.0131905109831471634152
85423.23490751501230988652 446477.266845241014380008 -1.062293660687146257259883
85427.89158074263832531869 446477.2015986650949344039 -1.062293660687146257259883
85429.14194827279425226152 446474.8212929246365092695 -1.062293660687179341906017
85426.45330608748190570623 446474.8431464775349013507 -1.06229366068718489302114
85425.00724308512872084975 446485.4410163908032700419 -1.062293660687179785995227
85427.59575971303274855018 446486.1315433377749286592 -1.062293660687179341906017
85427.61615440719469916075 446484.5394839937798678875 -1.062293660687131824360563
85407.69869670052139554173 446477.1913616815581917763 15.12576200674396886824979
85438.51863278308883309364 446485.1838044574833475053 10.56064999369127122008649
85408.32175439527782145888 446481.5660079362569376826 16.47337702242487722514852
85407.68973323761019855738 446481.0454301857971586287 16.56148273110799706842045
85408.93807661396567709744 446481.5302104390575550497 16.52523712694883073481833
85410.05846201795793604106 446482.096870242094155401 16.58487057810289755366284
85400.12088221214071381837 446497.3458820419036783278 -1.062293660687179119861412
85398.4398548437311546877 446496.8670260735671035945 -1.062293660687179341906017
85398.54192515628528781235 446498.6119437515735626221 -1.062293660687184226887325
85393.15004446146485861391 446490.8806398604647256434 -1.062293660687179785995227
85400.72022152600402478129 446478.4232435267185792327 15.88354317891263534079371
85406.44294141707359813154 446468.8468828256009146571 15.10006728051348012797916
85419.05734902115364093333 446491.962801337125711143 17.96867514412387478728306
85400.80070276404148899019 446490.3816831439035013318 15.10351212858270031347274
85403.41329005554143805057 446491.5469783613225445151 15.0992466074780011808798
85411.7657328441709978506 446484.9232309022918343544 16.32240706499920079863841
85409.79731001098116394132 446485.17838317557470873 15.23790052150023832666648
85409.67971529230999294668 446474.665215990215074271 -1.062293660687179563950622
85410.39016428287141025066 446464.5582647185656242073 -1.062293660687179563950622
85400.60555456747533753514 446469.7275381508516147733 -1.062293660687146257259883
85398.27671395456127356738 446470.9578301607980392873 -1.062293660687179341906017
85399.27331622068595606834 446471.5448477169265970588 -1.062293660687179785995227
85405.42486514532356522977 446482.7591784593532793224 14.48601489206576786727965
85406.4566733856190694496 446480.7949756958405487239 16.47504957834907202141039
85401.90025862216134555638 446483.2925038944813422859 -1.062293660687179341906017
85403.05792625399772077799 446478.1525288875564001501 -1.062293660687179341906017
85406.0378611173655372113 446489.4430548491072840989 -1.062293660280261065054219
85408.30204441101523116231 446476.3546915858169086277 15.06181062673953618968881
85405.74061790542327798903 446476.5997081850073300302 15.07571207227560527996957
85403.98970566804928239435 446475.6001461708219721913 15.12563497444371485300962
85417.80051895373617298901 446479.4615470035350881517 17.97841801057059996082899
85412.53833437639696057886 446497.5645199368591420352 18.35840277323793401365037
85414.16430757047783117741 446498.6289581482415087521 17.36021914705489521679738
85412.87163622489606495947 446498.3380107207922264934 16.99141199723153761169669
85407.79308194205805193633 446492.7287504778942093253 -1.062293660687179785995227
85409.20616423104365821928 446493.9433502580504864454 -1.062293660590967192547396
85404.56038627676025498658 446495.7674263351364061236 -1.062293660687180230084437
85402.70251687207201030105 446488.7222369920345954597 -1.062293660687178453727597
85404.36400417092954739928 446489.523910492891445756 -1.062293660687179341906017
85419.7796835356712108478 446483.8904289491474628448 -1.062293660687179341906017
85418.5406711043615359813 446482.9952595031936652958 -1.062293660687179341906017
85388.48413146671373397112 446492.0508151919930242002 13.76734520982885001672003
85401.10781113465782254934 446501.1749366646399721503 -0.9548011722018404645595524
85401.20908696710830554366 446501.2231421631295233965 1.56044069646683314367408
85403.14803983180900104344 446502.0274200947606004775 0.5626628594637483882223705
85404.92336701731255743653 446490.2069576691719703376 14.06807565842262697231035
85404.53009197500068694353 446490.880344485689420253 15.07973903336147181164506
85432.51654246902035083622 446479.0677070867968723178 -1.062293660687146257259883
85399.26165190196479670703 446493.3066215880098752677 -1.062293660687180452129041
85391.33096179660060442984 446489.0351905594579875469 -1.062293660687178897816807
85403.18968657992081716657 446495.8942037062952294946 -1.062293660687179341906017
85395.36232416346319951117 446495.6624543752986937761 -1.062293660687178897816807
85396.84556598214840050787 446492.3265401578391902149 -1.062293660687146257259883
85388.27196795665076933801 446495.856823307229205966 6.06716458998955854298174
85431.35744267200061585754 446499.7696777189848944545 17.98809000526292223298697
85395.30427714504185132682 446498.7738261861377395689 8.067073758242313985533656
85394.2929554729926167056 446498.3543298087315633893 7.650766456407051663290986
85411.49956135950924362987 446490.8619112109881825745 17.25992306206532589385461
85410.6807864150614477694 446493.8734332439489662647 17.44353488191464052192714
85399.31856030867493245751 446494.4676783004542812705 14.35549316099933214729845
85398.39246603907668031752 446495.0040231113671325147 12.9739378956444735280229
85398.43324809531623031944 446496.8645430121687240899 12.1649165818297539942705
85377.09655351724359206855 446491.2212597648613154888 7.696778052872548236962302
85391.21382084611104801297 446493.316741049406118691 -1.062293660687179341906017
85392.41436520242132246494 446495.427399909938685596 -1.062293660687174678969313
85400.86959832313004881144 446491.8218461076030507684 -1.062293660687223972871607
85408.31947772204875946045 446504.172533287201076746 0.2773193454419681791556229
85390.36177012046391610056 446496.7196033855434507132 -0.9471798737752590291449906
85400.81412157148588448763 446489.3779477293137460947 15.09547925601666840123016
85399.25865683666779659688 446492.7882647638325579464 15.09492297517840775356035
85392.12748254540201742202 446497.4560913220630027354 0.3596098743294478539134218
85392.09967240337573457509 446497.444555671070702374 1.934954559200277923736166
85393.5861116537416819483 446498.0611308892839588225 2.546480927685700113016765
85396.85681896853202488273 446490.5505568204680457711 -1.062293660687179563950622
85399.56673487939406186342 446499.0572457605157978833 12.16497935001030583634929
85399.23208831618831027299 446497.6908193607232533395 12.164616218013106774265
85401.14212131805834360421 446497.9469536838005296886 12.16314707707301501216079
85408.05602201515284832567 446496.4069393542595207691 16.76906267565438568567515
85417.2228772250673500821 446483.2909811016288585961 18.45375428032856390814231
85437.39362394102499820292 446491.7691392391570843756 17.97516445875158908052072
85418.88531860013608820736 446479.9802440429339185357 17.9521402133533705125501
85420.19478995997633319348 446479.1861192752257920802 18.04548825579743720481929
85420.7758134435280226171 446480.7012918562977574766 17.99122538622837552679812
85406.12513273341755848378 446484.1009422436472959816 15.7708897605534570374175
85422.72876974719110876322 446480.142948184919077903 17.9983551173158282665554
85424.29295398063550237566 446479.797712102415971458 16.48830185919674562455839
85417.69889940848224796355 446495.2102104084915481508 17.98442339915629162305777
85417.00756520548020489514 446493.7818301190854981542 17.94827834110738251638395
85417.60115258135192561895 446495.6300424130749888718 17.81850779605300516550415
85400.99517244752496480942 446493.4917908030329272151 15.09242901957111548938428
85412.60392686929844785482 446500.5846115455497056246 13.45450690115671044111423
85407.32731335663993377239 446498.7033983832225203514 12.9897190925869185917918
85405.96495417429832741618 446500.1215699748718179762 12.1600844522032396355371
85405.60190883147879503667 446497.983896977617405355 12.99434995361785460943338
85409.55298732136725448072 446495.3615551337716169655 17.22519768889011615442541
85408.38996922571095637977 446495.1572390071814879775 16.69151197537413722216115
85429.05178095954761374742 446508.0756646639783866704 3.008554780396405003983773
85411.75315317032800521702 446505.5968223648960702121 4.305695763247632257275654
85410.895379761335789226 446505.2410178250283934176 6.17322636223441012504054
85412.33386212884215638041 446505.8377005257061682642 7.560591081049279793546702
85418.75612081630970351398 446503.520049331767950207 -1.062293660687179785995227
85415.04983091432950459421 446499.817849248880520463 16.12813900098705843788593
85390.58066139767470303923 446483.5663250964717008173 -1.062293660687180230084437
85434.06916744084446690977 446498.2458738754503428936 -1.062293660687179119861412
85414.15696694403595756739 446501.4032985930098220706 13.19363120646944764757791
85412.04985935342847369611 446503.2949240467860363424 12.15625678384722618829983
85410.88217420117871370167 446496.7751429964555427432 18.44054387029169816969443
85412.11674851296993438154 446496.7400471249129623175 18.17473615826571986531235
85411.36410669946053531021 446502.9072808764176443219 -1.062293660687180008039832
85419.5210625857871491462 446499.7724975153687410057 18.21238357479171199315715
85419.55482676872634328902 446500.4506599775631912053 18.45131172171810263193947
85433.62075800778984557837 446496.7619188597891479731 17.97629190256910902689924
85436.00229732583102304488 446495.274084345088340342 17.98792533525504921954052
85430.95963054390449542552 446486.018912079744040966 -1.062293660687176899415363
85429.4590076703461818397 446503.3470028582960367203 17.94756111973672929593704
85427.80743329550023190677 446502.4038452068343758583 17.76951106045013162315627
85435.81293891176756005734 446479.6638094033696688712 17.2203660430717029328207
85436.25311763098579831421 446480.7288920170394703746 15.88488672240503873922535
85427.36161795711086597294 446503.479379519063513726 18.56534399013247949028482
85422.09207818313734605908 446507.6523221141542308033 12.14955094155924975041216
85421.2911754822707735002 446501.5648207169724628329 -1.062293660687146257259883
85423.91893669046112336218 446501.5553792438586242497 -1.062293660687146257259883
85415.6182792018516920507 446484.6195285166031681001 17.91558180707078307136726
85425.80793190281838178635 446503.8257907747174613178 16.81719079259800864178942
85424.19583495132974348962 446510.7580485857324674726 7.978046969769672536187954
85409.03935409976111259311 446504.4711381138768047094 9.424428216043164496795725
85409.26265399334079120308 446504.5637629423290491104 7.593989208351614728087497
85417.05229311816219706088 446507.794906389550305903 4.435584113021348251493237
85412.85010520015202928334 446479.8903496380080468953 -1.062293660687179563950622
85416.55661045493616256863 446493.3809220978291705251 -1.062293660687178897816807
85418.82747579673014115542 446493.0808929078048095107 -1.062293660687179119861412
85424.54961035522865131497 446510.9047946749487891793 6.952291941981979306319772
85426.41021614993223920465 446491.2355716468882746994 -1.062293660687179119861412
85426.79869971219159197062 446492.8992691029561683536 -1.062293660687181784396671
85428.10961792586022056639 446491.7159562824526801705 -1.062293660687180452129041
85419.5222046101262094453 446495.819097339641302824 17.98615532103413272579928
85418.51267710761749185622 446498.2852549650706350803 17.52382473046874977740117
85420.58056481849052943289 446481.2276033016969449818 17.3920227771996955823397
85418.80479035963071510196 446482.4780609291046857834 17.55474092904775318402244
85413.37045754215796478093 446497.3462620970094576478 18.24015808042497255314629
85432.75021459792333189398 446489.7915746081271208823 17.98989921383679657651555
85434.30945237127889413387 446490.5405197496875189245 17.92864533857455455745367
85416.89424550582771189511 446499.865003201353829354 17.20648708963712181230221
85415.16615532434661872685 446493.0649221221683546901 -1.062293660687179341906017
85433.67162414483027532697 446483.316633353300858289 15.93369018619114640955559
85432.50252920048660598695 446482.1515067503205500543 14.89429192655704525805049
85434.29127707811130676419 446482.6577620991156436503 14.53825781585249643512725
85436.24504498711030464619 446485.7237704694271087646 17.98120817849871500015979
85438.54128623061114922166 446486.8231728707905858755 18.05167906641455388694339
85421.4455041585024446249 446480.6714782871422357857 -1.062293660687146257259883
85419.66086784607614390552 446481.9552405601716600358 -1.062293660687179119861412
85432.44634726768708787858 446480.8912622607895173132 -1.062293660687179341906017
85434.94735130287881474942 446498.9893481547478586435 -1.062293660687179785995227
85414.38026539116981439292 446506.6865488978219218552 5.44450825020455564384747
85390.2142285542213357985 446496.6624732869095169008 9.639355156998792750755456
85388.91467723120877053589 446496.1234192081610672176 9.117894439551518459552426
85420.88864887022646144032 446496.8713195277960039675 17.97358247578075207684378
85417.78364572991267777979 446499.7184390330221503973 18.43566596052550821127625
85411.82151729233737569302 446495.5679133558296598494 17.50432442660751775065364
85410.16708958391973283142 446486.9077640632167458534 15.98787581287179015987476
85414.4613576515403110534 446503.9234204178210347891 12.15446176772199393667506
85406.31637993149342946708 446469.1390021690749563277 14.65390630907100977253776
85408.12000847820308990777 446469.533831284788902849 15.09947719000814991829884
85414.06609821457823272794 446500.4349559196853078902 14.58965943791968200571318
85429.77043980476446449757 446499.0099943412351422012 17.87069096706014903475079
85431.82696586115343961865 446497.4948675530613400042 17.94145868444327618362877
85420.29107029296574182808 446492.984890321793500334 -1.062293660687179563950622
85422.87389694125158712268 446490.8598830685368739069 -1.062293660687178453727597
85419.96035569183004554361 446489.9507815507822670043 -1.062293660687146257259883
85424.69675745119457133114 446476.7510769194341264665 14.65796239072812490178421
85423.20997181429993361235 446478.9729894603951834142 15.91682876101760513165573
85421.66927539238531608135 446478.3300736647215671837 15.90666210088509835429704
85422.83251342159928753972 446475.3028776504215784371 15.68073208267005824723128
85424.09999135429097805172 446488.4048687330796383321 17.98136664518880323271333
85424.55428652076807338744 446486.214897597033996135 17.98936093603103358873341
85426.74721821019193157554 446486.6610485884011723101 17.99183096070235166052953
85366.01728450004884507507 446481.9591224640025757253 3.594716141433155875972716
85407.60313366052287165076 446481.2716938183875754476 15.83556009126330543779204
85407.8634580897050909698 446484.9646043109241873026 15.79708980018691377722462
85424.81568932121444959193 446505.4483812046237289906 -1.062293660687146257259883
85423.25049178772314917296 446504.0967173796962015331 -1.062293660687179785995227
85399.34541903456556610763 446468.5332311213715001941 15.06403835326179319054063
85422.31157754572632256895 446496.0235916449455544353 17.97719217115492540415289
85423.98455419839592650533 446494.1363119396846741438 17.97536999230988286058164
85423.87891154571843799204 446496.6151931009371764958 17.94591851791842174179692
85416.83083125168923288584 446477.1779807393904775381 17.11139316251024666826197
85414.36654995895514730364 446478.0546551333973184228 16.21780787695108116963638
85417.74792744671867694706 446476.1192610847647301853 15.01098730822394600181724
85402.49787343377829529345 446479.9318698511924594641 -1.062293660687179785995227
85413.62694941261725034565 446487.3495900655398145318 -1.062293660687178453727597
85411.89960332631017081439 446489.0403498329687863588 -1.062293660687259944097605
85413.93161505871103145182 446489.4840108439093455672 -1.062293660687146257259883
85407.94538197989459149539 446480.0867140422924421728 14.9635207087498169897799
85419.68839538242900744081 446484.2920098103932105005 18.4512658091563750417663
85420.96697801952541340142 446487.2817770894034765661 17.98187122500838341920826
85419.12052855468937195837 446486.5699984580278396606 17.97091301142053154649147
85422.12713971277116797864 446485.3706533718504942954 18.5312430026393677451324
85406.42920476816652808338 446468.5438914377009496093 -1.062293660687180008039832
85407.06177924970688764006 446475.4610885729198344052 14.58361477843386566632944
85417.63532465256866998971 446468.620012222439981997 16.10043132642010377253428
85417.88034860391053371131 446473.1974556706845760345 15.76188444031348545593119
85428.40631751152977813035 446473.9556071116239763796 17.90323264876243314347448
85418.80519211286446079612 446476.7561477727140299976 15.31472198327732492373343
85419.93993049405980855227 446477.3132302005542442203 15.44782328060609621900312
85423.09841328811307903379 446468.4444441114319488406 17.61960463129068088505846
85425.1737072875548619777 446466.6898161884746514261 18.32796817790867649478059
85429.70054854007321409881 446467.6749211124842986465 17.98955559172410545443199
85390.45183873461792245507 446461.6417999611003324389 15.12640786261700220904913
85425.07789243610750418156 446459.1475971374311484396 17.4494724661872204762858
85402.60543618435622192919 446478.9990683951182290912 16.60505004798476136329555
85403.44920494660618714988 446479.2182130065048113465 16.48118986419905596108038
85400.53919262309500481933 446476.9759506945265457034 -1.062293660687146257259883
85422.84425019632908515632 446481.6722622996312566102 17.92884067307437945260062
85406.86908065984607674181 446460.9108363859704695642 15.07452808465107452207121
85407.46226980508072301745 446460.1266852725530043244 15.10291402307670693971886
85408.74159969150787219405 446461.6614448334439657629 15.08999020127266099677854
85408.15201873242040164769 446462.0784995255526155233 14.30503140539053319457707
85410.79369266361754853278 446470.9408151166862808168 14.73393109071623818806529
85393.61158906962373293936 446474.6898333253338932991 15.7771485631951495776093
85425.34631158989213872701 446468.5999794600065797567 17.19417421126588862989593
85411.52377034971141256392 446461.8375703538185916841 15.10226224227021418755612
85421.40730080420325975865 446483.7518484729225747287 17.70483258589960584572509
85390.88097525868215598166 446457.1976400251151062548 15.13942600762666046421145
85404.79647574001864995807 446464.0748936293530277908 15.10212111893762809700092
85406.88705038989428430796 446480.2192311187391169369 15.83141089939245560458403
85405.84927261614939197898 446478.9577175088343210518 14.57366045428229739400194
85397.84401075192727148533 446475.9665162216988392174 15.08500943955887585445907
85398.90508191610570065677 446473.6398063708329573274 15.13856876498302739264545
85399.88291448468226008117 446474.1617094094981439412 15.09559847982054137105479
85425.86121695625479333103 446475.3613394079729914665 17.49162845345369632354959
85417.37307104375213384628 446466.0487683693645521998 14.13311690818832211391509
85406.9046207597857574001 446475.808847995416726917 15.07441338190417567943769
85412.80732088128570467234 446475.8937764737638644874 14.42700014156532972720015
85419.07494179313653148711 446494.6006939927465282381 17.91272134717401343095844
85422.89453831365972291678 446473.9678528070799075067 17.74018715875930496395085
85409.53118917056417558342 446488.7402825888711959124 16.04307197521793071359753
85407.95226527053455356508 446491.233581526845227927 15.76591147321406793935239
85407.74513782277063000947 446488.7828166320105083287 15.28450333869389154983764
85409.87266312818974256516 446474.0770613852655515075 15.09628744175235048885497
85424.88192944388720206916 446476.1052200624253600836 -1.062293660687146257259883
85414.94724267981655430049 446463.2347096189041621983 15.14579547164910344747568
85402.47670074907364323735 446478.7528516497695818543 16.38888518173498809460398
85406.26011998126341495663 446472.013572751369792968 15.10222381988190853974174
85402.63889905501855537295 446481.8565403513493947685 14.7918899668155674476111
85422.71475787153758574277 446489.8280865976703353226 17.97744991238003464673056
85431.73128338404058013111 446477.9809476857190020382 17.20794251367886928960615
85431.97248160374874714762 446477.5575816350756213069 17.99535299286480238833974
85402.31932906716247089207 446478.1184186800383031368 15.52657739357806399027595
85413.2163121024495922029 446483.3715886691934429109 16.66808557370570653688446
85413.98989488348888698965 446448.1237396885990165174 13.39188542916657098658106
85431.53374274610541760921 446473.3962563276872970164 -1.062293660687179785995227
85430.20886329447967000306 446473.8922896954463794827 -1.062293660687179563950622
85417.36966430986649356782 446486.3402437090408056974 17.97940912022548687332346
85417.6494011020113248378 446495.0453233415610156953 -1.062293660687179341906017
85419.84401413322484586388 446494.3818391883978620172 -1.062293660687179119861412
85404.28126019214687403291 446483.4707536797504872084 15.79956528601138820988581
85408.07042626324982848018 446488.218826069263741374 15.2716769446832927314972
85413.06179043954762164503 446480.4393797380616888404 16.05490594533408454935852
85403.44367688293277751654 446499.590038224239833653 12.16185516791309240147712
85401.26120215983246453106 446492.830897273903246969 14.21078328894892806033567
85407.88797942601377144456 446475.098155579122249037 -1.062293660687177565549177
85409.47387950454140082002 446472.8334447898087091744 -1.062293660687146257259883
85411.49953899573301896453 446486.9993071326171047986 -1.062293660687259944097605
85431.53418585519830230623 446474.7420955908019095659 -1.062293660687179119861412
85414.95824474078835919499 446506.9262948165996931493 9.109040970373467160925429
85406.31569237347866874188 446491.841569950629491359 15.21285514376291381211104
85405.03092627132718916982 446492.3640404890174977481 14.99198930221674075369265
85401.91720798224559985101 446501.5168708636192604899 9.291986720591287607362574
85415.18348855401563923806 446490.6365447254502214491 17.63412460682805971146081
85415.75017423817189410329 446490.7245695890160277486 17.9645262086748687124782
85415.73212336711003445089 446479.8450642628013156354 -1.062293660687179341906017
85411.35021687361586373299 446497.6698486190289258957 17.04612636926359670042075
85400.43555435253074392676 446486.0178070841357111931 15.10553646178223274887387
85400.4807933643605792895 446485.0711688443552702665 15.05833882261139500258196
85414.50961586269841063768 446479.639148846035823226 -1.062293660687179785995227
85441.60027918395644519478 446461.3506372914416715503 17.98677387921946646542892
85410.12967424669477622956 446480.8010811386629939079 14.66941952228495438248501
85394.90131489760824479163 446498.6066773870261386037 3.514081356565414093751087
85399.25675620500987861305 446489.8780327279237098992 15.0925373954869108672483
85399.02017000861815176904 446489.043060444004368037 15.10626766241189500306064
85403.23883123432460706681 446486.2857038139482028782 -1.062293660687177121459968
85399.5055767024023225531 446495.4816044872859492898 -1.062293660687179119861412
85397.66370760492281988263 446494.8021562562789767981 -1.062293660687181562352066
85398.28845853279926814139 446488.0064823555876500905 -1.062293660687179341906017
85397.63849277378176338971 446489.4740491320262663066 -1.062293660687179119861412
85398.62346331472508609295 446490.3683174220495857298 -1.062293660687178897816807
85403.67257822747342288494 446484.4762571820174343884 13.99585093978586058938163
85409.97693711165629792958 446490.5389552609412930906 16.55199525295805074165401
85409.06223048729589208961 446504.4806272428249940276 11.89003669591582657005802
85418.24465559846430551261 446508.2894985206658020616 5.84772881907440211790572
85402.64579620251606684178 446496.5789182509761303663 13.26079841613287513268915
85402.24313302717928308994 446498.8601375774596817791 12.16255188210873328102934
85418.93889591337938327342 446508.5774695046711713076 1.764898232647403641948358
85403.37825534606236033142 446502.1243533656233921647 10.66397938232738873409744
85406.27659611824492458254 446503.3251456994330510497 10.69043997543654000992319
85405.74756687991612125188 446503.1057042941101826727 9.033340247276168355483605
85406.29861552758666221052 446503.3342793536721728742 3.041154764288448220099781
85406.79492748308985028416 446503.5401496253325603902 1.498699035891202901993324
85405.54633704415755346417 446503.022234128846321255 1.304430224463279275326499
85407.3758230567182181403 446503.7811051941243931651 9.402881413176972458245473
85407.41920751384168397635 446503.7991010733530856669 11.20896220119358943634325
85406.20055091317044571042 446503.2936021373025141656 0.0122087689793433824825275
85401.32965413627971429378 446499.9276653731358237565 12.16385975715548006803601
85399.97312049167521763593 446500.7099717353121377528 12.02860179893468384193511
85400.24261792647303082049 446499.9088241009158082306 12.16479829315888316898508
85404.06963624405034352094 446494.7096160923247225583 15.06645026068736292756967
85406.09284012096759397537 446496.4634777065948583186 -1.062293660687179341906017
85407.77442775199597235769 446496.5353479752084240317 -1.062293660687178675772202
85406.97110341078951023519 446495.622719240840524435 -1.062293660687178897816807
85414.82726939141866751015 446506.871966222592163831 2.283374987766491948093517
85405.76828811726591084152 446499.6820149141713045537 -1.062293660687179341906017
85403.61390491295605897903 446499.4042627010494470596 -1.062293660687180230084437
85405.41406784547143615782 446502.0101629541022703052 -1.062293660687179341906017
85405.73485268183867447078 446503.1004304428352043033 4.763735578009122839659994
85396.39349196392868179828 446499.1377000576467253268 -1.046258981906782015158797
85406.98334866217919625342 446494.4069597013294696808 -1.062293660687179563950622
85375.88709887323784641922 446481.9812535567907616496 -1.062293660687146257259883
85395.61576078383950516582 446497.2803564885980449617 -1.062293660687179563950622
85393.94271433552785310894 446496.4788766344427131116 -1.062293660687179341906017
85392.94622785586398094893 446497.7934270570403896272 -0.9389030866957219778612398
85397.71348124741052743047 446499.7731643997831270099 11.51161155789321099973677
85398.75071501590718980879 446500.1621589869610033929 -1.013241432054783786043117
85390.86933369863254483789 446496.9342109965509735048 1.151645073383290363011611
85386.2768187689216574654 446495.0292351326206699014 7.384290201468830971975876
85394.57484196450968738645 446498.4712563666398636997 1.198207732455698559803636
85391.23371104101534001529 446497.0853547714650630951 3.503759476939907635539839
85381.95446971897035837173 446477.2966256406507454813 -1.062293660687179119861412
85382.4482211920985719189 446479.37533754319883883 -1.062293660687146257259883
85383.9989321875327732414 446477.548831019492354244 -1.062293660687146257259883
85379.91726254600507672876 446476.9913040514220483601 -1.062293660687178897816807
85380.31922681824653409421 446479.1958475795108824968 -1.062293660687179563950622
85407.02722059964435175061 446491.7251312572625465691 -1.062293660687180008039832
85385.65634420061542186886 446472.7212065760977566242 -1.062293660687178675772202
85370.93317094161466229707 446477.4889491209178231657 -1.062293660687179341906017
85365.2447971987712662667 446479.7310764614376239479 -1.062293660687179119861412
85399.00020499525999184698 446482.2206368681509047747 -1.062293660687146257259883
85398.09895119396969676018 446484.3080139512894675136 -1.062293660687146257259883
85402.0274357793532544747 446476.5604490443947724998 -1.062293660687179119861412
85379.08422562624036800116 446474.6090956261614337564 -1.062293660687179341906017
85391.97213967714924365282 446462.3797302054590545595 15.12418155934649988125784
85383.63029557281697634608 446459.3541715100291185081 15.14843603504030511430756
85397.87330747293890453875 446477.0704773402540013194 16.62374328175862103762483
85383.64785907117766328156 446473.9728181172395125031 -1.062293660687179563950622
85380.25736294325906783342 446472.7287296288413926959 14.94491259676302874481735
85379.94602379646676126868 446473.6411863142857328057 15.13644197948257641428427
85379.82772488103364594281 446464.3411783195333555341 15.41585334136058449416851
85377.10868401695915963501 446463.6248870185227133334 -1.062293660687231078298964
85379.03701879261643625796 446464.635871720383875072 -1.062293660687146257259883
85380.50625612148724030703 446469.657620114681776613 -1.062293660687176455326153
85379.12855260848300531507 446466.8112306873081251979 -1.062293660687146257259883
85393.47273813538777176291 446466.7671320454683154821 15.12098670152700030655524
85382.9232155720965238288 446461.9669290789170190692 15.35095443269284842813249
85379.09211124564171768725 446468.1985709175933152437 15.12995113840485394973712
85387.92364860442467033863 446467.7512339473469182849 14.8287799293903077568757
85389.36473793111508712173 446465.6132792983553372324 15.12092234507139920651753
85404.95303776951914187521 446463.0158619540743529797 15.10665341592461885511511
85393.71555967925814911723 446475.2539053747896105051 15.35266702030402896639316
85391.99486769612121861428 446459.5998381481622345746 -1.062293660687179341906017
85391.93087937937525566667 446459.9904933504876680672 14.9781628028244231387589
85381.62941645433602388948 446465.2190728329005651176 14.91413269133425245627222
85385.28846185666043311357 446462.0727494068560190499 14.08436883062642586139646
85408.69501988888077903539 446469.1035186592489480972 -1.062293660687146257259883
85407.07841829399694688618 446470.7820823666406795382 -1.062293660687146257259883
85414.45303812343627214432 446459.4682845034403726459 15.61771873495593432323858
85420.92974747090192977339 446453.7054356466396711767 16.28471682389661978618278
85419.95483326088287867606 446453.2000715861795470119 16.33622468667638116812668
85416.84111912702792324126 446464.4876541573903523386 15.77002947046820224841213
85428.40066008637950289994 446456.2263555790996178985 17.64202659137600193162143
85401.20878667611395940185 446479.2051755318534560502 14.3283700054423057679287
85397.85323114581115078181 446487.6913376803859136999 14.5606054155220583368191
85421.93608598453283775598 446479.0690523736993782222 16.86523203743379184516016
85405.19064382334181573242 446475.0663499791407957673 15.06479470267583131715128
85415.21153294452233240008 446485.8875133762485347688 -1.062293660687181118262856
85411.19103250652551651001 446485.2735907797468826175 -1.062293660687178897816807
85404.76580969644419383258 446470.7843860987341031432 15.07092079751977742319013
85426.1465438520535826683 446476.4770567999221384525 15.98175656092913321515425
85424.67490132397506386042 446475.5414254966890439391 16.4749733832171330050187
85423.8429625493154162541 446488.8451035076868720353 -1.062293660687178009638387
85425.08972450380679219961 446490.1515465014963410795 -1.062293660687179341906017
85425.85612998335273005068 446474.1643027547979727387 17.99456774881948817323973
85423.73286709551757667214 446473.6621741806156933308 18.02174456337984054243861
85425.27507774806872475892 446472.3471387328463606536 17.81472530179307511843945
85427.53605547371262218803 446476.8594236103817820549 16.27439230788293045293358
85428.4775235081760911271 446478.1053242981433868408 14.97913281800662410603309
85420.93172970444720704108 446475.2497060748864896595 14.56932086238506940389925
85429.69524211475800257176 446477.5926491968566551805 16.51889017318610441975579
85429.05961992441734764725 446482.7574846084462478757 17.9918893735589051630086
85427.3136870000307681039 446475.5059001210029236972 18.04667492365550884869663
85429.94027280303998850286 446476.687656568712554872 18.01886950367622475255303
85427.69499280190211720765 446480.7177969298791140318 15.74335114413962166679539
85439.50839765767159406096 446487.6336270517203956842 17.88083138596190835301059
85438.37320179615926463157 446489.6801506186020560563 15.64926146079622881757132
85437.90914916364999953657 446490.7982616859371773899 17.48012220344624267909239
85436.57954883620550390333 446495.5453434812370687723 17.91366048037513536428378
85431.31879649689653888345 446488.1920607021893374622 17.99524820933962487856661
85437.84358241867448668927 446480.3610635802033357322 17.43824928403241614205399
85438.98047764573129825294 446481.143265305960085243 16.96763065753602717222748
85439.32830793525499757379 446486.7309415818308480084 15.00467693513427569484975
85440.56392453785520046949 446481.7005297004943713546 17.11701899635967549784255
85440.73883248571655713022 446482.1431295573129318655 16.54549818349072154433088
85439.73615124120260588825 446482.2647858067648485303 15.69353385374040321664779
85435.26369879540288820863 446498.7845385418040677905 -0.9185019651556529662883577
85435.90413983084727078676 446484.7407246112124994397 16.6965339226440434572396
85435.71465865713253151625 446487.069965962553396821 17.96666857918775050961813
85433.80840402760077267885 446502.2299310240778140724 17.94143919499428818653541
85438.09067453944589942694 446491.9174633755465038121 11.51054766179822941296607
85431.76644900751125533134 446485.3943135792505927384 17.97257231817555123143393
85430.43209790084802079946 446484.8443886721506714821 17.96231304545612417200573
85427.92408226222323719412 446484.1770418919622898102 17.52799403477422401920194
85425.59803790875594131649 446485.8315046216594055295 17.97792466704076730366069
85428.53643229520821478218 446486.5861808548797853291 17.69322539770613289533685
85428.54494857101235538721 446483.9643661933951079845 17.99783841740699230626888
85437.80025148563436232507 446481.5380866059567779303 15.63041001896556636552305
85435.77696359354013111442 446483.740671963372733444 15.25089614074932242715477
85431.56818921960075385869 446487.1039340521092526615 17.24415628081159113094145
85437.04278148929006420076 446485.3870367694762535393 16.96351523986346876426978
85439.34631575763341970742 446486.7653511477401480079 16.94473023067111583372935
85439.0273884809430455789 446486.1999664137838408351 16.93573456742255700646638
85439.61830400816688779742 446487.3058962291106581688 16.92190866378684432902446
85439.50869480325491167605 446487.0840979721979238093 17.93598551503622573477514
85438.40578253366402350366 446489.6016489991452544928 10.98340009021254104482068
85439.32772208446112927049 446488.0908598697860725224 11.96617463003736858695447
85428.82753207231871783733 446488.1459698872058652341 17.98748570069414043359757
85428.39761766055016778409 446486.998066327185370028 17.99173819922075168165065
85429.95967096008826047182 446488.1546136641409248114 -1.062293660687178897816807
85427.69832759819109924138 446487.7204261929146014154 -1.062293660687177565549177
85427.61219392251223325729 446490.0214636872988194227 -1.062293660687178009638387
85437.03671917009341996163 446484.5339464021963067353 15.66562428055783406932733
85433.48217040389135945588 446494.7576835392392240465 17.18206056256292413308984
85432.01286419575626496226 446496.065571668092161417 17.96227889348773842925766
85434.8976039530971320346 446483.9576595856924541295 16.13743897390212822529065
85436.27918085326382424682 446496.3343578256899490952 16.05199172836093524097123
85438.6411560356937116012 446485.4552223020000383258 16.03932650248372127066432
85426.02383853243372868747 446489.0416262752842158079 17.95464209833198410137811
85436.29238915826135780662 446491.322732193220872432 17.97439312682081791194832
85416.18085467729542870075 446498.888107920007314533 18.4884837360527889416062
85415.98495132516836747527 446499.1344583861064165831 17.73602101234389394335267
85434.87438084135646931827 446494.6812462765374220908 17.9875985538214457903905
85435.48134641372598707676 446495.2146491982275620103 17.80742911450142429430343
85435.73679642193019390106 446497.6428906689980067313 12.12072808163123127656036
85426.33161105097678955644 446504.0416759321233257651 -1.062293660687146257259883
85432.51315769698703661561 446505.4232815027353353798 -0.2277537371950307532042501
85434.01847510924562811852 446501.7901115610147826374 5.559222777622655264906371
85426.21971257327822968364 446501.9892025231965817511 -1.062293660687179563950622
85419.33926072028407361358 446504.7991692587384022772 -1.062293660687179119861412
85421.11668291865498758852 446493.0395885169855318964 17.9380198505748218451572
85422.01799504952214192599 446495.0106605750042945147 16.97652428685784897766098
85423.21973393938969820738 446492.3922384808538481593 17.92138536960574768386323
85428.57632717415981460363 446493.3829389337915927172 -1.062293660687179785995227
85426.34488205371599178761 446495.6750529278651811182 -1.062293660687179341906017
85427.33391078173008281738 446494.4406967602553777397 -1.062293660687179341906017
85425.69952607134473510087 446494.1445529452757909894 -1.062293660687179341906017
85414.12834303360432386398 446506.5820514672668650746 7.376767678418465479239785
85410.18044355268648359925 446504.944462185783777386 4.711125373515829828363621
85435.85407299487269483507 446497.3599543629097752273 13.73233022335889330634018
85429.23106885736342519522 446492.3008050924399867654 -1.062293660687179563950622
85438.08849521515367086977 446491.9023268040036782622 15.65242466434471246827798
85445.05885122145991772413 446472.3916683840798214078 -1.062293660687179119861412
85445.56447257826221175492 446473.821611024730373174 -1.014139710040310449201684
85439.72232517517113592476 446488.0233829924836754799 1.792689379359855950113456
85448.0486360632348805666 446467.9283708454458974302 3.791803979636583665779881
85448.57854264620982576162 446466.6476716640754602849 5.843082277885968345287893
85447.35794773083762265742 446454.0181817603297531605 5.930827104458007426046606
85439.50096329567895736545 446459.5459920654539018869 -1.062293660687179563950622
85446.66915200947551056743 446462.6808410079102031887 -1.062293660687179563950622
85445.11176231915305834264 446458.7410718139144591987 14.00709314280966566457209
85441.47217563314188737422 446475.2016159248305484653 -1.062293660687179563950622
85446.52564509828516747802 446461.3473143652081489563 -1.062293660687179119861412
85447.91083778823667671531 446456.7974413707270286977 0.9929558789970613918995923
85444.75250933895586058497 446475.8827176855411380529 1.933834662452639463481319
85447.81236566739971749485 446460.9688467743690125644 -1.062293660687179119861412
85442.61283974040998145938 446452.0646164135541766882 -0.975597147216185511808817
85437.5943789048760663718 446459.7537910899263806641 17.96510638198400044984737
85439.32341727831226307899 446460.5156734506599605083 17.935991052188828831504
85437.49508518059155903757 446461.5586921026697382331 17.13730728296269489874248
85441.1648555972205940634 446451.4495489737601019442 8.279593598450862401705308
85441.57181171153206378222 446451.618337164749391377 9.912324823595310974155836
85442.07663161674281582236 446460.2274244083091616631 18.02549923613757343332509
85446.61047116262488998473 446453.7086838867398910224 12.00438542695133037341293
85449.93401138986519072205 446463.3762762444675900042 2.42373305766464142152472
85426.32526815564779099077 446481.3542414180701598525 -1.062293660687179341906017
85430.5823149354982888326 446477.8268027983140200377 -1.062293660687183338708905
85428.11004672585113439709 446480.7931770901195704937 -1.062293660687179563950622
85436.28653293837851379067 446478.7551142693846486509 -1.062293660687146257259883
85443.75613639313087332994 446471.6154604956391267478 -1.062293660687179119861412
85440.62404360731306951493 446480.697445281024556607 -1.062293660687179119861412
85431.21155000936414580792 446480.5850842188810929656 -1.062293660687179563950622
85443.6080048123694723472 446478.6446575187146663666 1.780523209915392257585154
85443.28934273052436765283 446479.4136588436085730791 -0.2154774162596765907373708
85437.52880191720032598823 446477.1467976832645945251 -1.062293660687179785995227
85440.34493794999434612691 446484.8552465580869466066 -1.062293660687179119861412
85438.54683705927163828164 446477.7464818301959894598 -1.062293660687179563950622
85440.63430950234760530293 446485.8219601188902743161 5.567711080506704490744596
85440.6688388614566065371 446485.7386103082681074739 0.496124711431975728981314
85439.96505973955208901316 446487.4374503109720535576 8.636061478754260889445504
85442.03212598766549490392 446482.4477955723414197564 1.469187674461494008681939
85442.50557131896493956447 446481.3050707440124824643 1.80993277864035362334505
85442.34107444000255782157 446478.4865238938946276903 -1.062293660687179341906017
85438.30132671009050682187 446478.902224576217122376 -1.062293660687179563950622
85442.82300167925131972879 446480.5390418327879160643 4.88404456523061547557063
85424.80738466668117325753 446491.9352204861352220178 -1.062293660687146257259883
85418.9105788462475175038 446499.7161645037122070789 -1.062293660687179119861412
85423.13009755377424880862 446485.6411383530357852578 -1.062293660687178897816807
85424.18200235263793729246 446486.6041327071725390851 -1.062293660687179119861412
85420.27222989297297317535 446499.8835528349154628813 -1.062293660687179341906017
85393.52209170899004675448 446498.0345754069276154041 5.86453634807647006255138
85395.03863400066620670259 446498.6636373710352927446 5.852049084317147986666896
85429.97807782914605922997 446480.8965575614711269736 -1.062293660687180230084437
85428.87207887436670716852 446479.0845124860061332583 -1.062293660687179341906017
85405.55019717696995940059 446494.9159441539086401463 14.60010952241587034450276
85437.81144683189631905407 446488.5626994800404645503 -1.062293660687179341906017
85422.76189988582336809486 446487.8493491242406889796 17.94761635415159872763979
85422.49251531215850263834 446498.1572960197227075696 17.34372844324377282987371
85422.77775767521234229207 446497.6299669233849272132 17.98798955887707151646282
85421.95783944404684007168 446487.6431319150724448264 -1.062293660687178009638387
85420.81275843210460152477 446485.5311079327948391438 -1.062293660687146257259883
85407.25138404082099441439 446503.7294878722168505192 0.2256109179452281121580626
85405.18396896510967053473 446502.8656539052026346326 -0.9550380549814450059642468
85439.29715871126973070204 446489.0057092913775704801 8.876188159101902286352015
85424.83666372614970896393 446493.1140417568385601044 17.95839378651685080967582
85361.7770862976904027164 446466.1541908737854100764 15.49576504899650331026351
85429.23957431102462578565 446494.3076253495528362691 17.15854473951874936688
85431.39034788987191859633 446493.4354175327462144196 17.97237212681773144140607
85424.72362236199842300266 446490.1578990555717609823 17.98223917085807244120588
85359.97187290732108522207 446470.8497839508927427232 19.04958567199363628219544
85368.102828481889446266 446467.9367721036542207003 -1.062293660687178453727597
85365.64900765714992303401 446464.7601299996604211628 18.3926119409000854432179
85364.70338147161237429827 446472.633317546802572906 18.76951047017005080874696
85369.04419969164882786572 446467.7294383206753991544 17.65022296571413917831705
85365.51411154691595584154 446465.1195846945629455149 19.01793785579213746927962
85373.45490225547109730542 446465.482170824077911675 14.56584558205320512058734
85365.36943474155850708485 446470.9720089629990980029 15.82998638587567796776057
85365.23451737932919058949 446459.9805698224226944149 14.9281360406272298746444
85377.50178006681380793452 446457.2562049644184298813 14.57051567383403956057464
85379.08597279427340254188 446457.2718615385820157826 15.53991037271472386294136
85385.58445349174144212157 446460.2178059215657413006 15.12466899212984117184533
85374.8300222893594764173 446455.7555423598969355226 -1.062293660687178009638387
85376.76173923013266175985 446456.0565217779949307442 -1.062293660687178675772202
85392.90052629174897447228 446461.9953964624437503517 15.09981592167745922949962
85397.17451405430620070547 446460.8823338821530342102 15.12002085967416142864295
85395.47594829925219528377 446460.174238452163990587 15.12481064318606271967838
85394.00530252428143285215 446461.9031262618373148143 14.33381626656253970963917
85402.77955117572855670005 446444.4243939614971168339 -1.062293660687179785995227
85406.3513612657698104158 446447.4026014009141363204 16.16125963974896961872219
85408.63184583850670605898 446437.9562319506658241153 10.51595911989423726140558
85402.980137682578060776 446446.4156297799781896174 16.06484763888271416476528
85417.32868947128008585423 446443.2031478680437430739 -1.062293660687178231682992
85401.5562214850215241313 446435.0215621108072809875 0.4196085342259809336518117
85407.34776244864042382687 446440.599060825421474874 -1.062293660687179563950622
85403.82910467882174998522 446443.7029577380162663758 -1.062293660687179785995227
85381.96347481438715476543 446450.1750820943270809948 -1.062293660687179563950622
85380.74205084427376277745 446450.1848091057618148625 -1.062293660687179119861412
85392.12772329873405396938 446446.8803669980261474848 -1.062293660687179785995227
85413.36427496987744234502 446443.0385927862371318042 12.16705276831392268377385
85403.45096428098622709513 446446.2148200226365588605 16.1776830956088772950352
85411.43576895748265087605 446443.2826780874165706336 13.78147599081250262997855
85392.83217853977112099528 446486.0860390362213365734 15.10282497151454350614586
85396.7844832233531633392 446476.2340925196767784655 16.15895393055632922596487
85390.57373103524150792509 446471.2957179820514284074 13.62842935363324947672936
85384.9390148789098020643 446467.184138612006790936 -1.062293660687180452129041
85384.02601562812924385071 446465.3799447607016190886 -1.062293660687179119861412
85384.86192955810111016035 446462.7208455424406565726 15.26284625367553005048649
85369.47394301361055113375 446461.4940994881326332688 15.27108221540875021560169
85382.88590925560856703669 446470.9098214700352400541 15.19084722390304875716538
85383.99485744971025269479 446465.8506633346551097929 14.44986016870550038504462
85385.97262549062725156546 446464.2224296331987716258 15.12327183979249412004719
85381.99702164881455246359 446448.072217945649754256 19.07657706413514731025316
85385.2772538478602655232 446460.3551503060152754188 -1.062293660687179341906017
85383.79808940946531947702 446460.5531426419620402157 -1.062293660687178897816807
85379.92936729064967948943 446462.1924121170886792243 -1.062293660687179119861412
85382.52302298149152193218 446462.2606698095332831144 -1.062293660687177787593782
85381.02538240361900534481 446471.425100215885322541 13.64889240017687122019652
85387.55763660412048920989 446465.50513414666056633 14.38742969126865745010946
85382.57668747320713009685 446469.6372154108248651028 15.11405608802976097138071
85395.00050181381811853498 446475.2544325150665827096 15.78911079129739647441966
85395.88509389469982124865 446475.764379930857103318 16.0119876056224939020467
85386.60156662249937653542 446463.1241104932851158082 14.85874404546222038447922
85386.83294709731126204133 446463.4959303800133056939 15.17363503904125821009075
85383.09691181451489683241 446470.3779177088290452957 15.80819455142049179130481
85405.56354499504959676415 446472.3794050072901882231 15.06925188131866732987874
85395.88361567330139223486 446475.2936544858384877443 15.30080255190427251932306
85394.58073513158888090402 446480.4755171374999918044 14.35730717699577319024229
85379.09459483537648338825 446458.4320597554324194789 -1.062293660687179119861412
85379.59678393987996969372 446459.4277684869593940675 -1.062293660687179341906017
85375.08337848269729875028 446468.0642159775597974658 -1.062293660687179341906017
85377.75695266375259961933 446453.8182173323584720492 -1.062293660687179119861412
85374.43605375420884229243 446463.396895875979680568 15.47912489436891902983007
85387.67768628172052558511 446464.8908670480595901608 15.1318319655540847179509
85375.77793987329641822726 446463.9280821930151432753 15.51188530901881179602242
85378.17113153984246309847 446478.3958018096163868904 -1.062293660687179563950622
85377.16743981487525161356 446480.4566243347944691777 -1.062293660687146257259883
85383.80813577397202607244 446466.3240100138355046511 15.13470266190322277566338
85370.9477151732862694189 446476.7529863680829294026 17.28858831514125782291558
85389.17867941767326556146 446463.5320028102141804993 15.12755585530124236015581
85377.31977710135106462985 446476.2675203012186102569 -1.062293660687180674173646
85388.70162137657462153584 446462.3806179629173129797 13.83763828790998040574323
85382.12083170369442086667 446455.8752658874727785587 16.08682528992623517183347
85383.47675638033251743764 446455.4423431875766254961 15.50241794735726408305254
85384.6107062815863173455 446456.9155332157388329506 15.13545664044961824856728
85380.83351413618947844952 446454.4780660602264106274 17.02995341685270602738456
85380.33498306060209870338 446447.3225157140986993909 19.07082400504809882590962
85378.06541727115109097213 446449.5871924181119538844 14.41875912681978455509579
85369.38915298449865076691 446466.5780829336144961417 18.7912391175592929926097
85368.44062014613882638514 446474.6785748634138144553 18.8589346475407673153768
85381.6835361142730107531 446464.5869072398054413497 -1.062293660687178897816807
85382.65128279918280895799 446466.8627774330088868737 -1.062293660687146257259883
85383.16581126418896019459 446475.8897359137190505862 -1.062293660687179119861412
85384.83816987955651711673 446476.0886796430568210781 -1.062293660687179563950622
85384.10689962882315739989 446475.1073224039864726365 -1.062293660687179785995227
85374.47573185634973924607 446486.5539179436746053398 12.14685056829087095309205
85364.38656691811047494411 446481.283364075468853116 -0.9460267805603226332067379
85367.91440506088838446885 446464.9068056249525398016 -1.062293660687176677370758
85366.89654436068667564541 446466.9801946210791356862 -1.062293660687178897816807
85374.83830969146220013499 446475.2694900570204481483 -1.062293660687146257259883
85402.28253481665160506964 446501.57274946867255494 12.15111964330089655561551
85359.84128396857704501599 446475.4774430108373053372 -1.062293660687179341906017
85369.80892817239509895444 446479.6239766384824179113 -1.062293660687179563950622
85357.18922623428807128221 446474.8401538584148511291 -1.062293660687179563950622
85349.42084583861287683249 446467.9624846624210476875 -1.062293660687179119861412
85369.41091238324588630348 446477.7659234177554026246 -1.062293660687181118262856
85379.12398372363531962037 446492.0622381107532419264 8.996996425299865762781337
85381.71007097169058397412 446493.1349474790040403605 8.756168069323857494623553
85379.05348001449601724744 446492.0329931618762202561 6.623082038708387742076411
85381.16326396563090384007 446492.9081318530952557921 6.028483224943935958606289
85383.29364757330040447414 446493.7918152848142199218 6.529654927160775557126726
85381.94443124550161883235 446493.2321601549629122019 4.816758439516082290765553
85387.18929584244324360043 446495.4077307560364715755 8.975962938489718823120711
85388.81004148167266976088 446496.0127468795981258154 12.14523362959152841256127
85383.07270950307429302484 446493.7001701410044915974 9.876476509481792120936916
85401.5269902383879525587 446498.801518622727598995 -1.062293660687178009638387
85403.03403578020515851676 446497.2619255308527499437 -1.062293660687179341906017
85407.24588933621998876333 446503.7262221048586070538 -0.930414706255571655191261
85400.12919143994804471731 446500.7752013406716287136 2.784174176261591693304354
85398.64590012126427609473 446488.4176841593580320477 15.05458376413699106421973
85411.19746567029505968094 446499.4618840556940995157 -1.062293660687179563950622
85410.18002887573675252497 446500.4489133394090458751 -1.062293660687178453727597
85404.00121404459059704095 446497.1688816225505433977 13.22002199759020157898703
85404.79930971942667383701 446496.7251454899087548256 14.38321525799343447715728
85412.25762184715131297708 446501.1373365583713166416 -1.062293660687179341906017
85409.64076530234888195992 446485.6901133038336411119 15.88799613681165112666349
85397.50812426229822449386 446488.0203814459382556379 15.10061087532877088790428
85415.0221117019682424143 446492.8962008706294000149 17.77536424111466928366099
85405.78132017099414952099 446474.1937838056473992765 -1.062293660687179341906017
85405.3419641089130891487 446472.3122538743773475289 -1.062293660687179785995227
85404.858025072913733311 446473.4173204642720520496 -1.062293660687179563950622
85416.44201030375552363694 446486.9870548899052664638 -1.062293660687178897816807
85428.93543523681000806391 446482.8077011958230286837 -1.062293660687179341906017
85405.76902340142987668514 446488.6170612999703735113 14.9597415535854878498867
85408.6099133760726545006 446486.2972990371054038405 14.32794563569577483974626
85406.22167797877045813948 446487.4643375195446424186 15.05992983073250002235
85404.67728116923535708338 446486.2982687814510427415 14.2780177301727846383983
85429.15070679999189451337 446486.4739005418377928436 -1.062293660687179119861412
85426.58755491935880854726 446472.9316938932752236724 -1.062293660687146257259883
85425.43840527672728057951 446487.2789019449846819043 -1.062293660687178231682992
85425.78194511339825112373 446492.4108838998945429921 17.12511682399992096748065
85426.38517661542573478073 446491.3177946691866964102 17.98201297557029576523746
85423.94714833995385561138 446485.173005959892179817 17.97854817952593720065124
85423.77982791769318282604 446484.0861804080195724964 17.30775456550201951699819
85417.58140757598448544741 446487.7264992163982242346 17.97189223577584016311448
85425.36924790112243499607 446479.3361174332676455379 15.1046813316580301744807
85426.63717022194759920239 446480.3715477254008874297 15.88323197524579022399394
85426.3102934178605210036 446488.8205993976444005966 -1.062293660687179341906017
85415.5365361614094581455 446489.1755108562647365034 17.80186927912729544232207
85412.18095300710410811007 446493.1677401262568309903 17.97276247867017318071703
85443.23835359093209262937 446479.3316566893481649458 -1.044841200818112492143541
85431.69307399891840759665 446494.6462388671934604645 17.17287433956321507366738
85441.51514819858130067587 446482.0899427934200502932 17.1193670459123659099987
85410.2632971446291776374 446486.0700291563989594579 -1.062293660687179119861412
85416.05474713930743746459 446463.6526688958983868361 15.09304843061709000551218
85429.97915274824481457472 446457.1615670807077549398 17.36441309723143433529913
85418.54378727922448888421 446449.7176816680585034192 15.09864751523030435009787
85410.92603045630676206201 446458.1322619252605363727 15.60515750862302120083314
85407.21132841386133804917 446456.4472155378316529095 15.60963296185772009039283
85418.3619874617870664224 446441.9980578458635136485 12.05248695143696835430092
85426.29674821757362224162 446452.7922753799939528108 16.76394346755312980690178
85414.96627693736809305847 446463.7415538466302677989 15.75923517320820188558628
85419.57154991451534442604 446452.2789545153500512242 14.08294142171288676479435
85418.16386456042528152466 446489.9550980209023691714 17.06753007198275184919112
85410.72642644689767621458 446505.1709359700325876474 3.41554602669425078076415
85403.19523177680093795061 446501.9012214510585181415 -1.061664647477957634791323
85417.39036327946814708412 446487.7668519217986613512 17.36319129627865365250727
85391.7904139070597011596 446456.09523201227420941 -1.062293660687179341906017
85404.07320205704309046268 446469.9245262529002502561 -1.062293660687179119861412
85405.47364576363179367036 446470.7113288688124157488 -1.062293660687179563950622
85401.62080393335781991482 446468.670110005303286016 -1.062293660687179785995227
85407.37112066708505153656 446472.8646026818896643817 -1.062293660687179341906017
85399.01027701169368810952 446468.5930283847847022116 -1.062293660687146257259883
85384.93185481768159661442 446469.5481594043085351586 -1.062293660687146257259883
85390.04064217019185889512 446463.3482276232680305839 15.1068081755203191818282
85405.1118883965682471171 446497.8311896685045212507 -1.062293660687177787593782
85401.44079573005728889257 446501.3192549918312579393 2.941192875811986517931018
85407.53288521095237229019 446500.5437641702010296285 -1.062293660687178675772202
85408.81474955618614330888 446499.3323456777143292129 -1.062293660687178897816807
85406.86717110629251692444 446498.0544797041802667081 -1.062293660687179341906017
85408.35378002442303113639 446497.9118310510530136526 -1.062293660687179341906017
85404.61143518151948228478 446502.6344366996199823916 3.099817010173772757752886
85397.05159790471952874213 446499.4986150925979018211 3.2515471858960394158089
85410.80252827594813425094 446505.2025030197692103684 8.037532300410513030897164
85389.14328351787116844207 446496.2182451293338090181 7.456731887350440679540498
85387.70779422992200125009 446495.6228039629640989006 7.525181110507642046059118
85408.53515861088817473501 446488.7189288694062270224 -1.062293660525256200344302
85389.00398237067565787584 446491.5228541953256353736 -1.062293660687179785995227
85391.01202429393015336245 446491.1688423006562516093 -1.062293660687179341906017
85390.12917379144346341491 446492.3948248934466391802 -1.062293660687179119861412
85377.96522922026633750647 446491.5815865733893588185 0.08950610305019961188133237
85391.01140075885632541031 446496.8880368195241317153 12.162234612170331971015
85380.71416614970075897872 446491.4500250862329266965 12.17776740231641241507532
85394.07443284103646874428 446494.6509340786724351346 -1.062293660687179341906017
85381.95624982732988428324 446493.237062504340428859 -0.6619580672298671641939904
85377.59421450614172499627 446491.4060190760064870119 -0.988404707556110539989902
85381.04754912464704830199 446492.8245957531617023051 -1.007049133020540443439472
85375.74981982477765996009 446490.6620258520124480128 -0.9268998884488892642252722
85373.87874725046276580542 446489.8789424923597835004 -0.9590015469333228459447582
85391.07329866220243275166 446495.5975979368668049574 12.17072505546990512925731
85396.21028161959839053452 446499.1496369745582342148 7.426774884149113908904383
85388.89917662476364057511 446493.9600714782136492431 12.17183546623824064170094
85386.61783419690618757159 446495.1452874505193904042 12.10605266234244226097871
85408.40479135516216047108 446490.9323209717986173928 14.33111523147604771111219
85405.31812399732007179409 446469.348406370438169688 -1.062293660687179341906017
85397.82487952406518161297 446477.7083741705282591283 14.44542100911083437608795
85406.45451412690454162657 446480.5153640459757298231 16.54850800550889289297629
85419.22351807577069848776 446508.6955308191827498376 6.550591007723141068197492
85444.07104717106267344207 446477.527234996494371444 3.079842398420016280624623
85443.28750948206288740039 446479.4180828731623478234 3.456564078383157490037547
85440.9439029785426100716 446485.0746378900948911905 -0.3144921561600874104769332
85440.59473448165226727724 446485.880133340135216713 8.820203359282025701304519
85417.82452057756017893553 446482.1494539229897782207 -1.062293660687179563950622
85396.90930646126798819751 446496.2640267764800228179 -1.062293660687179563950622
85375.35926880198530852795 446466.9698329847306013107 -1.062293660687180452129041
85374.21307181572774425149 446466.3009719174006022513 -1.062293660687179341906017
85351.32734750615782104433 446461.550876943685580045 -1.062293660687179119861412
85350.59728104888927191496 446462.7640374429174698889 -1.062293660687178897816807
85366.07258901209570467472 446465.6797103094286285341 -1.062293660687179563950622
85364.27105952001875266433 446464.8170635114656761289 -1.062293660687178897816807
85365.39115462750487495214 446467.1692898723995313048 -1.062293660687179563950622
85362.83839554441510699689 446468.805244997376576066 -1.062293660687179563950622
85366.12177400366635993123 446463.6829006426269188523 -1.062293660687179119861412
85361.28985003706475254148 446468.2451906097121536732 -1.062293660687176677370758
85375.04027541827235836536 446464.673051358899101615 -1.062293660687146257259883
85382.73947060543287079781 446461.0924678323790431023 -1.062293660687179119861412
85370.48576112494629342109 446465.6132290164241567254 -1.062293660687179341906017
85383.21029862415161915123 446463.9332805234589613974 -1.062293660687179341906017
85376.13677527304389514029 446453.718135931296274066 -1.062293660687146257259883
85380.14864116138778626919 446457.207110075163654983 -1.062293660687180896218251
85373.27160839145653881133 446465.4163858232204802334 -1.062293660687179563950622
85380.87697412531997542828 446467.7215746410074643791 -1.062293660687146257259883
85370.99218512290099170059 446459.3948664080235175788 -1.062293660687179119861412
85356.52078648892347700894 446462.1560308048501610756 -1.062293660687179341906017
85350.47002139120013453066 446459.6943123947712592781 -1.062293660687180230084437
85351.80427794474235270172 446460.2044088570983149111 -1.062293660687179341906017
85360.00935546017717570066 446467.6420161951682530344 -1.062293660687179341906017
85355.48526038714044261724 446463.1108261543558910489 -1.062293660687179341906017
85371.06569406906783115119 446452.9073066539713181555 -1.062293660687179563950622
85370.0575653596461052075 446451.0278039292898029089 -1.062293660687146257259883
85375.65510751887632068247 446435.0623367336811497808 -1.062293660687146257259883
85381.0117489180265692994 446434.3488201388972811401 -1.062293660687179785995227
85377.98440085740003269166 446429.7851191511144861579 2.21633950252177269746312
85378.96756393274699803442 446430.2072254328522831202 7.984116989485249504809872
85386.45589297101832926273 446432.8754906122339889407 5.437463824256528077683015
85385.02176191998296417296 446432.8065042969537898898 -0.04601688585842134832093464
85380.48442868469282984734 446430.858468503865879029 8.499175837634396657449543
85387.15499478008132427931 446431.1728244376718066633 -0.9121637894071357166581038
85365.79478585012839175761 446436.1226929659605957568 -1.062293660687179119861412
85353.28292737981246318668 446450.4058113495702855289 16.49860178867646354206045
85387.19786759642011020333 446431.2571500506601296365 9.829746778704809173632384
85369.2545874612987972796 446466.7383173685520887375 19.05301848836805689302309
85375.19750083718099631369 446463.1116421768674626946 16.36562008131537737654071
85354.43634939136973116547 446450.411228079698048532 15.77994129941046530518634
85351.93682358460500836372 446446.3767913559568114579 15.0060410322655588544194
85351.73148316206061281264 446449.5611105447169393301 16.12911251267630063921388
85351.12523573527869302779 446450.7916641454212367535 16.11858840889537702878442
85352.19663856325496453792 446449.1013567333575338125 15.19615867065867220730979
85350.18597210674488451332 446448.6992807005881331861 15.71752109242842720959743
85348.98101295990636572242 446450.2102399708819575608 15.58989587434473911287114
85355.47171276704466436058 446437.7634744196548126638 15.88167934532451042173307
85364.31808899012685287744 446448.8655414848471991718 19.02558008453232218926132
85368.51187359662435483187 446446.3740563736064359546 15.27552625607770941940089
85396.16645471403899136931 446464.6579263778985477984 15.06780581238566796287159
85401.11614790042222011834 446453.9278143870760686696 -1.062293660687179563950622
85406.86053118700510822237 446463.7452967040007933974 15.08693023991502712988222
85337.94471938861533999443 446464.4315262201707810163 9.857878787618572502537972
85340.33485484524862840772 446463.3353612740174867213 9.875167132753977838888204
85370.42729500298446509987 446435.2018737668986432254 19.05803108110346144599134
85350.53306222397077362984 446425.3947876373422332108 7.065955647224495095315433
3  0 1 2
3  3 4 5
3  6 7 8
3  9 10 11
3  12 13 14
3  15 16 17
3  18 19 20
3  21 22 23
3  24 25 26
3  27 28 29
3  30 31 32
3  33 34 35
3  36 35 34
3  37 38 39
3  40 41 42
3  43 44 45
3  46 47 48
3  49 50 51
3  52 53 54
3  55 56 57
3  58 59 13
3  60 61 62
3  63 64 65
3  66 67 68
3  69 70 71
3  72 73 74
3  75 72 74
3  76 77 78
3  79 80 81
3  82 83 84
3  85 86 87
3  88 89 90
3  91 92 93
3  3 94 95
3  96 97 98
3  99 100 101
3  102 103 104
3  105 106 107
3  108 109 110
3  111 112 113
3  114 115 116
3  117 114 116
3  118 119 120
3  121 122 123
3  124 125 126
3  53 127 54
3  128 129 130
3  131 132 133
3  134 135 136
3  137 138 139
3  140 141 142
3  143 140 142
3  144 145 146
3  147 148 149
3  150 151 152
3  153 154 155
3  156 154 153
3  157 158 159
3  160 161 162
3  163 162 161
3  164 165 166
3  167 48 47
3  168 169 170
3  171 172 173
3  174 2 59
3  175 176 177
3  178 179 180
3  181 182 183
3  184 185 186
3  164 187 165
3  188 189 138
3  190 52 65
3  191 59 58
3  192 193 194
3  195 194 193
3  196 197 198
3  199 200 201
3  202 203 204
3  205 16 206
3  207 208 92
3  209 210 211
3  212 213 136
3  214 215 216
3  217 214 216
3  17 218 219
3  220 22 221
3  222 223 224
3  54 225 226
3  227 228 229
3  230 231 232
3  233 234 235
3  236 237 238
3  239 240 241
3  242 243 244
3  245 246 247
3  248 249 250
3  251 252 253
3  254 212 255
3  256 257 258
3  259 260 163
3  261 262 263
3  264 6 265
3  266 267 268
3  269 270 271
3  272 273 201
3  274 34 49
3  275 276 277
3  65 278 226
3  279 280 281
3  282 283 284
3  185 285 286
3  287 288 289
3  290 291 292
3  293 139 294
3  192 139 293
3  295 296 297
3  191 298 174
3  149 299 14
3  300 301 302
3  303 304 305
3  306 307 308
3  309 310 311
3  312 313 314
3  315 316 317
3  318 319 320
3  321 318 320
3  322 323 324
3  325 326 327
3  328 329 330
3  331 332 333
3  325 327 334
3  335 336 337
3  238 237 338
3  339 340 341
3  342 343 344
3  345 346 42
3  347 130 348
3  349 350 351
3  352 353 354
3  129 355 356
3  213 254 357
3  358 359 360
3  361 362 363
3  364 365 366
3  367 368 369
3  370 371 372
3  373 374 375
3  376 202 377
3  268 378 266
3  379 380 381
3  367 382 383
3  384 385 386
3  387 388 389
3  390 391 392
3  393 394 395
3  396 397 398
3  399 400 401
3  402 403 404
3  405 406 407
3  408 409 410
3  411 412 413
3  411 413 414
3  415 416 417
3  416 415 418
3  419 420 421
3  422 423 424
3  425 422 424
3  426 427 428
3  429 430 431
3  432 433 434
3  435 432 434
3  436 437 438
3  439 440 441
3  224 223 442
3  443 444 445
3  446 447 448
3  449 450 451
3  452 453 454
3  455 452 454
3  456 457 458
3  459 460 461
3  462 463 464
3  465 245 466
3  467 381 468
3  469 470 471
3  472 473 474
3  475 476 477
3  327 326 478
3  479 480 481
3  482 483 484
3  485 186 286
3  486 487 488
3  489 490 138
3  138 189 489
3  491 492 493
3  494 495 496
3  497 498 499
3  500 501 502
3  503 504 8
3  504 265 8
3  505 506 507
3  508 509 510
3  508 510 511
3  512 513 514
3  515 516 517
3  518 519 520
3  521 522 523
3  524 525 7
3  155 420 153
3  526 527 528
3  52 278 65
3  421 529 419
3  349 530 531
3  532 533 534
3  535 534 533
3  536 537 538
3  536 538 539
3  540 541 542
3  543 544 255
3  545 546 547
3  548 549 550
3  551 523 352
3  472 552 473
3  529 553 554
3  555 556 557
3  558 559 560
3  268 535 533
3  556 561 496
3  562 563 564
3  149 148 299
3  565 566 567
3  20 568 339
3  162 569 570
3  252 571 572
3  573 571 252
3  41 344 343
3  574 575 576
3  577 275 277
3  300 578 301
3  335 579 580
3  581 567 582
3  185 286 186
3  583 276 584
3  184 186 585
3  581 582 586
3  587 586 582
3  199 588 589
3  248 590 591
3  120 592 593
3  594 595 596
3  597 253 598
3  599 170 169
3  600 599 169
3  601 602 603
3  604 605 606
3  607 608 609
3  577 277 610
3  611 612 613
3  543 255 212
3  614 615 616
3  617 618 619
3  620 621 622
3  219 623 624
3  251 625 626
3  627 265 628
3  629 630 631
3  632 633 634
3  635 636 637
3  638 639 640
3  641 642 643
3  644 510 645
3  14 646 647
3  648 649 650
3  651 298 191
3  652 653 654
3  209 655 210
3  656 546 657
3  299 187 646
3  187 647 646
3  658 659 660
3  661 662 663
3  664 134 579
3  665 666 555
3  352 354 667
3  338 569 163
3  668 669 262
3  670 671 672
3  673 674 675
3  676 677 678
3  474 613 243
3  679 680 681
3  682 340 683
3  684 685 133
3  577 686 275
3  687 688 689
3  690 237 236
3  691 544 692
3  163 569 162
3  693 694 213
3  586 695 581
3  696 697 698
3  699 700 701
3  340 682 702
3  703 335 337
3  704 705 706
3  168 590 707
3  708 709 710
3  711 712 713
3  338 683 568
3  714 151 715
3  714 715 716
3  717 718 719
3  720 152 151
3  585 186 485
3  721 669 668
3  338 237 135
3  722 659 614
3  722 723 659
3  702 664 131
3  532 724 725
3  726 727 728
3  729 728 727
3  730 626 731
3  732 273 272
3  160 162 733
3  131 664 132
3  250 684 132
3  391 734 735
3  570 733 162
3  338 570 569
3  570 568 733
3  568 570 338
3  736 737 738
3  150 715 151
3  339 568 683
3  339 683 340
3  572 568 20
3  253 252 572
3  253 572 19
3  614 658 739
3  472 740 741
3  740 742 741
3  743 744 745
3  690 543 212
3  690 236 543
3  212 136 690
3  136 135 690
3  357 254 746
3  747 586 587
3  13 12 748
3  749 750 751
3  752 753 754
3  755 753 752
3  152 720 687
3  574 756 757
3  758 759 760
3  761 762 763
3  764 765 766
3  767 768 762
3  769 770 771
3  772 773 774
3  194 775 139
3  732 272 776
3  777 778 101
3  779 780 781
3  782 783 122
3  427 784 785
3  786 784 427
3  787 788 789
3  790 791 792
3  793 794 795
3  85 777 796
3  778 797 101
3  798 107 799
3  185 800 801
3  745 744 802
3  803 804 805
3  297 296 806
3  807 808 809
3  150 152 810
3  666 665 811
3  524 812 525
3  666 811 813
3  814 815 816
3  546 817 657
3  818 657 817
3  819 820 821
3  402 822 823
3  824 825 826
3  827 828 829
3  830 831 832
3  833 834 835
3  644 836 510
3  837 836 644
3  838 839 840
3  841 695 842
3  843 842 695
3  844 845 145
3  801 846 847
3  93 848 91
3  168 849 169
3  600 169 849
3  575 850 218
3  851 342 344
3  703 852 707
3  853 854 855
3  856 857 302
3  195 225 858
3  859 860 861
3  220 23 22
3  862 863 864
3  865 866 867
3  868 851 344
3  869 870 871
3  857 872 873
3  583 277 276
3  205 575 16
3  344 874 868
3  875 876 877
3  878 876 875
3  879 880 881
3  875 877 882
3  883 884 112
3  885 516 886
3  517 516 885
3  601 887 888
3  133 685 889
3  890 643 891
3  892 855 854
3  893 894 385
3  895 896 897
3  587 582 898
3  899 900 901
3  707 590 248
3  902 852 337
3  868 903 851
3  904 851 903
3  873 905 906
3  250 907 684
3  908 909 910
3  17 16 575
3  911 912 913
3  911 914 912
3  915 31 916
3  851 904 605
3  623 851 605
3  917 853 918
3  895 919 903
3  895 903 868
3  920 921 922
3  147 640 923
3  924 925 926
3  927 924 926
3  882 586 747
3  928 225 127
3  858 225 928
3  93 92 208
3  506 929 930
3  506 930 154
3  931 932 933
3  934 302 935
3  567 936 565
3  271 937 938
3  271 938 939
3  127 225 54
3  339 341 18
3  339 18 20
3  938 685 684
3  329 940 819
3  941 942 943
3  226 225 195
3  690 135 237
3  685 846 944
3  945 946 538
3  250 664 579
3  579 335 947
3  170 756 948
3  255 544 691
3  743 745 679
3  693 337 336
3  949 950 951
3  745 802 952
3  812 953 821
3  163 238 338
3  691 254 255
3  691 954 254
3  955 956 957
3  958 959 960
3  543 692 544
3  961 962 963
3  236 964 692
3  543 236 692
3  57 965 966
3  967 251 626
3  6 8 265
3  705 968 969
3  706 705 969
3  201 970 272
3  971 972 973
3  972 974 973
3  975 964 615
3  976 977 719
3  692 964 975
3  533 725 268
3  978 979 980
3  981 982 983
3  984 414 413
3  508 985 509
3  532 725 533
3  986 987 988
3  309 989 990
3  991 558 992
3  465 993 994
3  993 466 995
3  993 995 445
3  996 811 665
3  997 998 999
3  1000 1001 1002
3  732 776 1003
3  1004 1005 1006
3  658 660 1007
3  266 378 1008
3  1009 657 818
3  380 1010 987
3  1011 1012 1013
3  1014 1015 562
3  1016 1017 1018
3  19 572 20
3  967 1019 573
3  6 1020 1021
3  260 888 722
3  503 1022 660
3  687 1023 152
3  1024 1025 1026
3  1027 821 953
3  614 616 722
3  715 627 603
3  1028 1029 1030
3  144 1031 1032
3  1033 37 819
3  524 1034 812
3  1035 602 259
3  163 161 259
3  7 525 8
3  160 1035 161
3  525 812 1036
3  499 498 968
3  499 968 330
3  716 1037 1038
3  1039 583 1040
3  1041 1042 1043
3  1044 1045 514
3  1046 1047 1048
3  1049 1050 1051
3  1052 1053 1054
3  1055 1056 1057
3  1058 742 1059
3  1060 1061 1062
3  1063 1064 1065
3  1066 1063 1065
3  961 1067 962
3  1068 1069 1070
3  1071 1072 1073
3  1074 1075 1076
3  670 672 689
3  658 1077 739
3  1078 1079 1080
3  1081 1082 1083
3  1084 1085 1086
3  504 628 265
3  1087 1088 1089
3  1090 1091 1092
3  1093 814 1094
3  1095 1096 1097
3  601 603 628
3  672 1023 687
3  672 687 689
3  1098 1099 1100
3  1101 1102 1103
3  688 1104 1105
3  1106 1107 1108
3  1109 1107 1106
3  1110 1111 1112
3  1113 1114 1115
3  723 660 659
3  308 1116 1117
3  419 153 420
3  156 153 419
3  1077 473 739
3  329 819 1027
3  615 964 236
3  1118 1119 1120
3  308 1121 421
3  888 260 259
3  1122 1123 744
3  238 616 236
3  660 723 887
3  1035 603 602
3  1038 1037 1124
3  1035 1124 1037
3  528 1125 959
3  1126 1127 1128
3  648 963 962
3  708 710 282
3  531 530 1129
3  1130 526 507
3  961 80 1067
3  156 419 1131
3  940 328 705
3  1132 1133 1134
3  1135 1136 388
3  645 691 692
3  1137 1138 1139
3  553 494 1140
3  1033 929 37
3  506 154 1141
3  351 1131 530
3  305 304 1142
3  496 1121 556
3  708 284 709
3  708 282 284
3  537 1143 945
3  7 1034 524
3  1144 1012 1011
3  561 1145 496
3  469 1146 1147
3  531 1129 305
3  1008 1069 1148
3  996 709 284
3  1145 494 496
3  976 1058 958
3  1149 1150 1151
3  1149 1152 1150
3  553 1121 495
3  996 283 811
3  378 725 1153
3  1154 1155 1156
3  1157 1156 1155
3  555 532 534
3  1158 1159 1160
3  1161 1162 670
3  1163 1164 1165
3  1166 1167 1168
3  585 1169 184
3  514 1170 1171
3  512 514 1171
3  513 1172 1041
3  1173 1174 1175
3  1175 1174 1176
3  354 353 1177
3  1178 1179 1180
3  1181 1182 1183
3  223 1184 1185
3  1186 1187 1188
3  1187 1189 1188
3  1190 1191 1192
3  1193 1185 1194
3  1184 1194 1185
3  1195 1196 1197
3  1198 1199 1200
3  1201 1202 1203
3  993 444 994
3  1204 1205 1206
3  987 1207 74
3  468 987 74
3  1208 1209 1210
3  1211 1209 1208
3  465 466 993
3  1212 442 223
3  1212 223 1185
3  1213 1214 979
3  1215 1216 1217
3  1218 1219 1220
3  561 535 1221
3  362 1222 1128
3  1223 1224 1225
3  75 1226 72
3  1227 1228 1229
3  1230 1229 1228
3  75 1207 1231
3  1232 1212 1233
3  1232 1233 370
3  1234 444 1235
3  994 444 1234
3  988 987 1010
3  1236 1237 1238
3  986 988 246
3  222 1184 223
3  995 1239 1240
3  1194 1241 1242
3  247 246 988
3  1243 1244 1245
3  222 466 245
3  224 995 466
3  224 466 222
3  1245 1200 1246
3  993 445 444
3  1247 1248 1249
3  1250 1251 1252
3  1253 1254 1255
3  245 465 246
3  75 1256 1226
3  1256 1257 1226
3  1258 400 1259
3  1258 1259 1157
3  1010 379 1260
3  1010 1260 988
3  1230 1261 1262
3  1263 1264 1265
3  1266 108 1267
3  984 72 414
3  1268 1269 1270
3  1271 1272 1273
3  1274 1272 1271
3  224 1239 995
3  1265 1275 1276
3  1231 986 1256
3  103 1277 1278
3  224 1279 1239
3  1274 1280 400
3  1239 1281 1240
3  1282 1283 1284
3  1285 66 68
3  1286 1287 1288
3  1289 1287 1286
3  1244 1243 1286
3  995 443 445
3  1290 1233 1291
3  995 1240 443
3  373 1289 374
3  1194 1184 1241
3  1203 1283 1282
3  1292 1293 1294
3  1295 1296 1297
3  1295 1297 1285
3  1298 1299 1300
3  1301 1299 1298
3  1282 1302 1303
3  1289 373 1287
3  1304 1305 1306
3  1307 1193 368
3  1308 1302 1309
3  765 764 27
3  765 27 1310
3  764 766 1311
3  1281 1286 1240
3  443 1240 1286
3  786 426 1312
3  1313 1312 426
3  1314 1296 1315
3  49 1316 1317
3  1318 1319 1320
3  1321 428 1322
3  1323 1324 1325
3  1326 1327 1328
3  1245 1244 1198
3  1286 1243 443
3  1329 1330 1155
3  1331 1332 1333
3  1334 129 356
3  1335 1336 55
3  1230 1262 1337
3  271 270 937
3  1338 1232 374
3  428 1321 1339
3  1340 1341 1342
3  1343 1344 1345
3  1346 1347 1348
3  1349 1286 1288
3  1288 1287 1350
3  1288 1350 1349
3  1349 1244 1286
3  1350 1287 373
3  1198 1244 102
3  1351 1349 1350
3  1352 1353 438
3  130 1354 348
3  1355 1356 1357
3  21 1358 1359
3  1360 828 827
3  414 72 1226
3  1361 1362 1363
3  1364 1365 1366
3  1367 43 1368
3  1369 1370 1371
3  1372 1370 1369
3  1372 1369 1371
3  1373 1370 86
3  1207 987 1231
3  1374 1375 1376
3  96 98 1358
3  1377 1378 1379
3  425 1380 1381
3  1382 1383 1384
3  1382 1384 1250
3  1385 1386 45
3  66 1387 67
3  1388 128 1389
3  1390 1029 1391
3  990 1392 1393
3  1394 1359 97
3  1395 1396 262
3  1359 1358 98
3  1394 1397 1359
3  1398 763 1399
3  1400 1401 1402
3  9 1403 5
3  5 1403 1404
3  1405 1406 1407
3  1285 1408 66
3  1357 1409 1410
3  1411 1412 123
3  1413 258 23
3  875 747 270
3  875 882 747
3  221 1314 220
3  1060 1066 1414
3  937 270 747
3  1415 1416 1417
3  1418 1419 1420
3  1420 1421 1418
3  381 467 1422
3  1423 1424 1425
3  1314 221 1296
3  1426 1297 1296
3  1297 1426 1397
3  1427 1428 1429
3  1430 1427 1429
3  1431 1432 258
3  1433 1432 1431
3  85 1373 86
3  1252 1230 1228
3  97 1359 98
3  1336 1335 1434
3  1435 1406 1405
3  292 1436 290
3  788 1437 1438
3  1296 1385 1315
3  1371 1370 1373
3  1371 1373 1439
3  1440 23 220
3  1441 1400 1442
3  1443 1400 1441
3  1444 1445 1446
3  772 774 1447
3  1448 1449 1450
3  1451 1452 1453
3  764 1454 1455
3  1314 1315 44
3  1456 751 750
3  1408 1372 1371
3  1408 1457 1372
3  875 270 624
3  1458 1459 1460
3  1461 1459 1458
3  1462 1463 1464
3  258 1432 256
3  1465 1285 68
3  45 1315 1385
3  44 1315 45
3  1297 1397 1394
3  1466 1467 1431
3  1468 1431 1467
3  1394 97 1457
3  1457 97 1372
3  45 1438 43
3  43 1438 1437
3  1196 1469 1470
3  1471 356 1472
3  412 1201 413
3  1473 1474 1475
3  1469 1476 1470
3  779 1378 1434
3  1295 1285 1477
3  1478 1479 1480
3  1481 1482 767
3  1483 1484 1485
3  1483 1486 1484
3  1354 129 1334
3  1487 1488 1489
3  1490 1491 1492
3  1493 1494 1495
3  1496 1497 1498
3  1499 1133 1132
3  1500 1242 1241
3  103 1501 1277
3  1218 1502 1219
3  1503 1504 1505
3  1235 444 1506
3  465 1507 1508
3  465 994 1507
3  1509 1510 1511
3  75 1231 1256
3  1383 1382 412
3  1243 1506 443
3  1512 1513 1514
3  1515 1516 1517
3  1518 1519 1520
3  1378 779 1379
3  963 648 1521
3  1522 1523 1524
3  772 1436 773
3  1368 773 1436
3  1525 1526 1527
3  1528 1529 1242
3  1530 1202 412
3  1531 1532 1533
3  1534 110 769
3  362 1535 1222
3  73 1218 1220
3  1536 1537 1538
3  1539 1197 1540
3  1541 1542 1543
3  1544 1545 1546
3  1547 1548 1549
3  1550 1551 1552
3  957 956 1553
3  1554 1555 1556
3  1557 1558 1559
3  1518 1560 1519
3  1556 1560 1518
3  1561 1389 1562
3  1563 1357 1564
3  1565 1566 1567
3  1568 1569 29
3  1570 29 1569
3  762 1571 1572
3  1573 26 25
3  1574 26 1573
3  108 1575 1267
3  767 1482 1576
3  1577 1578 1579
3  415 1580 1581
3  418 415 1581
3  760 1454 1582
3  1583 464 1584
3  1264 1585 1586
3  1587 1588 1589
3  767 1576 1590
3  1591 1592 1593
3  1594 1595 1596
3  1597 1598 1599
3  1600 1601 1602
3  1365 1603 1604
3  1498 1605 1606
3  1055 1607 1608
3  1609 1610 1611
3  193 293 63
3  1612 1613 1614
3  1615 1616 1617
3  752 754 454
3  1618 1619 1620
3  1614 1618 1620
3  1621 1622 1623
3  1624 1625 1626
3  597 251 253
3  805 1627 803
3  805 1628 1627
3  63 293 64
3  1629 1630 1631
3  873 906 857
3  1632 1633 1634
3  1635 1624 48
3  48 167 1635
3  1636 1637 1638
3  1637 1639 166
3  2 1 1640
3  1640 59 2
3  119 592 120
3  250 249 907
3  500 1641 188
3  1642 858 1643
3  1644 1645 1646
3  188 137 177
3  1003 839 1647
3  221 22 1397
3  159 158 1648
3  886 516 1649
3  1650 1651 1652
3  1650 914 1651
3  1653 1654 1655
3  500 1656 1641
3  1657 1658 1659
3  1660 1661 1395
3  391 1662 392
3  177 137 175
3  1108 1107 1663
3  624 15 219
3  93 1664 848
3  1665 14 1640
3  1666 1610 1667
3  1112 1668 1110
3  1669 52 190
3  1440 1413 23
3  1670 1671 1672
3  1670 1673 1671
3  1674 191 1675
3  147 923 294
3  1676 300 857
3  1677 1678 1679
3  65 226 193
3  1680 639 638
3  1680 1681 639
3  175 137 631
3  1682 1683 1684
3  1685 1686 1650
3  188 138 137
3  1665 149 14
3  230 232 1687
3  748 1636 1688
3  276 852 902
3  832 1689 1690
3  1659 1691 1657
3  1692 1593 1592
3  835 834 1693
3  1694 1665 1695
3  651 1696 298
3  1004 1697 1698
3  208 757 93
3  1664 1699 686
3  335 580 336
3  638 1700 1680
3  1701 1702 1703
3  1704 1705 1706
3  1707 1708 1709
3  739 645 975
3  848 686 1710
3  1711 591 948
3  1712 1713 1714
3  249 939 907
3  577 1715 1710
3  170 948 168
3  591 939 249
3  248 591 249
3  218 850 891
3  616 615 236
3  207 92 854
3  1716 1704 1706
3  1717 900 1718
3  1715 1719 1710
3  328 940 329
3  975 615 614
3  1059 959 958
3  958 977 976
3  665 557 706
3  739 975 614
3  1720 1721 1722
3  645 739 644
3  7 1021 1034
3  1130 507 1723
3  860 1724 950
3  1032 1031 1725
3  557 556 307
3  1007 611 1077
3  940 705 704
3  1214 1726 1727
3  929 506 505
3  1023 656 1728
3  724 532 666
3  1729 818 282
3  1730 282 818
3  819 940 704
3  813 1041 1172
3  710 1729 282
3  1728 264 810
3  353 1731 539
3  1162 1161 1732
3  1034 657 1009
3  1034 1021 657
3  819 704 1033
3  1733 1734 1735
3  611 474 1077
3  1736 1737 1738
3  696 1647 1739
3  687 720 688
3  1044 514 1043
3  1740 1741 1742
3  1059 742 1743
3  1058 1059 958
3  161 1035 259
3  1728 152 1023
3  1744 1745 1746
3  1747 151 697
3  740 472 243
3  6 1021 7
3  1723 507 506
3  1036 1022 1748
3  1036 1748 525
3  1749 671 670
3  1748 503 525
3  1007 660 1022
3  613 474 611
3  470 1147 1750
3  1059 1743 959
3  1743 742 740
3  959 1125 960
3  419 1129 1131
3  1730 283 282
3  1116 1751 1033
3  156 1141 154
3  704 1117 1116
3  509 691 510
3  509 954 691
3  1116 420 1752
3  1126 1753 1754
3  929 38 37
3  975 645 692
3  243 472 474
3  1077 474 473
3  555 557 665
3  329 1755 330
3  499 330 1755
3  819 821 1027
3  1062 1756 1060
3  539 1731 1757
3  518 1758 521
3  1759 1760 1761
3  1736 560 1737
3  1753 1499 1762
3  666 813 1763
3  991 559 558
3  553 495 494
3  535 1764 1221
3  1062 1061 1075
3  520 267 1758
3  537 945 538
3  266 1765 267
3  1414 1061 1060
3  267 1764 268
3  514 513 1043
3  1041 1043 513
3  559 991 1766
3  1065 1061 1414
3  1767 1768 1769
3  353 352 1731
3  1172 513 512
3  538 353 539
3  1521 1770 1771
3  1070 1062 536
3  1772 1773 1774
3  1775 1776 1777
3  1778 441 1779
3  440 1779 441
3  440 1778 1779
3  471 470 1142
3  1780 1781 1152
3  1190 1782 1191
3  1783 1784 1785
3  1085 1785 1784
3  1786 539 1757
3  1787 1788 1789
3  268 1764 535
3  304 1150 1790
3  1791 1271 1792
3  1765 1758 267
3  649 79 1793
3  1148 1069 1068
3  1786 1148 1068
3  1145 1794 1795
3  1008 1148 266
3  266 1148 1765
3  1796 1797 1798
3  1042 1041 813
3  1042 813 1730
3  1787 1170 1081
3  1799 1800 1801
3  1062 1070 1756
3  352 523 1757
3  461 1802 963
3  1115 1114 1803
3  1757 1148 1786
3  296 1804 1098
3  305 1142 531
3  539 1786 1068
3  1083 1066 1060
3  1801 1800 1805
3  1774 1806 1772
3  1061 1065 1807
3  1062 1075 537
3  1081 635 1082
3  352 1757 1731
3  514 1081 1170
3  969 709 706
3  1808 1809 1787
3  1810 1811 1812
3  1810 1812 1813
3  537 536 1062
3  1814 1815 1816
3  1065 1414 1066
3  1817 1818 1819
3  1772 1820 1821
3  1822 1772 1821
3  996 284 283
3  1068 536 539
3  1070 536 1068
3  79 648 962
3  1823 1824 1825
3  1826 1827 1828
3  1829 1830 1831
3  1832 1830 1829
3  354 564 667
3  551 521 523
3  1833 1834 1835
3  1836 1837 1838
3  1143 537 1074
3  1835 1834 1839
3  520 1758 518
3  1064 1063 1840
3  353 946 1177
3  538 946 353
3  1841 1842 1813
3  1842 1810 1813
3  1843 1844 1845
3  1846 1847 1848
3  1849 1848 1847
3  1177 1846 564
3  1850 1851 1852
3  1853 1854 1855
3  1177 946 1847
3  945 1143 946
3  1143 1856 1847
3  1847 946 1143
3  1857 1858 29
3  28 1857 29
3  87 70 69
3  1831 1859 1829
3  1860 1861 1862
3  1071 1863 1864
3  1865 1866 1867
3  378 1788 1008
3  1668 1112 1868
3  1869 770 1870
3  774 773 1437
3  1368 1437 773
3  1789 1172 512
3  1787 1171 1170
3  1789 1171 1787
3  1871 1872 1873
3  1874 1872 1871
3  1874 1871 1873
3  817 545 1042
3  1730 817 1042
3  1069 1809 1070
3  954 1875 746
3  817 546 545
3  1876 1082 637
3  1865 1877 84
3  1807 1874 1816
3  1083 1060 1756
3  1878 1879 1880
3  724 1763 1881
3  1066 1083 1876
3  635 1882 636
3  1883 1884 713
3  1061 1807 1885
3  1886 1026 1025
3  670 1162 1749
3  1887 1888 1078
3  1876 1083 1082
3  1889 1890 1891
3  1892 1580 415
3  1471 1334 356
3  1893 1894 1895
3  1433 1896 1432
3  256 1432 1896
3  1897 1863 1073
3  1073 1898 1899
3  1900 1761 1901
3  1902 1903 1904
3  1905 1906 1213
3  376 377 1907
3  1908 418 1582
3  1909 621 1910
3  1571 1911 1912
3  1534 1576 110
3  1913 1914 422
3  1913 422 1915
3  1916 1266 1857
3  1916 1857 1917
3  1918 828 1360
3  617 77 1919
3  1920 1921 1922
3  1923 1924 1925
3  1926 1582 418
3  1927 1928 1929
3  1930 1931 1932
3  1933 1934 1531
3  997 1935 1936
3  1937 769 771
3  791 1938 1939
3  1940 791 1939
3  1941 1942 1943
3  1944 1945 1946
3  1947 1948 1902
3  1949 1950 1951
3  1571 1952 1953
3  1954 1955 1956
3  1957 1958 1959
3  1850 620 1960
3  1961 1962 1963
3  110 1576 1575
3  1964 1965 1966
3  1926 1957 758
3  410 409 1928
3  1967 1968 1969
3  1403 1970 1971
3  1972 1403 1971
3  1973 1974 1929
3  1961 1850 1960
3  1590 1534 1963
3  1975 621 620
3  1976 1460 1459
3  1977 1978 1979
3  1980 1981 1982
3  1960 1962 1961
3  1983 1984 1985
3  1986 1609 1987
3  1931 1930 1988
3  1989 1990 1991
3  1992 1920 1922
3  1993 1994 1995
3  491 1537 1996
3  1997 1998 1999
3  620 2000 1975
3  2001 2002 2003
3  620 1850 1852
3  2004 2005 2006
3  82 2007 1860
3  1964 1966 2008
3  2009 463 462
3  1391 2010 2011
3  1870 1957 2012
3  471 1142 1790
3  771 770 1869
3  2013 1869 1870
3  2013 1870 2012
3  2014 1993 1995
3  2015 2016 2017
3  2018 1474 2019
3  1963 1962 1590
3  1534 769 1937
3  204 377 202
3  1899 1897 1073
3  2020 2021 2022
3  2023 2022 2021
3  1937 771 2024
3  1575 1964 1267
3  771 1869 2024
3  762 768 1571
3  27 29 1310
3  770 769 2025
3  2026 1975 2027
3  171 2028 2029
3  2030 2031 2032
3  2033 1404 1403
3  415 417 1892
3  827 2034 2035
3  1406 1435 2036
3  2025 1917 2037
3  1582 1454 1908
3  2038 759 758
3  760 2039 2040
3  760 759 2039
3  2041 1932 2013
3  2042 2043 1443
3  2044 1196 2045
3  50 2046 51
3  493 2047 2048
3  2049 2050 2051
3  2052 2045 2053
3  2045 2054 2055
3  2049 2056 2050
3  2056 1316 51
3  2051 2050 1363
3  2057 2058 2059
3  2057 2060 2058
3  2061 2062 2063
3  1574 2049 26
3  1361 2064 1362
3  2065 1549 2066
3  2067 1407 2036
3  2068 2067 2036
3  2029 2069 171
3  2070 1910 621
3  1937 1963 1534
3  1195 1197 1573
3  761 1398 1965
3  1547 1549 2065
3  1909 1981 1980
3  1547 2068 2071
3  1267 2072 1266
3  2073 1362 2064
3  1548 2051 1549
3  1547 2065 2068
3  2074 2075 1398
3  761 763 1398
3  51 1361 1363
3  2066 2076 2065
3  2029 2077 2069
3  1181 2078 2079
3  2080 2081 1476
3  2082 2083 2084
3  2085 2086 1497
3  792 791 1940
3  762 2087 763
3  2088 2089 2090
3  2089 1667 2090
3  391 2091 488
3  1570 1310 29
3  2092 1938 2093
3  2066 1549 2094
3  2095 2096 2097
3  1980 792 1940
3  1995 2098 2014
3  2099 2100 1589
3  767 762 761
3  28 2039 1917
3  2037 1917 2039
3  2101 2102 2103
3  76 1334 1471
3  107 2104 105
3  2105 1361 2106
3  2107 77 76
3  2076 2108 1407
3  1924 1908 1454
3  1588 2109 2099
3  2110 2111 798
3  2112 2113 2114
3  2115 2116 2117
3  1190 2118 2119
3  2119 2118 1778
3  1980 1940 1953
3  2120 2121 2122
3  263 2123 2124
3  2125 2126 2127
3  805 734 1628
3  727 2128 2129
3  727 2130 2128
3  1725 932 977
3  2131 2132 2133
3  2134 1853 2135
3  2136 2137 2138
3  2139 2140 2141
3  2142 2141 2140
3  302 857 300
3  2143 53 2144
3  2145 1396 2146
3  1656 502 166
3  165 1656 166
3  696 2147 697
3  2148 2149 2150
3  2151 2152 2153
3  2154 2155 2156
3  486 2157 2158
3  573 252 967
3  2159 2160 2161
3  2159 2161 2162
3  59 1640 13
3  1635 167 2152
3  1640 14 13
3  2163 2164 2165
3  2166 2167 1622
3  2168 2169 230
3  2162 2161 2170
3  176 2171 177
3  2172 231 2169
3  2169 1626 2172
3  226 278 54
3  176 2153 2171
3  1637 1636 1639
3  2173 47 2174
3  392 2146 390
3  1635 2152 2175
3  1624 1635 1625
3  2175 1625 1635
3  1656 165 1641
3  2176 2177 2178
3  1703 924 2179
3  191 2180 651
3  2181 2182 2183
3  1677 30 2184
3  1688 2185 2186
3  2 298 2187
3  1639 1636 2188
3  1681 640 639
3  2189 2190 916
3  58 13 1675
3  1688 1636 699
3  1675 191 58
3  1695 638 1694
3  275 2191 276
3  2192 2193 905
3  640 149 1694
3  1676 857 906
3  2194 2195 2196
3  2194 2197 2195
3  2197 885 2195
3  599 757 756
3  599 1664 757
3  748 12 2198
3  2187 298 1696
3  14 299 646
3  1694 638 640
3  1641 189 188
3  489 189 1641
3  174 59 191
3  1662 2199 2200
3  1649 2201 2202
3  2203 2204 2205
3  2181 2206 2207
3  2208 2209 0
3  517 2210 515
3  2211 2212 1693
3  2213 2214 2164
3  0 2 879
3  2215 2216 2217
3  1626 1625 2218
3  1686 1685 1690
3  1690 1685 2219
3  2220 118 120
3  120 2221 2220
3  629 2222 1642
3  2223 2211 2224
3  191 1674 2180
3  2225 2226 2227
3  2228 2229 2230
3  1674 1675 2186
3  2231 726 728
3  2231 728 729
3  1680 158 1681
3  2232 2233 2234
3  2233 2232 2235
3  1688 2186 1675
3  2236 2237 2238
3  707 248 703
3  2239 1704 2190
3  2181 2207 2240
3  2241 2242 2230
3  147 149 640
3  502 501 2173
3  193 63 65
3  2243 2244 2168
3  2245 2246 2247
3  263 2145 2123
3  1627 2248 2249
3  1359 1397 22
3  2250 486 2251
3  47 2252 167
3  294 139 138
3  294 923 293
3  2253 826 825
3  701 2185 699
3  748 1688 13
3  1694 149 1665
3  2173 2174 166
3  2222 194 195
3  629 1642 2253
3  775 137 139
3  2222 195 858
3  2222 775 194
3  293 193 192
3  64 157 159
3  175 824 176
3  2175 2254 2255
3  157 923 1681
3  2256 2257 2258
3  2222 858 1642
3  159 190 64
3  194 139 192
3  293 923 157
3  64 293 157
3  824 826 2259
3  134 682 135
3  1681 158 157
3  2188 748 2198
3  775 631 137
3  1648 158 1680
3  1648 1680 1700
3  159 1623 190
3  1674 2186 2260
3  2261 2262 48
3  271 2263 269
3  294 490 147
3  748 2188 1636
3  2198 12 647
3  489 2264 490
3  1665 1 1695
3  908 910 874
3  908 874 344
3  148 490 2264
3  489 187 299
3  489 299 2264
3  148 147 490
3  880 879 2187
3  1640 1 1665
3  638 2209 1700
3  885 2265 2266
3  2267 2268 2269
3  939 2263 271
3  2264 299 148
3  13 1688 1675
3  231 230 2169
3  2151 2153 176
3  188 177 500
3  14 647 12
3  1637 166 2174
3  2261 46 2262
3  46 48 2262
3  164 647 187
3  500 177 501
3  634 633 2270
3  1695 2209 638
3  1626 2271 1624
3  1626 2169 2271
3  1658 2272 2218
3  2172 2218 2272
3  1638 1637 2273
3  726 2274 2275
3  2159 2276 2277
3  2213 2278 2265
3  2279 2278 2213
3  2280 2281 2282
3  2243 230 1687
3  1650 1652 2283
3  2255 2218 1625
3  54 278 52
3  2284 2285 2254
3  2286 2287 2288
3  2289 826 2253
3  333 1746 331
3  2290 2291 2292
3  2293 2291 2290
3  2293 2290 2292
3  1662 2200 392
3  2294 2295 2296
3  2143 2297 2298
3  2248 2299 2300
3  2248 2300 2301
3  1672 1671 2302
3  2303 1615 2304
3  1618 2286 2305
3  1626 2218 2172
3  2255 1625 2175
3  1660 2306 2220
3  2307 2308 126
3  1660 1395 2306
3  2309 2310 2311
3  2277 2312 2313
3  2314 2277 2313
3  2221 593 2301
3  2247 2315 2316
3  2163 2165 2317
3  601 504 887
3  2318 2319 2320
3  2321 2249 2248
3  2322 2249 2321
3  1396 2145 263
3  2287 1614 1613
3  696 1739 2147
3  2323 2324 486
3  925 2325 869
3  872 857 856
3  1009 818 1729
3  2326 296 2327
3  2328 2329 2330
3  2254 2285 2255
3  684 133 132
3  2331 973 974
3  1089 2332 2333
3  2189 916 31
3  832 2334 830
3  134 702 682
3  297 1005 295
3  540 542 952
3  2335 2336 2337
3  2338 2339 2340
3  2341 922 921
3  2342 2133 385
3  685 847 846
3  594 910 2343
3  884 632 634
3  875 624 878
3  801 2344 185
3  938 2345 685
3  937 2345 938
3  897 894 895
3  2346 895 894
3  485 286 2129
3  2345 2347 685
3  895 2346 919
3  2174 46 2273
3  2348 2349 2350
3  566 285 2344
3  2129 2128 2351
3  2352 2353 2131
3  922 2275 2354
3  833 835 2355
3  801 800 846
3  2344 285 185
3  253 2356 585
3  2274 2354 2275
3  972 942 974
3  712 2357 2358
3  632 30 1677
3  2359 2360 2361
3  847 2347 801
3  567 566 2344
3  285 566 2231
3  41 908 344
3  1696 2362 2228
3  300 2363 578
3  276 849 852
3  2203 2210 517
3  2189 31 884
3  2364 2331 2365
3  577 610 1715
3  193 226 195
3  1702 924 1703
3  802 744 985
3  2366 2205 2244
3  2367 2368 2369
3  2367 807 2368
3  2165 2370 2371
3  2170 2372 2162
3  2373 2374 2314
3  2375 2162 2372
3  2143 2298 2250
3  176 824 2376
3  832 831 2377
3  2378 2379 2380
3  2196 2381 2382
3  2218 2383 1658
3  2203 1638 2204
3  2384 2385 2386
3  2387 2386 2385
3  1658 2383 1659
3  2213 2164 2279
3  2204 2388 2205
3  2389 2205 2388
3  1659 2383 2390
3  2283 2391 2219
3  2388 2392 2271
3  2388 2271 2389
3  2255 2390 2383
3  2255 2285 2390
3  515 1649 516
3  2393 2265 2278
3  1649 2394 2201
3  2395 2201 2394
3  517 2260 700
3  1684 2396 2397
3  2198 647 164
3  166 502 2173
3  2174 2273 1637
3  517 700 2203
3  2260 701 700
3  2271 2169 2389
3  2273 2204 1638
3  2394 2244 2243
3  2366 2244 2394
3  2210 2205 515
3  515 2205 2366
3  2210 2203 2205
3  2244 2205 2389
3  46 2174 47
3  2255 2383 2218
3  2398 2399 2400
3  2259 2376 824
3  2213 886 2202
3  2213 2202 2214
3  119 2401 2302
3  2170 2272 2372
3  2172 2272 2170
3  2402 1687 2161
3  1660 2221 2403
3  64 190 65
3  2404 2405 2406
3  2214 2202 2395
3  232 2161 1687
3  2202 2201 2395
3  2377 2407 2132
3  735 734 805
3  2390 2408 1659
3  2409 1642 1643
3  2284 2376 2259
3  2289 803 2410
3  2285 2411 2390
3  1657 1691 1673
3  2412 2413 2414
3  52 1669 53
3  2415 2416 1054
3  1106 2417 2418
3  2419 1106 2418
3  390 734 391
3  2420 2421 2422
3  1613 119 118
3  2287 1613 118
3  197 2423 2424
3  2425 2426 952
3  2427 2428 2429
3  1395 262 2306
3  2430 2123 2145
3  2047 2431 2432
3  2221 2301 2403
3  1667 1986 2090
3  1660 2220 2221
3  721 2288 2287
3  1645 2433 2434
3  2304 1615 1617
3  2304 1617 2435
3  2436 1616 1615
3  261 263 2124
3  2300 1661 2403
3  1615 2437 2436
3  2438 2439 2440
3  2441 2442 2443
3  2444 2445 480
3  1538 2446 2238
3  721 668 1986
3  2447 2167 2166
3  2124 2448 2449
3  2437 1615 2303
3  2450 2451 2452
3  491 1996 2453
3  2406 2454 2455
3  2456 2457 2458
3  2459 2409 2460
3  2126 2461 2462
3  2463 2464 2465
3  2288 721 1987
3  2199 2466 2467
3  2468 2062 1899
3  1644 2433 1645
3  2469 2123 2430
3  1642 2459 2253
3  2403 1661 1660
3  2145 2470 2430
3  2430 2470 2428
3  2146 2470 2145
3  2335 2233 2471
3  120 593 2221
3  2149 2443 2442
3  2472 2473 2474
3  2475 2476 2102
3  1614 1620 1612
3  812 1034 953
3  2429 2428 2477
3  1666 1611 1610
3  2124 2478 261
3  2124 2449 2479
3  2480 2448 2124
3  2124 2123 2480
3  279 1644 2481
3  280 279 2481
3  2273 2482 2204
3  2483 2122 2427
3  2484 2121 2480
3  1987 721 1986
3  263 262 1396
3  2287 2485 721
3  2486 1619 1618
3  900 578 2363
3  2396 1648 2487
3  2488 2489 2490
3  2048 2047 2432
3  721 2485 2220
3  1613 2401 119
3  1672 2400 2491
3  2400 2492 2491
3  668 262 261
3  2273 46 2482
3  2220 2485 118
3  1691 1659 2408
3  2493 2494 2495
3  592 119 2302
3  1627 2249 2411
3  2251 53 2143
3  2421 2496 2422
3  2459 2497 2253
3  593 592 2321
3  2289 2410 2285
3  2259 2289 2285
3  2162 2276 2159
3  2460 2498 2459
3  2499 1643 858
3  2500 2215 2217
3  1670 2312 2501
3  2321 592 2502
3  1672 2491 1670
3  2503 2361 2360
3  805 2498 2460
3  2501 2312 2277
3  2047 2504 2431
3  2359 2398 2505
3  730 967 626
3  2358 2506 712
3  198 2507 2357
3  2476 2475 2504
3  2088 668 261
3  2508 1607 2509
3  1607 2508 318
3  2417 2510 2511
3  1591 2512 1592
3  2048 2236 493
3  2513 2379 2514
3  2378 2514 2379
3  2515 2516 2517
3  2515 2336 2516
3  2518 2519 2520
3  2518 2521 2519
3  2522 736 1000
3  151 1747 720
3  2523 295 1698
3  970 776 272
3  250 132 664
3  2524 341 944
3  2525 2526 2527
3  2527 2528 2525
3  655 2529 1705
3  2530 1744 1746
3  295 1005 1004
3  315 2454 2406
3  2531 2532 2533
3  259 602 601
3  1036 812 2534
3  627 810 265
3  628 603 627
3  341 2524 18
3  598 585 485
3  1655 1654 2535
3  199 589 816
3  2306 262 669
3  1744 2530 588
3  2306 669 2220
3  1668 2536 1110
3  497 2537 1009
3  2537 953 1009
3  1728 810 152
3  953 1034 1009
3  1745 2538 2539
3  1729 497 1009
3  1728 656 1020
3  264 1020 6
3  1728 1020 264
3  265 810 264
3  817 1730 818
3  2537 497 499
3  259 601 888
3  603 716 715
3  238 260 616
3  887 723 888
3  628 504 601
3  1038 2540 2541
3  2540 1019 967
3  503 887 504
3  660 887 503
3  545 547 1044
3  525 503 8
3  1092 1091 2542
3  1808 1083 1756
3  1749 1162 546
3  1749 672 671
3  420 308 421
3  497 1729 498
3  1729 710 498
3  1021 1020 657
3  656 657 1020
3  1081 1808 1787
3  510 836 511
3  1789 512 1171
3  378 268 725
3  969 710 709
3  1889 2543 1890
3  2327 296 1098
3  2542 1091 2544
3  2326 2545 806
3  2546 144 960
3  635 1045 1882
3  2547 1840 1026
3  2326 1080 1079
3  2326 2327 1080
3  637 1082 635
3  229 1450 476
3  706 996 665
3  1789 1788 378
3  1153 1789 378
3  709 996 706
3  2548 666 1763
3  2548 1763 724
3  2548 724 666
3  1730 813 283
3  1007 1077 658
3  557 307 306
3  2549 1139 1802
3  1878 1880 2550
3  156 351 1141
3  1141 351 350
3  2551 2552 2553
3  2554 2555 2556
3  1808 1756 1070
3  555 666 532
3  514 635 1081
3  2557 2558 2559
3  2559 2560 2557
3  1882 1045 1161
3  635 514 1045
3  2559 2558 1888
3  1882 1086 636
3  1882 1084 1086
3  2441 2561 2562
3  2563 2564 2565
3  1066 1876 1063
3  1879 1878 2566
3  1024 1880 1879
3  2567 2558 2568
3  2569 295 2523
3  637 1878 2550
3  2568 2558 2557
3  2570 2571 2572
3  1024 1063 1880
3  2550 1880 1063
3  1876 2550 1063
3  637 2550 1876
3  1698 295 1004
3  547 546 2573
3  1006 2574 2575
3  2576 2577 2578
3  2546 2579 2580
3  2581 2582 2577
3  2583 2579 2554
3  2584 2585 2586
3  2587 2588 1873
3  2484 2430 2428
3  2589 2138 2590
3  1840 1872 1874
3  1064 1840 1874
3  1878 2591 2566
3  2592 2566 2593
3  2560 2594 1056
3  2560 2559 2594
3  179 1097 1096
3  454 453 752
3  688 1105 689
3  2424 2595 2596
3  2585 2597 2586
3  2542 2519 1092
3  1824 2598 2599
3  1159 2600 2601
3  358 2601 2600
3  2599 2598 2602
3  2603 2604 2605
3  2584 1887 2606
3  1078 2606 1887
3  2606 1078 1080
3  2607 1094 2530
3  1105 2608 689
3  2609 2138 2589
3  2592 1879 2566
3  1100 2606 2327
3  2326 1079 1085
3  2610 2611 674
3  2610 674 2612
3  1105 2613 2608
3  2608 2613 1697
3  2614 2615 2616
3  983 2617 2618
3  1004 1006 1697
3  1105 2619 2613
3  1105 1104 2619
3  2424 1017 2620
3  1016 2620 1017
3  1104 838 2619
3  2621 2622 776
3  732 1003 2623
3  2267 2269 2624
3  2625 2626 2627
3  2625 2627 2628
3  2629 2630 2631
3  1816 1873 1814
3  2632 2633 2634
3  2635 2636 2637
3  1997 2461 2126
3  2638 2319 2639
3  2640 2641 2642
3  2643 2644 2645
3  2519 2521 1092
3  2646 2647 2648
3  2649 2650 2651
3  126 2308 124
3  1996 2652 2653
3  2286 2288 2654
3  2467 2655 2199
3  2150 2656 2657
3  2658 2638 2659
3  2162 2375 2276
3  1817 2336 2515
3  1817 2515 2521
3  2660 2661 2662
3  2337 1819 1818
3  2663 2664 2665
3  2518 1817 2521
3  1663 2520 652
3  2336 2335 2471
3  2513 2666 2379
3  2667 2668 2217
3  1103 2633 1101
3  2337 2669 2670
3  2335 2337 2670
3  2671 2672 2673
3  2674 2235 2232
3  2336 2471 2516
3  2471 2675 2516
3  2676 2675 2471
3  2466 2158 2668
3  1593 2677 1611
3  631 630 175
3  2678 2416 2679
3  2492 1670 2491
3  2680 2354 2274
3  2680 922 2354
3  2639 2681 2659
3  2682 2022 2023
3  2404 2455 2645
3  2250 2157 486
3  2683 331 1746
3  315 2406 2684
3  2632 1095 1097
3  2685 2686 864
3  2686 2687 864
3  2328 2563 2688
3  2689 718 2425
3  2690 2371 2370
3  2691 2690 2370
3  2337 2336 1819
3  1817 1819 2336
3  2675 2517 2516
3  568 571 733
3  2337 1818 2669
3  1663 2669 1818
3  2692 2693 2489
3  2490 2489 2693
3  180 179 1096
3  1818 2520 1663
3  738 2694 2695
3  2696 2488 2658
3  317 316 2697
3  2698 2699 2700
3  493 2236 2701
3  1818 1817 2518
3  2520 1818 2518
3  2702 2703 2590
3  2614 2659 2615
3  2610 1118 1120
3  1101 2633 2632
3  2013 2704 2705
3  2706 2617 982
3  2515 2517 2521
3  2707 1532 2708
3  2709 2450 2452
3  2522 737 736
3  2710 2711 2712
3  2713 2714 1969
3  2715 2716 2717
3  2718 2719 2720
3  1835 551 2721
3  178 983 2618
3  2722 2504 2047
3  2723 2504 2722
3  1614 2286 1618
3  2286 1614 2287
3  2451 2626 2452
3  2681 2724 2725
3  2477 2199 2655
3  2681 2726 2659
3  934 2727 2728
3  1054 2416 2678
3  2136 332 331
3  2729 2730 2731
3  2471 2732 2676
3  2733 2616 2734
3  2696 2614 2735
3  1613 1612 2401
3  2667 2466 2668
3  2725 2726 2681
3  2725 2615 2726
3  2513 2320 2736
3  2737 2738 2739
3  1746 2740 2741
3  679 2742 680
3  2233 2743 2234
3  2455 2643 2645
3  1717 2744 900
3  1653 1655 2419
3  2745 2746 2747
3  2130 726 2365
3  727 2129 286
3  893 385 384
3  2748 936 841
3  581 841 936
3  2748 565 936
3  2133 386 385
3  2749 2750 2751
3  1699 2191 275
3  866 865 897
3  974 2752 2753
3  974 2753 2331
3  976 718 2689
3  2511 2510 2754
3  2755 2756 2757
3  2750 2757 2756
3  971 2758 2759
3  922 2341 2364
3  2282 832 2760
3  2350 2761 2179
3  2350 2762 2761
3  565 920 2680
3  2265 886 2213
3  920 384 386
3  581 936 567
3  2763 2325 1701
3  384 2764 893
3  2765 866 596
3  948 756 1711
3  2168 230 2243
3  1651 2278 2279
3  2393 2278 1651
3  2265 885 886
3  2766 2165 2164
3  2684 316 315
3  2767 2768 1087
3  2317 2769 808
3  2280 2270 2281
3  1706 2770 1716
3  600 2771 599
3  1699 599 2771
3  2393 2266 2265
3  2343 346 2772
3  2773 2334 808
3  2184 30 32
3  2774 2180 2382
3  756 576 2775
3  914 911 2393
3  914 2393 1651
3  2776 1679 1678
3  2180 2194 2382
3  1716 2770 2242
3  2381 1678 1677
3  2355 2206 2777
3  596 910 594
3  2197 2194 2180
3  632 1677 1679
3  2228 2774 2382
3  2197 2260 885
3  2381 2228 2382
3  1674 2260 2197
3  2242 2770 2226
3  2223 2778 2779
3  91 892 92
3  2780 2781 2280
3  2223 2212 2211
3  2782 209 211
3  1033 930 929
3  1711 2775 205
3  908 40 909
3  655 2772 2783
3  2784 2785 850
3  2781 113 112
3  890 641 643
3  2786 211 883
3  843 903 919
3  938 684 907
3  918 2787 2224
3  852 849 707
3  205 576 575
3  2343 909 346
3  219 15 17
3  205 2775 576
3  300 1676 2363
3  213 357 693
3  2788 1040 583
3  1699 275 686
3  1710 686 577
3  1715 951 1719
3  2731 2789 2790
3  2791 2425 802
3  896 866 897
3  2792 1693 834
3  2229 1677 2184
3  879 2208 0
3  2 174 298
3  2239 2189 883
3  2190 1716 916
3  2280 2781 2270
3  2355 2777 833
3  1717 835 1693
3  2770 2793 833
3  248 250 947
3  756 574 576
3  42 346 40
3  2794 2363 1676
3  301 935 302
3  2795 2796 2797
3  337 852 703
3  2798 891 850
3  2785 2798 850
3  851 2799 342
3  848 1664 686
3  900 899 578
3  610 277 1039
3  872 856 2561
3  2800 276 2191
3  860 950 2801
3  276 2800 849
3  2490 2693 2387
3  2258 2257 317
3  2802 2803 2496
3  583 584 2788
3  2793 834 833
3  584 276 902
3  2247 2679 2804
3  2645 2805 2806
3  2807 2642 2641
3  738 737 2644
3  1000 2698 2700
3  2231 2808 2274
3  2624 2269 2167
3  1054 2678 1052
3  2796 2183 2182
3  2667 2809 2466
3  2466 2809 2467
3  2639 2659 2638
3  700 699 2203
3  1638 2203 699
3  694 336 580
3  2810 2811 2405
3  2258 2316 2812
3  2146 1396 2813
3  2814 2815 2816
3  397 2143 2144
3  2817 2818 464
3  484 2819 482
3  2624 2150 2657
3  1687 2766 2214
3  2801 950 949
3  2487 2397 2396
3  664 702 134
3  745 952 542
3  2820 2821 2822
3  2823 507 526
3  1104 2824 838
3  2328 2596 653
3  2825 738 2644
3  608 607 2826
3  2148 2447 2166
3  2419 2418 2827
3  2828 2782 2786
3  2829 2826 2830
3  954 746 254
3  947 335 703
3  2831 694 580
3  509 985 1123
3  2791 802 985
3  703 248 947
3  218 891 643
3  136 213 694
3  2832 234 233
3  134 2831 579
3  136 2831 134
3  2823 2833 507
3  579 947 250
3  600 849 2800
3  702 341 340
3  702 131 341
3  1647 2623 1003
3  2834 673 2746
3  2835 2836 2837
3  573 160 733
3  2838 2358 2507
3  2754 196 2525
3  889 341 131
3  889 131 133
3  2838 2506 2358
3  2538 2506 2838
3  2839 2840 2841
3  696 2623 1647
3  135 683 338
3  135 682 683
3  1746 333 2530
3  2842 2746 941
3  731 626 625
3  2129 2351 485
3  971 2756 972
3  2527 2338 2528
3  2595 2424 2423
3  151 2843 697
3  2752 2745 2128
3  597 2351 2844
3  2351 2128 2844
3  2749 2757 2750
3  2749 2755 2757
3  1051 2845 2810
3  1630 2768 2846
3  2686 2760 2687
3  2686 2282 2760
3  2596 654 653
3  2364 2275 922
3  2447 2624 2167
3  652 2847 653
3  2520 2847 652
3  2729 235 2730
3  2848 1883 713
3  2849 1120 1119
3  2754 2423 197
3  2538 1883 2848
3  696 2849 1119
3  696 698 2849
3  2746 2745 941
3  2751 2527 2526
3  2850 1883 1744
3  2525 2851 2754
3  2528 2851 2525
3  732 2852 273
3  727 726 2130
3  251 967 252
3  597 625 251
3  2853 233 2854
3  1104 688 2824
3  2612 2855 2852
3  2790 1167 2731
3  2830 2854 233
3  2596 2688 2424
3  2774 2362 651
3  2511 2754 2851
3  2220 669 721
3  727 286 729
3  816 589 814
3  738 2856 2857
3  2830 2826 2822
3  2844 625 597
3  675 2747 673
3  675 625 2747
3  2844 2747 625
3  2844 2128 2747
3  2834 2858 2612
3  2747 2746 673
3  2507 2358 2357
3  598 253 585
3  2834 2746 2858
3  2858 2746 2842
3  713 2858 2842
3  2612 673 2834
3  731 2839 730
3  2612 674 673
3  2843 151 714
3  572 571 568
3  2850 2855 1884
3  2747 2128 2745
3  2351 598 485
3  2752 941 2745
3  920 2764 384
3  941 943 2842
3  711 2755 2749
3  2351 597 598
3  941 2752 974
3  2365 2753 2130
3  2680 920 922
3  2402 2161 2160
3  2228 2362 2774
3  565 2680 2808
3  565 2808 566
3  566 2808 2231
3  1696 651 2362
3  2756 2179 2761
3  973 2364 971
3  973 2331 2364
3  894 862 2342
3  2365 2331 2753
3  2365 726 2275
3  900 2363 1718
3  910 909 2343
3  870 2407 2859
3  2748 893 2764
3  712 711 2749
3  869 2133 2132
3  832 2391 2334
3  2281 2860 2861
3  830 2407 831
3  2862 2863 2864
3  2865 2864 2863
3  2690 809 2371
3  2219 1685 1650
3  869 2763 2133
3  2866 2867 2690
3  2132 870 869
3  832 2377 2760
3  1690 1689 2861
3  2868 1686 1690
3  864 2869 2685
3  2687 2353 864
3  2794 1718 2363
3  2828 594 2782
3  2132 2131 2760
3  871 870 2859
3  2346 2870 2748
3  2132 2760 2377
3  1716 2190 1704
3  2317 808 2334
3  2859 830 2773
3  2871 386 2763
3  2872 885 2266
3  914 1686 2868
3  1650 2283 2219
3  2797 2796 2182
3  830 2334 2773
3  232 231 2170
3  2395 2243 2214
3  2214 2243 1687
3  2170 2161 232
3  2873 2874 2875
3  2394 2243 2395
3  2846 2876 1631
3  2877 2454 315
3  2878 2879 2232
3  2674 2232 2879
3  1649 2202 886
3  515 2394 1649
3  515 2366 2394
3  2271 2392 1624
3  2169 2168 2389
3  48 1624 2392
3  809 2769 2371
3  175 630 824
3  2333 1087 1089
3  2880 2881 2882
3  2880 2882 2693
3  2232 2234 2878
3  2422 2883 2884
3  2277 2276 2885
3  1670 2492 2399
3  2305 2486 1618
3  2315 2886 2887
3  2888 2830 2821
3  2235 2674 2889
3  2235 2732 2233
3  2732 2640 2676
3  2890 2693 2882
3  2335 2670 2743
3  2643 2825 2644
3  2891 1332 2892
3  824 630 825
3  2371 2769 2165
3  2639 2318 2681
3  2681 2318 2724
3  2893 2894 2895
3  2896 2897 2898
3  2896 2898 2899
3  2900 2652 2901
3  2902 2652 2900
3  493 2701 491
3  2472 2739 2903
3  2739 2738 2903
3  2121 2484 2428
3  2103 2384 2101
3  2734 2904 2733
3  2047 493 2722
3  1617 2905 2435
3  2380 2379 2906
3  2907 2906 2379
3  2657 2656 2256
3  1692 1592 2908
3  2909 2378 2910
3  2320 2513 2911
3  2666 2513 2736
3  1536 1996 1537
3  2479 2303 1666
3  2912 2134 2135
3  2913 1486 2914
3  2914 1486 2915
3  1997 1999 2461
3  2103 2916 2917
3  2385 2918 2917
3  2639 2319 2318
3  2919 2453 1996
3  2381 1677 2229
3  629 825 630
3  2733 2920 2921
3  2922 2923 2924
3  1609 1667 1610
3  2302 2400 1672
3  2925 2032 2926
3  2927 492 2453
3  2736 2320 2928
3  2139 2141 2402
3  2648 2647 2929
3  2739 1617 1616
3  2474 1617 2739
3  2420 2386 2421
3  2385 2917 2490
3  2658 2490 2917
3  2930 1052 2678
3  2931 1620 2505
3  1987 2647 2646
3  2640 2732 2932
3  2398 2361 2399
3  2933 2360 2359
3  2401 2400 2302
3  2503 2360 2884
3  1612 2931 2401
3  2400 2401 2931
3  2247 2246 2315
3  1620 2931 1612
3  2398 2400 2931
3  2386 2884 2933
3  2422 2884 2420
3  668 2090 1986
3  2934 2935 2936
3  2165 2769 2317
3  2654 2646 2432
3  2288 1987 2646
3  2654 2288 2646
3  2121 2307 2480
3  2919 2937 2938
3  1611 2905 1593
3  124 2456 2939
3  2480 2123 2469
3  2484 2480 2469
3  2430 2484 2469
3  2041 2940 1932
3  2941 2942 2117
3  2943 2944 2945
3  49 2946 274
3  2947 2818 2948
3  1389 2949 2950
3  1488 1393 1392
3  1229 2951 1284
3  2061 2063 2952
3  1603 2953 2954
3  1928 2955 410
3  1380 2956 2957
3  1380 2957 2958
3  2959 2960 2961
3  2323 928 2324
3  2962 458 457
3  1993 2963 1994
3  2964 2965 663
3  1492 1491 2948
3  2966 2967 2968
3  2079 2969 2970
3  2971 1938 2092
3  1490 1492 1864
3  2972 2973 2974
3  2975 2976 2977
3  24 26 2049
3  2978 2098 2979
3  2817 2948 2818
3  1816 2980 2981
3  1248 2982 2983
3  2984 2985 2986
3  2915 2987 2988
3  2914 2915 2988
3  1802 1139 961
3  2989 2990 2991
3  2992 2993 1475
3  2633 1103 2994
3  2928 2319 2995
3  2666 2736 2927
3  2996 2997 479
3  1967 1969 2998
3  2999 3000 3001
3  2903 2738 3002
3  3003 1073 1072
3  2461 1999 3004
3  3005 3006 3007
3  1073 1863 1071
3  82 84 2007
3  3008 3009 3010
3  1543 1542 1861
3  3011 3012 3013
3  3014 3015 3016
3  3017 3018 3019
3  762 3020 2087
3  3021 3022 1491
3  3021 1491 3023
3  1491 3022 3024
3  2952 3021 3023
3  2007 84 3025
3  3026 1873 3027
3  2014 2952 2063
3  3028 3029 3030
3  955 1135 956
3  3031 2983 3032
3  2468 1899 3033
3  1862 1861 3034
3  3035 3036 789
3  2666 2927 2453
3  183 2008 1966
3  2970 2952 2978
3  2970 2978 2079
3  2978 3037 2079
3  1864 1863 1490
3  1487 310 309
3  2063 2062 1993
3  1860 1862 1994
3  1487 309 990
3  3038 3039 3040
3  1867 3041 3042
3  1922 3043 3044
3  3045 1860 2007
3  1533 3046 3047
3  3023 1491 1490
3  347 348 1379
3  21 23 257
3  3048 1442 1400
3  87 69 777
3  55 1336 3049
3  1865 1867 3050
3  1470 2950 2949
3  3051 3052 3053
3  256 2043 257
3  1573 1539 1527
3  33 35 11
3  2087 3020 2028
3  1514 3054 3055
3  1929 1974 1604
3  3056 3057 3058
3  2042 21 257
3  1397 1426 221
3  3059 240 3060
3  3061 3062 3063
3  1377 1354 76
3  312 3032 2114
3  1377 76 78
3  3064 1546 3065
3  1910 2070 3066
3  1924 764 1311
3  3067 3068 3069
3  787 789 3036
3  2068 2065 2067
3  3070 3071 2081
3  1548 1547 3072
3  3073 2081 2080
3  2983 2112 2114
3  3074 3075 2017
3  3076 3077 3066
3  3078 3079 3080
3  1604 1974 3080
3  3081 3082 3083
3  1543 1861 3045
3  55 3049 56
3  3084 3085 3086
3  3031 3021 3087
3  3081 3083 1910
3  3088 3089 3090
3  2078 2969 2079
3  2078 1183 3091
3  3087 2969 3091
3  3040 3092 3038
3  1978 3093 3094
3  3095 3094 3093
3  3096 3097 3098
3  3099 3100 3028
3  1897 2062 2061
3  3091 2969 2078
3  359 3101 360
3  360 3101 3102
3  3103 3104 3105
3  3106 3107 3108
3  1990 1989 3109
3  1576 1534 1590
3  3023 1490 2061
3  3110 3111 3112
3  3113 3114 3115
3  1421 3116 3117
3  3118 3119 3120
3  3121 3122 3123
3  3124 3125 3126
3  3127 1430 1429
3  1493 1430 3127
3  3128 3129 1420
3  3130 3131 3132
3  2990 3133 228
3  2079 3037 3134
3  227 3135 3136
3  3137 3138 1958
3  3139 3140 3141
3  1899 2062 1897
3  3142 3088 2708
3  3033 3143 2468
3  3041 3144 3145
3  3146 3147 3148
3  3149 549 1352
3  1867 3042 3150
3  3151 3152 3153
3  3154 3155 1769
3  3154 1769 3156
3  3157 458 2962
3  3158 3159 3160
3  3028 3100 3161
3  3162 3143 3033
3  3163 3143 3162
3  1861 1860 3045
3  2097 2096 3164
3  3165 281 3166
3  1898 3033 1899
3  3167 1421 3153
3  3167 3153 3152
3  3168 3169 3170
3  3171 3172 3173
3  202 3174 203
3  1823 2598 1824
3  3175 3176 3177
3  2141 2873 3178
3  3023 2061 2952
3  3001 3000 2805
3  2733 2904 2910
3  2514 2909 2911
3  3179 3180 3181
3  3182 3183 3184
3  3185 3186 3187
3  1492 3188 1864
3  3024 2948 1491
3  464 3189 2817
3  2009 1584 463
3  1071 1864 3188
3  2817 3189 3188
3  3109 1498 3190
3  2121 2428 2427
3  1071 3188 3191
3  3019 3002 3192
3  464 3193 462
3  3194 3195 3196
3  3171 3173 2925
3  1579 2984 483
3  3197 484 3198
3  2125 3199 3200
3  3192 2738 2737
3  2429 2655 2467
3  935 3201 1708
3  3202 3203 3204
3  2415 1054 3205
3  486 3206 487
3  2125 3207 2126
3  1498 3208 1852
3  2200 2470 3209
3  2637 3210 3205
3  3211 3212 462
3  3213 3214 3215
3  3032 2983 2114
3  3007 3216 3005
3  3217 3218 3219
3  3220 3221 2031
3  3222 3223 3224
3  3225 1566 3226
3  3227 3228 2996
3  2467 2809 2429
3  3188 3189 3191
3  3229 3230 2942
3  3186 3231 3232
3  3233 3234 3235
3  487 2199 1662
3  2259 2285 2284
3  2458 2457 3236
3  317 2697 2258
3  1622 2414 2413
3  2412 1669 2413
3  3237 2422 2496
3  2144 2412 3238
3  2373 3239 2503
3  1655 3240 3241
3  2887 3242 2812
3  3243 2877 3244
3  2750 3245 3246
3  2756 3245 2750
3  1714 3247 3248
3  3249 1700 2209
3  2166 1622 1621
3  2365 2275 2364
3  2680 2274 2808
3  2409 1643 2499
3  3250 3251 3252
3  2498 2497 2459
3  3253 2497 2498
3  2499 858 928
3  3254 3255 2215
3  2030 2032 2925
3  2177 2665 3256
3  2177 3257 2665
3  118 2485 2287
3  2157 2250 2298
3  391 488 1662
3  2298 2297 3258
3  2460 2091 391
3  928 2251 2324
3  2200 3209 392
3  3259 2667 3260
3  487 1662 488
3  3252 3261 3262
3  53 1669 2144
3  2865 3219 3218
3  2152 2151 2175
3  2254 2175 2151
3  2254 2151 2284
3  2376 2151 176
3  2376 2284 2151
3  2259 826 2289
3  735 805 2460
3  127 2251 928
3  53 2251 127
3  631 775 629
3  2222 629 775
3  2253 825 629
3  1642 2409 2459
3  2300 2813 1661
3  1396 1395 1661
3  1396 1661 2813
3  2403 2301 2300
3  2303 2449 2437
3  2813 2300 3263
3  2301 593 2321
3  2301 2321 2248
3  2813 3263 2146
3  2253 2497 2289
3  3253 2498 805
3  3253 804 803
3  1671 2502 2302
3  390 2146 3263
3  2460 391 735
3  2410 803 1627
3  3264 2408 2411
3  1691 2408 3264
3  2390 2411 2408
3  390 1628 734
3  3265 2502 1671
3  2231 2274 726
3  3253 803 2289
3  2249 2322 3264
3  390 2300 1628
3  2289 2497 3253
3  3266 2375 1657
3  1691 1671 1673
3  1627 3267 2410
3  2411 3267 1627
3  1628 2300 2299
3  1628 2299 1627
3  2299 2248 1627
3  2249 3264 2411
3  2302 2502 592
3  2321 2502 2322
3  2313 2312 1670
3  3264 3265 1691
3  3264 2322 3265
3  805 804 3253
3  2933 2884 2360
3  3265 2322 2502
3  2410 3267 2285
3  2505 2398 2931
3  2411 2285 3267
3  1671 1691 3265
3  390 3263 2300
3  2909 2514 2378
3  2514 2911 2513
3  2646 2648 3268
3  2088 2090 668
3  2905 1617 2474
3  2308 3269 3270
3  2303 2304 1666
3  2804 3271 3272
3  1611 1666 2905
3  1667 2089 1666
3  2479 1666 2089
3  3273 3274 2380
3  3275 3276 3277
3  2479 2478 2124
3  261 2478 2088
3  2088 2478 2089
3  2479 2089 2478
3  2479 2449 2303
3  2378 2380 3274
3  3278 3279 1820
3  1593 2905 1591
3  2905 1666 2435
3  2304 2435 1666
3  3270 3269 3280
3  3281 3282 3283
3  2434 3284 2939
3  3285 2495 2494
3  3286 2716 2715
3  2199 3206 2466
3  487 3206 2199
3  3283 3282 1566
3  1565 3231 3185
3  3227 3231 1565
3  1644 279 2433
3  3285 2494 3287
3  3227 1565 3228
3  2862 3225 3226
3  1616 2436 2737
3  1616 2737 2739
3  3252 3251 3288
3  3289 3290 3291
3  3262 3261 3292
3  3017 2004 3293
3  2472 2474 2739
3  3134 3037 3034
3  3294 3295 3106
3  3296 3297 3298
3  3148 3299 3146
3  1181 1183 2078
3  2903 3002 3300
3  3300 2493 2903
3  3192 3002 2738
3  3301 3302 3303
3  2919 2938 3304
3  3305 3304 2938
3  2481 1644 1646
3  3306 3307 3308
3  2952 2970 3021
3  2965 3309 3310
3  3311 3312 1853
3  3313 2060 3314
3  3313 3315 2060
3  3205 3210 3316
3  1538 2908 1536
3  3305 3317 3277
3  2625 3277 3317
3  1000 736 1001
3  3318 3319 1955
3  2024 2086 2085
3  3320 3321 3322
3  1331 3323 1332
3  2806 2805 3000
3  321 1607 318
3  2922 2439 2923
3  2508 3324 3325
3  1102 3326 2584
3  2820 3327 2821
3  3124 2835 3125
3  3328 393 3329
3  3330 3331 3332
3  477 3333 475
3  3334 3335 3336
3  3337 3338 3339
3  3224 3337 3339
3  2647 1609 2677
3  3340 3341 3342
3  3343 3344 3128
3  140 3345 141
3  1024 1026 1063
3  3346 1154 3347
3  79 1067 80
3  962 1067 79
3  1816 1874 1873
3  3348 3349 3350
3  3351 3352 3353
3  1874 1807 1064
3  1064 1807 1065
3  1873 1872 2587
3  1742 3354 1740
3  754 3355 3356
3  1773 1772 2587
3  388 2991 2990
3  3357 3340 3358
3  1075 1074 537
3  3085 3359 1524
3  2587 1772 1822
3  1061 1885 1075
3  3360 2551 3361
3  3362 3146 1827
3  3362 3147 3146
3  3148 3363 3364
3  3365 3027 2588
3  3365 2588 3366
3  3367 2543 2987
3  203 3174 3368
3  2118 1190 1192
3  1076 1856 1074
3  3027 1873 2588
3  130 1389 128
3  1815 2988 2987
3  3369 3370 3371
3  1889 1815 2987
3  1822 1821 3366
3  3366 1821 1820
3  3372 3373 3374
3  2988 3026 2914
3  3026 1814 1873
3  1076 1075 1885
3  1076 1885 3375
3  2963 2468 3143
3  2708 1532 1531
3  1814 2988 1815
3  3026 2988 1814
3  1891 1856 1076
3  1816 2981 1807
3  3357 3376 3377
3  3378 204 203
3  1807 2981 1885
3  3375 1885 2981
3  1307 3379 3380
3  3381 3341 3340
3  1890 1849 1891
3  1831 1830 448
3  448 3382 1831
3  3383 1015 1191
3  3150 3042 3384
3  3385 3372 3377
3  1164 3386 3387
3  3388 3389 3390
3  3375 2980 1076
3  1890 3391 1849
3  1418 3392 1419
3  2708 1531 3142
3  3358 3376 3357
3  3393 3394 3395
3  3384 3396 3397
3  3398 1778 440
3  3398 440 3399
3  3400 3399 439
3  3401 3402 3403
3  1847 1856 1849
3  1891 1849 1856
3  3404 3405 1152
3  3406 1805 1800
3  3407 3408 3409
3  3410 3411 3412
3  1799 1801 3413
3  3414 3415 3416
3  1906 3417 1214
3  74 3418 468
3  1265 1264 3419
3  3405 3404 323
3  461 460 1802
3  430 429 3420
3  3416 3421 3422
3  3423 3424 3389
3  354 1177 564
3  1177 1847 1846
3  1159 3425 3355
3  3426 3427 3428
3  3429 3428 3427
3  1150 3430 1151
3  3431 3432 3413
3  558 3433 3434
3  3435 1805 1838
3  3436 459 1771
3  320 319 3437
3  3438 3437 319
3  3385 446 1830
3  448 1830 446
3  1889 2980 1815
3  3439 3440 3441
3  3442 3443 3444
3  3445 3446 3447
3  1029 3448 3449
3  1074 1856 1143
3  754 753 3355
3  1223 1836 1224
3  1772 1806 3450
3  3278 1772 3450
3  450 1513 1512
3  3054 3451 3452
3  3400 1813 1812
3  3142 1934 1898
3  3212 3453 3454
3  1484 1486 2913
3  1484 2913 3455
3  3355 2600 1159
3  3382 3456 1811
3  3369 3371 1782
3  3372 2943 3457
3  2588 1822 3366
3  3458 3459 3460
3  1827 1826 1770
3  3461 3462 3463
3  1553 3169 3168
3  563 1015 3383
3  3279 3464 3465
3  3466 3467 3468
3  3469 3470 1877
3  84 83 3471
3  3047 3046 3472
3  2707 2708 3090
3  3473 3474 3475
3  3476 3477 3466
3  3478 3479 3480
3  3090 3089 3481
3  1073 3003 1898
3  3142 1898 3003
3  2311 3113 2309
3  334 2576 325
3  649 677 650
3  2989 3133 2990
3  1140 494 1145
3  304 3430 1150
3  1898 1934 3033
3  3413 3371 3370
3  1499 1753 2974
3  844 3482 845
3  376 1907 3136
3  1976 3483 1460
3  228 3133 1448
3  2092 2077 2029
3  2708 3088 3090
3  3003 3088 3142
3  1514 3145 1512
3  2707 3484 1532
3  1531 1934 3142
3  3197 1551 2819
3  3481 3485 3308
3  3486 3487 3141
3  3488 3301 3303
3  3088 3489 3089
3  464 1583 3189
3  2993 3490 3491
3  2912 2135 1853
3  3003 3489 3088
3  3113 1550 3114
3  2311 482 3113
3  2663 2809 2664
3  3336 3492 3334
3  3172 3493 3176
3  3494 3094 3095
3  1667 1609 1986
3  2309 3115 3495
3  2962 2599 2602
3  3089 3489 1854
3  3489 3003 1072
3  3297 3296 3496
3  1854 3489 1855
3  486 488 2323
3  3497 3200 3199
3  3498 2819 1551
3  2709 3499 2937
3  3113 3115 2309
3  3500 3501 3502
3  3503 3504 3505
3  981 1092 2521
3  3506 3507 3508
3  3509 2440 2922
3  2445 1577 3220
3  2986 3198 2984
3  2810 1053 2811
3  3510 2700 3511
3  2724 3512 2725
3  3510 3513 2700
3  483 2984 3198
3  141 3297 3514
3  141 3514 142
3  2438 3515 3516
3  2802 2496 2890
3  1001 736 2857
3  2477 2655 2429
3  2887 2316 2315
3  3256 2664 3259
3  483 2311 1579
3  1458 2021 1461
3  2718 1578 2444
3  3213 3141 3487
3  2898 3100 2899
3  3161 3100 2898
3  3517 3234 3233
3  3518 3252 3519
3  3520 2997 2294
3  2158 2466 3206
3  2158 3206 486
3  2934 3521 3522
3  3523 3524 2295
3  3525 3526 3005
3  480 2719 2718
3  3283 3527 3185
3  481 3227 479
3  3528 3529 3530
3  3528 3530 3288
3  3531 3320 663
3  3453 3495 3454
3  3236 2457 3526
3  1854 3485 3089
3  1942 3532 3533
3  3533 3532 3534
3  1492 2948 3188
3  2817 3188 2948
3  1853 3306 1854
3  3030 3029 3535
3  3536 3030 3535
3  142 3537 3538
3  3539 3540 3541
3  3099 1942 3100
3  3181 3331 3330
3  3542 3331 3181
3  3543 3544 3545
3  3543 3545 3546
3  2899 3539 3547
3  3161 3029 3028
3  3481 3089 3485
3  1854 3306 3485
3  3485 3306 3308
3  2947 2814 2818
3  3548 3549 3177
3  1855 3489 1072
3  1855 1072 3191
3  3191 1072 1071
3  1855 3311 1853
3  1584 464 463
3  3312 1584 2009
3  2009 3212 3114
3  1976 140 3542
3  3180 3542 3181
3  3550 3501 3551
3  1981 1910 3552
3  3221 2032 2031
3  622 3553 1952
3  1990 3554 1991
3  3555 3554 1990
3  2125 3556 3207
3  3557 3207 3556
3  3558 3559 3560
3  2493 3300 3222
3  3214 3561 3215
3  3562 3561 3214
3  3229 3563 3230
3  3109 1989 3564
3  3565 3566 2001
3  3294 3567 3568
3  3294 3562 3567
3  3569 3123 3122
3  3570 3514 3496
3  2992 3571 2993
3  3314 2060 3538
3  3313 3314 3538
3  1551 1550 3113
3  3572 3573 3574
3  3575 3224 3576
3  3494 2961 3577
3  3578 3579 3580
3  3030 2960 3581
3  3030 3581 3028
3  3480 3582 3478
3  3583 3584 3585
3  3214 2960 2959
3  3581 2960 3214
3  3320 2964 663
3  2451 2450 3586
3  3542 140 143
3  3587 3574 3173
3  3588 3589 3590
3  3591 3592 2462
3  1458 2023 2021
3  1828 3299 3168
3  2022 2682 3593
3  2022 3593 2020
3  3289 3291 2992
3  3321 2992 3291
3  3490 3223 3491
3  3594 2018 2019
3  3031 3032 3595
3  3091 3031 3087
3  3595 3024 3022
3  3520 2719 2997
3  661 3296 3298
3  3171 2925 2926
3  2985 3126 2986
3  3519 3596 3518
3  3078 3039 3597
3  3598 3565 3599
3  2006 3517 3233
3  2993 3571 3490
3  3600 3490 3571
3  3531 3601 3600
3  3571 3531 3600
3  3602 3217 3603
3  3292 3261 3604
3  3261 3252 3518
3  3556 3605 3529
3  3606 3008 3578
3  3015 3014 3607
3  3608 3563 3229
3  3519 3497 3596
3  3609 3610 3569
3  3230 3611 2968
3  3289 2992 3612
3  3290 3289 3610
3  3290 3610 3609
3  3119 3613 3614
3  3614 3607 2941
3  2117 2942 2115
3  2113 3559 3558
3  3615 1946 1945
3  3345 3616 141
3  2959 3617 3562
3  1498 1606 3190
3  1611 2677 1609
3  3032 3096 3595
3  3557 3529 3603
3  3557 3603 3618
3  3614 3613 3607
3  3607 3613 3118
3  3015 3607 3118
3  3613 3119 3118
3  314 3096 312
3  3619 3193 3620
3  3612 3621 3123
3  3261 3518 3120
3  3622 3261 3120
3  3612 3123 3610
3  3556 2125 3200
3  3507 3623 3508
3  3014 3624 3580
3  2462 2127 2126
3  2005 3250 3625
3  3262 3625 3250
3  3207 3557 3626
3  3497 3605 3200
3  3559 3627 3628
3  3229 2942 2941
3  3595 3022 3031
3  3031 3022 3021
3  3629 3630 3631
3  3632 3633 3634
3  3580 3579 3608
3  2126 3207 1997
3  3186 3232 3220
3  3252 3288 3519
3  3635 1973 3636
3  2461 3572 2462
3  2113 3558 3637
3  2815 3638 2816
3  3563 3608 3010
3  314 313 3639
3  3558 3640 3637
3  1987 1609 2647
3  3288 3530 3605
3  3641 3578 3624
3  3580 3624 3578
3  3008 3642 3009
3  3578 3632 3606
3  3578 3643 3632
3  3608 3579 3008
3  3608 3008 3010
3  3578 3008 3579
3  3310 3644 3645
3  141 3646 3298
3  3097 314 3639
3  3024 3647 2947
3  3648 3649 3322
3  3211 3172 3171
3  3628 3627 3650
3  3651 3652 3653
3  453 3654 3655
3  3097 3096 314
3  3656 990 989
3  3657 2116 1945
3  1975 2000 3658
3  3560 3110 3659
3  3659 3558 3560
3  2967 1946 2968
3  3660 3661 3662
3  3563 3010 3194
3  1862 3034 2979
3  1945 2116 3615
3  3550 3551 3663
3  3643 3633 3632
3  2016 3010 3009
3  2016 2015 3010
3  2063 1993 2014
3  1248 1183 1249
3  1909 1910 1981
3  3111 3560 3559
3  3628 3111 3559
3  1926 3664 1582
3  3665 3202 3204
3  1945 3666 3667
3  2705 1869 2013
3  1541 3469 3085
3  3564 3208 1498
3  2001 3668 3669
3  2001 3669 3565
3  3670 3671 1892
3  1580 1892 3671
3  3021 2970 3087
3  2014 2098 2978
3  2978 2952 2014
3  1282 1284 1269
3  1282 1269 1309
3  2468 1993 2062
3  2963 1993 2468
3  1994 82 1860
3  1994 2963 82
3  3054 1514 3451
3  3597 3038 3672
3  3466 3468 3673
3  2990 389 388
3  3090 3481 2989
3  3133 2989 3481
3  3452 3674 3463
3  3675 1560 3676
3  3675 1519 1560
3  309 3672 989
3  1774 1773 2547
3  1557 3677 1268
3  3678 619 1365
3  3679 1447 774
3  3680 617 3681
3  84 1866 1865
3  3682 1861 1542
3  3683 1262 1235
3  3384 3684 3150
3  1556 1555 1560
3  3685 3686 3461
3  3045 3025 1543
3  1412 3687 1467
3  1468 1467 3687
3  550 549 3149
3  291 290 1327
3  436 438 1353
3  3688 1341 1340
3  459 204 3378
3  3689 3690 1158
3  3689 3691 3690
3  1268 3677 3407
3  1317 2946 49
3  3692 3677 1557
3  3360 2552 2551
3  3693 3694 3695
3  3693 3179 3694
3  2645 2806 2404
3  145 3696 844
3  845 3482 3697
3  1002 2698 1000
3  3315 2058 2060
3  3278 3464 3279
3  3535 3698 3570
3  1048 3535 3570
3  2997 2719 479
3  3699 1055 3700
3  1057 3700 1055
3  3701 3702 3504
3  3545 3544 3547
3  3547 3544 2896
3  2807 2920 3516
3  2650 3132 3131
3  2820 2727 3327
3  2522 3703 3001
3  2427 2429 2809
3  3520 2720 2719
3  3001 3703 2999
3  1049 3704 1050
3  2649 3705 3706
3  2562 2155 2441
3  2778 2531 2533
3  2811 1052 2930
3  2315 2246 2886
3  2453 492 491
3  2927 2736 2928
3  2320 2911 2318
3  3707 2666 2453
3  2874 2873 2142
3  2691 3178 2690
3  2724 2318 2911
3  2930 2678 2697
3  2803 3708 3709
3  2803 3709 3237
3  2696 2735 3710
3  2489 2696 3710
3  2693 2692 2880
3  2463 2880 2692
3  2517 3711 2521
3  2701 1537 491
3  2233 2732 2471
3  2925 3173 3712
3  2726 2615 2659
3  2423 1663 652
3  2146 3209 2470
3  2217 3713 2500
3  2157 2668 2158
3  3207 3626 1997
3  1581 3714 3137
3  3137 1958 1581
3  3715 2127 3716
3  2310 1577 2311
3  481 3231 3227
3  3255 3717 2178
3  1632 3557 3618
3  3524 2176 3718
3  3235 3234 3292
3  2445 3232 481
3  3603 3217 3719
3  3228 1565 1567
3  3521 3218 3720
3  2901 3721 1592
3  3719 3219 2865
3  1592 3721 2908
3  2908 3721 1536
3  1995 3722 2098
3  2061 1490 1863
3  1536 2652 1996
3  2979 2098 3722
3  3723 124 3270
3  2667 3724 3260
3  3713 2157 2298
3  3288 3251 3528
3  3626 3557 1632
3  3004 3725 2030
3  3004 1999 3725
3  3185 3527 1565
3  481 3232 3231
3  2718 2835 3124
3  3525 3005 3216
3  3723 3526 2457
3  2458 2934 3522
3  3726 3524 3523
3  3725 1999 3187
3  3626 1998 1997
3  2667 3259 2809
3  3216 3727 3728
3  3216 3729 3727
3  392 3209 2146
3  2845 3730 3731
3  1646 1645 3522
3  3256 2665 2664
3  3280 3007 3270
3  2935 3236 3526
3  3723 2456 124
3  2996 3732 3523
3  2480 3733 2448
3  3727 2665 3257
3  2665 3727 3729
3  2434 2939 2456
3  2177 3260 3724
3  3210 3734 3316
3  2979 3722 1862
3  3228 3732 2996
3  1565 3527 1566
3  3363 3735 451
3  2176 3257 2177
3  2996 3523 2294
3  2296 2295 3736
3  2320 2319 2928
3  2427 2122 2121
3  3255 2216 2215
3  2307 2121 2120
3  2307 2120 2308
3  2245 2804 3737
3  3272 3717 3737
3  2635 3731 3730
3  1053 2845 3731
3  3724 3255 2178
3  486 2324 2251
3  2157 3713 2668
3  2217 2668 3713
3  2267 2624 2657
3  3713 2298 2500
3  3738 398 3238
3  397 2297 2143
3  2409 2091 2460
3  2499 2091 2409
3  928 2323 2091
3  928 2091 2499
3  488 2091 2323
3  2251 2143 2250
3  2144 398 397
3  2359 2361 2398
3  2802 3739 3708
3  2144 1669 2412
3  1669 190 2413
3  2886 3738 2887
3  2298 3258 2500
3  2297 397 3258
3  2886 396 3738
3  3258 3740 2500
3  2258 3741 2316
3  2500 3740 2215
3  2215 3740 3254
3  3742 2643 2455
3  2916 2103 2102
3  2245 3737 3254
3  2247 2804 2245
3  3743 3272 3271
3  3272 3744 3717
3  2624 2148 2150
3  3248 2727 2820
3  1622 2167 2414
3  2801 949 3745
3  2414 2167 2269
3  2443 2148 2166
3  2154 2150 2149
3  2656 1712 3746
3  856 302 934
3  2154 2149 2155
3  1 0 2209
3  2192 873 872
3  2340 2339 3747
3  2443 2149 2148
3  3248 2820 1714
3  301 578 899
3  3748 2822 2826
3  3749 2857 2856
3  3750 3327 3751
3  885 2260 517
3  136 694 2831
3  2795 2208 2796
3  1 2209 1695
3  880 2183 2796
3  2774 651 2180
3  884 31 30
3  2531 2778 2223
3  2206 2355 2794
3  2181 2193 2182
3  1710 1719 2532
3  2793 2792 834
3  2798 853 890
3  2798 890 891
3  2211 1706 2224
3  1705 2224 1706
3  853 855 918
3  2772 209 2343
3  2783 2772 3752
3  2240 2207 2206
3  2779 2212 2223
3  624 206 15
3  2778 1717 2779
3  2343 209 2782
3  2776 913 912
3  1706 2793 2770
3  1718 835 1717
3  879 2 2187
3  2193 2797 2182
3  2241 2230 2229
3  2240 905 2181
3  2828 867 2765
3  2744 3753 1719
3  1715 610 3745
3  1710 2532 848
3  2685 2780 2686
3  113 2780 2685
3  848 2532 91
3  2744 2778 3753
3  2865 2863 3719
3  1724 1709 3754
3  744 1123 985
3  2744 1717 2778
3  1693 2212 2779
3  918 2529 917
3  2224 2529 918
3  737 2645 2644
3  2166 1684 2443
3  2728 2727 3248
3  2406 2455 2404
3  2694 2825 609
3  934 2728 856
3  856 2728 2562
3  1714 2877 1712
3  3248 3247 2156
3  2155 2149 2442
3  2156 2155 2562
3  2132 2407 870
3  1709 3201 3754
3  1707 3751 935
3  1663 2423 1108
3  197 196 2754
3  2674 3755 2889
3  608 2694 609
3  2406 2405 2684
3  3756 2729 2829
3  1630 3757 2768
3  2256 2656 2257
3  1088 3758 1089
3  2762 3759 2338
3  2756 2761 3245
3  2268 3242 2887
3  2684 2405 2811
3  346 909 40
3  2455 2454 3742
3  2812 2316 2887
3  2150 3760 2656
3  2257 3746 317
3  3742 2454 3243
3  2877 3243 2454
3  2562 2561 856
3  3247 1713 2154
3  2156 3247 2154
3  1700 2487 1648
3  2728 2156 2562
3  3757 1630 1629
3  3757 1629 3761
3  2883 3762 2373
3  3763 2192 872
3  3763 1683 1682
3  1621 1684 2166
3  2441 2443 1683
3  2397 1682 1684
3  2402 2160 3764
3  1700 3249 2487
3  2208 3249 2209
3  1621 2396 1684
3  2441 3763 2561
3  2561 3763 872
3  1714 3244 2877
3  879 881 2208
3  2206 2794 2240
3  1676 2240 2794
3  2239 2190 2189
3  2183 2227 2181
3  905 2193 2181
3  1684 1683 2443
3  3765 2192 3766
3  3763 2441 1683
3  2487 2795 2397
3  3765 2397 2795
3  2487 3249 2795
3  2795 3249 2208
3  32 31 915
3  2197 2180 1674
3  1696 2230 2225
3  1636 1638 699
3  2241 915 2242
3  32 915 2241
3  2242 915 1716
3  699 2185 1688
3  2260 2186 701
3  2389 2168 2244
3  1658 2372 2272
3  2172 2170 231
3  2392 2388 2204
3  48 2392 2261
3  1673 3266 1657
3  3266 2501 2885
3  2885 2501 2277
3  2387 2890 2421
3  2465 1653 1631
3  2465 1631 2876
3  1673 2501 3266
3  1670 2501 1673
3  3764 2374 2139
3  2375 2372 1657
3  2884 2883 2373
3  3178 3767 2402
3  2377 831 2407
3  2350 3759 2762
3  1703 2871 1701
3  1707 3750 3751
3  2773 807 2367
3  3768 2179 2756
3  2821 3327 3750
3  2418 3769 3770
3  2418 3770 2827
3  3747 3771 2340
3  3772 3771 3747
3  567 898 582
3  2766 2691 2370
3  2766 2370 2165
3  2773 2367 2859
3  2346 894 2870
3  2164 2214 2766
3  2933 2384 2386
3  2851 3769 2511
3  3708 2803 2802
3  2827 1629 1631
3  2683 2741 1016
3  2851 3773 3769
3  3773 2851 2528
3  1108 2423 2754
3  2749 3774 712
3  3246 2762 2338
3  2507 3775 2620
3  2507 2620 1016
3  2325 1702 1701
3  2417 1106 2510
3  3761 1629 3770
3  2357 712 3774
3  607 609 3742
3  3750 2888 2821
3  3776 3777 3774
3  3778 3779 3749
3  2760 2131 3780
3  3781 3782 3783
3  2338 3771 2528
3  2527 3246 2338
3  2751 3246 2527
3  3749 2856 2695
3  1883 1745 1744
3  1040 3784 3785
3  2788 3784 1040
3  2749 2751 3774
3  2750 3246 2751
3  2848 2506 2538
3  927 926 2348
3  926 3786 2348
3  861 3787 859
3  1122 744 743
3  679 3788 743
3  2507 1016 2741
3  3776 3774 2751
3  1746 2741 2683
3  1663 1107 2669
3  2759 3768 971
3  2338 3759 2339
3  971 3768 2756
3  861 2853 3787
3  2756 2755 972
3  2341 2871 1703
3  2759 2341 1703
3  893 2870 894
3  386 921 920
3  2871 2341 921
3  3768 1703 2179
3  3768 2759 1703
3  2231 729 285
3  285 729 286
3  711 972 2755
3  2364 2758 971
3  863 897 865
3  924 1702 925
3  2763 869 2325
3  2763 386 2133
3  1709 1708 3201
3  899 901 3754
3  541 679 542
3  2748 2764 565
3  920 565 2764
3  2342 385 894
3  343 342 2799
3  3784 2788 680
3  2325 925 1702
3  919 2346 842
3  842 843 919
3  2748 841 2346
3  865 2869 864
3  634 2781 112
3  864 2353 2352
3  2765 867 866
3  2871 921 386
3  594 2828 595
3  2765 595 2828
3  2224 1705 2529
3  1704 3789 1705
3  40 908 41
3  896 596 866
3  575 218 17
3  756 2775 1711
3  345 42 641
3  599 756 170
3  599 1699 1664
3  168 948 590
3  948 591 590
3  168 707 849
3  219 2799 623
3  343 2799 219
3  623 2799 851
3  2191 1699 2771
3  277 583 1039
3  3778 3790 2729
3  934 3751 2727
3  3791 3745 610
3  2801 3745 3791
3  2826 607 3748
3  935 1708 1707
3  951 1715 949
3  3754 901 951
3  949 1715 3745
3  951 950 3754
3  900 2744 901
3  3787 2853 2854
3  1724 859 1709
3  902 1721 584
3  679 681 3788
3  2689 2425 2791
3  213 212 254
3  1721 902 337
3  1721 1720 3792
3  3793 1122 743
3  915 916 1716
3  3788 3793 743
3  2788 3794 681
3  3790 3795 2729
3  3792 1720 3796
3  1751 930 1033
3  3797 3796 693
3  953 2537 1755
3  357 746 3797
3  693 336 694
3  357 3797 693
3  2537 499 1755
3  584 3794 2788
3  2831 580 579
3  2742 541 3798
3  154 930 1751
3  681 3794 3792
3  1721 3794 584
3  3792 3794 1721
3  854 853 207
3  2798 207 853
3  850 575 2784
3  574 2784 575
3  1664 93 757
3  2784 757 208
3  2784 574 757
3  343 642 41
3  862 894 897
3  596 595 2765
3  1705 3789 655
3  2772 655 209
3  2223 2224 2787
3  218 642 219
3  218 643 642
3  219 642 343
3  641 890 345
3  3799 3800 917
3  642 42 41
3  641 42 642
3  3801 2223 2787
3  2828 111 113
3  864 863 865
3  2828 2869 867
3  2189 884 883
3  113 2869 2828
3  2685 2869 113
3  2760 3780 2687
3  2748 2870 893
3  113 2781 2780
3  883 112 2786
3  862 864 2352
3  2782 211 2786
3  2828 2786 111
3  112 111 2786
3  914 1650 1686
3  346 345 3752
3  112 884 634
3  892 2531 3801
3  2531 2223 3801
3  917 3800 853
3  917 2529 3799
3  3789 210 655
3  208 207 2784
3  2784 207 2785
3  2798 2785 207
3  92 892 854
3  2531 892 2532
3  2532 892 91
3  892 3801 855
3  855 2787 918
3  855 3801 2787
3  346 3752 2772
3  853 3800 890
3  345 890 3800
3  211 210 2239
3  2783 3752 3799
3  3799 3752 3800
3  3800 3752 345
3  655 2783 2529
3  2529 2783 3799
3  211 2239 883
3  3789 2239 210
3  3789 1704 2239
3  2382 2194 2196
3  624 269 206
3  2781 634 2270
3  2270 3802 2860
3  2281 2861 1689
3  2282 2281 1689
3  2780 2280 2686
3  2282 2686 2280
3  2282 1689 832
3  882 604 586
3  695 586 604
3  2860 2868 2861
3  1690 2861 2868
3  2270 633 3802
3  2334 2391 2283
3  2314 2374 3764
3  2142 2140 3803
3  632 1679 633
3  3758 2368 2867
3  914 2868 912
3  2776 912 2868
3  911 1678 2196
3  2196 1678 2381
3  2334 2283 2317
3  2266 2393 911
3  2279 2164 1652
3  701 2186 2185
3  2195 885 2872
3  2279 1652 1651
3  2266 911 2872
3  2195 2872 2196
3  911 2196 2872
3  3237 3803 2422
3  2422 3803 2883
3  807 809 2867
3  2873 2141 2142
3  2876 3804 2881
3  2846 3804 2876
3  2374 2373 3762
3  2866 2690 2875
3  2690 2873 2875
3  2402 3764 2139
3  2332 2866 2875
3  1652 2164 2163
3  2317 2283 2163
3  2283 1652 2163
3  1682 3805 3766
3  3765 3805 2397
3  2397 3805 1682
3  3805 3765 3766
3  2381 2229 2228
3  2313 1670 2399
3  2867 809 2690
3  2414 3238 2412
3  2503 2884 2373
3  1657 2372 1658
3  2885 2276 2375
3  2885 2375 3266
3  2691 3767 3178
3  2159 2277 2314
3  3803 3762 2883
3  2160 2314 3764
3  2159 2314 2160
3  2641 2921 2920
3  2313 2399 3239
3  2400 2399 2492
3  2314 2313 3239
3  2314 3239 2373
3  2431 2504 2475
3  2386 2420 2884
3  2399 2361 3239
3  2916 2658 2917
3  2103 2917 2918
3  2490 2658 2488
3  1619 2505 1620
3  2387 2421 2386
3  2486 2431 2475
3  2505 1619 2101
3  2103 2918 2384
3  1619 2486 2475
3  807 2773 808
3  2658 2916 2638
3  2101 2359 2505
3  2933 2359 2384
3  2101 2384 2359
3  2475 2102 2101
3  2475 2101 1619
3  2384 2918 2385
3  3239 2361 2503
3  3769 2417 2511
3  2385 2490 2387
3  2735 2932 2889
3  3240 2743 2670
3  2463 3710 3806
3  2463 3806 2464
3  2725 3512 2734
3  2472 3285 2473
3  2735 2614 2616
3  2333 3739 1087
3  2725 2734 2615
3  2878 2234 2743
3  2920 2807 2641
3  1655 3241 2419
3  1976 3345 140
3  2900 3287 2450
3  2902 2900 2450
3  2615 2734 2616
3  2910 2904 2909
3  3807 3808 2626
3  3809 3810 2893
3  3512 2909 2904
3  2450 2709 2902
3  3515 3810 3811
3  3512 2904 2734
3  1692 2238 2237
3  2701 2236 2446
3  2236 2238 2446
3  3812 3813 2895
3  3814 3815 3630
3  2712 216 215
3  217 216 2712
3  3274 2910 2378
3  3708 3739 2333
3  992 3434 3816
3  2666 2907 2379
3  1475 1474 2992
3  3707 2453 2919
3  3817 3276 3275
3  2909 3512 2911
3  2701 2446 1537
3  2908 2238 1692
3  2907 2666 3304
3  3818 2476 2723
3  1538 2238 2908
3  2647 2677 2929
3  2476 3818 2102
3  2237 3268 2648
3  2472 2903 2495
3  3819 3336 3820
3  3336 3819 3122
3  2919 3304 3707
3  2723 2722 2995
3  2723 2995 2319
3  2911 3512 2724
3  141 3616 3646
3  2472 2495 3285
3  2905 2474 1591
3  2512 1591 2473
3  2473 1591 2474
3  2900 2512 3287
3  3740 2245 3254
3  1592 2512 2901
3  2634 3821 2589
3  2902 2709 3822
3  3823 3817 3824
3  2666 3707 3304
3  3825 3339 3593
3  3221 3826 2032
3  2937 3822 2709
3  2020 3827 3828
3  2927 2928 2995
3  2807 3515 3829
3  3817 3830 3276
3  2452 2626 3499
3  2906 2907 3830
3  3516 3274 3831
3  2927 2995 492
3  2995 2722 492
3  3738 396 398
3  2296 3736 3832
3  2294 2296 3520
3  1053 3833 1054
3  493 492 2722
3  2873 2690 3178
3  2733 2910 2920
3  2920 2910 3274
3  2907 3304 3276
3  2640 2642 2676
3  2675 2676 2642
3  3824 3831 3273
3  3273 3831 3274
3  3834 1985 1984
3  2380 3823 3273
3  2906 3823 2380
3  3499 2626 2625
3  3835 3836 3837
3  2517 2675 214
3  2900 2901 2512
3  3220 2031 3186
3  3829 3838 2642
3  2653 2652 2902
3  3839 3840 3841
3  2512 2473 3287
3  2473 3285 3287
3  281 280 2481
3  2628 3275 3277
3  2439 3824 2923
3  3629 3842 2682
3  3825 3576 3224
3  3593 3576 3825
3  3843 3844 3845
3  3185 3187 3283
3  3337 3224 3223
3  2925 3712 2030
3  2030 3712 3004
3  479 3227 2996
3  1999 3281 3283
3  3187 3186 3725
3  2445 3220 3232
3  3185 3231 3186
3  3723 2457 2456
3  1646 3522 3521
3  2437 3846 3284
3  2434 2433 3847
3  3284 2434 3847
3  3230 2968 2115
3  3556 3200 3605
3  3281 1998 3848
3  1634 3848 1632
3  3507 3849 3623
3  3250 3850 3251
3  2005 3850 3250
3  3283 3187 1999
3  1566 3527 3283
3  3851 3528 3251
3  3166 3852 3019
3  3217 3219 3719
3  1632 3618 3719
3  3603 3719 3618
3  3226 1634 1633
3  2901 1536 3721
3  2901 2652 1536
3  3556 3529 3557
3  3622 3120 3119
3  3604 3853 3292
3  3605 3519 3288
3  3095 2959 2961
3  3854 3507 3850
3  3854 3850 2005
3  3855 3491 3856
3  3119 3614 3492
3  3252 3262 3250
3  3569 3122 3819
3  3648 3609 3651
3  2427 2809 2663
3  3651 3609 3569
3  2006 2005 3625
3  3015 3857 3596
3  3648 3290 3609
3  3856 3491 3223
3  3853 3594 3235
3  3292 3853 3235
3  3836 3858 3815
3  1633 3719 2862
3  3233 2019 3859
3  3321 3291 3322
3  3119 3492 3622
3  3322 3291 3290
3  3596 3857 3518
3  3860 3293 3861
3  3725 2031 2030
3  3322 3290 3648
3  3860 3862 3018
3  3860 3861 3862
3  3300 3002 3018
3  3019 3852 3017
3  3289 3612 3610
3  3622 3492 3863
3  3506 3720 3851
3  3569 3610 3123
3  3612 1474 2018
3  2992 3321 3571
3  3531 3571 3321
3  3694 3179 3330
3  1048 3570 1046
3  2964 3322 3649
3  3293 3233 3859
3  2964 3649 3864
3  3121 3123 3621
3  2964 3320 3322
3  2924 3509 2922
3  3865 1047 3644
3  1046 3644 1047
3  3866 3867 3844
3  3004 3573 2461
3  3121 3863 3492
3  3334 3492 3614
3  3019 3018 3002
3  3868 2493 3224
3  3859 3869 3861
3  3320 3531 3321
3  3861 3869 2993
3  3222 3300 3855
3  2903 2493 2495
3  281 3508 3166
3  3726 3870 3524
3  2470 2477 2428
3  2939 3284 3846
3  2737 3165 3192
3  3192 3165 3019
3  3165 3166 3019
3  2483 2427 2663
3  3270 124 2308
3  3508 281 2481
3  3508 2481 3506
3  2481 1646 3506
3  3603 3528 3602
3  1994 3722 1995
3  3871 3280 3269
3  2480 2307 3733
3  3216 3728 3872
3  3205 3833 2637
3  2176 3870 3257
3  1566 3873 1567
3  2939 125 124
3  2200 2477 2470
3  2199 2477 2200
3  2936 3521 2934
3  3851 3602 3528
3  3521 3720 1646
3  3506 1646 3720
3  2458 3236 2934
3  3017 3854 2004
3  3281 3848 1634
3  3508 3623 3166
3  3854 3849 3507
3  3852 3849 3854
3  2005 2004 3854
3  3602 3720 3217
3  3850 3507 3506
3  3604 3261 3622
3  2019 1474 1473
3  3859 2019 1473
3  3825 3224 3339
3  3017 3852 3854
3  3855 3862 3491
3  3018 3862 3855
3  3602 3851 3720
3  1999 1998 3281
3  3517 2006 3625
3  3852 3623 3849
3  3166 3623 3852
3  3118 3857 3015
3  3855 3856 3222
3  3300 3018 3855
3  2493 3868 2494
3  3222 3856 3223
3  3235 2019 3233
3  3222 3224 2493
3  3293 3859 3861
3  3211 3619 3172
3  1475 3874 1473
3  3338 3601 3875
3  3506 3851 3850
3  3860 3018 3017
3  2993 3874 1475
3  462 3619 3211
3  462 3193 3619
3  3862 3861 2993
3  2993 3491 3862
3  3869 3859 3874
3  3859 1473 3874
3  3869 3874 2993
3  3875 3339 3338
3  2452 3499 2709
3  2310 3826 3221
3  3819 3651 3569
3  3621 3594 3853
3  2070 1975 2026
3  3598 3566 3565
3  3294 3568 3599
3  3834 3876 3877
3  3548 3177 3176
3  3558 3878 3640
3  3010 2015 3194
3  3190 1606 3105
3  3651 3653 3648
3  1910 3066 3081
3  3175 3177 3549
3  3552 3083 3879
3  3588 3590 3584
3  3659 3194 2015
3  3494 3577 3536
3  3880 3494 3536
3  3843 3494 3880
3  3881 3882 3366
3  3883 3651 3884
3  3843 3880 1047
3  3315 2896 3544
3  3570 3698 3885
3  3496 3514 3297
3  3490 3337 3223
3  3600 3337 3490
3  1461 2020 3828
3  3593 3339 3875
3  3593 3875 2020
3  1461 2021 2020
3  2706 2711 2710
3  3593 2682 3576
3  3600 3338 3337
3  663 3601 3531
3  662 3601 663
3  3114 1550 3312
3  3516 2920 3274
3  3875 662 3827
3  3875 3601 662
3  661 3886 662
3  3298 3297 141
3  3842 3631 2627
3  3886 3298 1461
3  661 3298 3886
3  2919 1996 2653
3  1552 2912 1550
3  3308 3887 3481
3  3483 1976 3180
3  3573 3173 3574
3  3310 3865 3644
3  3822 2937 2919
3  2922 2440 2439
3  2445 2444 1578
3  3888 3576 2682
3  3889 3890 1450
3  2672 2671 2603
3  3891 2672 2603
3  3822 2653 2902
3  3892 3893 318
3  3695 3894 3693
3  3815 3631 3630
3  3705 3198 3706
3  3807 3895 2682
3  3306 2134 1552
3  3311 1584 3312
3  3516 3515 2807
3  2926 2309 3495
3  3277 3276 3305
3  1460 3483 3630
3  1460 3630 3629
3  3542 3180 1976
3  3896 3631 3858
3  3896 2627 3631
3  3809 3876 3834
3  3276 3830 2907
3  3830 3823 2906
3  2919 2653 3822
3  1983 3838 3829
3  2894 2893 3897
3  2894 3897 3509
3  3516 3831 2438
3  2586 1102 2584
3  3898 2649 2651
3  3276 3304 3305
3  3811 1983 3829
3  2237 2048 3268
3  3899 2711 2706
3  982 3899 2706
3  3509 3897 2440
3  2519 2542 2330
3  2682 3842 3807
3  3017 3293 3900
3  3860 3900 3293
3  3017 3900 3860
3  2628 2627 3896
3  3836 3815 3837
3  3901 3180 3179
3  3693 3901 3179
3  3824 3273 3823
3  1458 3629 2023
3  3895 2626 2451
3  3224 3575 3868
3  3807 2626 3895
3  2682 2023 3629
3  3815 3858 3631
3  1460 3629 1458
3  3631 3842 3629
3  2603 2671 2604
3  3350 3902 3903
3  3588 3584 3583
3  2897 3904 3698
3  3827 3886 3828
3  3886 3827 662
3  3875 3827 2020
3  3814 3837 3815
3  2715 1551 3905
3  3133 3481 3887
3  3814 3630 3180
3  3483 3180 3630
3  3858 3836 2924
3  3842 2627 3808
3  3312 2009 3114
3  1410 3906 1355
3  464 2818 3193
3  3303 3302 2292
3  3438 319 3907
3  3907 3908 3438
3  3212 3454 3114
3  3180 3901 3814
3  3310 3645 663
3  2965 3310 663
3  3115 3114 3454
3  318 2508 3892
3  3909 3910 3911
3  3912 3910 3909
3  3877 3913 3914
3  3693 3894 3915
3  3509 3836 2894
3  3197 2819 484
3  3495 3115 3454
3  3836 3509 2924
3  3837 3814 3901
3  1552 2134 2912
3  3306 1552 3307
3  2057 3542 143
3  3879 3112 3111
3  3589 3653 3652
3  3885 3537 142
3  142 3514 3885
3  3306 1853 2134
3  3864 2965 2964
3  2897 3698 3535
3  2015 2017 3640
3  3030 3577 2960
3  3570 3496 1046
3  3904 3313 3885
3  3843 1047 3865
3  1047 3880 1048
3  3652 3651 3883
3  3647 2814 2947
3  3581 3916 1943
3  1978 3917 3590
3  3879 3083 3082
3  3465 3918 452
3  2057 3538 2060
3  3570 3885 3514
3  3919 3920 3921
3  3539 3546 3545
3  3885 3698 3904
3  2897 2896 3904
3  3311 1583 1584
3  3844 3867 3922
3  2979 3034 3037
3  3653 3588 3583
3  456 3534 3532
3  3864 3309 2965
3  2892 3923 3924
3  2892 3924 3925
3  3712 3173 3573
3  2968 3615 2115
3  3572 3926 3591
3  3845 3094 3494
3  3599 3568 3927
3  3148 3928 3299
3  3929 3930 3665
3  3665 3930 3202
3  3931 3932 3933
3  2960 3577 2961
3  3617 3567 3562
3  3934 1332 3323
3  3925 3561 3562
3  3935 3204 3203
3  3935 3665 3204
3  3095 3093 3617
3  3936 3937 3938
3  3095 2961 3494
3  3939 3940 3941
3  3109 3190 1990
3  3666 1944 3077
3  1420 3129 3116
3  3154 3156 3942
3  3139 3141 3923
3  3943 3154 3942
3  77 3680 78
3  1332 2891 1333
3  3203 3944 3945
3  1606 3946 3105
3  2038 758 1957
3  1604 3079 3678
3  1965 1481 761
3  309 311 3597
3  619 618 1366
3  171 173 2028
3  1928 409 1929
3  3947 89 3948
3  1365 619 1366
3  1973 3080 1974
3  1599 1598 3949
3  311 3950 3078
3  3951 3952 3682
3  3953 3954 3955
3  3953 3955 3956
3  3682 1542 3957
3  1900 1901 3958
3  1901 1761 3959
3  3095 3617 2959
3  3960 3957 3084
3  2007 3025 3045
3  1541 3084 3957
3  3429 3961 3428
3  3962 3963 3686
3  3129 3964 3965
3  3966 3965 1825
3  3469 1877 3967
3  1271 1273 3968
3  3969 3968 1273
3  1199 1558 1337
3  3150 3684 3970
3  3971 3972 3973
3  1956 3974 3975
3  368 1445 3976
3  368 3977 1445
3  3978 3979 3980
3  3981 3982 3983
3  1312 3984 373
3  3042 3041 3985
3  3055 3396 3041
3  3986 3987 3988
3  1335 55 3989
3  1220 3990 73
3  99 101 797
3  3154 3991 3155
3  3050 3967 1877
3  441 1192 1014
3  1555 1554 3992
3  3167 1418 1421
3  3993 3994 3402
3  3359 3050 3150
3  1867 3150 3050
3  3085 3967 3359
3  3962 3686 3685
3  3995 3996 3997
3  3998 3677 3692
3  3999 4000 4001
3  220 4002 1440
3  3461 3686 4003
3  3684 4004 2095
3  3968 1792 1271
3  1792 3968 3969
3  4005 4006 4007
3  4008 4009 4010
3  3976 4011 4012
3  4013 4012 4011
3  3692 104 548
3  4014 4015 4016
3  375 374 4017
3  550 3998 3692
3  1777 1776 4018
3  1585 4019 383
3  74 1207 75
3  4020 365 364
3  4021 4022 4023
3  1295 1477 1385
3  437 436 4024
3  4016 1510 1509
3  1388 1476 355
3  1198 102 104
3  1186 1188 1505
3  4025 1505 1188
3  966 3989 55
3  4026 4027 4028
3  4029 4030 4031
3  4032 4033 1456
3  4032 1456 788
3  1518 1520 4034
3  1556 1518 4034
3  4035 4036 1560
3  3676 1560 4036
3  3988 4036 4035
3  3988 4035 3986
3  1560 1555 4035
3  1292 3158 549
3  4037 4038 4039
3  1199 1559 1558
3  1242 1529 1194
3  4040 4041 4042
3  4043 4044 1351
3  1520 1510 1178
3  1520 1511 1510
3  4040 4042 4026
3  4034 3408 4045
3  1509 3675 4040
3  3158 3160 1352
3  1294 1293 4046
3  1186 1504 4047
3  4021 1179 4022
3  1180 4048 4049
3  4050 1325 1324
3  1353 3992 1554
3  4050 4021 4051
3  4052 4053 4054
3  1216 402 1217
3  4055 4056 1250
3  4039 4057 4058
3  4059 4060 4061
3  4026 4062 4063
3  1328 4064 4065
3  1387 1371 796
3  66 1371 1387
3  4066 4067 1544
3  1896 4068 256
3  4069 4068 1896
3  3298 1459 1461
3  105 2104 86
3  4070 4071 2052
3  787 3036 4072
3  1336 4073 1489
3  3992 4035 1555
3  1459 3298 3646
3  76 1471 2107
3  4070 1601 1600
3  4074 749 751
3  4075 4076 4077
3  4078 4075 4077
3  129 4079 355
3  403 4080 1535
3  373 3984 1350
3  1339 1350 3984
3  1447 3679 4081
3  4065 4064 772
3  1308 4021 4050
3  796 1371 1439
3  1373 796 1439
3  4082 3688 4083
3  4084 1452 4063
3  4037 4039 4085
3  1292 4058 4057
3  4086 4087 4088
3  4089 4088 4087
3  438 3149 1352
3  4090 432 435
3  4091 432 4090
3  1510 4016 1179
3  3160 3159 4092
3  4093 2104 4094
3  4095 67 1387
3  1426 1296 221
3  99 797 749
3  34 274 36
3  274 749 797
3  1408 1371 66
3  1373 85 796
3  778 69 36
3  4033 4096 4097
3  68 4098 1465
3  777 101 4095
3  777 4095 796
3  70 4093 4099
3  4094 4099 4093
3  4100 4101 256
3  4102 1370 1372
3  4102 86 1370
3  4102 105 86
3  1465 4097 4096
3  1388 1470 1476
3  50 2106 2046
3  36 797 778
3  274 797 36
3  101 100 4095
3  99 4103 100
3  3035 789 750
3  256 4068 4100
3  4103 99 4074
3  4103 4074 4098
3  99 749 4074
3  1376 1375 96
3  4098 4097 1465
3  4074 4097 4098
3  4032 1386 4096
3  4032 4096 4033
3  2043 4101 1443
3  1977 3568 3093
3  4104 4105 417
3  1466 1431 1413
3  1292 1278 1293
3  1367 4002 1314
3  1436 292 1368
3  2949 1561 4106
3  1385 1296 1295
3  71 35 36
3  1465 1477 1285
3  1385 1477 1386
3  4096 1477 1465
3  4107 123 1255
3  1412 4108 1253
3  1412 1367 4108
3  4096 1386 1477
3  4095 1387 796
3  4109 4110 4111
3  4109 4112 4110
3  220 1314 4002
3  675 2840 625
3  1413 1440 4002
3  1431 258 1413
3  3949 1903 1589
3  4015 4023 4016
3  4113 1895 1489
3  1431 1468 1433
3  258 257 23
3  1896 1433 4069
3  97 96 1375
3  4114 4115 3379
3  4116 4117 1415
3  21 2042 1358
3  1417 1416 1425
3  4118 1425 1416
3  256 4101 2043
3  1570 1569 4119
3  4119 1569 1568
3  3013 4120 3938
3  4121 1935 997
3  4122 4123 4124
3  3419 1264 4125
3  4126 4127 4128
3  406 1925 766
3  2042 257 2043
3  4102 4129 105
3  95 94 4130
3  2042 4131 1358
3  4132 4117 4116
3  3353 4132 4116
3  4068 3127 4100
3  1328 1327 290
3  4133 965 57
3  4134 1595 4135
3  4136 4137 4138
3  4101 4139 1400
3  3155 4140 1767
3  1769 3155 1767
3  382 4141 430
3  730 2540 967
3  4069 4142 3127
3  1493 4142 4143
3  3127 4142 1493
3  1493 1495 1430
3  4144 3670 4145
3  3941 3107 3944
3  4100 4139 4101
3  1936 1935 1594
3  1589 4146 1587
3  2099 4147 2100
3  3352 4132 3353
3  4068 4069 3127
3  1441 4131 2042
3  3998 4148 3407
3  774 1437 788
3  1377 348 1354
3  43 1437 1368
3  1368 1254 4108
3  1368 4108 1367
3  291 1327 4149
3  1255 1254 292
3  783 1412 1411
3  783 3687 1412
3  1339 1313 426
3  788 1438 4032
3  122 783 1411
3  292 1254 1368
3  4072 3036 1600
3  1413 4002 1466
3  1466 4002 1467
3  1412 1467 4002
3  4002 1367 1412
3  4150 432 4091
3  1253 123 1412
3  1433 4127 4069
3  4126 4069 4127
3  1255 123 1253
3  4149 1327 1326
3  4151 4152 4153
3  4154 2975 1430
3  55 57 966
3  3679 774 787
3  779 781 1545
3  49 34 50
3  1427 4155 4156
3  1597 4156 4155
3  4157 4065 1447
3  1379 348 1377
3  772 1447 4065
3  4064 1328 290
3  4128 4127 782
3  4158 4159 4160
3  1328 4065 4161
3  1355 4162 1344
3  1544 779 1545
3  793 4163 794
3  4063 4164 4165
3  1436 4064 290
3  772 4064 1436
3  4154 1430 1495
3  4066 1544 1546
3  4166 4066 4167
3  2949 1196 1470
3  11 10 4168
3  11 4168 33
3  787 4072 3679
3  4074 751 4097
3  4033 751 1456
3  4097 751 4033
3  68 67 4098
3  4098 67 4103
3  100 4103 67
3  100 67 4095
3  777 69 778
3  777 85 87
3  1914 4145 4169
3  4147 2109 4170
3  4147 2099 2109
3  2104 4093 87
3  2104 87 86
3  1400 4156 3048
3  2033 2111 3061
3  2033 798 2111
3  799 106 407
3  4171 3062 2111
3  4171 2111 2110
3  2958 2957 1376
3  36 69 71
3  4172 310 1894
3  4146 3318 1587
3  764 1455 27
3  766 1925 1311
3  4173 1267 2008
3  70 4099 71
3  1310 4174 765
3  88 182 181
3  1925 1924 1311
3  108 110 1575
3  1454 764 1924
3  1574 1573 1527
3  1406 2036 1407
3  1858 1266 2072
3  408 410 2093
3  4175 4176 4113
3  4177 4178 4179
3  1472 356 355
3  4169 4145 4105
3  50 34 2106
3  407 406 4180
3  1570 4174 1310
3  1917 1857 28
3  1570 4119 4174
3  405 1925 406
3  3062 4171 4174
3  2110 4174 4171
3  51 1316 49
3  3080 3039 3078
3  3063 3062 4119
3  94 3063 4119
3  1858 2072 4181
3  2064 2084 2073
3  1926 1958 1957
3  1959 3138 2012
3  1285 4182 1408
3  1455 1454 760
3  1581 1958 1926
3  1588 4183 3936
3  3044 3043 4184
3  760 2040 1455
3  761 1481 767
3  3939 3013 1331
3  3939 289 3013
3  2012 2041 2013
3  311 310 4172
3  3636 408 4185
3  759 2038 4186
3  759 4186 2037
3  2037 2039 759
3  2025 109 1917
3  4187 1964 1575
3  3680 4176 78
3  1893 4172 1894
3  4100 1401 4139
3  1919 618 617
3  1481 4187 1482
3  108 1916 109
3  1916 1917 109
3  1455 2040 27
3  27 2040 28
3  28 2040 2039
3  5 4 9
3  1919 4188 618
3  1857 1266 1858
3  4189 4120 3013
3  1489 4175 4113
3  2954 4190 171
3  1576 1482 4187
3  1364 2953 1365
3  1365 1604 3678
3  1965 4187 1481
3  4187 1965 1964
3  1266 1916 108
3  1405 4191 4192
3  88 90 182
3  1918 1360 4193
3  4194 2034 827
3  4195 4188 1919
3  4196 4197 4198
3  4199 1360 4200
3  1893 1895 4113
3  355 4079 1388
3  2070 621 1975
3  173 172 1399
3  763 173 1399
3  763 2087 173
3  2087 2028 173
3  3194 3659 3110
3  1572 1939 2971
3  1247 4201 1248
3  2028 2971 2029
3  4202 1247 4203
3  1988 1930 1299
3  1988 1299 4204
3  2000 3208 3658
3  1912 1952 1571
3  2112 4201 4202
3  4201 2983 2982
3  1572 1571 1953
3  790 1938 791
3  1572 3020 762
3  2093 4205 408
3  1940 1572 1953
3  1939 1572 1940
3  2954 1927 1603
3  1604 1603 1927
3  2093 1938 790
3  4203 1247 408
3  1927 1929 1604
3  2954 171 2069
3  1937 1961 1963
3  1575 1576 4187
3  769 110 109
3  109 2025 769
3  418 1581 1926
3  1858 4206 29
3  416 418 1908
3  4184 3671 4207
3  4207 2109 4184
3  97 1375 1372
3  4102 1372 1375
3  4130 94 4119
3  2107 1919 77
3  3948 88 4208
3  1398 1966 1965
3  2072 4173 4181
3  2072 1267 4173
3  1399 2074 1398
3  4209 4208 88
3  4210 4211 4191
3  4212 4213 4214
3  4215 4212 4214
3  2108 4191 1405
3  2084 4216 2073
3  4173 182 90
3  1398 183 1966
3  2111 3062 3061
3  2044 2045 2052
3  4195 829 1918
3  90 4217 4181
3  2008 182 4173
3  4195 1918 4218
3  4209 2074 4199
3  4194 3073 2071
3  1399 4199 2074
3  1360 2035 4200
3  827 2035 1360
3  87 4093 70
3  3078 3597 311
3  4200 4219 4199
3  990 1393 1487
3  4196 172 4197
3  183 182 2008
3  4219 1435 3947
3  990 3656 1392
3  760 3664 758
3  4220 1524 1523
3  1904 1903 3949
3  4169 422 1914
3  3080 3079 1604
3  1522 1524 3359
3  4221 1353 4092
3  1489 3049 1336
3  1335 779 1434
3  3957 1542 1541
3  1488 1487 1393
3  1442 3048 4222
3  3957 4223 4224
3  1457 4182 1394
3  1297 1394 4182
3  1599 3949 2100
3  3957 4224 3682
3  3952 3672 3038
3  4224 989 3951
3  3682 4224 3951
3  3319 4225 3974
3  4226 4227 997
3  4228 3975 3974
3  4121 997 4229
3  3951 3672 3952
3  1582 3664 760
3  1333 3940 1331
3  1331 3940 3939
3  3013 288 4189
3  2041 2012 3138
3  3925 3924 3215
3  2959 3562 3214
3  3107 2891 3925
3  2001 3566 2002
3  3663 3657 3667
3  3663 4230 3550
3  1941 3487 3486
3  1978 4231 1979
3  3666 3076 4232
3  3666 3077 3076
3  1978 3590 4231
3  3552 1910 3083
3  4233 3643 3592
3  3568 3567 3093
3  3843 3845 3494
3  3105 3104 3190
3  3933 2002 4234
3  4235 4236 4237
3  3599 4237 4236
3  4238 3137 3714
3  1498 3109 3564
3  289 3939 3941
3  4239 3669 4240
3  4239 4240 4235
3  4239 4235 3669
3  3536 3577 3030
3  1580 3714 1581
3  1852 1851 1496
3  4241 3934 4242
3  4241 4242 4243
3  1981 3552 1982
3  1590 1911 767
3  1605 4244 1931
3  2941 2117 3614
3  4245 1989 1991
3  620 1852 2000
3  4232 4245 4246
3  289 4247 287
3  289 3941 4247
3  3669 4237 3565
3  2112 4202 3660
3  4201 1247 4202
3  1497 4244 1605
3  3081 3077 1944
3  3653 3589 3588
3  3497 3519 3605
3  1944 3666 1945
3  1943 1942 3099
3  3659 3878 3558
3  3934 4248 4242
3  3323 4248 3934
3  424 423 2956
3  1977 3927 3568
3  3294 4235 3295
3  2000 1852 3208
3  3879 3082 3112
3  3501 3820 3551
3  3555 4249 4250
3  4251 4252 3555
3  3097 3647 3024
3  4230 3502 3550
3  3607 3014 2941
3  4253 4254 3584
3  4255 3094 3845
3  1978 3094 4255
3  4256 4234 3590
3  4234 2002 3590
3  4245 3076 2026
3  4249 2003 3932
3  3647 2815 2814
3  312 3096 3032
3  3639 1951 3097
3  409 3636 1973
3  792 4257 790
3  2983 4201 2112
3  4258 3661 3660
3  1248 4201 2982
3  622 4259 3553
3  3636 1181 3635
3  2444 480 2718
3  1300 1299 1930
3  4185 1247 1249
3  408 1247 4185
3  4258 4257 792
3  410 2955 2093
3  792 4260 3661
3  3661 4258 792
3  4258 4203 4257
3  4202 4258 3660
3  2093 2955 2092
3  3591 2462 3572
3  2978 2979 3037
3  1949 4261 3634
3  409 408 3636
3  4202 4203 4258
3  3040 3134 3092
3  3635 1181 3134
3  3134 1181 2079
3  3087 2970 2969
3  1248 3091 1183
3  2983 3091 1248
3  2983 3031 3091
3  4262 1957 1870
3  4262 1870 770
3  2037 4186 2025
3  4190 2953 1364
3  4190 2954 2953
3  2081 3071 355
3  1472 355 3071
3  3038 3597 3039
3  1366 4263 1364
3  4264 1893 3681
3  1603 1365 2953
3  3680 3681 1893
3  618 4188 4263
3  4067 130 347
3  1918 829 828
3  4265 4211 4266
3  3948 89 88
3  1919 2107 4267
3  1919 4267 4195
3  1407 2067 2076
3  4268 2083 2082
3  2075 4209 181
3  172 4196 1399
3  89 3947 4192
3  4198 4218 1918
3  183 2075 181
3  1447 4081 4157
3  1402 4156 1400
3  1464 4269 4270
3  130 129 1354
3  1389 2950 1388
3  2949 4106 4271
3  4067 1562 130
3  2975 4154 4272
3  2052 2053 4070
3  3992 1353 4221
3  1488 1392 56
3  4273 4151 4153
3  4269 3064 4274
3  4042 4275 4276
3  1545 3065 1546
3  1524 3086 3085
3  4277 3938 1954
3  1587 3937 3936
3  4278 4220 4279
3  3084 3086 3960
3  3150 3970 3359
3  4229 999 4280
3  965 4133 3960
3  3597 3672 309
3  1541 3085 3084
3  3960 4278 965
3  4281 3164 3059
3  4220 1523 4279
3  4282 4283 4284
3  4285 4286 4287
3  4023 4022 1179
3  3086 4220 4278
3  3359 3967 3050
3  4288 3427 3426
3  3396 3985 3041
3  4289 4163 4158
3  4290 4291 4292
3  4290 4292 4293
3  3384 3042 3985
3  3384 3985 3396
3  4294 4295 4296
3  4297 1737 560
3  3467 3466 3477
3  4298 2944 3372
3  1823 4299 2598
3  4300 3956 3955
3  4301 3958 4302
3  4293 4303 4304
3  1128 1127 3395
3  360 2601 358
3  1867 4305 3041
3  82 2963 4306
3  3467 3982 3981
3  4307 4308 4309
3  1512 3145 3981
3  3403 3402 3994
3  4310 3342 4311
3  1859 1831 3391
3  3449 4312 3442
3  3983 4313 450
3  4314 1028 1030
3  3362 991 992
3  3427 4315 3429
3  4288 4315 3427
3  3163 83 3143
3  4316 3381 4317
3  4109 4318 4112
3  4319 4320 4321
3  3980 2943 2945
3  4012 369 3976
3  1132 4322 4323
3  1796 1735 4324
3  4325 4326 1030
3  4327 4328 3963
3  667 564 4329
3  1140 554 553
3  3990 4025 3418
3  468 3418 4025
3  1390 449 3448
3  4330 4331 4332
3  4333 4334 1901
3  4333 1901 3959
3  4084 4151 4335
3  4336 1734 1733
3  4125 1264 1586
3  559 4337 560
3  1735 4338 4324
3  1738 4339 4340
3  1013 4341 3447
3  1322 4342 1321
3  677 559 650
3  1841 1848 1842
3  1213 1906 1214
3  3406 4343 4344
3  4345 4346 3052
3  4347 4348 2119
3  469 1147 470
3  1782 4349 3369
3  4350 1221 1764
3  4351 1775 4352
3  3444 3402 4325
3  1145 1221 4350
3  4336 1733 4353
3  3170 3436 1826
3  1766 3362 1827
3  3404 1152 1149
3  60 4354 61
3  4355 1775 1777
3  1782 3371 1801
3  3367 1859 2543
3  3958 4301 4356
3  3401 4325 3402
3  116 2119 4357
3  4347 2119 116
3  4358 4359 4360
3  4361 1736 4340
3  4362 4363 4364
3  1163 4365 1164
3  4347 116 115
3  3976 369 368
3  1276 1275 3969
3  1307 4019 3379
3  4366 4110 4112
3  3069 4367 3067
3  4368 4369 4370
3  4291 4371 4311
3  4132 4372 4373
3  3387 3410 1905
3  4374 1210 4375
3  4376 1210 4374
3  1905 1213 3387
3  4357 4377 116
3  1905 3410 4378
3  1905 4378 1906
3  3990 3418 74
3  4379 4380 4381
3  1263 1265 1276
3  1418 4280 999
3  999 3392 1418
3  1213 4379 3387
3  3393 1127 1754
3  4380 4379 1213
3  4380 1213 979
3  4382 4383 4346
3  1384 4384 1250
3  4385 4386 4387
3  361 1503 4388
3  3387 3386 3410
3  979 1214 1727
3  3412 4321 4320
3  1215 1323 1216
3  431 4141 4389
3  1553 3168 3928
3  1521 4390 1770
3  4009 62 61
3  459 461 1771
3  1766 1770 4390
3  4049 4048 4391
3  3170 377 3436
3  986 1231 987
3  4392 4393 4378
3  431 430 4141
3  4394 4395 4319
3  4396 4029 1187
3  4396 1187 1186
3  4397 1791 4398
3  4399 4400 1175
3  4114 3379 1585
3  1264 4114 1585
3  291 4107 1255
3  1352 3160 1353
3  4028 4027 4401
3  4248 3975 4228
3  2055 2053 2045
3  4091 1417 4150
3  1322 4402 4403
3  1210 364 4375
3  3983 3982 4313
3  1411 123 122
3  1253 4108 1254
3  3420 4125 430
3  1906 4393 3417
3  4404 4405 1424
3  1843 1803 1844
3  4406 4403 4402
3  1233 1212 1291
3  4407 1193 3380
3  4408 4409 1217
3  1241 1184 222
3  1222 1535 4080
3  3990 1220 4025
3  400 1258 401
3  3388 3390 4410
3  1265 3419 1275
3  1909 4259 622
3  1276 4411 371
3  4412 222 245
3  4412 247 1500
3  1193 3977 368
3  3412 4378 3410
3  1500 1241 4412
3  222 4412 1241
3  247 988 1500
3  1303 1302 1324
3  375 784 786
3  1193 4407 1185
3  371 1233 1290
3  1291 4115 1290
3  371 370 1233
3  370 374 1232
3  4413 4414 4010
3  381 1422 4415
3  1291 4407 4115
3  1322 4403 399
3  1276 1290 1263
3  371 1290 1276
3  4034 3409 3408
3  4034 1178 3409
3  442 1232 224
3  1279 224 1232
3  1185 1291 1212
3  3380 1193 1307
3  1212 1232 442
3  374 1281 1338
3  1272 399 4403
3  1272 4403 4406
3  1338 1281 1279
3  1239 1279 1281
3  1290 4115 1263
3  1338 1279 1232
3  4407 1291 1185
3  1321 1176 1174
3  374 1289 1281
3  4115 4407 3380
3  1264 1263 4114
3  3380 3379 4115
3  3396 4416 3397
3  468 4025 467
3  4417 4418 2972
3  4115 4114 1263
3  245 247 4419
3  3419 1792 3969
3  3419 3969 1275
3  4420 4421 4422
3  1271 1280 1274
3  399 1272 1274
3  4423 4424 4376
3  4425 4426 4368
3  404 403 1535
3  4319 4427 1211
3  4320 4319 1211
3  4428 1304 4429
3  4428 4429 1346
3  431 4430 429
3  115 4348 4347
3  2974 1753 4431
3  4432 4433 4434
3  1424 4434 4433
3  4409 1215 1217
3  4387 4013 4011
3  4435 4436 1305
3  4017 372 1318
3  1273 4406 4411
3  4406 1273 1272
3  4437 4438 1515
3  4335 4439 4084
3  367 1307 368
3  3995 2973 2972
3  4049 4391 4440
3  4415 4441 1444
3  3416 3415 3421
3  3435 4442 4443
3  4444 4397 4424
3  4444 4424 4423
3  4445 4424 4397
3  4395 4427 4319
3  4446 4395 4394
3  4378 4393 1906
3  4392 4141 382
3  4303 3389 4447
3  431 4389 4430
3  323 1777 4018
3  323 4018 3405
3  4448 367 369
3  4448 382 367
3  3417 4393 4012
3  4449 4299 4450
3  1823 4450 4299
3  4392 4378 4451
3  3412 4451 4378
3  4141 4392 4451
3  4342 4452 4453
3  4454 823 4455
3  4418 4456 2972
3  4457 4458 4459
3  4457 4459 4460
3  4461 4462 4463
3  73 3990 74
3  4395 1209 4427
3  1209 4020 1210
3  4464 244 613
3  4371 4465 4466
3  3024 3098 3097
3  1218 4467 4468
3  4425 4368 4370
3  755 359 4469
3  4470 4471 4472
3  1208 4376 4424
3  4445 1208 4424
3  3344 4473 4474
3  3344 4475 4473
3  451 4476 3363
3  4477 4478 4479
3  3452 3463 3054
3  1468 3687 783
3  1468 783 782
3  3426 4480 4288
3  4481 4482 4483
3  4484 4482 4481
3  4226 4460 4227
3  3047 4485 3162
3  3971 4486 3972
3  3456 1812 1811
3  755 3101 359
3  4229 4487 4225
3  4488 999 998
3  4154 4489 4272
3  1336 1434 1378
3  4272 2976 2975
3  1594 4226 1936
3  3182 4490 4491
3  3153 1421 3117
3  3153 3117 3151
3  4100 3127 1429
3  2977 1598 4155
3  1597 4155 1598
3  4489 4154 1495
3  4492 3318 4493
3  2975 1427 1430
3  2977 1427 2975
3  4101 1400 1443
3  1429 1428 1401
3  4139 1401 1400
3  2977 4494 1598
3  3949 1598 4494
3  2042 1443 1441
3  1389 1561 2949
3  1402 1428 4156
3  3070 3073 4179
3  2109 1588 4184
3  1915 3048 1597
3  2977 4155 1427
3  3658 2027 1975
3  3139 3923 4241
3  3973 4450 3964
3  4133 1392 3656
3  3155 1825 4140
3  4473 3182 3184
3  1588 2099 1589
3  4100 1429 1401
3  1388 4079 128
3  4207 3670 4170
3  617 3680 77
3  4113 3680 1893
3  1913 1915 1599
3  1587 4183 1588
3  4184 1588 3936
3  1922 3044 4189
3  2673 2672 4495
3  4473 4475 3182
3  3013 289 288
3  1958 3138 1959
3  3044 4496 4120
3  1954 3937 1955
3  3923 2892 1332
3  1922 4189 288
3  1922 288 1992
3  4277 3012 3011
3  4277 3011 3013
3  3636 1182 1181
3  3938 4277 3013
3  4277 4248 3012
3  4120 4496 3938
3  3294 3106 3108
3  4450 3965 3964
3  1930 2940 1920
3  4497 3340 3457
3  3340 4497 4498
3  4499 3476 1553
3  4372 4132 4500
3  1956 1955 3319
3  4501 4502 4503
3  4504 4501 4503
3  3319 3318 4492
3  3319 4492 4135
3  3938 4496 3936
3  3943 3152 3151
3  4248 4277 3975
3  1331 3012 3323
3  4505 3964 3129
3  4506 3366 3882
3  4226 997 1936
3  4008 4414 4386
3  4369 4372 4370
3  4507 4492 4493
3  4183 1587 3936
3  4243 3156 4508
3  2013 1932 2704
3  3319 3974 1956
3  2629 3157 2630
3  1943 3099 3581
3  1825 3155 3991
3  3966 1825 3991
3  4508 1768 3140
3  3139 4508 3140
3  4508 3156 1768
3  1768 3156 1769
3  4426 4509 4481
3  3332 3920 4510
3  457 4511 2599
3  4480 4512 4513
3  4514 4515 4516
3  3966 3116 3965
3  4124 4123 4517
3  4518 3943 3058
3  4518 3152 3943
3  4121 4225 4135
3  4315 4519 4486
3  3973 3964 4505
3  4368 4318 3184
3  4488 3392 999
3  3344 3392 4475
3  4520 3961 3344
3  3344 3961 3128
3  4521 4375 4300
3  4374 4375 4521
3  3974 4518 3058
3  4491 4459 3183
3  4288 4519 4315
3  997 999 4229
3  4522 4124 4460
3  4523 4524 4525
3  1479 2944 4298
3  1479 4298 1480
3  3128 3961 4526
3  3943 3151 3154
3  1941 4501 3532
3  3582 3425 4515
3  3965 1823 1825
3  4109 4474 4473
3  3966 3117 3116
3  3151 3117 3966
3  4281 4527 4279
3  4242 4528 4243
3  3058 3943 3056
3  4498 4529 3381
3  4449 4450 4530
3  4531 3358 3340
3  4531 3340 3342
3  3055 4416 3396
3  4520 3428 3961
3  4513 3341 3381
3  4513 3381 4316
3  3955 3954 4532
3  4149 4107 291
3  4533 4534 4143
3  4143 4534 1493
3  754 3356 454
3  3184 4369 4368
3  1128 3395 363
3  3381 4529 4535
3  3390 4536 4111
3  2001 4537 3668
3  4538 3989 4539
3  4488 4475 3392
3  4368 4112 4318
3  3143 4306 2963
3  83 82 4306
3  1778 2118 441
3  3041 4305 3144
3  4516 4515 3425
3  4483 4540 4481
3  4418 4541 4542
3  4111 4410 3390
3  3052 4346 3053
3  4310 4371 4543
3  4303 3390 3389
3  4523 4544 4447
3  4545 4474 4109
3  978 4546 4380
3  559 4390 650
3  2974 2973 4479
3  4357 4547 4377
3  4548 4305 4549
3  412 1382 1530
3  4477 3674 4550
3  4551 781 4538
3  3390 4303 4536
3  4293 4536 4303
3  4011 3976 4552
3  1208 1210 4376
3  4553 3051 4554
3  4553 4554 4334
3  4293 4466 4290
3  3416 4555 1206
3  4556 366 4557
3  364 366 4556
3  4558 3462 3461
3  4559 4394 4319
3  4560 4561 1759
3  4558 4562 3462
3  3398 4301 4357
3  1190 4348 4349
3  1190 4349 1782
3  3406 1799 3432
3  3422 4555 3416
3  3444 3993 3402
3  1376 2957 4563
3  4357 4301 4547
3  4292 4564 4293
3  4547 4301 4302
3  4547 4302 4377
3  4565 4360 1225
3  1778 3398 4357
3  2119 1778 4357
3  3399 4566 3398
3  4567 4566 3399
3  560 4337 4297
3  1782 1801 1191
3  2118 1192 441
3  4568 3444 4325
3  4569 4336 4570
3  4570 4295 4569
3  1900 3958 4356
3  4310 4311 4371
3  4476 3364 3363
3  4571 4572 4573
3  3432 4343 3406
3  4480 3426 4564
3  4480 4564 4292
3  4543 1760 4574
3  3417 4012 4013
3  3424 4575 4523
3  4020 364 1210
3  3369 4363 4362
3  3410 3386 3411
3  4302 3958 4334
3  3411 3386 4559
3  3411 4321 3412
3  3411 4559 4321
3  4319 4321 4559
3  4141 4451 4389
3  4451 3412 4389
3  3412 4320 4389
3  3976 1445 4552
3  4576 4013 4413
3  1585 3379 4019
3  430 383 382
3  1528 4577 1444
3  4578 4579 4364
3  3386 4394 4559
3  1164 4365 3386
3  4394 3386 4365
3  4393 4448 4012
3  987 4580 380
3  4392 4448 4393
3  4392 382 4448
3  4581 4582 4583
3  4584 4585 4586
3  4587 4588 4413
3  4589 4586 4585
3  4590 4591 4592
3  4554 4593 4302
3  4594 4595 4596
3  1188 4597 467
3  4598 4599 4600
3  1205 4601 4006
3  3436 204 459
3  3449 3448 449
3  4295 4602 4296
3  1738 1737 4297
3  4603 1797 1796
3  349 4604 2556
3  4605 4606 4607
3  4341 1223 3447
3  1014 1192 1191
3  3431 3413 4608
3  79 649 648
3  4609 3999 4330
3  1011 324 3404
3  3445 4359 4610
3  4611 3440 1839
3  559 1766 4390
3  3436 377 204
3  2915 3367 2987
3  1827 1770 1766
3  558 3434 992
3  4607 4358 4612
3  4382 4365 4383
3  4018 1776 4351
3  1225 4613 3447
3  3466 3673 4309
3  3442 3444 4568
3  3433 1736 4361
3  4613 1225 4360
3  1766 991 3362
3  4614 4615 4616
3  4617 4618 4614
3  3146 1828 1827
3  2554 2556 2583
3  1770 1826 1771
3  4314 4619 1134
3  471 1138 469
3  203 4620 3378
3  2579 4621 2554
3  528 4622 2823
3  1843 1845 1012
3  1771 1826 3436
3  1158 3690 1159
3  4309 3673 4307
3  3434 3433 4571
3  1028 1391 1029
3  4304 4466 4293
3  3168 3170 1828
3  1826 1828 3170
3  3457 3340 3357
3  3148 3147 4623
3  3148 4623 3363
3  3443 4624 3434
3  358 4469 359
3  3477 4499 4625
3  957 3476 3466
3  3361 4626 4617
3  227 3136 387
3  2292 2291 4627
3  4469 3355 753
3  4469 753 755
3  3437 3438 4628
3  1483 1485 4629
3  1907 377 3169
3  3170 3169 377
3  4617 4614 3361
3  1771 461 1521
3  963 1521 461
3  2580 144 2546
3  1146 1137 2549
3  4630 3354 1742
3  460 4616 4615
3  4616 460 459
3  4631 1886 4632
3  1742 2552 3360
3  2439 2438 3831
3  1608 4633 1055
3  4634 478 4635
3  325 4636 4637
3  3368 4620 203
3  3654 4638 3302
3  2587 1822 2588
3  3584 4254 3585
3  4628 4639 320
3  2985 1578 3124
3  476 1450 3890
3  1983 214 3838
3  2568 4640 3912
3  3902 4641 3903
3  1055 4633 3910
3  1055 3910 1056
3  3464 4642 2293
3  2711 217 2712
3  457 4643 4511
3  2598 360 2602
3  2962 2602 3102
3  2602 360 3102
3  2913 3365 4644
3  388 1136 2991
3  84 3471 1866
3  2560 1056 3910
3  3356 455 454
3  3356 3480 455
3  4317 3691 3689
3  3355 3425 3356
3  228 387 389
3  3350 3450 1806
3  3350 3278 3450
3  3881 3279 3882
3  3465 3882 3279
3  3914 3913 3907
3  1420 1419 3343
3  1159 3690 3425
3  4645 3887 3308
3  3169 1553 956
3  3136 3135 376
3  4495 4646 4627
3  4647 3840 3911
3  3841 4639 4648
3  4639 3841 3840
3  3344 1419 3392
3  3356 3425 3582
3  3343 1419 3344
3  3582 4515 4514
3  4649 4485 4650
3  3163 3162 4485
3  3381 3340 4498
3  3154 3151 3991
3  4505 3129 3128
3  4505 3128 4526
3  452 3918 453
3  1767 4504 1768
3  1420 3116 1421
3  4501 1941 4502
3  3916 3213 3487
3  1420 3343 3128
3  358 2600 4469
3  3355 4469 2600
3  3157 2962 3102
3  456 3532 4643
3  3486 3141 3140
3  4236 4235 3294
3  3934 4651 1332
3  1931 4244 2704
3  1298 4652 4653
3  3013 3012 1331
3  4248 3323 3012
3  3058 4654 3974
3  3107 3945 3944
3  3925 3108 3107
3  3106 3295 3107
3  3044 4120 4189
3  3107 3941 2891
3  2891 3941 3940
3  3940 1333 2891
3  3668 4240 3669
3  3671 4184 4655
3  4251 3190 3104
3  1332 4651 3923
3  4241 3923 4651
3  2891 2892 3925
3  3937 1587 1955
3  3975 4277 1954
3  3975 1954 1956
3  3318 1955 1587
3  1541 1543 3469
3  4125 1586 430
3  3991 3151 3966
3  3469 1543 3470
3  1941 3486 4502
3  1824 4140 1825
3  4643 4501 4504
3  4504 4503 1768
3  1768 4503 3140
3  4526 3973 4505
3  3928 3168 3299
3  3116 3129 3965
3  4530 3973 3972
3  3532 4501 4643
3  3429 4526 3961
3  3372 4656 4298
3  4479 4478 1499
3  3980 2945 3978
3  4560 1761 1900
3  4560 4657 447
3  4316 4519 4288
3  3691 4516 3690
3  4658 3183 4459
3  4535 3980 3979
3  1478 1483 4629
3  1478 3374 1483
3  1483 3374 1832
3  2720 2636 2718
3  2914 3026 3027
3  3429 4315 4526
3  4659 3972 4486
3  4659 4486 4519
3  3979 3978 4514
3  4516 3979 4514
3  3385 3373 3372
3  4486 4526 4315
3  3691 3979 4516
3  1812 3456 3399
3  3398 4566 4301
3  4477 4660 3674
3  4486 3971 4526
3  4545 3428 4474
3  4545 3426 3428
3  3674 4661 4550
3  3462 4416 3054
3  4476 450 4313
3  3476 4499 3477
3  4624 3816 3434
3  1479 2945 2944
3  1014 1191 1015
3  4299 4662 2598
3  4519 4316 4659
3  3425 3690 4516
3  4316 4317 4659
3  4526 3971 3973
3  4112 4368 4426
3  4112 4426 4366
3  4481 4366 4426
3  4135 1935 4121
3  2977 2976 1947
3  4517 4663 4664
3  4665 4455 4666
3  1902 4493 4146
3  1902 4507 4493
3  4146 4493 3318
3  4492 4134 4135
3  4124 4664 4460
3  4109 4473 4318
3  1402 1401 1428
3  4667 4668 4669
3  823 822 4455
3  121 123 4107
3  4670 4671 4663
3  4318 4473 3184
3  4369 4658 4372
3  1947 1902 1904
3  998 997 4227
3  4475 4488 998
3  4672 4491 4490
3  4227 4460 4672
3  4670 4673 4671
3  4672 4490 4227
3  4475 4490 3182
3  4227 4490 998
3  998 4490 4475
3  1417 4674 1415
3  4675 4489 4676
3  1424 1423 4143
3  4489 1495 4676
3  4673 4670 4676
3  1415 4117 4677
3  4122 4668 4667
3  1255 292 291
3  2105 2084 2064
3  4678 4679 4680
3  3452 4661 3674
3  1468 4127 1433
3  4085 4039 1294
3  4400 4681 1175
3  4460 4664 4457
3  435 4428 4682
3  1304 4428 435
3  1345 4221 4092
3  4161 1326 1328
3  4404 4126 4683
3  4683 4128 4684
3  4052 1340 4685
3  375 1312 373
3  4221 1344 4162
3  793 4149 1326
3  782 122 4128
3  4686 4687 4688
3  1351 1277 1501
3  4440 1269 4689
3  3149 4148 3998
3  4061 4044 4043
3  4052 4160 1340
3  4690 434 433
3  1353 1554 436
3  433 4150 4432
3  4107 4688 4687
3  3149 3998 550
3  3067 4367 4680
3  1493 4534 1494
3  435 4435 4691
3  1173 4692 1174
3  4693 4057 4039
3  435 4694 4090
3  4411 4406 1318
3  4091 4090 4695
3  4676 4533 4673
3  3351 3353 4696
3  3351 4696 4697
3  4698 4696 4699
3  4698 4463 4696
3  4126 4404 4143
3  4150 433 432
3  4143 4404 1424
3  4116 4674 4699
3  4091 4699 4674
3  4405 4700 4701
3  435 434 4435
3  434 4690 4435
3  435 4682 4702
3  4082 4038 3688
3  4435 4690 4703
3  4704 4705 4685
3  4704 4706 4707
3  4148 437 4024
3  4082 4083 4693
3  4082 4693 4038
3  4708 4693 4083
3  4708 4083 4709
3  4710 4463 4711
3  1342 4706 4704
3  4683 4126 4128
3  4712 4713 4714
3  3346 4428 1346
3  4710 4682 3346
3  4700 4683 4684
3  4701 4700 4715
3  4701 4715 4690
3  4716 4399 4717
3  4716 4717 1348
3  4716 1348 4399
3  4433 4150 1417
3  4433 1417 1425
3  4676 1495 1494
3  4700 4405 4683
3  4434 4718 4432
3  4054 795 794
3  4054 794 4289
3  4432 4718 433
3  4701 4718 4434
3  4701 4434 4405
3  1424 4405 4434
3  4703 4690 4715
3  4700 4053 4715
3  4435 4703 4436
3  4037 4085 4719
3  4685 4705 4720
3  3149 437 4148
3  3397 4562 4004
3  3069 3068 4037
3  375 786 1312
3  4463 4721 4461
3  4428 3346 4682
3  4429 4722 1347
3  674 2840 675
3  1351 1501 1349
3  1175 4681 4059
3  4723 4430 4724
3  4725 1347 4400
3  4400 4726 4725
3  1237 1508 1238
3  4061 1173 4059
3  4679 1341 3688
3  4679 3688 4038
3  4061 4727 1277
3  433 4718 4690
3  1313 3984 1312
3  1339 3984 1313
3  4043 1351 1350
3  4409 4468 4728
3  3683 1246 1199
3  1155 1330 1157
3  429 4398 3420
3  4685 1340 1342
3  3159 4057 4693
3  4034 4045 1556
3  1286 1281 1289
3  103 1278 548
3  549 1278 1292
3  1268 1270 1557
3  2951 4729 1558
3  1324 1302 4050
3  1246 1243 1245
3  4729 2951 1229
3  1337 3683 1199
3  104 4730 1198
3  4729 1229 1230
3  1309 4048 1308
3  1283 1229 1284
3  104 3692 4730
3  1227 1530 1382
3  1230 1337 4729
3  246 1237 1256
3  443 1506 444
3  1203 1303 4731
3  1337 1262 3683
3  1559 1199 4730
3  1246 1200 1199
3  1506 1246 3683
3  1198 1200 1245
3  3688 4709 4083
3  1506 3683 1235
3  1262 1234 1235
3  1351 4044 1277
3  4409 4731 1215
3  1283 1530 1229
3  1215 4731 1303
3  1324 1215 1303
3  4732 4388 1505
3  1754 1127 1126
3  411 1383 412
3  1282 1303 1203
3  1256 1236 1257
3  1294 4046 4085
3  1243 1246 1506
3  4733 4471 4734
3  4735 4471 4733
3  438 437 3149
3  1198 4730 1199
3  3407 3677 3998
3  4420 4422 4714
3  1292 1294 4058
3  1278 1277 4727
3  4422 4421 4736
3  1337 1558 4729
3  3408 4148 4024
3  3407 4148 3408
3  1308 4050 1302
3  1508 1507 1238
3  436 1554 4045
3  1294 4039 4058
3  1269 4440 1309
3  2951 1269 1284
3  4061 1277 4044
3  1559 4730 1557
3  4730 3692 1557
3  103 548 104
3  1256 1237 1236
3  1308 4048 1180
3  1557 1270 1558
3  2951 1270 1269
3  435 4702 4694
3  3692 548 550
3  1293 1278 4727
3  549 3158 1352
3  1353 3160 4092
3  4737 4738 4739
3  4693 4039 4038
3  4714 4422 4015
3  4552 4740 4011
3  3409 1178 1180
3  4045 3408 4024
3  1250 4384 4055
3  4008 4386 4741
3  4445 4398 429
3  4445 4397 4398
3  3407 3409 4689
3  1558 1270 2951
3  4045 4024 436
3  4689 3409 4049
3  4689 4049 4440
3  4727 4061 4742
3  548 1278 549
3  4731 4409 4728
3  4051 1323 4050
3  1309 1302 1282
3  4023 4743 4736
3  4149 793 795
3  3159 3158 4057
3  4046 1293 4727
3  4695 4694 4702
3  4004 4562 4558
3  4057 3158 1292
3  4107 4149 795
3  3675 4041 4040
3  102 1244 1501
3  1390 3448 1029
3  3159 1345 4092
3  3086 4278 3960
3  4423 4470 4444
3  362 1128 363
3  1340 4159 4709
3  4160 4159 1340
3  1216 822 402
3  4708 3159 4693
3  1349 1501 1244
3  102 1501 103
3  4727 4742 4046
3  4046 4742 4085
3  4742 4061 4060
3  4059 4719 4060
3  4742 4060 4085
3  4719 4085 4060
3  4720 4705 4703
3  4678 1305 4436
3  4707 4436 4705
3  1340 4709 3688
3  4744 3068 3067
3  4678 4680 1306
3  4128 4686 4684
3  4678 4436 4707
3  4678 4706 4679
3  4679 4706 1341
3  4686 4688 4684
3  4701 4690 4718
3  122 4686 4128
3  4745 4746 4088
3  3992 4747 4035
3  1546 3064 4167
3  4271 4106 4087
3  1562 4066 4166
3  4199 1399 4196
3  1527 2056 1574
3  4198 4197 1364
3  4748 3035 4749
3  4212 4746 4137
3  4215 4746 4212
3  1379 779 1544
3  1573 1197 1539
3  4750 2084 2083
3  4689 1269 1268
3  3073 4194 4179
3  1472 3070 4751
3  25 4752 1469
3  76 1354 1334
3  107 4753 4094
3  1561 1562 4166
3  4138 4754 4136
3  130 1562 1389
3  4070 4086 1601
3  1377 4073 1378
3  3049 1488 56
3  1378 4073 1336
3  4067 347 1379
3  4170 4144 4147
3  4073 4175 1489
3  4133 57 1392
3  57 56 1392
3  4113 4176 3680
3  1487 1489 1895
3  128 4079 129
3  618 4263 1366
3  3949 1589 2100
3  2035 2034 2036
3  4267 829 4195
3  827 829 4194
3  4752 4755 2080
3  4198 4193 4196
3  88 181 4209
3  4199 4219 4209
3  4199 4193 1360
3  1472 3071 3070
3  2036 2034 2068
3  4266 4210 95
3  2046 2106 1361
3  4194 2071 2034
3  95 4130 4266
3  2108 2084 4750
3  4209 2075 2074
3  1398 2075 183
3  2105 2106 4168
3  2105 4168 2082
3  2106 33 4168
3  2051 1363 4756
3  2094 1362 2073
3  51 2046 1361
3  4757 4081 1602
3  3073 2080 3072
3  1469 4752 1476
3  4758 4755 4752
3  4271 4087 2054
3  2054 4087 2055
3  4071 3035 4748
3  1195 1573 25
3  4271 2054 1196
3  1469 1195 25
3  2045 1196 2054
3  1195 1469 1196
3  1539 1540 1527
3  2056 2049 1574
3  788 787 774
3  2044 1527 1540
3  2052 4071 4748
3  2044 2052 1525
3  1525 2052 4748
3  1317 1526 1525
3  1600 4071 4070
3  1376 96 2958
3  4749 749 2946
3  274 2946 749
3  4749 2946 1317
3  1427 4156 1428
3  750 4749 3035
3  1525 4749 1317
3  4748 4749 1525
3  4267 4177 829
3  35 71 1971
3  4192 4211 89
3  1971 4094 4753
3  71 4099 1971
3  1971 4099 4094
3  1964 2008 1267
3  4753 107 798
3  1972 2033 1403
3  4094 2104 107
3  1404 2033 3061
3  3947 3948 4219
3  2036 4759 2035
3  4200 2035 4759
3  3062 4174 4119
3  1971 4753 1972
3  4753 798 1972
3  33 2106 34
3  4757 1602 1601
3  4268 2082 10
3  2105 2082 2084
3  798 2033 1972
3  9 11 1970
3  4268 9 4
3  4268 4 3
3  4760 405 4761
3  423 4169 4762
3  422 4169 423
3  799 107 106
3  799 2110 798
3  765 4174 2110
3  765 2110 766
3  2094 4216 2066
3  4173 90 4181
3  405 1923 1925
3  10 9 4268
3  4177 4267 4178
3  4219 4200 1435
3  1918 4193 4198
3  3948 4208 4219
3  95 4210 4750
3  1405 4192 3947
3  4750 4210 2108
3  2069 1927 2954
3  4196 4193 4199
3  2076 2067 2065
3  4219 4208 4209
3  1407 2108 1405
3  355 1476 2081
3  95 4750 4268
3  2076 2084 2108
3  1435 1405 3947
3  2071 3073 3072
3  2071 3072 1547
3  1548 3072 2080
3  4763 4130 4764
3  4266 4211 4210
3  106 4765 407
3  405 407 4765
3  4200 4759 1435
3  4750 2083 4268
3  1404 4766 5
3  4268 3 95
3  89 4211 4265
3  2105 2064 1361
3  51 1363 2050
3  51 2050 2056
3  4081 3679 1602
3  4758 4752 25
3  4758 1548 4755
3  1472 4751 1471
3  2082 4168 10
3  2073 4216 2094
3  2066 4216 2076
3  2051 4756 1549
3  2094 1549 4756
3  1362 4756 1363
3  1362 2094 4756
3  2080 4755 1548
3  25 24 4758
3  2080 1476 4752
3  829 4177 4194
3  2949 4271 1196
3  2051 4758 24
3  2049 2051 24
3  2051 1548 4758
3  4071 3036 3035
3  1527 1526 4767
3  1316 4767 1526
3  749 4749 750
3  1525 1527 2044
3  1600 3036 4071
3  4087 4086 2055
3  3359 3970 1522
3  4768 241 240
3  4754 4213 4136
3  4274 4270 4269
3  4282 4769 4283
3  4273 4551 4769
3  4770 241 4768
3  4042 4041 4275
3  4771 4151 4084
3  4089 4772 4745
3  4214 4757 4215
3  1562 4067 4066
3  4078 4773 4165
3  1379 1544 4067
3  4754 4269 1464
3  4084 4439 1452
3  1505 1504 1186
3  4746 4745 4137
3  4212 4137 4136
3  2055 4070 2053
3  1453 4439 4774
3  4106 4089 4087
3  4106 1561 4089
3  1546 4167 4066
3  4775 4214 4776
3  4167 3064 4269
3  4152 3065 1545
3  4777 4152 4771
3  4212 4136 4213
3  4276 4078 4164
3  1335 780 779
3  1601 4215 4757
3  4086 4088 4746
3  4745 4088 4089
3  4275 3987 4778
3  3988 3987 4275
3  4276 4778 4078
3  4151 4771 4152
3  4270 4777 4779
3  2055 4086 4070
3  4132 4373 4117
3  1564 1357 4780
3  1355 1357 1410
3  1464 4213 4754
3  4165 4164 4078
3  3987 3986 4781
3  4275 4778 4276
3  4167 4138 4166
3  4042 4062 4026
3  4084 4063 4165
3  4773 4078 4077
3  4276 4062 4042
3  1326 1564 793
3  1545 781 4152
3  4782 1344 1343
3  4089 1561 4772
3  1409 1563 4783
3  4784 4783 1563
3  4167 4269 4754
3  4784 4076 4783
3  4076 1409 4783
3  4167 4754 4138
3  4773 4077 4785
3  4162 3992 4221
3  4161 1564 1326
3  1464 1463 4213
3  4270 4779 1462
3  4274 4777 4270
3  4771 4084 4165
3  4274 4152 4777
3  3065 4274 3064
3  4152 4274 3065
3  1464 4270 1462
3  4773 4785 1462
3  4786 4779 4777
3  4161 4787 1563
3  4417 4541 4418
3  60 3460 1189
3  1499 2974 4479
3  4026 4063 1452
3  4769 4774 4335
3  1451 4287 4286
3  4736 4743 4422
3  4221 1345 1344
3  1503 4047 1504
3  1424 4433 1425
3  4768 1516 4287
3  4788 4421 4420
3  4401 4027 1451
3  1126 1222 4541
3  362 4789 1535
3  4550 4478 4477
3  4702 4682 4698
3  4702 4698 4695
3  4408 4468 4409
3  4387 4740 4441
3  4440 4391 1309
3  4050 1323 1325
3  4008 4010 4414
3  1219 4732 1220
3  402 404 1217
3  4541 4080 403
3  4285 4790 4791
3  1186 4047 4396
3  4733 4470 4423
3  1535 4789 4792
3  1216 1323 4737
3  4541 1222 4080
3  4792 4789 361
3  1738 4340 1736
3  1178 1510 1179
3  4733 4734 4470
3  380 4580 381
3  361 4789 362
3  4471 4470 4734
3  4370 4372 4500
3  4388 4408 361
3  4733 4423 4521
3  4733 4521 4300
3  403 4542 4541
3  403 402 823
3  1126 4541 4417
3  4565 4793 4794
3  1528 1446 1529
3  3955 4532 4735
3  4795 4796 4770
3  4326 1797 4314
3  4554 3051 4797
3  363 1503 361
3  4388 1502 4408
3  4408 1502 4468
3  1324 1323 1215
3  4016 1509 4014
3  73 72 984
3  4773 4786 4165
3  4014 1509 4040
3  4023 4736 4051
3  4041 4798 4275
3  1280 1259 400
3  3420 4398 1792
3  1792 4398 1791
3  3420 1792 3419
3  1274 400 399
3  4014 4712 4015
3  4482 4799 3954
3  4482 4484 4799
3  4800 4801 1271
3  4800 1271 1791
3  3060 240 239
3  1515 4438 4327
3  1753 1762 1754
3  3996 4802 4803
3  1128 1222 1126
3  363 4047 1503
3  1220 1505 4025
3  1188 1189 4597
3  61 4354 4804
3  451 450 4476
3  1798 1733 1796
3  1206 4005 3416
3  3993 3443 4571
3  4456 3995 2972
3  1189 3460 3459
3  4586 4589 4805
3  823 4542 403
3  4791 4802 4665
3  1423 4118 4533
3  1462 4786 4773
3  4410 4366 4540
3  1586 1585 383
3  4788 822 4739
3  1180 4021 1308
3  4049 3409 1180
3  3988 4798 4036
3  3676 4036 4798
3  2972 2974 4431
3  4015 4712 4714
3  4287 1516 4285
3  3675 3676 4798
3  4164 4062 4276
3  4798 3988 4275
3  1563 1564 4161
3  1343 1345 3159
3  1343 3159 4806
3  4780 1344 4782
3  1452 4027 4026
3  795 4053 4107
3  4710 3346 3347
3  4735 4807 4471
3  4780 1355 1344
3  121 4107 4687
3  4715 4053 4720
3  4053 4052 4720
3  4159 4708 4709
3  1410 4781 3906
3  428 427 4402
3  4289 4160 4054
3  4052 4054 4160
3  435 4691 1304
3  4435 1305 4691
3  4719 4681 4037
3  4444 4801 4800
3  1791 4444 4800
3  199 4808 588
3  4809 1154 4810
3  1154 3346 4810
3  4059 4681 4719
3  1176 4399 1175
3  4400 3069 4681
3  4461 4721 4811
3  4399 4725 4726
3  4399 1348 4725
3  1271 4801 1280
3  4809 1155 1154
3  1348 1347 4725
3  4061 4043 1173
3  399 4452 1322
3  401 4452 399
3  2843 2839 698
3  713 1884 2858
3  2610 1120 2611
3  2623 696 4812
3  1120 2841 674
3  2840 674 2841
3  2839 2841 698
3  2843 698 697
3  2840 731 625
3  2840 2839 731
3  2541 714 716
3  603 1037 716
3  1035 1037 603
3  1124 2540 1038
3  730 2839 2540
3  2541 2843 714
3  2541 2839 2843
3  573 1124 160
3  2540 2839 2541
3  1038 2541 716
3  2540 1124 1019
3  1019 1124 573
3  150 810 715
3  627 715 810
3  616 260 722
3  733 571 573
3  163 260 238
3  1124 1035 160
3  2841 1120 2849
3  2841 2849 698
3  4813 146 845
3  732 2623 4812
3  2852 1118 2610
3  970 200 776
3  1118 4812 1119
3  696 1119 4812
3  1118 732 4812
3  589 1094 814
3  1118 2852 732
3  2530 333 2607
3  1103 1102 2586
3  970 201 200
3  2612 2852 2610
3  2539 2538 2838
3  201 273 4808
3  201 4808 199
3  200 199 816
3  2824 1647 839
3  838 2824 839
3  4814 332 2136
3  2330 2542 2564
3  2621 776 200
3  1868 1112 1093
3  2057 3331 3542
3  3535 1048 3536
3  1006 1005 297
3  2622 840 1003
3  2530 1094 588
3  2619 838 4815
3  2619 4815 2613
3  2621 4815 2622
3  1111 1093 1112
3  815 814 4816
3  2632 2634 1095
3  2994 3821 2633
3  2589 2590 2634
3  2586 2994 1103
3  4816 814 1093
3  1868 4817 1668
3  4817 4814 1668
3  806 2545 297
3  4818 1101 2632
3  4818 2632 1097
3  840 839 1003
3  1698 2621 4819
3  2621 1697 4815
3  2589 3821 2536
3  4495 2672 4646
3  2662 3893 3892
3  3324 2509 3699
3  1607 3699 2509
3  1055 3699 1607
3  3809 2893 3813
3  2609 2536 1668
3  4820 2563 2565
3  2702 4820 2565
3  2584 3326 1887
3  2136 331 2683
3  2059 3921 3331
3  3332 3331 3921
3  3332 3921 3920
3  3179 3181 3330
3  2058 3921 2059
3  2057 2059 3331
3  2661 4821 3893
3  2661 2710 4821
3  3914 4822 2710
3  2671 4823 2604
3  4824 2714 4825
3  2604 4823 4628
3  3325 3324 178
3  1048 3880 3536
3  2603 2605 3891
3  3101 2631 2630
3  2547 1872 1840
3  3332 4510 3694
3  3330 3332 3694
3  3891 4510 2672
3  3891 3694 4510
3  678 1793 1780
3  4638 3918 2293
3  143 3538 2057
3  142 3538 143
3  4510 3920 4646
3  4510 4646 2672
3  3464 3903 4641
3  4642 3464 4641
3  4449 4662 4299
3  4530 4662 4449
3  3480 3356 3582
3  2943 3980 4535
3  4503 4502 3140
3  3533 3540 3100
3  3533 3534 3540
3  1824 2599 4511
3  2629 3541 3157
3  3465 2293 3918
3  3313 2896 3315
3  3904 2896 3313
3  3547 2896 2899
3  3539 3545 3547
3  3538 3537 3313
3  3313 3537 3885
3  3543 2058 3315
3  3921 2058 3543
3  3919 3921 3543
3  2991 3484 2707
3  4646 4826 4627
3  1093 1111 4816
3  3350 3903 3278
3  1449 4645 2571
3  4827 3546 3539
3  4828 3488 4829
3  3303 4829 3488
3  2898 3029 3161
3  2897 3029 2898
3  3535 3029 2897
3  3172 3619 3493
3  3493 4830 3548
3  661 3645 3296
3  3866 3844 3865
3  3865 3844 3843
3  1950 2815 3647
3  3653 3583 3648
3  3648 3583 3649
3  3649 3583 3864
3  3585 3864 3583
3  3590 3589 4256
3  3081 3066 3077
3  1944 1946 2967
3  3194 3196 3563
3  3632 3634 4261
3  4245 1991 4246
3  4253 3917 4831
3  4253 3584 3917
3  3917 1978 4831
3  4249 3932 4250
3  620 622 1960
3  1912 1960 1952
3  768 767 1911
3  1912 1911 1590
3  4185 1182 3636
3  3096 3098 3595
3  1953 3553 4259
3  1571 768 1911
3  1962 1960 1912
3  1962 1912 1590
3  1249 1183 1182
3  1952 1960 622
3  1952 3553 1953
3  1909 622 621
3  3196 3195 2966
3  3657 2117 2116
3  3110 3195 3194
3  3614 2117 3334
3  2117 4832 3335
3  3867 3866 4833
3  2113 4834 3559
3  3110 2966 3195
3  3014 3016 3624
3  2968 3611 2966
3  3176 3493 3548
3  3229 3014 3608
3  3580 3608 3014
3  2941 3014 3229
3  3624 3016 4835
3  3641 4835 3716
3  3624 4835 3641
3  1980 4259 1909
3  3310 3309 3865
3  3121 3492 3336
3  3015 3596 3016
3  3596 3716 4835
3  3111 3628 3879
3  2016 4836 3074
3  3578 3641 3643
3  3529 3605 3530
3  1953 4259 1980
3  1249 1182 4185
3  3016 3596 4835
3  3596 3497 3716
3  3199 2125 3715
3  2127 3715 2125
3  3199 3715 3497
3  3497 3715 3716
3  3603 3529 3528
3  3604 3622 3863
3  3120 3518 3857
3  3120 3857 3118
3  3621 3853 3121
3  3121 3853 3863
3  3251 3850 3851
3  3235 3594 2019
3  3863 3853 3604
3  3336 3122 3121
3  3612 2992 1474
3  3612 2018 3621
3  3594 3621 2018
3  1634 3226 3282
3  1566 3282 3226
3  3552 3879 3628
3  1950 3647 1951
3  3640 3075 3637
3  2114 313 312
3  2112 4834 2113
3  3196 3611 3230
3  3081 1944 3082
3  3097 1951 3647
3  3650 3627 3662
3  2114 2113 313
3  313 2113 3637
3  3074 4836 1949
3  3662 1982 3650
3  3628 3650 3552
3  3634 3549 3548
3  3074 1949 1951
3  3660 4834 2112
3  4834 3660 3662
3  3560 3111 3110
3  3662 4260 1982
3  4260 3662 3661
3  3634 3548 4837
3  3176 3175 3587
3  479 2719 480
3  4838 4839 3132
3  2836 2835 2636
3  3124 3126 2985
3  2718 2636 2835
3  1577 1579 2311
3  3498 3113 482
3  1579 1578 2985
3  3178 2402 2141
3  3132 2650 2649
3  3701 3198 3705
3  1046 3496 3644
3  2926 4840 2309
3  3230 3563 3196
3  1982 4260 1980
3  2818 2814 2816
3  2942 3230 2115
3  3634 3633 3549
3  3173 3172 3587
3  3638 1950 4837
3  3574 3926 3572
3  3548 4830 4837
3  2462 3592 2127
3  3575 3576 3888
3  3600 3601 3338
3  3637 3075 313
3  3712 3573 3004
3  4837 1949 3634
3  4837 1950 1949
3  1980 4260 792
3  4261 3009 3642
3  3639 3075 3074
3  313 3075 3639
3  2966 3611 3196
3  3552 3650 1982
3  3559 4834 3627
3  4834 3662 3627
3  2966 3112 2967
3  3110 3112 2966
3  1991 3554 4841
3  4232 4246 3663
3  2967 3112 3082
3  2967 3082 1944
3  4252 4240 3668
3  4255 4831 1978
3  3864 4842 4833
3  3585 4842 3864
3  2968 1946 3615
3  2115 3615 2116
3  3820 3884 3819
3  3336 3335 3820
3  2117 3335 3334
3  2070 2026 3066
3  3931 3500 4843
3  3931 4843 3932
3  4246 1991 4841
3  3657 4832 2117
3  4832 3820 3335
3  3024 3595 3098
3  4250 3554 3555
3  3190 3555 1990
3  4251 3555 3190
3  2015 3878 3659
3  4232 3076 4245
3  3652 3883 3500
3  3599 3927 3598
3  4841 4250 3932
3  4841 3932 4843
3  3864 4833 3309
3  1580 4655 3714
3  1977 3093 1978
3  3669 4235 4237
3  2003 4249 2001
3  3590 3917 3584
3  2003 2002 3933
3  3500 3589 3652
3  4256 3589 3931
3  3933 3932 2003
3  4256 3933 4234
3  3931 3933 4256
3  3844 3922 3845
3  3617 3093 3567
3  3922 3867 4253
3  4842 3585 4254
3  3500 3883 3501
3  3819 3884 3651
3  3663 3551 3657
3  3533 3100 1942
3  3534 456 3540
3  2899 3540 3539
3  4643 457 456
3  1942 1941 3532
3  2899 3100 3540
3  3140 4502 3486
3  4238 3714 4655
3  4238 4655 4184
3  3099 3028 3581
3  3102 2630 3157
3  3540 458 3541
3  458 3157 3541
3  3101 2630 3102
3  456 458 3540
3  453 3655 752
3  3916 3487 1943
3  1941 1943 3487
3  457 2599 2962
3  2598 2601 360
3  2601 1160 1159
3  3640 3878 2015
3  3391 1831 3382
3  1849 4844 1848
3  4845 4629 1485
3  4514 4629 4845
3  1813 3400 1841
3  3455 1485 1484
3  3455 4845 1485
3  1820 3279 4846
3  2914 3027 2913
3  3365 2913 3027
3  3365 4506 4644
3  3366 4506 3365
3  4847 477 4848
3  3464 2293 3465
3  3839 3841 4849
3  2544 1095 4850
3  2517 214 3711
3  1774 2547 4851
3  3465 452 3882
3  4852 3839 4853
3  3699 3700 3324
3  4854 2924 2923
3  3475 4855 4856
3  3475 3503 4855
3  4630 3378 3354
3  393 4857 4858
3  2587 2547 1773
3  2587 1872 2547
3  3301 3488 2629
3  4859 4631 2567
3  4859 2567 2568
3  2508 2509 3324
3  4853 4860 4852
3  3912 4861 2568
3  3349 3348 3909
3  3348 4861 3912
3  3348 3912 3909
3  4641 3902 4860
3  3887 1449 1448
3  4645 1449 3887
3  3455 4862 4863
3  4864 4865 4849
3  4849 4865 4853
3  3882 455 3480
3  4866 1774 4851
3  3882 3479 4506
3  1772 3278 1820
3  1820 3881 3366
3  1820 4846 3881
3  3279 3881 4846
3  3479 4862 4506
3  3882 3480 3479
3  3582 4514 3478
3  3882 452 455
3  2601 4662 1160
3  4867 1160 4662
3  4868 4862 3478
3  4869 1483 1832
3  3478 4862 3479
3  4506 4862 4644
3  4514 4845 4868
3  844 3696 2581
3  2570 3503 3475
3  4870 4871 394
3  4647 4633 1608
3  2847 2519 2329
3  2847 2329 653
3  4868 4845 4863
3  4868 4863 4862
3  3455 4863 4845
3  2716 3504 3503
3  4645 2717 2572
3  2895 3915 3894
3  2895 2894 3835
3  3278 3903 3464
3  3840 3839 4852
3  983 1090 1092
3  4640 3910 3912
3  2559 1888 1887
3  3902 3350 3349
3  3482 844 4872
3  3911 3910 4633
3  3901 3693 3915
3  215 1983 1985
3  3892 2508 3325
3  4647 1608 3840
3  4639 321 320
3  4639 1608 321
3  1607 321 1608
3  3303 2292 4826
3  2621 1698 1697
3  3911 4633 4647
3  2532 1719 2533
3  2650 4873 4825
3  1968 4634 4857
3  4632 2567 4631
3  4640 2560 3910
3  1097 179 4874
3  2633 3821 2634
3  3286 3504 2716
3  2568 4851 4859
3  1097 4874 4818
3  4642 4860 4875
3  4642 4641 4860
3  4876 4818 4874
3  4876 2594 4818
3  2547 1026 1886
3  1887 3326 2559
3  1879 2592 4632
3  1085 2591 1086
3  2568 4866 4851
3  3892 2618 2662
3  4851 2547 1886
3  3504 3286 3701
3  4618 4877 4878
3  4865 4875 4853
3  4860 4853 4875
3  4849 3841 4648
3  3911 4879 3909
3  1888 2592 2593
3  3911 3840 4852
3  4639 4628 4648
3  4639 3840 1608
3  4852 3902 4879
3  3911 4852 4879
3  3349 3909 4879
3  4879 3902 3349
3  4628 3438 3908
3  1161 4880 1882
3  4880 1084 1882
3  4632 1886 1025
3  1806 3348 3350
3  1806 1774 3348
3  4864 2671 2673
3  4642 4875 4881
3  4626 4882 4617
3  227 229 475
3  320 3437 4628
3  4648 4823 4864
3  4648 4864 4849
3  4883 4865 4864
3  4864 4823 2671
3  2673 4883 4864
3  4883 4881 4865
3  4883 2673 4881
3  4865 4881 4875
3  4853 3839 4849
3  3902 4852 4860
3  4648 4628 4823
3  4884 4885 4886
3  3835 2894 3836
3  1983 3811 1984
3  981 983 1092
3  2618 3325 178
3  2662 2661 3893
3  4829 3303 4826
3  3877 3876 4887
3  4884 3908 3907
3  3896 3858 2924
3  3896 2924 4854
3  3907 3913 4884
3  2710 4822 4821
3  2893 2895 3813
3  4627 4826 2292
3  3891 3695 3694
3  2605 3695 3891
3  2811 1053 1052
3  3505 3898 3329
3  2439 3831 3824
3  3328 3329 3898
3  3834 3810 3809
3  3915 3837 3901
3  318 3893 4821
3  2536 2609 2589
3  3813 3876 3809
3  4887 3876 3813
3  3829 3515 3811
3  3275 3896 4854
3  2986 4838 3706
3  2445 1578 1577
3  3220 1577 3221
3  2810 2845 1053
3  4825 2714 2713
3  4854 4888 3275
3  3829 2642 2807
3  1096 2544 1091
3  2521 3711 3899
3  981 2521 3899
3  4888 3824 3817
3  3275 4888 3817
3  4888 2923 3824
3  4888 4854 2923
3  3830 3817 3823
3  3899 982 981
3  178 180 1090
3  983 178 1090
3  3711 214 3899
3  215 214 1983
3  3810 1984 3811
3  2440 3897 4889
3  2440 4889 2438
3  2675 3838 214
3  3325 2618 3892
3  1091 180 1096
3  200 4819 2621
3  983 982 2617
3  1110 2536 4890
3  2575 1783 4891
3  2575 4891 2608
3  2608 4891 689
3  1111 1110 4890
3  689 4891 670
3  2607 4817 1868
3  1868 1094 2607
3  2703 2565 2542
3  2584 2606 1100
3  4816 2597 2585
3  2613 4815 1697
3  838 840 4815
3  2622 4815 840
3  816 4819 200
3  2536 3821 2994
3  4816 1099 815
3  2545 2574 297
3  4848 4892 4893
3  1888 2558 2592
3  2567 2592 2558
3  1804 815 1099
3  815 1804 2569
3  2523 815 2569
3  1697 1006 2608
3  3240 2535 2878
3  2634 4850 1095
3  588 1094 589
3  1868 1093 1094
3  1003 776 2622
3  2703 4850 2590
3  1698 4819 2523
3  815 2523 816
3  4819 816 2523
3  1100 1099 2585
3  1080 2327 2606
3  1099 1098 1804
3  670 4880 1161
3  1449 3889 1450
3  2327 1098 1100
3  1085 2545 2326
3  806 296 2326
3  2569 296 295
3  1804 296 2569
3  1079 1078 2593
3  2593 1078 1888
3  4640 2557 2560
3  2568 2557 4640
3  2662 2618 2617
3  1079 2591 1085
3  2823 4622 2833
3  4894 4895 4896
3  4859 1886 4631
3  4851 1886 4859
3  4861 4866 2568
3  4861 3348 4866
3  1774 4866 3348
3  1063 1026 1840
3  4632 1025 1024
3  1879 4632 1024
3  1783 4880 670
3  1084 1785 1085
3  1785 1084 4880
3  1785 4880 1783
3  637 636 1878
3  1086 1878 636
3  1044 547 2573
3  1732 2573 1162
3  1162 2573 546
3  656 1749 546
3  1043 1042 545
3  1043 545 1044
3  1732 1044 2573
3  1045 1732 1161
3  656 1023 1749
3  672 1749 1023
3  1045 1044 1732
3  1172 1763 813
3  1808 1070 1809
3  4380 4546 4381
3  969 498 710
3  1083 1808 1081
3  1789 1881 1763
3  1172 1789 1763
3  1788 1809 1069
3  1789 4897 1881
3  1153 4897 1789
3  724 1881 4897
3  725 4897 1153
3  724 4897 725
3  1787 1809 1788
3  1069 1008 1788
3  1085 1784 2545
3  704 706 306
3  1116 1752 1751
3  704 1116 1033
3  330 968 328
3  705 328 968
3  969 968 498
3  706 557 306
3  888 723 722
3  976 2689 1058
3  1027 1755 329
3  420 1116 308
3  1752 420 155
3  1751 1752 155
3  154 1751 155
3  704 306 1117
3  308 1117 306
3  38 929 505
3  505 4898 242
3  38 505 242
3  718 976 719
3  4899 4900 4813
3  3475 4856 4858
3  4901 2582 2580
3  960 1032 958
3  1131 351 156
3  4590 4546 4902
3  242 4898 740
3  4622 740 4898
3  528 2823 526
3  552 739 473
3  4903 836 837
3  4622 4898 2833
3  3792 3796 3793
3  3793 3797 1122
3  526 4904 527
3  528 1743 4622
3  3796 3797 3793
3  746 1123 1122
3  742 1058 837
3  746 1875 1123
3  645 510 691
3  511 4905 508
3  508 4905 2791
3  3793 4906 3792
3  859 1724 860
3  1058 2689 4903
3  3788 4906 3793
3  613 244 243
3  3750 1707 859
3  37 820 819
3  39 820 37
3  821 820 4464
3  39 4464 820
3  503 1748 1022
3  612 611 2534
3  812 821 2534
3  1007 1022 1036
3  612 2534 821
3  1036 2534 1007
3  1007 2534 611
3  4904 526 1130
3  4907 4621 2546
3  1130 1723 350
3  613 612 4464
3  1123 1875 509
3  821 4464 612
3  475 229 476
3  496 495 1121
3  350 1723 1141
3  351 530 349
3  1129 530 1131
3  1137 469 1138
3  2556 350 349
3  4620 1740 3354
3  2567 4632 2592
3  1224 4793 1225
3  1137 1146 469
3  421 1121 529
3  1145 1795 1140
3  556 555 561
3  535 561 534
3  534 561 555
3  4908 4909 4910
3  1764 4908 4350
3  81 80 1790
3  1146 4878 1147
3  4911 4912 4913
3  1795 1794 1113
3  520 4908 267
3  267 4908 1764
3  1225 3447 1223
3  561 1221 1145
3  1833 4914 1834
3  4909 4912 4911
3  4443 4915 3435
3  4443 1833 4915
3  1835 1839 4916
3  1835 521 551
3  1152 1781 1150
3  1142 304 1790
3  80 471 1790
3  1138 471 80
3  3404 1149 1144
3  741 552 472
3  741 644 552
3  303 3430 304
3  81 1781 1780
3  1150 1781 1790
3  1790 1781 81
3  1843 1012 1144
3  1013 1012 3439
3  1839 3440 4912
3  4908 4910 4350
3  564 563 4329
3  3447 4613 3445
3  961 1139 1138
3  1802 961 963
3  4917 4918 4294
3  4919 4805 4589
3  3414 4920 3999
3  4902 4546 978
3  4332 4331 4007
3  4590 4579 4546
3  3053 4383 4365
3  4560 4921 4657
3  4573 3994 3993
3  3377 1759 4561
3  3053 4365 1163
3  4382 4394 4365
3  3385 4561 446
3  3377 4561 3385
3  4523 4575 4524
3  3394 4922 3395
3  4324 4596 4603
3  3394 4923 4922
3  4381 4924 4925
3  1135 955 1136
3  4476 4499 3364
3  4294 4918 1734
3  1735 1734 4338
3  1734 4918 4338
3  4396 4047 4926
3  4569 1734 4336
3  3393 4323 4595
3  4303 4447 4927
3  1901 4334 3958
3  3377 4574 1759
3  3376 4574 3377
3  4567 3399 4921
3  4657 4921 4928
3  4564 3426 4545
3  4867 4659 3689
3  4375 364 4929
3  4465 4290 4466
3  3685 4660 3962
3  3970 3684 2097
3  4564 4545 4293
3  4930 4931 4932
3  3963 3997 4803
3  3372 2944 2943
3  562 1015 563
3  1761 1760 3959
3  1028 2010 1391
3  4477 4479 4933
3  3055 3054 4416
3  4934 4287 1451
3  4803 3997 3996
3  4279 4527 4284
3  4410 4540 3388
3  2095 2097 3684
3  4003 2095 4558
3  1499 4478 1133
3  1513 450 449
3  1309 4391 4048
3  1797 4619 4314
3  1134 4619 4322
3  4525 4524 4553
3  4525 4553 4935
3  4936 4447 4544
3  4553 4524 3051
3  4937 3959 1760
3  4937 1760 4938
3  4371 4938 1760
3  4371 4937 4938
3  2011 1390 1391
3  4325 1030 4568
3  1029 3449 4568
3  4437 3059 3164
3  1524 4220 3086
3  4790 4802 4791
3  4284 4278 4279
3  4284 4527 4282
3  4152 781 4153
3  4004 4558 2095
3  3967 3085 3469
3  3025 3470 1543
3  3050 1877 1865
3  1877 3470 84
3  3025 84 3470
3  3970 2097 1522
3  3384 4004 3684
3  3397 4004 3384
3  2097 1523 1522
3  4283 4539 966
3  3164 1523 2097
3  3059 1517 240
3  4401 1451 4939
3  240 1517 4768
3  2096 4438 4437
3  4437 1517 3059
3  2096 4437 3164
3  4335 4273 4769
3  3989 780 1335
3  4335 4151 4273
3  3989 4538 780
3  781 780 4538
3  239 241 4770
3  965 4940 966
3  1489 1488 3049
3  4278 4940 965
3  4283 966 4940
3  4283 4940 4284
3  4284 4940 4278
3  3060 4281 3059
3  4282 4527 3060
3  1523 4281 4279
3  3164 4281 1523
3  966 4539 3989
3  4941 4286 4285
3  3060 4527 4281
3  1517 4437 1515
3  1517 1516 4768
3  4283 4769 4551
3  4461 4811 4532
3  4026 4028 4040
3  4713 4939 4286
3  4282 4796 4769
3  4153 781 4551
3  3060 239 4282
3  4796 4282 239
3  4942 1156 4807
3  4942 4807 4943
3  4942 4943 1156
3  4462 4799 4944
3  4484 4944 4799
3  4945 4944 4484
3  4483 4946 4540
3  1425 4118 1423
3  4947 4948 4373
3  1416 1415 4677
3  1515 4327 4803
3  4724 4430 4389
3  4801 4444 4470
3  3955 4735 4733
3  4532 3954 4799
3  4456 4802 3996
3  4456 3996 3995
3  1259 4472 4471
3  4470 4472 4801
3  4788 4420 4666
3  4426 4425 4509
3  4532 4811 4735
3  4455 822 4788
3  4665 4949 4941
3  4500 4425 4370
3  4285 4791 4941
3  4799 4461 4532
3  4345 3423 366
3  4345 366 365
3  1211 4427 1209
3  4557 366 4950
3  4462 4944 4697
3  4463 4698 4711
3  4090 4694 4695
3  365 4951 4345
3  1329 4717 4453
3  4943 4807 4811
3  4801 4472 1280
3  4950 366 3423
3  4461 4799 4462
3  4463 4697 4696
3  3955 4733 4300
3  4507 4134 4492
3  4945 4500 3352
3  4500 4509 4425
3  4462 4697 4463
3  4317 3689 4659
3  4597 1422 467
3  1318 1320 4017
3  1280 4472 1259
3  4430 4723 4445
3  4445 4723 1208
3  3420 3419 4125
3  4444 1791 4397
3  1350 1339 4043
3  4721 4710 3347
3  4463 4710 4721
3  4735 4811 4807
3  3347 1154 4943
3  375 4017 1320
3  4949 4420 4714
3  4676 4534 4533
3  4720 4703 4715
3  4698 4699 4695
3  4116 4699 3353
3  4696 3353 4699
3  3347 4943 4721
3  4811 4721 4943
3  4695 4699 4091
3  1259 4807 1156
3  4471 4807 1259
3  4500 4132 3352
3  4697 4944 3351
3  4372 4658 4458
3  4481 4509 4484
3  4124 4522 4122
3  4225 4487 3974
3  4544 4523 4525
3  2945 1479 3978
3  4484 4509 4945
3  4500 4945 4509
3  4432 4150 4433
3  4375 3956 4300
3  4557 3956 4375
3  4455 4665 4802
3  4482 3954 3953
3  4698 4682 4711
3  4710 4711 4682
3  4143 4142 4126
3  3351 4944 4945
3  3351 4945 3352
3  4052 4685 4720
3  1415 4674 4116
3  4676 4670 4675
3  4091 4674 1417
3  4943 1154 1156
3  4118 4673 4533
3  1259 1156 1157
3  1304 1306 4722
3  4934 1453 4795
3  4722 1306 4367
3  1306 4680 4367
3  1494 4534 4676
3  4785 4077 4952
3  4143 1423 4533
3  4069 4126 4142
3  4803 4327 3963
3  4791 4665 4941
3  1516 4790 4285
3  1452 4439 1453
3  4401 4712 4014
3  4342 1322 4452
3  4037 4681 3069
3  4429 1304 4722
3  4429 1347 1346
3  1319 785 784
3  1319 4406 785
3  4722 4367 1347
3  4781 3986 3906
3  4400 4399 4726
3  4043 4692 1173
3  4059 1173 1175
3  3069 4400 1347
3  4367 3069 1347
3  3346 1346 4810
3  4017 374 372
3  4953 1155 4809
3  4043 1339 4692
3  3962 4660 4933
3  4810 1155 4953
3  4810 4953 4809
3  1155 4810 1329
3  4051 4021 4023
3  4949 4666 4420
3  4453 4717 4399
3  4399 1176 4453
3  1319 1318 4406
3  1330 1329 4452
3  4717 1329 4810
3  4717 4810 1348
3  4810 1346 1348
3  4453 4452 1329
3  370 372 374
3  375 1320 784
3  1330 4452 401
3  3969 1273 4411
3  3969 4411 1276
3  428 4402 1322
3  426 428 1339
3  426 786 427
3  4692 1321 1174
3  1339 1321 4692
3  1258 1330 401
3  1157 1330 1258
3  371 4411 372
3  1176 4342 4453
3  1318 372 4411
3  784 1320 1319
3  1321 4342 1176
3  4402 427 785
3  122 121 4954
3  4053 4688 4107
3  4402 785 4406
3  1306 1305 4678
3  1342 1341 4706
3  1304 4691 1305
3  4684 4688 4700
3  4704 4707 4705
3  4700 4688 4053
3  4405 4404 4683
3  782 4127 1468
3  4703 4705 4436
3  1342 4704 4685
3  4707 4706 4678
3  121 4687 4954
3  4687 4686 4954
3  122 4954 4686
3  4670 4663 4517
3  4672 4460 4459
3  4677 4117 4948
3  4517 4675 4670
3  4658 4459 4458
3  4517 4664 4124
3  4661 4955 4550
3  4489 4675 4667
3  4272 4667 4669
3  4272 4669 4134
3  4489 4667 4272
3  4672 4459 4491
3  4522 1596 4122
3  4667 4675 4123
3  4517 4123 4675
3  4122 1596 4668
3  1595 1594 1935
3  4226 1596 4522
3  1594 1596 4226
3  1595 1935 4135
3  4460 4226 4522
3  4668 1595 4669
3  1596 1595 4668
3  4669 1595 4134
3  4122 4667 4123
3  4147 1599 2100
3  1904 3949 4494
3  3670 1892 417
3  417 4105 3670
3  4207 4170 2109
3  4170 3670 4144
3  2956 1380 424
3  425 424 1380
3  29 4206 1568
3  1902 1948 4507
3  4134 1948 4272
3  1358 4131 96
3  4242 4228 4956
3  4242 4248 4228
3  3671 4957 1580
3  3048 1915 4222
3  1599 1915 1597
3  3048 4156 1597
3  4222 1381 1442
3  425 1381 4222
3  1908 1923 416
3  4222 1915 425
3  1915 422 425
3  4458 4373 4372
3  1589 1903 4146
3  1902 4146 1903
3  1947 4494 2977
3  1904 4494 1947
3  4147 4144 1599
3  1913 4144 1914
3  1599 4144 1913
3  287 1992 288
3  4272 1948 2976
3  2705 2704 2086
3  4207 3671 3670
3  4238 4184 3043
3  4134 4507 1948
3  417 416 4104
3  1300 1920 1298
3  1300 1930 1920
3  3671 4655 4957
3  4957 4655 1580
3  4169 4105 4104
3  1497 2086 2704
3  1497 2704 4244
3  3944 4247 3941
3  3936 4496 4184
3  1931 2704 1932
3  3105 4958 3103
3  3665 3103 4958
3  1931 1988 1605
3  3565 4237 3599
3  4204 3946 1988
3  3946 1606 1988
3  4240 3103 4235
3  3294 3599 4236
3  3561 3925 3215
3  3215 3924 3213
3  3924 4959 3213
3  3923 3141 4959
3  3924 3923 4959
3  3141 3213 4959
3  3566 3598 1979
3  4240 3104 3103
3  2002 4231 3590
3  4231 2002 3566
3  3845 3922 4255
3  4231 3566 1979
3  3927 1977 1979
3  3927 1979 3598
3  3867 4254 4253
3  4842 4254 3867
3  3931 3589 3500
3  4832 3551 3820
3  3213 4960 3214
3  3866 3865 4833
3  3309 4833 3865
3  3884 3820 3501
3  2086 2024 2705
3  4841 4843 4230
3  4246 4841 4230
3  3884 3501 3883
3  4832 3657 3551
3  4253 4831 3922
3  3922 4831 4255
3  3663 4246 4230
3  1989 4245 4961
3  4841 3554 4250
3  3867 4833 4842
3  4843 3502 4230
3  3500 3502 4843
3  3550 3502 3501
3  3076 3066 2026
3  1498 1852 1496
3  3658 3208 3564
3  770 2025 4186
3  1605 1498 1497
3  4247 4653 287
3  1937 2024 1961
3  1850 1961 2024
3  1496 1851 2085
3  1869 2705 2024
3  2085 1851 2024
3  3925 3562 3108
3  3946 4958 3105
3  1850 2024 1851
3  1992 1298 1920
3  2085 1497 1496
3  4262 2038 1957
3  4262 4186 2038
3  770 4186 4262
3  4181 4206 1858
3  1921 4962 3138
3  3137 1921 3138
3  1957 1959 2012
3  3944 3203 3202
3  1921 3043 1922
3  4238 1921 3137
3  4238 3043 1921
3  3139 4241 4243
3  4508 3139 4243
3  4241 4651 3934
3  3942 3156 4243
3  4184 4496 3044
3  3202 4653 4247
3  3944 3202 4247
3  3295 3945 3107
3  1606 1605 1988
3  3294 3108 3562
3  3665 3935 3103
3  4235 3935 3295
3  3935 4235 3103
3  3945 3935 3203
3  3295 3935 3945
3  1298 1992 4652
3  287 4652 1992
3  287 4653 4652
3  3057 3056 4963
3  4956 3057 4963
3  1299 3930 4204
3  4653 3930 4964
3  3202 3930 4653
3  4204 4958 3946
3  3930 4958 4204
3  3929 3665 4958
3  3929 4958 3930
3  1299 4964 3930
3  1301 4964 1299
3  1298 4964 1301
3  1298 4653 4964
3  4243 4528 3942
3  4956 4228 3057
3  3942 4528 4963
3  3942 4963 3943
3  3056 3943 4963
3  4963 4528 4956
3  4242 4956 4528
3  3057 4228 4654
3  4228 3974 4654
3  3319 4135 4225
3  3057 4654 3058
3  1930 1932 2940
3  3938 3937 1954
3  2940 2041 4962
3  3138 4962 2041
3  1920 4962 1921
3  2940 4962 1920
3  3658 3564 1989
3  3663 3667 4232
3  3666 4232 3667
3  3657 1945 3667
3  4961 3658 1989
3  3658 4961 2027
3  2026 4961 4245
3  2027 4961 2026
3  4960 3213 3916
3  3146 3299 1828
3  3581 4960 3916
3  3214 4960 3581
3  4251 3104 4252
3  4252 3104 4240
3  4104 4760 4169
3  1923 4760 4104
3  4144 4145 1914
3  4104 416 1923
3  1924 1923 1908
3  4105 4145 3670
3  4181 4217 4206
3  4763 4217 90
3  1568 4764 4119
3  4130 4119 4764
3  4766 3061 3063
3  4766 1404 3061
3  1435 4759 2036
3  35 1970 11
3  4206 4764 1568
3  90 89 4265
3  9 1970 1403
3  35 1971 1970
3  4210 4191 2108
3  4179 4194 4177
3  4179 4178 3070
3  4192 4191 4211
3  4751 3070 4178
3  4266 4130 4763
3  4265 4266 4763
3  4265 4763 90
3  4206 4217 4764
3  4764 4217 4763
3  407 4180 799
3  3 4766 94
3  3 5 4766
3  94 4766 3063
3  2958 96 4131
3  799 4180 2110
3  2110 4180 766
3  766 4180 406
3  4761 4765 4563
3  4102 1375 1374
3  1376 4563 1374
3  4102 1374 4129
3  4563 4129 1374
3  1381 1380 2958
3  4762 4760 4761
3  1441 1442 4131
3  1381 4131 1442
3  1381 2958 4131
3  405 4760 1923
3  4169 4760 4762
3  106 105 4765
3  4761 405 4765
3  423 4761 2956
3  4762 4761 423
3  4563 2957 4761
3  2956 4761 2957
3  4563 4765 4129
3  105 4129 4765
3  1947 2976 1948
3  3184 3183 4369
3  4483 3953 4946
3  4560 1759 1761
3  4948 4117 4373
3  4373 4458 4947
3  4663 4457 4664
3  4663 4947 4457
3  4458 4457 4947
3  3182 4491 3183
3  4658 4369 3183
3  4948 4947 4671
3  4948 4671 4677
3  4947 4663 4671
3  4677 4671 1416
3  4118 4671 4673
3  1416 4671 4118
3  4803 4802 4790
3  3674 4660 3685
3  4803 4790 1515
3  3463 3674 3685
3  3463 3462 3054
3  4965 4946 3953
3  3956 4965 3953
3  4724 4320 1211
3  4929 4556 4557
3  242 244 39
3  4464 39 244
3  4724 4389 4320
3  4521 4423 4374
3  4374 4423 4376
3  4557 4375 4929
3  4929 364 4556
3  4603 4596 4323
3  3460 4966 4385
3  4445 429 4430
3  4371 4290 4465
3  4291 4290 4371
3  1208 4723 1211
3  4724 1211 4723
3  3417 4013 4576
3  4448 369 4012
3  988 1260 1500
3  468 381 4580
3  987 468 4580
3  4025 1188 467
3  4415 1422 4441
3  4597 3458 1422
3  4599 4967 4600
3  4597 3459 3458
3  4441 3458 4385
3  1193 1194 1529
3  1193 1529 3977
3  383 4019 367
3  4011 4740 4387
3  1203 1202 1283
3  4056 1251 1250
3  4056 1261 1251
3  1227 1229 1530
3  1530 1283 1202
3  4468 1502 1218
3  1219 1502 4732
3  1502 4388 4732
3  1503 1505 4388
3  4732 1505 1220
3  4965 4968 4946
3  4542 4454 4418
3  823 4454 4542
3  4713 4949 4714
3  4454 4456 4418
3  4788 4666 4455
3  1323 4738 4737
3  4941 4949 4713
3  4665 4666 4949
3  4455 4802 4456
3  4455 4456 4454
3  4661 3452 2011
3  2010 4550 4955
3  4003 4558 3461
3  3956 4557 4950
3  451 4312 3449
3  1798 1797 4326
3  1513 449 1390
3  451 3449 449
3  4317 3381 4535
3  4867 1158 1160
3  3372 1480 4656
3  4514 3978 4629
3  4867 4662 4530
3  3928 3364 1553
3  4499 1553 3364
3  227 387 228
3  3148 3364 3928
3  957 1553 3476
3  388 387 3136
3  3307 1552 4969
3  3472 4970 3047
3  4309 955 957
3  4650 4971 4931
3  3468 4932 4931
3  1867 1866 4549
3  3163 4485 4649
3  3472 4972 4307
3  4973 4548 4549
3  4549 1866 4649
3  4549 4649 4650
3  4649 1866 3471
3  1533 1532 3046
3  3484 4307 4972
3  4930 3981 4548
3  3163 3471 83
3  4649 3471 3163
3  2991 2707 2989
3  3090 2989 2707
3  228 389 2990
3  737 2805 2645
3  483 482 2311
3  1907 1135 3136
3  559 677 4337
3  388 3136 1135
3  1448 229 228
3  475 3333 3174
3  4620 3354 3378
3  3505 4855 3503
3  3363 4623 3735
3  2837 4839 3125
3  3887 1448 3133
3  2445 481 480
3  4825 2713 2650
3  2578 4882 4626
3  4637 4892 4635
3  4974 3484 2991
3  3198 484 483
3  2715 3905 3286
3  3832 3734 2296
3  3186 2031 3725
3  2310 3221 1577
3  2716 2572 2717
3  2716 3503 2572
3  4975 3333 4847
3  2717 4645 3307
3  3307 4645 3308
3  2549 1137 1139
3  4828 3919 3546
3  3919 3543 3546
3  4495 4976 2673
3  2673 4976 4881
3  2572 3503 2570
3  2572 2571 4645
3  4856 3329 393
3  3475 3474 2570
3  3198 3701 3286
3  1450 229 1448
3  4894 4896 4630
3  202 376 3135
3  202 3135 3174
3  475 3174 3135
3  475 3135 227
3  678 649 1793
3  1521 648 4390
3  1798 3403 1733
3  60 1189 1187
3  3994 4353 3403
3  3416 4005 3414
3  1189 3459 4597
3  4330 4917 4609
3  4010 4009 4601
3  4598 4977 4599
3  3395 1127 3393
3  1762 3393 1754
3  4323 3393 1762
3  4364 4592 4362
3  1225 4793 4565
3  4007 4978 4005
3  4331 4978 4007
3  4595 4323 4596
3  4324 4603 1796
3  4340 4339 4570
3  1134 4322 1132
3  4336 4353 4573
3  4297 4351 1738
3  4602 4605 4607
3  4324 4338 4918
3  678 677 649
3  4979 4980 4981
3  4029 4396 4030
3  4922 4926 3395
3  4918 4599 4977
3  4584 61 4585
3  4047 363 4926
3  3460 60 4966
3  1444 4577 4415
3  4595 4982 3393
3  4918 4917 4599
3  4979 4923 4980
3  4917 4294 4296
3  4007 4983 4332
3  4918 4977 4324
3  4920 4005 4978
3  4565 4612 4360
3  4336 4573 4340
3  4595 4981 4982
3  4294 1734 4569
3  4029 4919 4354
3  4031 4919 4029
3  4324 4977 4594
3  3395 4926 363
3  4030 4979 4031
3  3394 4980 4923
3  4396 4923 4030
3  1187 4029 60
3  3415 4984 4794
3  4919 4804 4354
3  4793 4344 4794
3  4601 4584 4983
3  4589 4804 4919
3  4805 4919 4031
3  4009 4008 62
3  4805 4031 4600
3  4980 3394 4982
3  4581 980 4582
3  4413 4985 4414
3  4609 4000 3999
3  4591 3422 4608
3  4986 4987 4443
3  4359 4613 4360
3  3401 3403 1798
3  4569 4295 4294
3  4326 4325 3401
3  4612 4358 4360
3  1030 1029 4568
3  3466 4309 957
3  4336 4340 4570
3  1907 956 1135
3  1030 4326 4314
3  560 3433 558
3  4353 1733 3403
3  4573 4353 3994
3  4326 3401 1798
3  1028 4988 2010
3  3433 4361 4572
3  3449 3442 4568
3  3735 4312 451
3  4624 3147 3816
3  4361 4573 4572
3  3434 4571 3443
3  3413 1801 3371
3  3735 3442 4312
3  4623 3147 4624
3  3993 3444 3443
3  4571 3433 4572
3  560 1736 3433
3  4340 4573 4361
3  3405 4989 1780
3  4573 3993 4571
3  4297 4990 4351
3  4990 4991 4351
3  322 4355 323
3  4355 1777 323
3  4018 4989 3405
3  3405 1780 1152
3  4611 4987 3441
3  4992 1140 1115
3  4990 676 4989
3  1145 4350 1794
3  3441 3440 4611
3  4606 4605 4339
3  4352 4607 4606
3  1115 1795 1113
3  4915 4993 3435
3  3439 4912 3440
3  4351 1776 1775
3  1148 522 4994
3  4018 4991 4989
3  4995 4339 1738
3  1803 1144 4996
3  4337 4990 4297
3  4996 1144 1149
3  4997 3430 303
3  3430 4997 4992
3  3430 1115 4998
3  1151 3430 4998
3  1151 4998 1149
3  4996 1149 4998
3  4341 4986 1223
3  4998 1115 4996
3  1803 4996 1115
3  1113 1794 4910
3  529 1121 553
3  307 556 1121
3  308 307 1121
3  529 554 4999
3  4992 1115 3430
3  4997 4999 554
3  4999 4997 303
3  1114 4913 1844
3  1144 1803 1843
3  4910 4909 4911
3  324 323 3404
3  4794 4984 4565
3  521 1758 522
3  1113 4910 4911
3  3447 3446 1013
3  529 5000 419
3  1129 5000 305
3  1129 419 5000
3  4999 5000 529
3  1148 523 522
3  1757 523 1148
3  4915 5001 4993
3  667 4329 352
3  522 1758 4994
3  1765 1148 4994
3  1013 3441 4341
3  562 1841 3400
3  5002 4343 3432
3  1837 4443 4442
3  1011 3404 1144
3  4610 4359 4358
3  4351 4352 4995
3  1011 322 324
3  3382 448 3456
3  4908 519 4909
3  4355 4358 4607
3  4610 4358 4355
3  4987 4341 3441
3  3445 4610 322
3  1011 1013 3446
3  4359 3445 4613
3  3445 322 3446
3  1011 3446 322
3  4355 322 4610
3  3999 4001 4984
3  4351 4995 1738
3  1223 4986 1837
3  4352 1775 4355
3  1224 4344 4793
3  4602 4607 4612
3  4602 4612 4000
3  1224 1836 4344
3  4329 5003 2721
3  4344 1836 3406
3  5003 5001 4915
3  563 5001 5003
3  4612 4565 4984
3  115 4364 4363
3  361 4408 4792
3  4344 4343 4794
3  3400 1014 562
3  5002 4794 4343
3  3422 3431 4608
3  4443 4914 1833
3  3406 1800 1799
3  1836 1805 3406
3  4914 4987 4611
3  1805 1836 1838
3  1805 3435 4993
3  1833 1835 5004
3  2721 5004 1835
3  4329 2721 551
3  4329 551 352
3  1805 4993 1801
3  1833 5004 4915
3  3400 439 1014
3  3367 1829 1859
3  5004 2721 5003
3  5004 5003 4915
3  3399 440 439
3  4986 4443 1837
3  4986 4341 4987
3  1223 1837 1836
3  3383 5001 563
3  1838 1837 4442
3  1838 4442 3435
3  4914 4443 4987
3  4912 3439 1845
3  3441 1013 3439
3  4916 4909 519
3  4908 520 519
3  4249 4537 2001
3  1845 1844 4913
3  4911 4913 1114
3  4912 1845 4913
3  4910 1794 4350
3  4999 303 305
3  4992 554 1140
3  4997 554 4992
3  1115 1140 1795
3  1844 1803 1114
3  4911 1114 1113
3  521 1835 4916
3  521 4916 518
3  4909 4916 4912
3  1839 4912 4916
3  518 4916 519
3  1839 1834 4611
3  4914 4611 1834
3  1191 1801 3383
3  4993 3383 1801
3  3383 4993 5001
3  5003 4329 563
3  3400 1812 3399
3  3370 4608 3413
3  3370 4591 4608
3  1014 439 441
3  3342 4310 4531
3  3391 1811 4844
3  3391 3382 1811
3  564 1841 562
3  1846 1841 564
3  1848 1841 1846
3  4561 4560 447
3  1832 1829 3367
3  1832 3367 4869
3  4869 1486 1483
3  1811 1810 4844
3  2915 1486 4869
3  4371 1760 4543
3  4371 4466 4937
3  3341 4311 3342
3  3376 4543 4574
3  4333 4553 4334
3  1759 4574 1760
3  3424 4523 4447
3  3424 4447 3389
3  3053 4346 4383
3  3389 3388 3423
3  4530 4450 3973
3  4536 4545 4111
3  4292 4291 4480
3  4109 4111 4545
3  4973 4930 4548
3  4536 4293 4545
3  4520 4474 3428
3  3344 4474 4520
3  3477 4625 3982
3  4535 4529 2943
3  4549 4305 1867
3  4288 4480 4513
3  4316 4288 4513
3  4480 4291 4512
3  4867 3689 1158
3  4333 5005 4553
3  4935 5005 4333
3  4935 4553 5005
3  4317 4535 3691
3  3691 4535 3979
3  1514 3055 3145
3  3047 5006 4485
3  2543 1859 1890
3  3978 1479 4629
3  3372 3374 1480
3  1478 1480 3374
3  1480 5007 4656
3  4298 4656 5007
3  4298 5007 1480
3  1842 1848 4844
3  1842 4844 1810
3  1849 3391 4844
3  2987 2543 1889
3  3372 3357 3377
3  1859 3391 1890
3  2915 4869 3367
3  4575 3424 4345
3  1478 4629 1479
3  3374 3373 1832
3  4606 4339 4995
3  3385 1830 3373
3  3358 4543 3376
3  1815 2980 1816
3  2981 2980 3375
3  2980 1889 1891
3  2980 1891 1076
3  3956 4950 4965
3  3373 1830 1832
3  448 447 4657
3  4936 4937 4466
3  4544 4937 4936
3  3457 3357 3372
3  4529 4497 2943
3  2943 4497 3457
3  4529 4498 4497
3  3555 4537 4249
3  4252 4537 3555
3  3423 4345 3424
3  3959 4935 4333
3  3051 4524 3052
3  4543 4531 4310
3  4543 3358 4531
3  3668 4537 4252
3  4925 1163 1165
3  4512 4291 5008
3  4575 3052 4524
3  3052 4575 4345
3  1163 4797 3053
3  4302 4593 117
3  117 4593 114
3  1163 114 4593
3  4302 4334 4554
3  114 1163 4925
3  3053 4797 3051
3  4010 1205 4583
3  4332 4983 4586
3  4603 4323 4322
3  4594 4596 4324
3  4331 4920 4978
3  4323 1762 1132
3  1762 1499 1132
3  2010 4955 2011
3  1206 4006 4005
3  4979 4598 4600
3  1733 1735 1796
3  4030 4923 4979
3  3393 4982 3394
3  4741 4966 62
3  3999 4331 4330
3  4922 4923 4926
3  4396 4926 4923
3  4594 4981 4595
3  4594 4977 4981
3  4980 4982 4981
3  4600 4031 4979
3  4599 4917 4330
3  3999 4920 4331
3  4007 4006 4983
3  4983 4006 4601
3  4981 4598 4979
3  4981 4977 4598
3  3414 4005 4920
3  4586 4805 4332
3  4387 4441 4385
3  4609 4917 4296
3  1214 3417 1726
3  4576 1726 3417
3  4296 4602 4609
3  4000 4609 4602
3  4029 4354 60
3  4612 4001 4000
3  4612 4984 4001
3  4989 4991 4990
3  4984 3414 3999
3  4984 3415 3414
3  4591 4555 3422
3  4010 4601 1205
3  4587 4583 4582
3  4601 4009 4584
3  4555 1204 1206
3  3369 4349 4363
3  3413 3432 1799
3  4362 3370 3369
3  4583 4587 4010
3  4385 4741 4386
3  1204 4583 1205
3  4413 4588 4576
3  980 1727 4582
3  979 1727 980
3  4902 4581 4555
3  4591 4902 4555
3  4332 4967 4330
3  4010 4587 4413
3  4983 4584 4586
3  4599 4330 4967
3  4804 4585 61
3  4555 4581 1204
3  980 4581 4902
3  4332 4805 4967
3  4805 4600 4967
3  4364 4579 4590
3  4583 1204 4581
3  4902 978 980
3  1727 1726 4588
3  4582 4588 4587
3  4576 4588 1726
3  1727 4588 4582
3  4009 61 4584
3  1205 4006 1206
3  4589 4585 4804
3  4386 4414 4985
3  4387 4985 4013
3  4013 4985 4413
3  62 4008 4741
3  4386 4985 4387
3  3458 3460 4385
3  4412 4419 247
3  367 4019 1307
3  379 4415 4577
3  4441 4740 1444
3  4552 1444 4740
3  4552 1445 1444
3  1528 5009 4577
3  379 1010 380
3  381 4415 379
3  1444 1446 1528
3  1242 1500 1260
3  4441 1422 3458
3  1260 379 5009
3  4577 5009 379
3  1260 5009 1528
3  1242 1260 1528
3  1529 1446 3977
3  3977 1446 1445
3  3415 4794 5002
3  3431 3421 5002
3  3431 3422 3421
3  4741 4385 4966
3  62 4966 60
3  3432 3431 5002
3  1190 2119 4348
3  1535 4792 404
3  5002 3421 3415
3  404 4792 1217
3  1217 4792 4408
3  1515 4790 1516
3  4345 4951 4346
3  3463 3685 3461
3  3963 3962 3997
3  4788 4739 4421
3  4051 4738 1323
3  4540 4946 3388
3  4540 4366 4481
3  4939 1451 4286
3  4941 4713 4286
3  1180 1179 4021
3  4712 4939 4713
3  239 4770 4796
3  4153 4551 4273
3  4538 4539 4551
3  4551 4539 4283
3  4712 4401 4939
3  4770 4934 4795
3  4768 4934 4770
3  4768 4287 4934
3  4040 4028 4014
3  1509 1511 3675
3  4035 4747 3986
3  1451 1453 4934
3  4401 4014 4028
3  1451 4027 1452
3  1520 1178 4034
3  1519 3675 1511
3  1519 1511 1520
3  3675 4798 4041
3  4162 4747 3992
3  4065 4787 4161
3  4157 4787 4065
3  4081 5010 4157
3  4787 4157 5011
3  4063 4062 4164
3  4778 4075 4078
3  4335 4774 4439
3  4778 3987 4075
3  4787 4784 1563
3  4795 4774 4796
3  4769 4796 4774
3  4784 4077 4076
3  4784 5011 4775
3  4076 5012 1409
3  4787 5011 4784
3  4214 4785 4952
3  1357 1563 1409
3  795 4054 4053
3  4160 4289 4158
3  4289 794 4163
3  1343 4806 4782
3  4159 4782 4806
3  4159 4806 4708
3  4782 4159 4158
3  4708 4806 3159
3  4780 4782 5013
3  1564 4780 5013
3  1564 5013 793
3  4163 793 5013
3  4782 4158 5013
3  4163 5013 4158
3  4214 4775 4757
3  1357 1356 4780
3  4757 4775 5010
3  5011 4157 5010
3  4214 1463 4785
3  4213 1463 4214
3  1462 4779 4786
3  4757 5010 4081
3  4780 1356 1355
3  4776 4214 4952
3  4776 4784 4775
3  4776 4952 4077
3  4784 4776 4077
3  1453 4774 4795
3  4075 5012 4076
3  4075 3987 5012
3  4781 5012 3987
3  5011 5010 4775
3  1409 5012 1410
3  1410 5012 4781
3  2096 2095 4003
3  2096 4003 4438
3  3686 3963 4328
3  2973 4933 4479
3  3995 4933 2973
3  4477 4933 4660
3  3997 3962 4933
3  3997 4933 3995
3  4483 4482 3953
3  4562 3397 4416
3  4328 5014 3686
3  3686 5014 4003
3  4327 4438 4328
3  3462 4562 4416
3  4438 4003 5014
3  4328 4438 5014
3  2972 4431 4417
3  4417 4431 1126
3  1126 4431 1753
3  4603 4619 1797
3  2011 4955 4661
3  4322 4619 4603
3  4314 4988 1028
3  1134 4988 4314
3  1134 1133 4988
3  4988 1133 2010
3  4380 979 978
3  4590 4902 4591
3  4377 117 116
3  4302 117 4377
3  4546 4924 4381
3  4554 4797 4593
3  1163 4593 4797
3  4362 4591 3370
3  115 4349 4348
3  115 4363 4349
3  4590 4592 4364
3  4364 115 4578
3  114 4578 115
3  4446 4951 4020
3  4925 1165 4381
3  4362 4592 4591
3  4379 4381 1165
3  4379 1165 3387
3  1164 3387 1165
3  4925 4924 114
3  114 4924 4578
3  4578 4924 4579
3  4546 4579 4924
3  4346 4394 4382
3  4020 4951 365
3  4950 3423 3388
3  4950 4968 4965
3  4968 4950 3388
3  4968 3388 4946
3  4301 4566 4356
3  4356 4566 4567
3  4561 447 446
3  4657 3456 448
3  3456 4928 3399
3  4657 4928 3456
3  4928 4921 3399
3  4346 4446 4394
3  4346 4951 4446
3  4560 1900 4921
3  4356 4921 1900
3  4567 4921 4356
3  4446 1209 4395
3  4303 4927 4304
3  4020 1209 4446
3  4304 4927 4466
3  4525 4935 4937
3  3959 4937 4935
3  4544 4525 4937
3  4512 5008 3341
3  4867 3972 4659
3  4867 4530 3972
3  4513 4512 3341
3  4311 3341 5008
3  4311 5008 4291
3  4352 4355 4607
3  4606 4995 4352
3  4339 4605 5015
3  4570 5015 4295
3  4602 5015 4605
3  4339 5015 4570
3  4295 5015 4602
3  678 1780 4989
3  4990 4337 676
3  4351 4991 4018
3  4390 648 650
3  4989 676 678
3  1765 4994 1758
3  1012 1845 3439
3  4999 305 5000
3  1138 80 961
3  1146 2549 4618
3  1141 1723 506
3  4904 2555 2554
3  325 2576 4636
3  4882 4877 4617
3  5016 5017 3482
3  4616 4895 4894
3  2580 2582 2581
3  4615 4618 2549
3  1750 4604 349
3  2583 4901 2579
3  4618 4878 1146
3  1142 470 531
3  1750 349 531
3  3378 4895 459
3  2579 4901 2580
3  4616 459 4895
3  3889 2571 2570
3  327 4872 334
3  4877 4618 4617
3  4630 4896 3378
3  2546 4621 2579
3  2578 2577 2582
3  2583 4877 4882
3  4901 4882 2578
3  2581 2577 2576
3  2583 4882 4901
3  1449 2571 3889
3  1079 2566 2591
3  1079 2593 2566
3  4614 4618 4615
3  3368 1740 4620
3  4847 4848 4893
3  4615 2549 1802
3  4878 4877 2583
3  3701 3705 3898
3  3898 3705 2649
3  3124 1578 2718
3  1579 2985 2984
3  2986 3126 4838
3  3898 2651 3328
3  3125 4839 4838
3  3132 2837 3130
3  3730 2836 2635
3  2836 2636 2635
3  2804 2679 2416
3  3761 3770 3772
3  3327 2727 3751
3  301 3201 935
3  2854 2888 3787
3  861 860 2801
3  1739 2824 720
3  198 197 3775
3  935 3751 934
3  899 3201 301
3  2854 2830 2888
3  5018 5019 2742
3  952 802 2425
3  3730 2845 1051
3  2768 2767 2846
3  3749 2695 3778
3  681 680 2788
3  933 932 1725
3  5020 5021 5022
3  952 2426 540
3  931 5023 932
3  1166 931 5022
3  1168 540 2426
3  1001 5024 4899
3  958 1032 977
3  4899 1002 1001
3  745 542 679
3  1001 2857 5024
3  1725 4813 933
3  5021 1167 1166
3  679 541 2742
3  5024 5020 4899
3  5024 5021 5020
3  178 3324 179
3  2791 985 508
3  1166 5023 931
3  3510 4634 1967
3  4870 1968 4871
3  5020 4900 4899
3  2425 718 717
3  146 1725 1031
3  146 1031 144
3  4813 1725 146
3  1725 977 1032
3  144 1032 960
3  5025 5023 1166
3  5016 5026 5017
3  1968 1967 4634
3  2578 2582 4901
3  2700 2699 3511
3  4856 393 5027
3  3697 5028 845
3  478 326 4637
3  1002 2699 2698
3  5026 3510 3511
3  5026 4634 3510
3  4856 5027 4858
3  4813 845 5028
3  2580 145 144
3  933 4813 4900
3  477 4847 3333
3  3482 5017 3697
3  2581 2576 334
3  2581 334 844
3  3368 3333 4975
3  2553 2578 4626
3  1802 460 4615
3  2570 3890 3889
3  5016 478 5026
3  5016 3482 4872
3  4858 5029 3473
3  1969 1968 4870
3  4636 2576 2553
3  2576 2578 2553
3  3378 4896 4895
3  3368 4975 1740
3  334 4872 844
3  4614 4894 3361
3  327 5016 4872
3  4848 5029 4892
3  3368 3174 3333
3  4892 5029 4858
3  4848 477 3473
3  3474 3890 2570
3  476 3890 3474
3  4858 3473 3475
3  3473 477 3474
3  476 3474 477
3  3510 1967 2998
3  2857 736 738
3  4824 4825 5030
3  395 4871 1968
3  1969 4870 2713
3  5031 2713 4870
3  5026 478 4634
3  5030 4825 4873
3  3703 3513 2999
3  2650 2713 5031
3  2999 2998 4824
3  3697 5032 5028
3  1969 2714 2998
3  2999 3513 2998
3  4637 4635 478
3  4637 326 325
3  4857 395 1968
3  4858 5027 393
3  145 845 146
3  4813 5028 4899
3  5017 5032 3697
3  5028 1002 4899
3  5020 5022 4900
3  1166 5022 5021
3  4857 4634 4635
3  478 5016 327
3  4900 5022 933
3  933 5022 931
3  3473 5029 4848
3  4635 4892 4857
3  4857 4892 4858
3  1740 4975 1741
3  1741 5033 4636
3  4847 1741 4975
3  4893 1741 4847
3  4616 4894 4614
3  676 4337 677
3  81 1780 1793
3  81 1793 79
3  531 470 1750
3  1147 4604 1750
3  1147 4878 4604
3  2583 2556 4604
3  4878 2583 4604
3  2553 2552 4636
3  1742 3360 4630
3  3361 2551 4626
3  4626 2551 2553
3  4893 5033 1741
3  4636 5033 4637
3  4630 3360 4894
3  4894 3360 3361
3  1741 4636 2552
3  1741 2552 1742
3  4892 4637 5033
3  4892 5033 4893
3  3704 2999 4824
3  2522 5034 3703
3  2700 3513 5034
3  4890 2994 2586
3  2805 2522 3001
3  2805 737 2522
3  3328 394 393
3  5031 394 3328
3  2650 5031 2651
3  3730 1051 1050
3  3511 5028 5032
3  1000 5034 2522
3  2700 5034 1000
3  234 5035 235
3  1884 2855 2612
3  3750 3787 2888
3  3795 608 2829
3  3795 2694 608
3  198 3775 2507
3  1746 2539 2740
3  1745 2539 1746
3  3750 859 3787
3  2729 3795 2829
3  3790 2695 2694
3  2853 861 5036
3  2731 1167 3778
3  861 3785 5036
3  2838 2741 2740
3  2830 3756 2829
3  3790 2694 3795
3  2822 2821 2830
3  3748 607 3742
3  3784 5019 5018
3  2853 5037 2832
3  3778 2695 3790
3  680 5019 3784
3  5018 5037 5036
3  2832 5037 5018
3  5036 5037 2853
3  680 2742 5019
3  2426 5038 1168
3  1166 5038 5025
3  746 1122 3797
3  2830 233 3756
3  235 3756 233
3  235 2729 3756
3  3798 541 5039
3  5024 3779 5021
3  3742 609 2643
3  3798 5039 5035
3  3776 2751 2526
3  1168 2790 540
3  1168 1167 2790
3  540 2790 541
3  1167 3779 3778
3  2832 233 2853
3  234 2832 3798
3  2742 3798 2832
3  2730 2789 2731
3  5021 3779 1167
3  5024 2857 3779
3  5035 2790 2789
3  3798 5035 234
3  3784 5018 3785
3  5036 3785 5018
3  2731 3778 2729
3  2825 2694 738
3  3779 2857 3749
3  2695 2856 738
3  3243 3748 3742
3  3243 2822 3748
3  608 2826 2829
3  2643 609 2825
3  5035 5039 2790
3  2730 235 2789
3  5035 2789 235
3  541 2790 5039
3  1168 5038 1166
3  2832 5018 2742
3  2425 5038 2426
3  717 5038 2425
3  5025 5038 717
3  3792 4906 681
3  3788 681 4906
3  2556 2555 350
3  960 4907 2546
3  959 1743 528
3  243 242 740
3  1743 740 4622
3  505 2833 4898
3  2791 4903 2689
3  4907 527 4904
3  4621 4904 2554
3  4907 4904 4621
3  1099 4816 2585
3  350 2555 1130
3  4904 1130 2555
3  505 507 2833
3  39 38 242
3  509 1875 954
3  527 1125 528
3  4907 1125 527
3  960 1125 4907
3  4905 4903 2791
3  1709 859 1707
3  742 837 644
3  742 644 741
3  837 1058 4903
3  4905 836 4903
3  4905 511 836
3  950 1724 3754
3  654 2596 2595
3  3754 3201 899
3  3000 3704 1049
3  5031 3328 2651
3  3704 3000 2999
3  4824 5030 3704
3  5030 1050 3704
3  4824 2998 2714
3  1049 5040 3000
3  1049 1051 5040
3  3000 5040 2806
3  3703 5034 3513
3  2998 3513 3510
3  3132 4839 2837
3  3730 3130 2836
3  1050 3130 3730
3  5030 3130 1050
3  3131 4873 2650
3  5040 1051 5041
3  3130 4873 3131
3  3130 5030 4873
3  5040 5041 2806
3  2806 5041 2404
3  1051 2810 5041
3  5028 2699 1002
3  3511 2699 5028
3  5017 5026 5032
3  3511 5032 5026
3  395 394 4871
3  393 395 4857
3  394 5031 4870
3  3505 3504 3702
3  3701 3898 3702
3  3505 3702 3898
3  3329 4855 3505
3  3329 4856 4855
3  145 2580 3696
3  2580 2581 3696
3  719 977 932
3  932 5023 719
3  719 5023 717
3  5025 717 5023
3  2177 3724 2178
3  2811 2930 2684
3  3125 2835 2837
3  2812 2256 2258
3  2836 3130 2837
3  2144 3238 398
3  3769 2418 2417
3  2930 316 2684
3  2930 2697 316
3  2624 2447 2148
3  2657 2256 2267
3  2267 2256 2812
3  3770 1629 2827
3  317 3746 315
3  1714 1713 3247
3  3740 2246 2245
3  1713 3760 2154
3  3724 2216 3255
3  3736 3744 3832
3  2296 3734 3520
3  3737 3717 3254
3  2996 2294 2997
3  2217 2216 2667
3  2667 2216 3724
3  2665 3729 2483
3  1994 1862 3722
3  3256 3260 2177
3  3259 3260 3256
3  2178 5042 2176
3  3726 5043 3872
3  3872 5043 3732
3  2122 5044 2120
3  2308 2120 3269
3  3218 3521 2936
3  3525 3216 3872
3  3726 3523 5043
3  2935 2864 2936
3  2864 2865 2936
3  5045 2448 3733
3  3523 3732 5043
3  2294 3523 2295
3  3259 2664 2809
3  2935 2934 3236
3  3218 2936 2865
3  5046 2434 2456
3  3744 5042 2178
3  3526 5047 2935
3  3522 1645 5046
3  3522 5046 2458
3  2456 2458 5046
3  5046 1645 2434
3  5048 5045 126
3  2939 3846 125
3  3284 3847 2437
3  2436 2437 3847
3  2437 2449 5048
3  5048 2449 5045
3  2448 5045 2449
3  5048 3846 2437
3  125 3846 126
3  5048 126 3846
3  3269 2120 5044
3  3269 5044 3871
3  3732 3525 3872
3  3870 3727 3257
3  3870 2176 3524
3  5042 3736 3718
3  2122 2483 5044
3  2483 3871 5044
3  3216 3007 3729
3  126 3733 2307
3  3718 3736 2295
3  3005 3526 3006
3  3723 3006 3526
3  1567 3732 3228
3  3729 3871 2483
3  3870 3728 3727
3  3007 3006 3270
3  3270 3006 3723
3  3728 3870 3726
3  3832 3744 3743
3  3728 3726 3872
3  4838 3132 3706
3  3832 3743 3316
3  2720 3210 2637
3  3520 3210 2720
3  2986 3706 3198
3  3132 2649 3706
3  2862 5049 3225
3  2862 2864 5049
3  2935 5049 2864
3  1054 3833 3205
3  2415 3205 3316
3  2476 2504 2723
3  2415 2804 2416
3  2258 2697 3741
3  2697 2678 3741
3  2678 2679 3741
3  2414 2269 2268
3  2414 2268 3238
3  2155 2442 2441
3  2150 2154 3760
3  1712 2877 3746
3  315 3746 2877
3  3238 2268 3738
3  3738 2268 2887
3  3709 2142 3803
3  3248 2156 2728
3  396 2886 5050
3  2886 2246 5050
3  2812 3242 2267
3  2268 2267 3242
3  1088 3781 3783
3  5051 3747 2339
3  2257 2656 3746
3  396 5050 397
3  3258 397 5050
3  2246 3740 5050
3  3258 5050 3740
3  2656 3760 1712
3  1712 3760 1713
3  2890 2882 2802
3  2387 2693 2890
3  2419 2827 1631
3  2235 2932 2732
3  2316 3741 2247
3  2679 2247 3741
3  2637 2636 2720
3  4838 3126 3125
3  3810 3897 2893
3  2938 2937 3317
3  2938 3317 3305
3  2625 3317 2937
3  1551 3113 3498
3  2415 3271 2804
3  3316 3734 3832
3  3210 3520 3734
3  3743 3271 3316
3  3316 3271 2415
3  482 2819 3498
3  3225 3873 1566
3  5049 2935 5047
3  3525 5047 3526
3  5049 5047 3525
3  5049 3525 3873
3  5049 3873 3225
3  1567 3873 3732
3  3732 3873 3525
3  3280 3871 3007
3  3729 3007 3871
3  126 5045 3733
3  3165 3847 5052
3  279 281 5052
3  2737 3847 3165
3  2737 2436 3847
3  3165 5052 281
3  2433 5052 3847
3  2433 279 5052
3  2483 2663 2665
3  3736 5042 3744
3  5042 3718 2176
3  3718 2295 3524
3  3737 2804 3272
3  3743 3744 3272
3  3254 3717 3255
3  3744 2178 3717
3  1053 3731 3833
3  2637 3731 2635
3  2637 3833 3731
3  4624 3735 4623
3  3443 3735 4624
3  3442 3735 3443
3  3362 3816 3147
3  992 3816 3362
3  1136 955 4308
3  3169 956 1907
3  2991 1136 4974
3  4309 4308 955
3  3484 4972 3046
3  3467 3981 4930
3  3046 1532 3484
3  4308 4974 1136
3  4307 4974 4308
3  2717 3307 4969
3  2717 4969 2715
3  2715 4969 1551
3  1552 1551 4969
3  3197 3905 1551
3  3198 3905 3197
3  3198 3286 3905
3  3162 1533 3047
3  3046 4972 3472
3  3673 3472 4307
3  3673 3468 3472
3  3472 3468 4970
3  4970 5006 3047
3  3162 1933 1533
3  4971 5006 4970
3  4650 5006 4971
3  1533 1933 1531
3  4930 4932 3467
3  4548 3144 4305
3  4650 4973 4549
3  3468 3467 4932
3  4931 4973 4650
3  4931 4971 3468
3  4970 3468 4971
3  4485 5006 4650
3  1933 3162 1934
3  3162 3033 1934
3  4931 4930 4973
3  4974 4307 3484
3  3145 3144 4548
3  3981 3983 1512
3  4548 3981 3145
3  450 1512 3983
3  3982 3467 3477
3  4625 4499 4313
3  4625 4313 3982
3  4476 4313 4499
3  3041 3145 3055
3  3143 83 4306
3  2011 3451 1390
3  2011 3452 3451
3  1513 1390 3451
3  1513 3451 1514
3  2010 4478 4550
3  2010 1133 4478
3  73 984 1218
3  414 1226 411
3  1236 1384 1383
3  246 1256 986
3  1507 4384 1384
3  1507 1384 1236
3  1262 4056 1234
3  4056 4055 1234
3  413 4467 984
3  4728 4467 1201
3  1218 984 4467
3  1236 1238 1507
3  412 1202 1201
3  1201 1203 4728
3  4731 4728 1203
3  1201 4467 413
3  4728 4468 4467
3  411 1226 1257
3  411 1257 1383
3  1236 1383 1257
3  1261 4056 1262
3  4384 1507 994
3  1227 1382 1228
3  1230 1252 1251
3  1230 1251 1261
3  1252 1228 1382
3  1252 1382 1250
3  994 1234 4384
3  4384 1234 4055
3  246 1508 1237
3  465 1508 246
3  739 552 644
3  3796 1720 1722
3  1721 337 1722
3  693 1722 337
3  3796 1722 693
3  953 1755 1027
3  658 614 659
3  813 811 283
3  2574 1783 2575
3  1006 2575 2608
3  1006 297 2574
3  1784 2574 2545
3  1784 1783 2574
3  1100 2585 2584
3  1783 670 4891
3  4890 2586 5053
3  1111 4890 5053
3  2597 5053 2586
3  4816 5053 2597
3  1111 5053 4816
3  2565 2564 2542
3  180 1091 1090
3  2544 4850 2703
3  653 2329 2328
3  1057 5054 3700
3  2590 4850 2634
3  1096 1095 2544
3  2520 2519 2847
3  3834 3877 1985
3  2710 2712 1985
3  2710 1985 3914
3  3700 5054 3324
3  1745 1883 2538
3  3914 1985 3877
3  1056 4876 1057
3  4818 2594 1101
3  3324 5054 179
3  2559 3326 2594
3  1056 2594 4876
3  4874 179 5054
3  4874 5054 4876
3  1057 4876 5054
3  1101 3326 1102
3  1101 2594 3326
3  2536 2994 4890
3  2544 2703 2542
3  2519 2330 2329
3  2688 2596 2328
3  2683 1018 2136
3  1018 2137 2136
3  2136 2609 4814
3  2609 1668 4814
3  2565 2703 2702
3  1018 1017 4820
3  2702 2137 4820
3  2138 2609 2136
3  273 2855 2850
3  2852 2855 273
3  4820 2137 1018
3  1655 2535 3240
3  1016 1018 2683
3  2590 2138 2137
3  2590 2137 2702
3  2688 4820 1017
3  2688 2563 4820
3  197 2424 2620
3  333 332 2607
3  2328 2564 2563
3  4817 2607 332
3  332 4814 4817
3  2330 2564 2328
3  196 2526 2525
3  196 3776 2526
3  713 712 2848
3  1883 2850 1884
3  2850 1744 4808
3  2850 4808 273
3  588 4808 1744
3  674 2611 1120
3  2688 1017 2424
3  198 2357 3777
3  3774 3777 2357
3  198 3777 196
3  3776 196 3777
3  197 2620 3775
3  2507 2741 2838
3  2858 1884 2612
3  2340 3771 2338
3  2669 1107 1109
3  2419 3241 1106
3  5055 3747 5051
3  5056 3758 3783
3  2696 2659 2614
3  2890 2496 2421
3  2881 2880 2463
3  2846 1631 1630
3  3709 2333 2874
3  1087 2768 1088
3  3709 2874 2142
3  5057 3782 5051
3  5058 5057 5051
3  2350 2339 3759
3  3783 3782 5059
3  5057 5059 3782
3  1088 3783 3758
3  2762 3245 2761
3  3772 3747 5055
3  3246 3245 2762
3  5060 5056 5059
3  5060 5059 5057
3  2339 5058 5051
3  2763 1701 2871
3  869 871 925
3  2838 2740 2539
3  2859 2407 830
3  3786 5061 2349
3  1088 2768 3781
3  2179 2348 2350
3  924 2348 2179
3  927 2348 924
3  5058 5060 5057
3  5055 3761 3772
3  3786 2349 2348
3  3783 5059 5056
3  2350 5058 2339
3  5058 2350 2349
3  1687 3767 2766
3  2367 871 2859
3  871 5061 925
3  5055 3757 3761
3  3773 3771 3772
3  3773 2528 3771
3  3773 3772 3769
3  3770 3769 3772
3  2510 1108 2754
3  3757 3781 2768
3  5051 3782 5055
3  2848 712 2506
3  3781 3757 3782
3  5055 3782 3757
3  3758 2867 1089
3  1089 2867 2866
3  5060 2369 5056
3  3758 5056 2369
3  2367 2369 5060
3  2402 3767 1687
3  5058 2349 5060
3  5061 5060 2349
3  865 867 2869
3  925 5061 926
3  3786 926 5061
3  2367 5061 871
3  2367 5060 5061
3  2342 2352 2133
3  2133 2352 2131
3  862 2352 2342
3  2353 3780 2131
3  2353 2687 3780
3  874 596 896
3  868 896 895
3  874 896 868
3  862 897 863
3  2343 2782 594
3  2867 2368 807
3  5062 2139 2374
3  2766 3767 2691
3  2881 3804 2802
3  2767 2802 3804
3  2767 3804 2846
3  2139 5062 2140
3  3803 2140 5062
3  5062 2374 3762
3  5062 3762 3803
3  2496 2803 3237
3  3237 3709 3803
3  2333 3709 3708
3  1089 2866 2332
3  2692 2489 3710
3  2696 2658 2659
3  1654 1653 2464
3  2465 2464 1653
3  2419 1631 1653
3  2463 2692 3710
3  2874 2333 2332
3  2879 2878 5063
3  2879 5063 1654
3  2489 2488 2696
3  2535 5063 2878
3  2881 2802 2882
3  2881 2465 2876
3  2881 2463 2465
3  1106 1108 2510
3  652 654 2423
3  1106 3241 1109
3  2879 3755 2674
3  2235 2889 2932
3  2335 2743 2233
3  2535 1654 5063
3  2735 5064 2932
3  2616 5064 2735
3  2735 2889 3755
3  2878 2743 3240
3  2670 2669 1109
3  2595 2423 654
3  2735 3755 3710
3  3806 3710 3755
3  2670 3241 3240
3  1109 3241 2670
3  2369 2368 3758
3  2464 3755 1654
3  2879 1654 3755
3  3806 3755 2464
3  2767 3739 2802
3  1087 3739 2767
3  5064 2616 2921
3  2733 2921 2616
3  2932 5064 2921
3  2932 2921 2640
3  2640 2921 2641
3  3719 2863 2862
3  2332 2875 2874
3  688 720 2824
3  1739 1647 2824
3  1086 2591 1878
3  2706 2710 2661
3  2711 214 217
3  2711 3899 214
3  2617 2706 2660
3  2617 2660 2662
3  2660 2706 2661
3  1985 2712 215
3  3810 4889 3897
3  3810 3834 1984
3  2642 3838 2675
3  3515 4889 3810
3  2438 4889 3515
3  3894 4885 3812
3  3812 2895 3894
3  2604 4886 2605
3  4886 2604 4628
3  3812 4885 4884
3  3835 3915 2895
3  3837 3915 3835
3  4886 4885 3894
3  4886 3908 4884
3  4886 4628 3908
3  318 4821 4822
3  3877 4887 3913
3  3907 4822 3914
3  4884 3913 4887
3  4884 4887 3812
3  3812 4887 3813
3  3907 319 4822
3  318 4822 319
3  3695 2605 3894
3  2628 3896 3275
3  2605 4886 3894
3  3919 4828 4646
3  3919 4646 3920
3  752 3655 755
3  4829 4646 4828
3  4829 4826 4646
3  3315 3544 3543
3  2631 3655 5065
3  3654 3302 5065
3  4627 4976 4495
3  5065 3302 3301
3  5065 3301 2631
3  3101 755 3655
3  3101 3655 2631
3  4827 4828 3546
3  4638 2293 2292
3  4638 2292 3302
3  2293 4642 2291
3  4642 4881 2291
3  4881 4976 2291
3  2291 4976 4627
3  3654 5065 3655
3  2629 2631 3301
3  2629 3488 3541
3  3488 4828 4827
3  453 3918 3654
3  3541 3488 4827
3  3539 3541 4827
3  3654 3918 4638
3  4514 4868 3478
3  2913 4862 3455
3  4644 4862 2913
3  2598 4662 2601
3  3639 3074 1951
3  1949 4836 4261
3  3606 3642 3008
3  2016 3074 2017
3  3640 2017 3075
3  4261 3642 3632
3  3632 3642 3606
3  4261 4836 3009
3  2016 3009 4836
3  2461 3573 3572
3  3591 4233 3592
3  3176 3587 3172
3  3175 3591 3926
3  3587 3175 3926
3  3587 3926 3574
3  3620 4830 3493
3  3193 2818 2816
3  3638 3193 2816
3  3638 2815 1950
3  3638 3620 3193
3  3493 3619 3620
3  3171 3453 3211
3  3620 3638 4830
3  4837 4830 3638
3  462 3212 2009
3  3211 3453 3212
3  3312 2912 1853
3  3171 3495 3453
3  2926 3495 3171
3  3312 1550 2912
3  3311 5066 1583
3  1855 5066 3311
3  3191 5066 1855
3  3189 1583 5066
3  3189 5066 3191
3  3643 4233 3633
3  2309 4840 2310
3  2310 4840 3826
3  4840 2926 3826
3  2032 3826 2926
3  3549 3633 4233
3  3175 4233 3591
3  3549 4233 3175
3  2127 3592 3716
3  3716 3592 3641
3  3641 3592 3643
3  661 663 3645
3  4744 4038 4037
3  3496 3296 3645
3  4038 4744 4679
3  3644 3496 3645
3  4680 4679 4744
3  4680 4744 3067
3  4744 4037 3068
3  1355 3906 4162
3  4162 3906 4747
3  3906 3986 4747
3  4422 4743 4015
3  4015 4743 4023
3  4023 1179 4016
3  4738 4421 4739
3  4736 4421 4738
3  4736 4738 4051
3  4737 4739 1216
3  1216 4739 822
3  4771 4786 4777
3  4165 4786 4771
3  4785 1463 1462
3  4746 1601 4086
3  4746 4215 1601
3  4138 4137 4166
3  4137 4772 4166
3  4745 4772 4137
3  4166 4772 1561
3  2044 1540 1196
3  1197 1196 1540
3  1527 4767 2056
3  1316 1526 1317
3  2056 4767 1316
3  2081 3073 3070
3  4751 4178 4267
3  2076 4216 2084
3  4267 2107 4751
3  1471 4751 2107
3  2068 2034 2071
3  1600 1602 4072
3  4072 1602 3679
3  750 789 1456
3  1456 789 788
3  1470 1388 2950
3  171 4190 172
3  4190 1364 4197
3  172 4190 4197
3  2069 1928 1927
3  2092 2029 2971
3  1364 4218 4198
3  4263 4218 1364
3  4263 4188 4218
3  4195 4218 4188
3  2028 3020 2971
3  1973 1929 409
3  2971 1939 1938
3  790 4205 2093
3  1893 4264 4172
3  3134 3034 3092
3  3080 1973 3039
3  3039 1973 3635
3  1572 2971 3020
3  408 4205 4203
3  4205 4257 4203
3  790 4257 4205
3  2955 2077 2092
3  1928 2077 2955
3  2069 2077 1928
3  3635 3040 3039
3  3635 3134 3040
3  3682 3952 1861
3  3034 1861 3952
3  3092 3034 3952
3  758 3664 1926
3  3092 3952 3038
3  311 4172 3950
3  4172 619 3950
3  3078 3950 3079
3  3678 3950 619
3  3079 3950 3678
3  4172 4264 619
3  310 1487 1894
3  1895 1894 1487
3  619 4264 3681
3  619 3681 617
3  4073 4176 4175
3  4073 1377 4176
3  78 4176 1377
3  4689 1268 3407
3  1554 1556 4045
3  4366 4410 4110
3  4111 4110 4410
3  3965 4450 1823
3  1824 5067 4140
3  4511 4643 5067
3  4511 5067 1824
3  5067 4643 4504
3  1767 5067 4504
3  4140 5067 1767
3  4936 4927 4447
3  4936 4466 4927
3  3974 4487 4518
3  3152 4518 4487
3  4229 4225 4121
3  4487 4280 3152
3  3167 4280 1418
3  3152 4280 3167
3  4487 4229 4280
3  430 1586 383
3  4412 245 4419
3  989 3672 3951
3  3960 4223 3957
3  3656 4223 4133
3  3960 4133 4223
3  4224 4223 989
3  989 4223 3656
3  1408 4182 1457
3  1285 1297 4182
3  1367 44 43
3  1367 1314 44
3  45 1386 1438
3  4032 1438 1386
3  1461 3828 3886
3  1459 3616 1976
3  1459 3646 3616
3  3842 3808 3807
3  2451 3586 3575
3  3868 3586 2494
3  3345 1976 3616
3  3868 3575 3586
3  3888 2682 3895
3  3888 3895 2451
3  2451 3575 3888
3  2494 3586 3287
3  2450 3287 3586
3  3277 2625 2628
3  3499 2625 2937
3  2627 2626 3808
3  3720 3218 3217
3  2004 2006 3293
3  3293 2006 3233
3  3226 1633 2862
3  3517 3625 3234
3  3262 3234 3625
3  3292 3234 3262
3  1633 1632 3719
3  1634 3282 3281
3  3626 3848 1998
3  1632 3848 3626
3  2237 2236 2048
3  2646 3268 2432
3  2432 3268 2048
3  1537 2446 1538
3  1692 2237 2929
3  2648 2929 2237
3  1692 2929 1593
3  2677 1593 2929
3  2723 2319 3818
3  2638 3818 2319
3  2916 2102 3818
3  2916 3818 2638
3  874 910 596
3  884 30 632
3  809 808 2769
3  2796 881 880
3  2226 2777 2227
3  2796 2208 881
3  2240 906 905
3  2794 2355 1718
3  2225 2230 2242
3  2192 905 873
3  2228 2230 1696
3  1693 2779 1717
3  2795 2797 3765
3  2211 2792 1706
3  32 2241 2184
3  2184 2241 2229
3  2211 1693 2792
3  2793 1706 2792
3  2225 2227 2183
3  1676 906 2240
3  2242 2226 2225
3  2192 2797 2193
3  3765 2797 2192
3  205 206 269
3  880 2187 2225
3  1696 2225 2187
3  2225 2183 880
3  2181 2777 2206
3  2227 2777 2181
3  2770 2777 2226
3  833 2777 2770
3  1718 2355 835
3  2776 1678 913
3  1678 911 913
3  1690 2391 832
3  1690 2219 2391
3  2270 2860 2281
3  1679 2776 3802
3  2860 3802 2776
3  1679 3802 633
3  2860 2776 2868
3  1039 3791 610
3  15 206 16
3  1040 3791 1039
3  3785 3791 1040
3  2801 3791 861
3  861 3791 3785
3  1719 951 901
3  1719 901 2744
3  2191 2771 2800
3  600 2800 2771
3  2345 937 5068
3  747 5068 937
3  904 843 606
3  904 606 605
3  877 605 882
3  695 606 843
3  581 695 841
3  604 606 695
3  847 685 2347
3  747 587 5068
3  898 2344 801
3  841 842 2346
3  843 904 903
3  604 882 605
3  877 876 605
3  605 876 623
3  623 876 624
3  624 876 878
3  2344 898 567
3  587 898 5069
3  587 5069 5068
3  5068 5069 2345
3  2345 5069 2347
3  801 2347 5069
3  801 5069 898
3  2341 2759 2758
3  2341 2758 2364
3  2820 3244 1714
3  3763 3766 2192
3  3763 1682 3766
3  3243 3244 2822
3  2822 3244 2820
3  5041 2810 2405
3  5041 2405 2404
3  2533 1719 3753
3  2533 3753 2778
3  2061 1863 1897
3  2947 2948 3024
3  2432 5070 2654
3  2305 2286 5070
3  2654 5070 2286
3  2432 2431 5070
3  2486 2305 5070
3  2486 5070 2431
3  923 640 1681
3  2413 190 1623
3  2413 1623 1622
3  159 1648 1623
3  2396 1623 1648
3  1621 1623 2396
3  941 974 942
3  2128 2753 2752
3  2130 2753 2128
3  713 943 711
3  2842 943 713
3  711 943 942
3  972 711 942
3  19 2356 253
3  889 944 341
3  685 944 889
3  18 2356 19
3  18 1169 2356
3  585 2356 1169
3  1169 18 2524
3  1169 2524 184
3  184 800 185
3  697 2147 1747
3  2524 800 184
3  944 800 2524
3  944 846 800
3  1747 2147 720
3  1739 720 2147
3  2392 2482 2261
3  2392 2204 2482
3  2261 2482 46
3  2171 2252 2173
3  501 2171 2173
3  502 1656 500
3  501 177 2171
3  165 187 1641
3  489 1641 187
3  5071 2252 2171
3  166 1639 164
3  2171 2153 5071
3  2153 2152 5071
3  2152 167 2252
3  5071 2152 2252
3  2173 2252 47
3  2188 2198 1639
3  1639 2198 164
3  138 490 294
3  1711 2263 591
3  591 2263 939
3  1711 205 2263
3  269 2263 205
3  938 907 939
3  1359 22 21
3  624 270 269

