####
#
# OBJ File Generated by Meshlab
#
####
# Object Cow.obj
#
# Vertices: 10879
# Faces: 12107
#
####
v -0.5150000 -0.0007204 0.1605005
v -0.5050000 -0.0012495 0.1607684
v -0.4978010 -0.0008140 0.1604511
v -0.5201185 -0.0001086 0.1600939
v -0.5212642 -0.0014785 0.1550000
v -0.5223585 -0.0032006 0.1450000
v -0.5109258 -0.0105061 0.1506785
v -0.5145555 -0.0056940 0.1544071
v -0.5126304 -0.0122462 0.1450000
v -0.5176304 -0.0082006 0.1450000
v -0.5101362 -0.0201492 0.1304803
v -0.5133616 -0.0154933 0.1342882
v -0.5190998 -0.0087495 0.1350000
v -0.5103247 -0.0203947 0.1250000
v -0.5145252 -0.0150000 0.1250000
v -0.5192004 -0.0082541 0.1250000
v -0.5104408 -0.0205539 0.1150000
v -0.5141745 -0.0150000 0.1150000
v -0.5189167 -0.0050465 0.1143329
v -0.5103751 -0.0204651 0.1050000
v -0.5132607 -0.0150000 0.1050000
v -0.5171471 -0.0050000 0.1050000
v -0.5102093 -0.0202587 0.0990724
v -0.5115632 -0.0152450 0.0954435
v -0.5148969 -0.0050000 0.0950000
v -0.5107899 -0.0119892 0.0850000
v -0.5127027 -0.0050000 0.0850000
v -0.5050000 -0.0115236 0.1516352
v -0.5050000 -0.0062495 0.1566352
v -0.5050255 -0.0167122 0.1446709
v -0.5050255 -0.0222070 0.1342882
v -0.5083758 -0.0191556 0.1371470
v -0.5005050 -0.0303734 0.1213616
v -0.5043030 -0.0259556 0.1248169
v -0.5007125 -0.0305405 0.1150000
v -0.5057125 -0.0255539 0.1150000
v -0.5004436 -0.0303480 0.1050000
v -0.5054436 -0.0254651 0.1050000
v -0.5001464 -0.0301167 0.0990641
v -0.5047668 -0.0249489 0.0957349
v -0.5093871 -0.0187416 0.0924058
v -0.5034736 -0.0239047 0.0850000
v -0.5084736 -0.0169892 0.0850000
v -0.4950000 -0.0123551 0.1521999
v -0.4946806 -0.0044884 0.1576093
v -0.4950000 -0.0173551 0.1470402
v -0.4950000 -0.0260965 0.1350000
v -0.4950000 -0.0311098 0.1233889
v -0.4950000 -0.0294990 0.1283889
v -0.4950000 -0.0325073 0.1150000
v -0.4950000 -0.0328824 0.1050000
v -0.4957658 -0.0324284 0.0954384
v -0.4996097 -0.0296390 0.0923974
v -0.4938067 -0.0326262 0.0850000
v -0.4988067 -0.0289047 0.0850000
v -0.4850000 -0.0119562 0.1516149
v -0.4850000 -0.0050000 0.1548428
v -0.4850000 -0.0169562 0.1472207
v -0.4822558 -0.0301391 0.1302421
v -0.4853535 -0.0275109 0.1341453
v -0.4853535 -0.0317562 0.1258942
v -0.4889225 -0.0299323 0.1298236
v -0.4850000 -0.0350252 0.1150000
v -0.4850000 -0.0362984 0.1050000
v -0.4850000 -0.0369222 0.0950000
v -0.4850000 -0.0363461 0.0850000
v -0.5218413 -0.0035018 0.1300000
v -0.5017092 -0.0207961 0.1411181
v -0.4900000 -0.0217684 0.1421304
v -0.5206004 -0.0017442 0.1172215
v -0.5102417 -0.0105774 0.0784756
v -0.5107299 -0.0044852 0.0750853
v -0.5100916 -0.0008086 0.0697607
v -0.5075541 -0.0143464 0.0750853
v -0.5096874 -0.0074753 0.0718089
v -0.5033590 -0.0157948 0.0643501
v -0.5080205 -0.0044852 0.0658564
v -0.5015857 -0.0129912 0.0569334
v -0.5026308 -0.0056896 0.0541600
v -0.5007046 -0.0028160 0.0483231
v -0.4922009 -0.0315124 0.0750000
v -0.4972009 -0.0274725 0.0750000
v -0.4908019 -0.0305824 0.0679841
v -0.4952904 -0.0253164 0.0642838
v -0.4935642 -0.0234500 0.0550000
v -0.4987669 -0.0157948 0.0541600
v -0.4998593 -0.0094827 0.0502667
v -0.4913496 -0.0214192 0.0450000
v -0.4948823 -0.0150000 0.0450000
v -0.4983971 -0.0056896 0.0449939
v -0.4910913 -0.0142258 0.0357687
v -0.4941404 -0.0050000 0.0350000
v -0.4901419 -0.0103763 0.0296346
v -0.4910385 -0.0050000 0.0274903
v -0.4850000 -0.0345262 0.0750000
v -0.4855380 -0.0321024 0.0647904
v -0.4892300 -0.0295700 0.0613174
v -0.4825571 -0.0312255 0.0550000
v -0.4875571 -0.0284500 0.0550000
v -0.4808461 -0.0304478 0.0481994
v -0.4845077 -0.0268893 0.0449197
v -0.4886856 -0.0170430 0.0329478
v -0.4869688 -0.0142258 0.0257807
v -0.4890203 -0.0050000 0.0224903
v -0.4822890 -0.0153154 0.0148036
v -0.4859486 -0.0050000 0.0150000
v -0.4808859 -0.0121924 0.0076955
v -0.4818332 -0.0051103 0.0046173
v -0.5015845 -0.0217676 0.0711250
v -0.4997789 -0.0196579 0.0605834
v -0.4858158 -0.0217490 0.0334611
v -0.4807499 -0.0208101 0.0180061
v -0.4200203 -0.1001561 0.2700656
v -0.4200203 -0.0998510 0.2700656
v -0.4201665 -0.1008233 0.2650000
v -0.4201665 -0.0992231 0.2650000
v -0.4115507 -0.1123036 0.2818929
v -0.4127236 -0.1050000 0.2833964
v -0.4128207 -0.0950000 0.2831917
v -0.4116801 -0.0867682 0.2816199
v -0.4106775 -0.1205064 0.2715766
v -0.4130673 -0.1153822 0.2749459
v -0.4179092 -0.1040937 0.2740394
v -0.4179825 -0.0959106 0.2740394
v -0.4136036 -0.0840609 0.2759352
v -0.4110642 -0.1208159 0.2650000
v -0.4153179 -0.1150000 0.2650000
v -0.4192536 -0.1058233 0.2650000
v -0.4192001 -0.0942231 0.2650000
v -0.4158464 -0.0850000 0.2650000
v -0.4107223 -0.1205560 0.2550000
v -0.4149647 -0.1150000 0.2550000
v -0.4192423 -0.1067333 0.2550000
v -0.4192655 -0.0931792 0.2550000
v -0.4154021 -0.0850000 0.2550000
v -0.4102216 -0.1201600 0.2494760
v -0.4134688 -0.1154303 0.2456856
v -0.4191698 -0.1070755 0.2450000
v -0.4196092 -0.0920494 0.2450000
v -0.4157748 -0.0850000 0.2450000
v -0.4001840 -0.1110270 0.3102805
v -0.4005238 -0.1050000 0.3107454
v -0.4005144 -0.0987603 0.3107134
v -0.4017657 -0.1146162 0.3054523
v -0.4032885 -0.1050000 0.3050000
v -0.4016388 -0.0952562 0.3045311
v -0.4002921 -0.0895023 0.3008851
v -0.4049446 -0.1150000 0.2950000
v -0.4066528 -0.1050000 0.2950000
v -0.4048559 -0.0950000 0.2950000
v -0.4012877 -0.0883967 0.2950000
v -0.4076839 -0.1153822 0.2851357
v -0.4088881 -0.1050000 0.2883964
v -0.4081932 -0.0950000 0.2881917
v -0.4055763 -0.0842308 0.2846473
v -0.4053835 -0.1215681 0.2749459
v -0.4089725 -0.1189703 0.2782432
v -0.4097278 -0.0801016 0.2798919
v -0.4050000 -0.1219209 0.2650000
v -0.4050000 -0.1217369 0.2550000
v -0.4050000 -0.1206660 0.2474270
v -0.4050000 -0.1192072 0.2424270
v -0.4204211 -0.1019044 0.2500000
v -0.4204211 -0.0976143 0.2500000
v -0.4009973 -0.1218981 0.3024206
v -0.4023507 -0.1227646 0.2900000
v -0.4114493 -0.0786497 0.2732253
v -0.4116463 -0.0784309 0.2650000
v -0.4111365 -0.0789064 0.2550000
v -0.4111656 -0.0789917 0.2450000
v -0.4058367 -0.0776867 0.2759352
v -0.4050000 -0.0750670 0.2650000
v -0.4050000 -0.0753719 0.2550000
v -0.4050000 -0.0760749 0.2450000
v -0.4030612 -0.0794951 0.2810081
v -0.4301978 -0.0905591 0.1810243
v -0.4301978 -0.0888665 0.1810243
v -0.4307565 -0.0920142 0.1750000
v -0.4308856 -0.0853199 0.1750676
v -0.4315767 -0.0936900 0.1650000
v -0.4328822 -0.0850000 0.1650000
v -0.4207831 -0.0945640 0.2355849
v -0.4205500 -0.0890854 0.2326414
v -0.4220537 -0.0950000 0.2250000
v -0.4213633 -0.0877450 0.2250000
v -0.4208004 -0.1011165 0.2150000
v -0.4230748 -0.0950000 0.2150000
v -0.4222744 -0.0862229 0.2150000
v -0.4211483 -0.1012229 0.2050000
v -0.4242224 -0.0950000 0.2050000
v -0.4229012 -0.0842336 0.2054019
v -0.4256500 -0.0950000 0.1950000
v -0.4257138 -0.0850000 0.1950000
v -0.4277152 -0.0943355 0.1846146
v -0.4284030 -0.0853199 0.1846146
v -0.4284461 -0.0970142 0.1750000
v -0.4294569 -0.0821998 0.1784460
v -0.4291645 -0.0986900 0.1650000
v -0.4135630 -0.1129815 0.2350000
v -0.4185630 -0.1068458 0.2350000
v -0.4198484 -0.0909401 0.2393081
v -0.4170330 -0.0854512 0.2355849
v -0.4123336 -0.1117498 0.2250000
v -0.4173336 -0.1064387 0.2250000
v -0.4172200 -0.0827450 0.2250000
v -0.4110518 -0.1107415 0.2172060
v -0.4146311 -0.1068033 0.2143236
v -0.4150000 -0.1059793 0.2050000
v -0.4150000 -0.1064002 0.1950000
v -0.4100089 -0.1100043 0.1800656
v -0.4140054 -0.1075925 0.1840393
v -0.4050000 -0.1173819 0.2350000
v -0.4050000 -0.1152831 0.2250000
v -0.4058265 -0.1125149 0.2143236
v -0.4097109 -0.1098503 0.2105393
v -0.4045075 -0.1119888 0.2050000
v -0.4095075 -0.1097564 0.2050000
v -0.4043515 -0.1118389 0.1950000
v -0.4093515 -0.1097026 0.1950000
v -0.4057018 -0.1115429 0.1840393
v -0.4095029 -0.1097786 0.1867322
v -0.4206284 -0.1016423 0.2300000
v -0.4221096 -0.1019271 0.1900000
v -0.4238053 -0.1028506 0.1700000
v -0.4190012 -0.0808061 0.2120015
v -0.4107199 -0.1106152 0.1700000
v -0.4304672 -0.0792435 0.1717794
v -0.4313054 -0.0776764 0.1650000
v -0.4250430 -0.0751093 0.1747218
v -0.4206291 -0.0696290 0.1709975
v -0.4272358 -0.0726764 0.1650000
v -0.4222358 -0.0687241 0.1650000
v -0.4114050 -0.0789967 0.2350000
v -0.4122200 -0.0787387 0.2250000
v -0.4135173 -0.0783045 0.2150000
v -0.4156911 -0.0777336 0.2054019
v -0.4150000 -0.0752738 0.1950000
v -0.4150000 -0.0728792 0.1850000
v -0.4150000 -0.0707387 0.1782246
v -0.4150000 -0.0689468 0.1732246
v -0.4150000 -0.0664727 0.1650000
v -0.4050000 -0.0766852 0.2350000
v -0.4050000 -0.0765060 0.2250000
v -0.4050000 -0.0759248 0.2150000
v -0.4050000 -0.0747957 0.2050000
v -0.4050000 -0.0730630 0.1950000
v -0.4059496 -0.0708765 0.1847604
v -0.4032493 -0.0696235 0.1812673
v -0.4099159 -0.0700099 0.1799686
v -0.4059496 -0.0683357 0.1759812
v -0.4050000 -0.0651783 0.1650000
v -0.4207364 -0.0793988 0.2023364
v -0.4225714 -0.0778936 0.1900000
v -0.4321803 -0.0943396 0.1550000
v -0.4344975 -0.0850000 0.1550000
v -0.4326716 -0.0946250 0.1450000
v -0.4356657 -0.0850000 0.1450000
v -0.4329459 -0.0945636 0.1350000
v -0.4362524 -0.0850000 0.1350000
v -0.4320103 -0.0930196 0.1250000
v -0.4344302 -0.0850000 0.1250000
v -0.4306989 -0.0911152 0.1184703
v -0.4312695 -0.0850000 0.1171704
v -0.4294534 -0.0993396 0.1550000
v -0.4296223 -0.0996250 0.1450000
v -0.4294174 -0.0995636 0.1350000
v -0.4278224 -0.0980196 0.1250000
v -0.4250787 -0.0954375 0.1146152
v -0.4289858 -0.0850000 0.1121704
v -0.4225452 -0.0932502 0.1050000
v -0.4257590 -0.0850000 0.1050000
v -0.4209270 -0.0912405 0.0974227
v -0.4217000 -0.0851636 0.0944536
v -0.4217338 -0.0827662 0.0850000
v -0.4122411 -0.1115169 0.1550000
v -0.4172411 -0.1081017 0.1550000
v -0.4124049 -0.1118221 0.1450000
v -0.4174049 -0.1080300 0.1450000
v -0.4164684 -0.0947443 0.0944536
v -0.4197273 -0.0886060 0.0907560
v -0.4142532 -0.0950000 0.0850000
v -0.4190738 -0.0877662 0.0850000
v -0.4050000 -0.1153617 0.1550000
v -0.4050000 -0.1162045 0.1450000
v -0.4245378 -0.1030659 0.1500000
v -0.4236199 -0.1020828 0.1300000
v -0.4210242 -0.1006439 0.1174268
v -0.4103878 -0.1105514 0.1294726
v -0.4074211 -0.1071155 0.1103236
v -0.4187568 -0.0990050 0.1078801
v -0.4077424 -0.1022411 0.0900000
v -0.4789905 -0.0109936 0.1507218
v -0.4779651 -0.0050000 0.1514575
v -0.4747782 -0.0152740 0.1448173
v -0.4729651 -0.0050000 0.1478566
v -0.4794900 -0.0301391 0.1302421
v -0.4750280 -0.0251884 0.1349682
v -0.4756940 -0.0314516 0.1248385
v -0.4728234 -0.0291248 0.1280642
v -0.4750000 -0.0348030 0.1150000
v -0.4750000 -0.0368664 0.1050000
v -0.4750000 -0.0377453 0.0950000
v -0.4750000 -0.0376786 0.0850000
v -0.4650000 -0.0142146 0.1422645
v -0.4650000 -0.0050000 0.1440949
v -0.4650000 -0.0226638 0.1341856
v -0.4689333 -0.0305988 0.1213976
v -0.4653600 -0.0274171 0.1248385
v -0.4670003 -0.0317446 0.1150000
v -0.4620003 -0.0289337 0.1150000
v -0.4642403 -0.0329299 0.1055056
v -0.4604005 -0.0297681 0.1091760
v -0.4650000 -0.0356492 0.0950000
v -0.4650000 -0.0370569 0.0850000
v -0.4577218 -0.0127318 0.1414103
v -0.4580590 -0.0050000 0.1412383
v -0.4541869 -0.0161243 0.1357608
v -0.4525534 -0.0041635 0.1353811
v -0.4506519 -0.0195169 0.1292702
v -0.4501771 -0.0002725 0.1297271
v -0.4549855 -0.0317316 0.0945366
v -0.4516425 -0.0293449 0.0975610
v -0.4550000 -0.0350409 0.0850000
v -0.4481863 -0.0128502 0.1323019
v -0.4481863 -0.0069391 0.1323019
v -0.4448132 -0.0156338 0.1252648
v -0.4447953 -0.0044498 0.1254932
v -0.4414401 -0.0184173 0.1176631
v -0.4414043 -0.0019605 0.1177999
v -0.4407812 -0.0550000 0.0912996
v -0.4416527 -0.0450000 0.0925989
v -0.4447764 -0.0342290 0.0930963
v -0.4450000 -0.0287242 0.0973912
v -0.4437118 -0.0550000 0.0850000
v -0.4456445 -0.0450000 0.0850000
v -0.4480095 -0.0369427 0.0850000
v -0.4319656 -0.0745950 0.1544561
v -0.4301865 -0.0698200 0.1507601
v -0.4337701 -0.0750000 0.1450000
v -0.4307760 -0.0692185 0.1450000
v -0.4348662 -0.0750000 0.1350000
v -0.4315597 -0.0683316 0.1350000
v -0.4338495 -0.0750000 0.1250000
v -0.4314296 -0.0684172 0.1250000
v -0.4391472 -0.0117506 0.1212593
v -0.4391472 -0.0086272 0.1212593
v -0.4312514 -0.0750000 0.1165111
v -0.4306748 -0.0692523 0.1175911
v -0.4376744 -0.0203331 0.1109964
v -0.4361860 -0.0150504 0.1145978
v -0.4361594 -0.0051763 0.1146799
v -0.4314753 -0.0627376 0.1019604
v -0.4326931 -0.0550000 0.1035149
v -0.4333986 -0.0450000 0.1045294
v -0.4336633 -0.0350000 0.1047968
v -0.4350715 -0.0246435 0.1064668
v -0.4308722 -0.0150000 0.1097837
v -0.4308389 -0.0050000 0.1097070
v -0.4307233 -0.0706334 0.0921671
v -0.4344326 -0.0648067 0.0945368
v -0.4386633 -0.0350000 0.0981996
v -0.4391352 -0.0289540 0.0989606
v -0.4322487 -0.0721783 0.0850000
v -0.4372487 -0.0666109 0.0850000
v -0.4290187 -0.0709917 0.1574268
v -0.4254112 -0.0677448 0.1544561
v -0.4250000 -0.0653056 0.1450000
v -0.4250000 -0.0637069 0.1350000
v -0.4243006 -0.0628152 0.1254849
v -0.4294547 -0.0750000 0.1115111
v -0.4275411 -0.0655513 0.1145547
v -0.4233693 -0.0550189 0.1156815
v -0.4245911 -0.0450000 0.1144772
v -0.4248230 -0.0350000 0.1146271
v -0.4247050 -0.0250000 0.1143834
v -0.4247316 -0.0150000 0.1141597
v -0.4246281 -0.0050000 0.1140087
v -0.4278182 -0.0750000 0.1050000
v -0.4290689 -0.0656426 0.1051763
v -0.4288358 -0.0550000 0.1085149
v -0.4295911 -0.0450000 0.1095294
v -0.4298230 -0.0350000 0.1097967
v -0.4297050 -0.0250000 0.1097002
v -0.4297316 -0.0150000 0.1097837
v -0.4296281 -0.0050000 0.1097070
v -0.4269722 -0.0743800 0.0953003
v -0.4297140 -0.0694043 0.0988338
v -0.4267338 -0.0771783 0.0850000
v -0.4150000 -0.0637790 0.1550000
v -0.4142247 -0.0612213 0.1441377
v -0.4103744 -0.0599537 0.1402296
v -0.4124820 -0.0587804 0.1350000
v -0.4161675 -0.0550592 0.1256127
v -0.4144002 -0.0450000 0.1232805
v -0.4194000 -0.0516982 0.1194692
v -0.4194002 -0.0450000 0.1194772
v -0.4050000 -0.0628653 0.1550000
v -0.4050000 -0.0608890 0.1457891
v -0.4050000 -0.0597552 0.1407891
v -0.4047115 -0.0548563 0.1344307
v -0.4020011 -0.0450000 0.1311430
v -0.4078524 -0.0517535 0.1287506
v -0.4070010 -0.0450000 0.1282805
v -0.4772326 -0.0212519 0.1413589
v -0.4677830 -0.0193845 0.1394399
v -0.4532722 -0.0215154 0.1269063
v -0.4516318 -0.0265227 0.1085225
v -0.4406045 -0.0609100 0.0876199
v -0.4205011 -0.0583649 0.1224748
v -0.4380459 -0.0500000 0.0969492
v -0.4185418 -0.0602555 0.1320707
v -0.4076710 -0.0300000 0.1274800
v -0.4069545 -0.0100000 0.1270414
v -0.4194134 -0.0300000 0.1195053
v -0.4188599 -0.0100000 0.1190842
v -0.4227978 -0.0827201 0.0150000
v -0.4202169 -0.0905729 0.0008532
v -0.4221169 -0.0852162 0.0045119
v -0.4100932 -0.1000952 0.0750000
v -0.4101348 -0.1001713 0.0650000
v -0.4102362 -0.1003231 0.0550000
v -0.4124970 -0.0950000 0.0550000
v -0.4172609 -0.0874479 0.0550000
v -0.4104486 -0.1006966 0.0450000
v -0.4128222 -0.0950000 0.0450000
v -0.4173736 -0.0875454 0.0450000
v -0.4106959 -0.1012438 0.0350000
v -0.4133165 -0.0950000 0.0350000
v -0.4176207 -0.0876128 0.0350000
v -0.4110719 -0.1020096 0.0250000
v -0.4138874 -0.0950000 0.0250000
v -0.4178155 -0.0874920 0.0250000
v -0.4118598 -0.1030855 0.0150000
v -0.4153862 -0.0950000 0.0150000
v -0.4185264 -0.0877201 0.0150000
v -0.4128466 -0.1039865 0.0050000
v -0.4179039 -0.0943437 0.0045119
v -0.4193776 -0.0886937 0.0075199
v -0.4050000 -0.1042862 0.0750000
v -0.4001921 -0.1101727 0.0612447
v -0.4041153 -0.1059645 0.0647468
v -0.4005905 -0.1105480 0.0550000
v -0.4055905 -0.1053231 0.0550000
v -0.4013146 -0.1112339 0.0450000
v -0.4063146 -0.1056966 0.0450000
v -0.4021357 -0.1120502 0.0350000
v -0.4071357 -0.1062438 0.0350000
v -0.4028832 -0.1128070 0.0250000
v -0.4078832 -0.1070096 0.0250000
v -0.4035364 -0.1133591 0.0150000
v -0.4085364 -0.1080855 0.0150000
v -0.4040930 -0.1137782 0.0050000
v -0.4090930 -0.1089865 0.0050000
v -0.4239669 -0.0824893 0.0700000
v -0.4248719 -0.0824967 0.0500000
v -0.4242870 -0.0825524 0.0300000
v -0.4153971 -0.0912446 0.0700000
v -0.4750000 -0.0371648 0.0750000
v -0.4750000 -0.0363005 0.0650000
v -0.4750000 -0.0345402 0.0550000
v -0.4754272 -0.0318947 0.0449197
v -0.4790454 -0.0295899 0.0415328
v -0.4718788 -0.0307055 0.0350000
v -0.4768788 -0.0286217 0.0350000
v -0.4701264 -0.0300461 0.0298073
v -0.4740758 -0.0271706 0.0258844
v -0.4756022 -0.0231028 0.0148036
v -0.4793370 -0.0188591 0.0113394
v -0.4728091 -0.0219677 0.0050000
v -0.4780085 -0.0153154 0.0046173
v -0.4796019 -0.0085172 0.0010288
v -0.4650000 -0.0373240 0.0750000
v -0.4650000 -0.0371053 0.0650000
v -0.4650000 -0.0362435 0.0550000
v -0.4650000 -0.0340544 0.0450000
v -0.4657356 -0.0311211 0.0346890
v -0.4628926 -0.0296595 0.0311483
v -0.4695593 -0.0300461 0.0298073
v -0.4657356 -0.0288328 0.0258844
v -0.4650000 -0.0266235 0.0150000
v -0.4650000 -0.0245341 0.0050000
v -0.4504543 -0.0510635 0.0713210
v -0.4510930 -0.0450000 0.0722875
v -0.4546018 -0.0378636 0.0750374
v -0.4510743 -0.0522683 0.0650000
v -0.4532793 -0.0450000 0.0650000
v -0.4572050 -0.0379959 0.0650000
v -0.4579466 -0.0379287 0.0550000
v -0.4578238 -0.0370218 0.0450000
v -0.4578054 -0.0345567 0.0346890
v -0.4596356 -0.0296595 0.0311483
v -0.4559710 -0.0350000 0.0250000
v -0.4589771 -0.0291146 0.0250000
v -0.4539972 -0.0350000 0.0150000
v -0.4578903 -0.0283526 0.0150000
v -0.4514990 -0.0353981 0.0045828
v -0.4565609 -0.0275664 0.0050000
v -0.4476874 -0.0546381 0.0747926
v -0.4489918 -0.0450000 0.0772875
v -0.4493853 -0.0388753 0.0783957
v -0.4486488 -0.0572683 0.0650000
v -0.4401436 -0.0701577 0.0194114
v -0.4421678 -0.0653932 0.0156469
v -0.4415891 -0.0625770 0.0050000
v -0.4498305 -0.0389969 0.0009713
v -0.4341643 -0.0739825 0.0750000
v -0.4391643 -0.0688995 0.0750000
v -0.4359665 -0.0742198 0.0658543
v -0.4399441 -0.0699272 0.0697572
v -0.4350000 -0.0762507 0.0550000
v -0.4350000 -0.0764503 0.0450000
v -0.4355280 -0.0729380 0.0156469
v -0.4392132 -0.0689887 0.0127448
v -0.4330699 -0.0727199 0.0050000
v -0.4380699 -0.0675770 0.0050000
v -0.4284828 -0.0789825 0.0750000
v -0.4294509 -0.0797080 0.0650000
v -0.4298265 -0.0799180 0.0550000
v -0.4299172 -0.0799598 0.0450000
v -0.4277978 -0.0785543 0.0150000
v -0.4274834 -0.0777199 0.0050000
v -0.4421944 -0.0668705 0.0679816
v -0.4432767 -0.0682058 0.0500000
v -0.4517404 -0.0522007 0.0500000
v -0.4428985 -0.0680277 0.0300000
v -0.4510971 -0.0516650 0.0300000
v -0.4490848 -0.0485795 0.0112070
v -0.4321435 -0.0776238 0.0300000
v -0.3905192 -0.1226786 0.3204426
v -0.3912379 -0.1150000 0.3211063
v -0.3916749 -0.1050000 0.3214732
v -0.3911018 -0.0970462 0.3209318
v -0.3829113 -0.1350000 0.3218244
v -0.3858961 -0.1256071 0.3225188
v -0.3850000 -0.1150000 0.3242512
v -0.3850000 -0.1050000 0.3248281
v -0.3858733 -0.0942277 0.3228314
v -0.3832075 -0.0850000 0.3217037
v -0.3750000 -0.1350000 0.3247311
v -0.3750000 -0.1250000 0.3267989
v -0.3750000 -0.0950000 0.3267373
v -0.3750000 -0.0850000 0.3242162
v -0.3650000 -0.1350000 0.3259895
v -0.3650000 -0.1250000 0.3279597
v -0.3650000 -0.0950000 0.3277627
v -0.3650000 -0.0850000 0.3249529
v -0.3550000 -0.1425951 0.3225241
v -0.3550000 -0.1350000 0.3260719
v -0.3550000 -0.1250000 0.3275676
v -0.3550000 -0.1150000 0.3284458
v -0.3550000 -0.1050000 0.3283017
v -0.3550000 -0.0950000 0.3270019
v -0.3550000 -0.0850000 0.3239759
v -0.3450000 -0.1415655 0.3214687
v -0.3450000 -0.1350000 0.3242401
v -0.3450000 -0.1250000 0.3259066
v -0.3450000 -0.1150000 0.3264385
v -0.3450000 -0.1050000 0.3257903
v -0.3450000 -0.0950000 0.3242628
v -0.3458414 -0.0855469 0.3215230
v -0.3377061 -0.1350000 0.3212511
v -0.3343595 -0.1253427 0.3222473
v -0.3350000 -0.1150000 0.3233351
v -0.3345522 -0.1049397 0.3218850
v -0.3290638 -0.1222379 0.3206568
v -0.3288526 -0.1150000 0.3208278
v -0.3294063 -0.1082329 0.3204469
v -0.3807215 -0.1405283 0.3205979
v -0.3700000 -0.1417829 0.3218917
v -0.3700000 -0.1100000 0.3284324
v -0.3396757 -0.1402519 0.3202387
v -0.3383803 -0.0921224 0.3208089
v -0.3750000 -0.0785437 0.3213406
v -0.3650000 -0.0784489 0.3215483
v -0.3550000 -0.0792052 0.3208497
v -0.3497357 -0.0798499 0.3201707
v -0.3811545 -0.0792169 0.3206853
v -0.3918061 -0.1321199 0.3131382
v -0.3931545 -0.1256071 0.3158830
v -0.3967497 -0.1146162 0.3141683
v -0.3966749 -0.1050000 0.3157454
v -0.3950922 -0.0945700 0.3152737
v -0.3922300 -0.0850000 0.3130745
v -0.3931036 -0.1331175 0.3050000
v -0.3982423 -0.1251389 0.3054523
v -0.3995990 -0.1176937 0.3090873
v -0.3990827 -0.0920937 0.3075518
v -0.3966209 -0.0857014 0.3045311
v -0.3930582 -0.1323811 0.2950000
v -0.3980581 -0.1279213 0.2950000
v -0.3914784 -0.1309429 0.2850000
v -0.3964784 -0.1276079 0.2850000
v -0.3902256 -0.1301191 0.2796887
v -0.3941354 -0.1265564 0.2758132
v -0.3950000 -0.1235383 0.2650000
v -0.3950000 -0.1222844 0.2550000
v -0.3950000 -0.1208315 0.2471085
v -0.3950000 -0.1191785 0.2421085
v -0.3818947 -0.1411890 0.3150000
v -0.3874119 -0.1352719 0.3158830
v -0.3898269 -0.1293453 0.3198049
v -0.3897888 -0.0903796 0.3198341
v -0.3882075 -0.0850000 0.3180745
v -0.3820272 -0.1411124 0.3050000
v -0.3870272 -0.1381175 0.3050000
v -0.3845389 -0.1372670 0.2954230
v -0.3850000 -0.1333986 0.2850000
v -0.3850000 -0.1308424 0.2779864
v -0.3850000 -0.1287571 0.2729864
v -0.3850000 -0.1247694 0.2650000
v -0.3849037 -0.1210382 0.2551798
v -0.3815062 -0.1196894 0.2519663
v -0.3881729 -0.1203807 0.2490512
v -0.3849037 -0.1184757 0.2454307
v -0.3750000 -0.1434751 0.3150000
v -0.3750000 -0.1434619 0.3050000
v -0.3750000 -0.1391265 0.2919311
v -0.3750000 -0.1357487 0.2850000
v -0.3750000 -0.1316221 0.2765824
v -0.3750000 -0.1291456 0.2715824
v -0.3744523 -0.1234719 0.2640549
v -0.3707539 -0.1199237 0.2600915
v -0.3704858 -0.0803301 0.2608131
v -0.3744523 -0.1188153 0.2551798
v -0.3713575 -0.0811957 0.2550000
v -0.3750000 -0.1152596 0.2450000
v -0.3728875 -0.0830014 0.2450000
v -0.3650000 -0.1451068 0.3150000
v -0.3650000 -0.1451546 0.3050000
v -0.3650000 -0.1397226 0.2904574
v -0.3650000 -0.1359060 0.2850000
v -0.3650000 -0.1311833 0.2778810
v -0.3650000 -0.1279249 0.2728810
v -0.3617855 -0.0811956 0.2726872
v -0.3650000 -0.1229249 0.2666788
v -0.3650000 -0.1179169 0.2616788
v -0.3600754 -0.0901357 0.2601063
v -0.3642638 -0.0840962 0.2637931
v -0.3649543 -0.1133809 0.2555666
v -0.3615382 -0.1050000 0.2525856
v -0.3613472 -0.0940814 0.2545020
v -0.3663386 -0.0861957 0.2550000
v -0.3685977 -0.1114241 0.2450000
v -0.3654252 -0.1050000 0.2450000
v -0.3653113 -0.0950000 0.2450000
v -0.3684837 -0.0880014 0.2450000
v -0.3550000 -0.1456155 0.3150000
v -0.3550000 -0.1444473 0.3050000
v -0.3550000 -0.1414270 0.2973709
v -0.3550000 -0.1385018 0.2923709
v -0.3513610 -0.0808460 0.2925174
v -0.3555375 -0.1330529 0.2849866
v -0.3525625 -0.1274626 0.2816443
v -0.3532473 -0.0824372 0.2850000
v -0.3592291 -0.1304190 0.2793580
v -0.3556266 -0.1243454 0.2759854
v -0.3515223 -0.1150000 0.2719662
v -0.3500058 -0.1099677 0.2700090
v -0.3509277 -0.0919453 0.2715885
v -0.3552816 -0.0851329 0.2754712
v -0.3586906 -0.1212283 0.2688134
v -0.3569434 -0.1143793 0.2652881
v -0.3528309 -0.1059806 0.2655517
v -0.3547154 -0.0943738 0.2646796
v -0.3575944 -0.0878622 0.2667730
v -0.3595425 -0.1106321 0.2592776
v -0.3585342 -0.1050000 0.2575857
v -0.3450000 -0.1437776 0.3150000
v -0.3436274 -0.0825219 0.3150000
v -0.3454587 -0.1419489 0.3048406
v -0.3434594 -0.0817282 0.3050000
v -0.3490978 -0.1402987 0.2994211
v -0.3452848 -0.1352522 0.2953595
v -0.3414717 -0.1275878 0.2912979
v -0.3457071 -0.0832978 0.2955104
v -0.3481384 -0.1316041 0.2883109
v -0.3454877 -0.1241919 0.2855763
v -0.3430818 -0.1150000 0.2832384
v -0.3417501 -0.1050000 0.2822621
v -0.3425861 -0.0950000 0.2834542
v -0.3454320 -0.0878281 0.2858394
v -0.3495036 -0.1207959 0.2792794
v -0.3480818 -0.1150000 0.2769663
v -0.3470878 -0.1059806 0.2740054
v -0.3477566 -0.0951672 0.2749531
v -0.3490534 -0.0890703 0.2782552
v -0.3494795 -0.1033010 0.2692528
v -0.3494795 -0.0986119 0.2692528
v -0.3384708 -0.1409828 0.3150000
v -0.3331361 -0.1350865 0.3155669
v -0.3305992 -0.1289045 0.3192781
v -0.3309203 -0.1015662 0.3193697
v -0.3325776 -0.0950000 0.3175293
v -0.3355099 -0.0877551 0.3144016
v -0.3382854 -0.1410585 0.3080676
v -0.3344931 -0.1353556 0.3044651
v -0.3307008 -0.1282175 0.3008626
v -0.3300126 -0.1000584 0.3000234
v -0.3308670 -0.0950000 0.3017693
v -0.3346860 -0.0871201 0.3054014
v -0.3373675 -0.1322336 0.2979645
v -0.3351045 -0.1245693 0.2954133
v -0.3334345 -0.1150000 0.2938716
v -0.3322858 -0.1040350 0.2953801
v -0.3347600 -0.0950000 0.2950000
v -0.3382061 -0.0884877 0.2950000
v -0.3395081 -0.1209211 0.2895084
v -0.3384345 -0.1150000 0.2882384
v -0.3378478 -0.1050000 0.2872621
v -0.3388930 -0.0950000 0.2884542
v -0.3397981 -0.0897972 0.2897323
v -0.3287860 -0.1318109 0.3126114
v -0.3270408 -0.1253427 0.3155669
v -0.3247977 -0.1150000 0.3150000
v -0.3270860 -0.1049397 0.3156218
v -0.3284715 -0.0950000 0.3125293
v -0.3296003 -0.0895626 0.3106693
v -0.3287860 -0.1318109 0.3075293
v -0.3273399 -0.1249305 0.3045176
v -0.3250728 -0.1150000 0.3050000
v -0.3270069 -0.1040350 0.3040141
v -0.3284715 -0.0950000 0.3067693
v -0.3296003 -0.0895626 0.3090023
v -0.3295623 -0.1215509 0.2995287
v -0.3291276 -0.1150000 0.2988716
v -0.3292746 -0.1067251 0.2989668
v -0.3808982 -0.1404260 0.2990384
v -0.3980877 -0.0825450 0.2913374
v -0.3700000 -0.1418002 0.2961942
v -0.3774205 -0.1202590 0.2586330
v -0.3424311 -0.1389003 0.3014010
v -0.3585031 -0.0968024 0.2575033
v -0.3905572 -0.0794267 0.3109319
v -0.3914641 -0.0786299 0.3050000
v -0.3925301 -0.0777917 0.2950000
v -0.3951872 -0.0778555 0.2846048
v -0.3950000 -0.0758820 0.2750000
v -0.3950000 -0.0735708 0.2650000
v -0.3950000 -0.0727826 0.2550000
v -0.3950000 -0.0737309 0.2450000
v -0.3846927 -0.0778976 0.3145592
v -0.3850000 -0.0753670 0.3050000
v -0.3850000 -0.0742925 0.2950000
v -0.3850000 -0.0742370 0.2850000
v -0.3850000 -0.0749605 0.2750000
v -0.3850000 -0.0745834 0.2650000
v -0.3850000 -0.0741165 0.2550000
v -0.3850000 -0.0751518 0.2450000
v -0.3750000 -0.0752143 0.3150000
v -0.3750000 -0.0730738 0.3050000
v -0.3750000 -0.0725326 0.2950000
v -0.3750000 -0.0728892 0.2850000
v -0.3750000 -0.0749094 0.2750000
v -0.3742915 -0.0775879 0.2644879
v -0.3650000 -0.0753703 0.3150000
v -0.3650000 -0.0735323 0.3050000
v -0.3650000 -0.0737042 0.2950000
v -0.3650000 -0.0752686 0.2850000
v -0.3650713 -0.0780091 0.2756123
v -0.3684522 -0.0791148 0.2674798
v -0.3550000 -0.0773452 0.3150000
v -0.3550000 -0.0765086 0.3050000
v -0.3486274 -0.0793872 0.3150000
v -0.3484594 -0.0793130 0.3050000
v -0.3771225 -0.0781518 0.2500000
v -0.3541919 -0.0788859 0.2932315
v -0.3596354 -0.0797351 0.2793539
v -0.3950000 -0.1171919 0.2350000
v -0.3950000 -0.1157564 0.2250000
v -0.3950000 -0.1151070 0.2150000
v -0.3950000 -0.1145549 0.2050000
v -0.3950000 -0.1142030 0.1950000
v -0.3950000 -0.1143218 0.1850000
v -0.3950000 -0.1154209 0.1750000
v -0.3950000 -0.1169480 0.1650000
v -0.3850000 -0.1151989 0.2350000
v -0.3801803 -0.0801275 0.2305249
v -0.3850000 -0.1137570 0.2250000
v -0.3802552 -0.0801781 0.2250000
v -0.3850000 -0.1138089 0.2150000
v -0.3850000 -0.1137333 0.2050000
v -0.3850000 -0.1134805 0.1950000
v -0.3850000 -0.1136620 0.1850000
v -0.3850000 -0.1149831 0.1750000
v -0.3850000 -0.1167719 0.1650000
v -0.3751245 -0.1120177 0.2358477
v -0.3718742 -0.1067510 0.2330795
v -0.3705162 -0.0930919 0.2318623
v -0.3748544 -0.0847660 0.2345269
v -0.3780715 -0.1115338 0.2250000
v -0.3724775 -0.1040506 0.2249596
v -0.3706392 -0.0958552 0.2249596
v -0.3757736 -0.0851782 0.2250000
v -0.3785048 -0.1112895 0.2150000
v -0.3736072 -0.1050000 0.2150000
v -0.3709508 -0.0950000 0.2150000
v -0.3766529 -0.0840660 0.2145305
v -0.3786387 -0.1111672 0.2050000
v -0.3729725 -0.1040943 0.2049559
v -0.3706292 -0.0955485 0.2049559
v -0.3753825 -0.0850000 0.2050000
v -0.3785798 -0.1111164 0.1950000
v -0.3735798 -0.1054989 0.1950000
v -0.3702910 -0.0923154 0.1950000
v -0.3742497 -0.0850000 0.1950000
v -0.3783221 -0.1112655 0.1850000
v -0.3733221 -0.1061903 0.1850000
v -0.3700580 -0.0905063 0.1897732
v -0.3717898 -0.0846940 0.1858639
v -0.3772922 -0.1119971 0.1750000
v -0.3722922 -0.1074796 0.1750000
v -0.3705871 -0.0811567 0.1789423
v -0.3746001 -0.1125316 0.1644585
v -0.3710002 -0.1088939 0.1674308
v -0.3698731 -0.1101530 0.2397462
v -0.3690876 -0.1040506 0.2358477
v -0.3689251 -0.0958552 0.2351174
v -0.3696023 -0.0894044 0.2385290
v -0.3699633 -0.1000843 0.2282660
v -0.3699633 -0.0997586 0.2282660
v -0.3699125 -0.1001571 0.2015932
v -0.3699125 -0.0992475 0.2015932
v -0.3697091 -0.1004989 0.1950000
v -0.3697091 -0.0973154 0.1950000
v -0.3692459 -0.1011903 0.1850000
v -0.3689472 -0.0943038 0.1858639
v -0.3692508 -0.0878234 0.1831065
v -0.3683843 -0.1024796 0.1750000
v -0.3664824 -0.0950000 0.1750000
v -0.3678907 -0.0846940 0.1753654
v -0.3697346 -0.1102446 0.1607641
v -0.3674420 -0.1053363 0.1644585
v -0.3631924 -0.0950000 0.1650000
v -0.3635752 -0.0850000 0.1650000
v -0.3801599 -0.0801101 0.2175509
v -0.3950000 -0.0748748 0.2350000
v -0.3950000 -0.0752264 0.2250000
v -0.3950000 -0.0751235 0.2150000
v -0.3950000 -0.0744995 0.2050000
v -0.3950000 -0.0730900 0.1950000
v -0.3950000 -0.0711379 0.1866180
v -0.3950000 -0.0694718 0.1816180
v -0.3950000 -0.0674472 0.1750000
v -0.3950000 -0.0648773 0.1650000
v -0.3841082 -0.0773811 0.2343149
v -0.3852552 -0.0774592 0.2250000
v -0.3840960 -0.0779823 0.2145305
v -0.3850000 -0.0770737 0.2050000
v -0.3850000 -0.0759385 0.1950000
v -0.3854944 -0.0727553 0.1845340
v -0.3891574 -0.0696723 0.1808900
v -0.3824907 -0.0711261 0.1773043
v -0.3854944 -0.0688543 0.1743826
v -0.3850000 -0.0662031 0.1650000
v -0.3750601 -0.0749246 0.1747899
v -0.3795330 -0.0697537 0.1706376
v -0.3723553 -0.0716764 0.1650000
v -0.3773553 -0.0687555 0.1650000
v -0.3690203 -0.0787230 0.1722756
v -0.3673843 -0.0766764 0.1650000
v -0.3508064 -0.0607766 0.1709632
v -0.3520077 -0.0550000 0.1725524
v -0.3519206 -0.0450000 0.1725240
v -0.3506903 -0.0393330 0.1709253
v -0.3513518 -0.0612783 0.1650000
v -0.3541739 -0.0550000 0.1650000
v -0.3526719 -0.0440400 0.1641290
v -0.3506903 -0.0393330 0.1668817
v -0.3420981 -0.0524601 0.1811201
v -0.3420981 -0.0471614 0.1811201
v -0.3450000 -0.0619746 0.1727551
v -0.3452589 -0.0554761 0.1776681
v -0.3452589 -0.0442968 0.1778532
v -0.3450000 -0.0379080 0.1729864
v -0.3450000 -0.0647058 0.1650000
v -0.3499368 -0.0400667 0.1602150
v -0.3459621 -0.0369611 0.1641290
v -0.3350000 -0.0523809 0.1810403
v -0.3350000 -0.0471423 0.1810403
v -0.3350000 -0.0624679 0.1734766
v -0.3350000 -0.0573809 0.1784766
v -0.3350000 -0.0421423 0.1789579
v -0.3350000 -0.0374472 0.1739579
v -0.3350000 -0.0661738 0.1650000
v -0.3350000 -0.0342709 0.1650000
v -0.3295536 -0.0507144 0.1802670
v -0.3295536 -0.0490283 0.1802670
v -0.3278590 -0.0614343 0.1719251
v -0.3253729 -0.0542874 0.1746194
v -0.3254964 -0.0456857 0.1747671
v -0.3281058 -0.0387186 0.1722206
v -0.3259884 -0.0627463 0.1650000
v -0.3209884 -0.0581947 0.1650000
v -0.3216620 -0.0425816 0.1650000
v -0.3266620 -0.0375693 0.1650000
v -0.3791925 -0.0793868 0.2371916
v -0.3798149 -0.0798592 0.2079421
v -0.3780763 -0.0784737 0.1900000
v -0.3950000 -0.1183988 0.1550000
v -0.3916498 -0.1202439 0.1429979
v -0.3949899 -0.1194894 0.1457988
v -0.3912818 -0.1201917 0.1350000
v -0.3962818 -0.1192517 0.1350000
v -0.3900593 -0.1200117 0.1297309
v -0.3940356 -0.1185678 0.1258385
v -0.3950000 -0.1165676 0.1150000
v -0.3956891 -0.1135509 0.1046821
v -0.3994819 -0.1095863 0.1011367
v -0.3850000 -0.1183033 0.1550000
v -0.3878485 -0.1202439 0.1429979
v -0.3847091 -0.1195352 0.1457988
v -0.3847091 -0.1203530 0.1354220
v -0.3811818 -0.1198613 0.1390366
v -0.3856713 -0.1206096 0.1258385
v -0.3894521 -0.1198625 0.1230642
v -0.3885294 -0.1195945 0.1150000
v -0.3869837 -0.1188265 0.1050000
v -0.3750000 -0.1146838 0.1550000
v -0.3750000 -0.1168125 0.1450000
v -0.3775577 -0.1203327 0.1323699
v -0.3745346 -0.1191351 0.1354220
v -0.3745346 -0.1208154 0.1254894
v -0.3708910 -0.1198680 0.1291491
v -0.3750000 -0.1217049 0.1150000
v -0.3750000 -0.1221257 0.1050000
v -0.3688638 -0.1109345 0.1550000
v -0.3635618 -0.1043265 0.1545492
v -0.3606193 -0.0950000 0.1581151
v -0.3606499 -0.0850000 0.1590298
v -0.3652502 -0.1119347 0.1440700
v -0.3620837 -0.1072108 0.1467833
v -0.3650000 -0.1152339 0.1350000
v -0.3686544 -0.1203547 0.1224824
v -0.3651926 -0.1185016 0.1254894
v -0.3651926 -0.1210272 0.1150518
v -0.3650000 -0.1230909 0.1050000
v -0.3596970 -0.1005441 0.1509153
v -0.3586915 -0.0950000 0.1531151
v -0.3577480 -0.0850000 0.1540298
v -0.3599319 -0.1100605 0.1401166
v -0.3586131 -0.1043265 0.1440700
v -0.3549250 -0.0950000 0.1450000
v -0.3523494 -0.0855736 0.1447383
v -0.3583645 -0.1112110 0.1350000
v -0.3535274 -0.1047280 0.1345404
v -0.3512336 -0.0950000 0.1378528
v -0.3502517 -0.0892893 0.1395698
v -0.3547325 -0.1132125 0.1250146
v -0.3512208 -0.1078800 0.1283576
v -0.3545476 -0.1181168 0.1150518
v -0.3509128 -0.1197280 0.1093899
v -0.3550000 -0.1249711 0.0950000
v -0.3550000 -0.1271488 0.0850000
v -0.3485153 -0.0826226 0.1412306
v -0.3494591 -0.1012134 0.1309007
v -0.3480472 -0.0950000 0.1328528
v -0.3448929 -0.0856248 0.1357242
v -0.3488799 -0.1110529 0.1216909
v -0.3472020 -0.1047280 0.1250146
v -0.3426363 -0.0956621 0.1251492
v -0.3412705 -0.0886269 0.1285820
v -0.3453279 -0.1126298 0.1141851
v -0.3419082 -0.1050000 0.1174233
v -0.3444267 -0.1177451 0.1056340
v -0.3444267 -0.1226157 0.0956420
v -0.3450000 -0.1264960 0.0850000
v -0.3350000 -0.0823866 0.1324469
v -0.3350000 -0.0926608 0.1221106
v -0.3350000 -0.0873866 0.1271106
v -0.3397820 -0.1102688 0.1103086
v -0.3373603 -0.1050000 0.1124233
v -0.3340191 -0.0981163 0.1157535
v -0.3377654 -0.1123854 0.1050000
v -0.3322314 -0.1056486 0.1059811
v -0.3300318 -0.0999795 0.1099685
v -0.3375555 -0.1213356 0.0927367
v -0.3340637 -0.1160648 0.0960214
v -0.3305719 -0.1094144 0.0993061
v -0.3345333 -0.1231402 0.0854693
v -0.3308889 -0.1192178 0.0891154
v -0.3250000 -0.0818801 0.1319558
v -0.3250000 -0.0915318 0.1216902
v -0.3250000 -0.0868801 0.1266902
v -0.3250000 -0.0964641 0.1150000
v -0.3250000 -0.1028847 0.1048223
v -0.3250000 -0.0999323 0.1098223
v -0.3274893 -0.1125512 0.0926394
v -0.3244936 -0.1079750 0.0955836
v -0.3278275 -0.1214604 0.0824488
v -0.3243251 -0.1157028 0.0857669
v -0.3208226 -0.1094453 0.0890851
v -0.3827565 -0.1207228 0.1100000
v -0.3814191 -0.1207865 0.0900000
v -0.3927689 -0.1131047 0.0900000
v -0.3619877 -0.1194138 0.1184196
v -0.3700000 -0.1240769 0.0900000
v -0.3531683 -0.1211608 0.1067034
v -0.3403310 -0.0994369 0.1195892
v -0.3407112 -0.1195784 0.0994033
v -0.3950000 -0.0583794 0.1422234
v -0.3950000 -0.0533794 0.1374836
v -0.3950000 -0.0450000 0.1349742
v -0.3850180 -0.0548715 0.1430173
v -0.3823775 -0.0450000 0.1410327
v -0.3883633 -0.0514526 0.1392604
v -0.3873775 -0.0450000 0.1388312
v -0.3702741 -0.0701789 0.1597624
v -0.3741645 -0.0663461 0.1558574
v -0.3750000 -0.0614923 0.1483661
v -0.3750000 -0.0550000 0.1454998
v -0.3750000 -0.0450000 0.1441199
v -0.3750000 -0.0350000 0.1436776
v -0.3750000 -0.0250000 0.1430957
v -0.3644953 -0.0741073 0.1573108
v -0.3650000 -0.0671201 0.1525374
v -0.3607175 -0.0520824 0.1506070
v -0.3605447 -0.0450000 0.1504584
v -0.3600088 -0.0399511 0.1500041
v -0.3650000 -0.0621201 0.1491056
v -0.3644305 -0.0552494 0.1485480
v -0.3655447 -0.0450000 0.1480872
v -0.3640053 -0.0359706 0.1481603
v -0.3650000 -0.0250000 0.1471381
v -0.3582941 -0.0750000 0.1518167
v -0.3556857 -0.0649228 0.1529803
v -0.3575235 -0.0552494 0.1543642
v -0.3551354 -0.0440400 0.1563257
v -0.3556367 -0.0359706 0.1526351
v -0.3536300 -0.0250000 0.1513296
v -0.3532941 -0.0750000 0.1477582
v -0.3526198 -0.0689495 0.1491137
v -0.3596509 -0.0616093 0.1498006
v -0.3596509 -0.0587491 0.1498006
v -0.3593944 -0.0332844 0.1497667
v -0.3586300 -0.0250000 0.1495363
v -0.3450000 -0.0666345 0.1550000
v -0.3499368 -0.0400667 0.1599317
v -0.3459621 -0.0346347 0.1579983
v -0.3450000 -0.0250000 0.1540840
v -0.3451092 -0.0751583 0.1437462
v -0.3450000 -0.0689033 0.1487598
v -0.3350000 -0.0680062 0.1550000
v -0.3350000 -0.0318237 0.1583462
v -0.3350000 -0.0250000 0.1555652
v -0.3350000 -0.0726338 0.1437040
v -0.3350000 -0.0693002 0.1487040
v -0.3350000 -0.0776338 0.1374469
v -0.3240753 -0.0637978 0.1558421
v -0.3201255 -0.0597324 0.1597368
v -0.3207769 -0.0410991 0.1594257
v -0.3244661 -0.0348243 0.1580627
v -0.3250000 -0.0250000 0.1554205
v -0.3250000 -0.0720242 0.1426330
v -0.3250000 -0.0680766 0.1476330
v -0.3250000 -0.0770242 0.1369558
v -0.3900000 -0.0619486 0.1513602
v -0.3815254 -0.0300000 0.1406481
v -0.3803301 -0.0119284 0.1401353
v -0.3907627 -0.0300000 0.1364980
v -0.3899009 -0.0100785 0.1358820
v -0.3702094 -0.0100785 0.1440884
v -0.3797290 -0.0021901 0.1398900
v -0.3508476 -0.0087262 0.1503824
v -0.3418487 -0.0785972 0.1385453
v -0.3300000 -0.0100000 0.1534381
v -0.3750000 -0.1254698 0.0750000
v -0.3712330 -0.1304912 0.0617940
v -0.3747398 -0.1280986 0.0650764
v -0.3726345 -0.1311745 0.0550000
v -0.3776345 -0.1287662 0.0550000
v -0.3738852 -0.1319688 0.0450000
v -0.3788852 -0.1293235 0.0450000
v -0.3757404 -0.1321703 0.0343629
v -0.3795673 -0.1297190 0.0372716
v -0.3750000 -0.1338547 0.0250000
v -0.3750000 -0.1346856 0.0150000
v -0.3750000 -0.1348245 0.0050000
v -0.3602908 -0.1300402 0.0701525
v -0.3641745 -0.1283630 0.0740915
v -0.3641745 -0.1307463 0.0650764
v -0.3669575 -0.1295606 0.0684606
v -0.3650000 -0.1327045 0.0550000
v -0.3650000 -0.1343628 0.0450000
v -0.3650000 -0.1358789 0.0350000
v -0.3650000 -0.1375071 0.0250000
v -0.3642082 -0.1388928 0.0144966
v -0.3654714 -0.1388570 0.0050000
v -0.3398360 -0.1300251 0.0700928
v -0.3359016 -0.1280268 0.0740557
v -0.3359016 -0.1308194 0.0649631
v -0.3331694 -0.1294799 0.0682719
v -0.3246965 -0.1232698 0.0751807
v -0.3285074 -0.1304550 0.0616052
v -0.3251044 -0.1280108 0.0649631
v -0.3832648 -0.1224183 0.0700000
v -0.3878106 -0.1220348 0.0485620
v -0.3857351 -0.1262163 0.0291613
v -0.3870656 -0.1270498 0.0100000
v -0.3604091 -0.1400955 0.0079139
v -0.3500000 -0.1302455 0.0706802
v -0.3500000 -0.1345744 0.0500000
v -0.3482116 -0.1403912 0.0218077
v -0.3499635 -0.1383457 0.0305674
v -0.3499635 -0.1418445 0.0098742
v -0.3580900 -0.1397527 0.0174944
v -0.3283890 -0.1329083 0.0516881
v -0.3300000 -0.1410111 0.0241236
v -0.3300000 -0.1389072 0.0320618
v -0.3300000 -0.1441773 0.0100000
v -0.3937733 -0.1149810 0.0642859
v -0.3976507 -0.1179986 0.0200000
v -0.3211609 -0.1188544 0.0786346
v -0.3196007 -0.0511938 0.1706469
v -0.3196007 -0.0490098 0.1706469
v -0.3188693 -0.0531947 0.1650000
v -0.3188693 -0.0475816 0.1650000
v -0.3002137 -0.0503023 0.1703145
v -0.3003366 -0.0450000 0.1705598
v -0.3002350 -0.0395312 0.1704320
v -0.3004788 -0.0505400 0.1650000
v -0.3009194 -0.0450000 0.1650000
v -0.3004405 -0.0392571 0.1650000
v -0.2901272 -0.0405191 0.1800665
v -0.2901272 -0.0398693 0.1800665
v -0.2950000 -0.0526914 0.1724121
v -0.2940763 -0.0443115 0.1761888
v -0.2936990 -0.0363669 0.1738355
v -0.2906042 -0.0296646 0.1705723
v -0.2905775 -0.0604443 0.1630715
v -0.2943465 -0.0564037 0.1658429
v -0.2961543 -0.0342571 0.1650000
v -0.2911543 -0.0291928 0.1650000
v -0.2806710 -0.0501328 0.1800965
v -0.2844026 -0.0443115 0.1802171
v -0.2850000 -0.0396202 0.1801991
v -0.2829556 -0.0603054 0.1703687
v -0.2851466 -0.0550428 0.1749685
v -0.2873377 -0.0471858 0.1795683
v -0.2850000 -0.0346202 0.1761386
v -0.2850000 -0.0293001 0.1711386
v -0.2857734 -0.0612767 0.1658429
v -0.2896223 -0.0599528 0.1697382
v -0.2850000 -0.0280683 0.1650000
v -0.2798264 -0.0501328 0.1800965
v -0.2795652 -0.0450000 0.1802215
v -0.2793427 -0.0603054 0.1703687
v -0.2762512 -0.0541141 0.1740756
v -0.2745652 -0.0450000 0.1770180
v -0.2755718 -0.0353048 0.1745937
v -0.2782163 -0.0294022 0.1709459
v -0.2775913 -0.0612627 0.1650000
v -0.2725913 -0.0581245 0.1650000
v -0.2719955 -0.0311204 0.1650000
v -0.2769955 -0.0288755 0.1650000
v -0.2689588 -0.0514287 0.1711158
v -0.2681250 -0.0450000 0.1720180
v -0.2685413 -0.0376521 0.1715749
v -0.2676339 -0.0531245 0.1650000
v -0.2647410 -0.0450000 0.1650000
v -0.2671071 -0.0361204 0.1650000
v -0.2795939 -0.0396243 0.1801989
v -0.3150000 -0.0964835 0.1150000
v -0.3150000 -0.0998089 0.1094991
v -0.3150000 -0.1053974 0.0950000
v -0.3178075 -0.1121877 0.0824184
v -0.3146845 -0.1085723 0.0854511
v -0.3050000 -0.0957728 0.1150000
v -0.3050000 -0.0995507 0.1088770
v -0.3050000 -0.1046067 0.0950000
v -0.3050000 -0.1065862 0.0850000
v -0.2950000 -0.0945328 0.1150000
v -0.2950000 -0.0988982 0.1073879
v -0.2950000 -0.1036336 0.0950000
v -0.2950000 -0.1057370 0.0850000
v -0.2854064 -0.0924007 0.1155966
v -0.2823440 -0.0895304 0.1193277
v -0.2848431 -0.0981270 0.1045313
v -0.2848431 -0.1018838 0.0956261
v -0.2850000 -0.1048601 0.0850000
v -0.2750000 -0.0917780 0.1129503
v -0.2750000 -0.0884702 0.1179503
v -0.2750000 -0.0960884 0.1050000
v -0.2650000 -0.0909371 0.1113973
v -0.2650000 -0.0870992 0.1163973
v -0.2650000 -0.0947451 0.1050000
v -0.2550000 -0.0907181 0.1109513
v -0.2550000 -0.0860707 0.1159513
v -0.2550000 -0.0941633 0.1050000
v -0.2549326 -0.0986552 0.0943632
v -0.2515544 -0.0998317 0.0885402
v -0.2470485 -0.0905402 0.1106781
v -0.2442291 -0.0862373 0.1144069
v -0.2442291 -0.0926009 0.1059209
v -0.2403819 -0.0899243 0.1098681
v -0.2450000 -0.0973204 0.0950000
v -0.2450000 -0.0994744 0.0879313
v -0.3100000 -0.1015538 0.1041881
v -0.2915359 -0.1006457 0.1016367
v -0.2814052 -0.0997283 0.0993769
v -0.2700000 -0.1019473 0.0887878
v -0.2700000 -0.0990592 0.0975756
v -0.2527179 -0.1007863 0.0862202
v -0.3006367 -0.0859095 0.1259454
v -0.2600000 -0.0817484 0.1217584
v -0.3178682 -0.0612901 0.1530702
v -0.3150466 -0.0559571 0.1554540
v -0.3153350 -0.0446595 0.1571221
v -0.3150000 -0.0350000 0.1552782
v -0.3150000 -0.0250000 0.1543335
v -0.3150000 -0.0713830 0.1413153
v -0.3147209 -0.0647741 0.1466810
v -0.3112015 -0.0588485 0.1493812
v -0.3042549 -0.0529814 0.1547027
v -0.3055828 -0.0450000 0.1568334
v -0.3042114 -0.0356869 0.1565997
v -0.3050000 -0.0250000 0.1543695
v -0.3050000 -0.0707919 0.1406683
v -0.3050000 -0.0650000 0.1446767
v -0.3050000 -0.0584134 0.1490084
v -0.2916168 -0.0608111 0.1550000
v -0.2966168 -0.0570903 0.1550000
v -0.2976015 -0.0328116 0.1585476
v -0.2945609 -0.0255555 0.1569686
v -0.2950000 -0.0150000 0.1536367
v -0.2950000 -0.0050000 0.1519456
v -0.2950000 -0.0702716 0.1402314
v -0.2949469 -0.0643823 0.1457631
v -0.2982448 -0.0590361 0.1492967
v -0.2850000 -0.0630509 0.1550000
v -0.2850000 -0.0237682 0.1567191
v -0.2850000 -0.0150000 0.1522927
v -0.2853480 -0.0056250 0.1505833
v -0.2896619 -0.0700327 0.1400332
v -0.2857971 -0.0671914 0.1440199
v -0.2822466 -0.0027084 0.1495592
v -0.2757665 -0.0622398 0.1550000
v -0.2707665 -0.0594199 0.1550000
v -0.2711110 -0.0305084 0.1591689
v -0.2741018 -0.0246911 0.1550205
v -0.2775458 -0.0150000 0.1507309
v -0.2796350 -0.0093750 0.1501025
v -0.2741458 -0.0637612 0.1457885
v -0.2702430 -0.0598227 0.1496475
v -0.2704260 -0.0202838 0.1498848
v -0.2725458 -0.0150000 0.1492867
v -0.2757810 -0.0056250 0.1484083
v -0.2664601 -0.0544199 0.1550000
v -0.2617290 -0.0446259 0.1545022
v -0.2644649 -0.0348095 0.1550029
v -0.2679950 -0.0269504 0.1525023
v -0.2670928 -0.0615868 0.1429808
v -0.2639099 -0.0564083 0.1459700
v -0.2607270 -0.0477099 0.1489591
v -0.2613283 -0.0324438 0.1490961
v -0.2647970 -0.0241703 0.1486188
v -0.2650000 -0.0150000 0.1470389
v -0.2650000 -0.0050000 0.1452903
v -0.2596235 -0.0410432 0.1508369
v -0.2596235 -0.0391105 0.1508369
v -0.2574235 -0.0529939 0.1422924
v -0.2551902 -0.0448475 0.1448299
v -0.2557741 -0.0354663 0.1462317
v -0.2550000 -0.0250000 0.1441303
v -0.2544541 -0.0557964 0.1384251
v -0.2507569 -0.0486517 0.1395220
v -0.2485193 -0.0419851 0.1407008
v -0.2476647 -0.0350000 0.1409676
v -0.2477139 -0.0250000 0.1407704
v -0.2443379 -0.0556458 0.1332804
v -0.2451116 -0.0451910 0.1379656
v -0.2426647 -0.0350000 0.1389664
v -0.2427139 -0.0250000 0.1391476
v -0.2405631 -0.0594096 0.1297387
v -0.3100000 -0.0100000 0.1534508
v -0.3100000 -0.0760875 0.1363643
v -0.2863209 -0.0749108 0.1350174
v -0.2698759 -0.0723694 0.1327881
v -0.2604262 -0.0596606 0.1397960
v -0.2518749 -0.0100000 0.1415150
v -0.2511734 -0.0687866 0.1288406
v -0.2437498 -0.0100000 0.1391008
v -0.3147565 -0.1152545 0.0753167
v -0.3111408 -0.1092791 0.0786655
v -0.3117055 -0.1183212 0.0679143
v -0.3186392 -0.1306418 0.0517338
v -0.3151835 -0.1274404 0.0550403
v -0.3151835 -0.1319003 0.0448534
v -0.3119725 -0.1289679 0.0480890
v -0.3150000 -0.1357229 0.0350000
v -0.3150000 -0.1388288 0.0263979
v -0.3081715 -0.1116545 0.0719988
v -0.3049029 -0.1082307 0.0751993
v -0.3052150 -0.1148589 0.0648368
v -0.3015048 -0.1091235 0.0684259
v -0.3053551 -0.1221896 0.0545539
v -0.3080840 -0.1307317 0.0414224
v -0.3048504 -0.1274000 0.0448534
v -0.3048504 -0.1325993 0.0354243
v -0.3014174 -0.1294214 0.0390405
v -0.3058367 -0.1380486 0.0240284
v -0.2950000 -0.1066391 0.0750000
v -0.2976705 -0.1113966 0.0617592
v -0.2946023 -0.1086409 0.0650555
v -0.2949611 -0.1150188 0.0551091
v -0.2910038 -0.1095860 0.0592950
v -0.2922518 -0.1186410 0.0482411
v -0.2950000 -0.1414773 0.0129822
v -0.2950000 -0.1452730 0.0050000
v -0.2850000 -0.1060973 0.0750000
v -0.2850000 -0.1072154 0.0650000
v -0.2850000 -0.1119509 0.0527991
v -0.2850000 -0.1088988 0.0577991
v -0.2845353 -0.1173264 0.0449447
v -0.2883753 -0.1405107 0.0110050
v -0.2850252 -0.1423309 0.0053705
v -0.2750000 -0.1116826 0.0524207
v -0.2750000 -0.1085605 0.0574207
v -0.2717400 -0.1204252 0.0406658
v -0.2750440 -0.1171117 0.0443995
v -0.2750440 -0.1229550 0.0356566
v -0.2750000 -0.1315592 0.0224865
v -0.2750000 -0.1283748 0.0274865
v -0.2750000 -0.1360338 0.0150000
v -0.2750000 -0.1416790 0.0038895
v -0.2750000 -0.1394746 0.0088895
v -0.2650000 -0.1133364 0.0539293
v -0.2650000 -0.1092077 0.0589293
v -0.2650000 -0.1216436 0.0424343
v -0.2650000 -0.1183364 0.0474343
v -0.2614877 -0.1308285 0.0310813
v -0.2648926 -0.1268354 0.0346488
v -0.2648926 -0.1331032 0.0252199
v -0.2681543 -0.1292009 0.0286998
v -0.2628570 -0.1411076 0.0127754
v -0.2657142 -0.1385019 0.0156653
v -0.2657142 -0.1426832 0.0057410
v -0.2695237 -0.1398265 0.0095684
v -0.2550000 -0.1035554 0.0750000
v -0.2530563 -0.1133206 0.0623936
v -0.2558338 -0.1080566 0.0654362
v -0.2562119 -0.1164097 0.0565511
v -0.2597230 -0.1098087 0.0597818
v -0.2593674 -0.1194987 0.0492466
v -0.2400085 -0.1200112 0.0700077
v -0.2417335 -0.1150000 0.0715476
v -0.2453817 -0.1064747 0.0752335
v -0.2401815 -0.1301794 0.0602321
v -0.2421082 -0.1240067 0.0641392
v -0.2473810 -0.1159924 0.0654362
v -0.2489695 -0.1089600 0.0690603
v -0.2499903 -0.1199873 0.0599870
v -0.3141069 -0.1215595 0.0659880
v -0.3022585 -0.1180633 0.0575898
v -0.3123639 -0.1402248 0.0207226
v -0.3102092 -0.1440014 0.0101957
v -0.3030611 -0.1398140 0.0196380
v -0.2939427 -0.1214979 0.0458141
v -0.2898133 -0.1299580 0.0302445
v -0.2872446 -0.1386257 0.0138454
v -0.2700000 -0.1054092 0.0700000
v -0.2414968 -0.1414081 0.0420639
v -0.2490921 -0.1287472 0.0494586
v -0.2470636 -0.1449545 0.0278690
v -0.2546272 -0.1347475 0.0336407
v -0.2501676 -0.1498182 0.0101318
v -0.2596835 -0.1397468 0.0194421
v -0.2808921 -0.1196095 0.0394276
v -0.2784067 -0.1196095 0.0394276
v -0.2350000 -0.0801608 0.1201584
v -0.2350000 -0.0843593 0.1150000
v -0.2350000 -0.0919445 0.1036390
v -0.2350000 -0.0891985 0.1086390
v -0.2300291 -0.1000110 0.0900076
v -0.2340175 -0.0972361 0.0940046
v -0.2318883 -0.1127577 0.0815313
v -0.2342920 -0.1041306 0.0851164
v -0.2366958 -0.0994676 0.0887014
v -0.2250000 -0.0810175 0.1213678
v -0.2250000 -0.0850652 0.1150000
v -0.2250000 -0.0922865 0.1033820
v -0.2250000 -0.0890477 0.1083820
v -0.2207736 -0.1110789 0.0904894
v -0.2244642 -0.1040066 0.0915637
v -0.2250000 -0.0972865 0.0965877
v -0.2251822 -0.1152516 0.0852113
v -0.2274403 -0.1066777 0.0881980
v -0.2122673 -0.0906956 0.1110492
v -0.2153604 -0.0877828 0.1146295
v -0.2150754 -0.0947055 0.1051163
v -0.2189340 -0.0897232 0.1095255
v -0.2050000 -0.0919588 0.1124299
v -0.2050000 -0.0883280 0.1174299
v -0.2050000 -0.0969588 0.1071332
v -0.1914434 -0.0808709 0.1310476
v -0.1904929 -0.0901602 0.1202049
v -0.1943015 -0.0849742 0.1245699
v -0.1938381 -0.0943715 0.1145459
v -0.1971595 -0.0890775 0.1188573
v -0.1971834 -0.0985828 0.1088038
v -0.1947538 -0.1348759 0.0925380
v -0.1948808 -0.1250368 0.0975386
v -0.1979230 -0.1381264 0.0886650
v -0.1842253 -0.0822963 0.1346285
v -0.1850000 -0.0912647 0.1218322
v -0.1850000 -0.0876838 0.1268322
v -0.1850000 -0.0962647 0.1165294
v -0.1851434 -0.1350595 0.0974720
v -0.1885723 -0.1283946 0.0993043
v -0.1709050 -0.0902172 0.1303510
v -0.1745430 -0.0864475 0.1342106
v -0.1745430 -0.0926752 0.1253429
v -0.1775717 -0.0893741 0.1289048
v -0.1700605 -0.1200330 0.1100170
v -0.1750000 -0.1333336 0.1018394
v -0.1740363 -0.1240198 0.1068845
v -0.1650000 -0.0907403 0.1311613
v -0.1650000 -0.0870625 0.1361613
v -0.1642676 -0.0962215 0.1240599
v -0.1650000 -0.1206222 0.1103395
v -0.1650000 -0.1342845 0.1025847
v -0.1650000 -0.1256222 0.1075847
v -0.2215180 -0.1277587 0.0811388
v -0.2100000 -0.0828820 0.1232880
v -0.2055358 -0.1056189 0.1010286
v -0.2032935 -0.1419774 0.0819983
v -0.2088066 -0.1284605 0.0881869
v -0.2119274 -0.1119006 0.0947368
v -0.2178834 -0.0987154 0.0987759
v -0.1803755 -0.0802489 0.1401999
v -0.1861723 -0.1261768 0.1013353
v -0.1881033 -0.1080275 0.1080768
v -0.1886240 -0.1462790 0.0862912
v -0.1981346 -0.1177002 0.0990618
v -0.1700000 -0.0815457 0.1412106
v -0.1604460 -0.1001508 0.1200999
v -0.1710062 -0.1112359 0.1130103
v -0.1710564 -0.0987816 0.1189807
v -0.1700000 -0.1487324 0.0890336
v -0.1700000 -0.1388091 0.0992380
v -0.2318477 -0.0609539 0.1303017
v -0.2351086 -0.0556458 0.1313771
v -0.2350000 -0.0450000 0.1347516
v -0.2350000 -0.0350000 0.1369593
v -0.2350000 -0.0250000 0.1375013
v -0.2350000 -0.0150000 0.1377051
v -0.2350000 -0.0050000 0.1378307
v -0.2350000 -0.0750000 0.1230434
v -0.2351086 -0.0645723 0.1281512
v -0.2385143 -0.0594096 0.1297387
v -0.2215521 -0.0712501 0.1306582
v -0.2249313 -0.0645723 0.1314555
v -0.2250000 -0.0550000 0.1332463
v -0.2250000 -0.0450000 0.1349499
v -0.2250000 -0.0350000 0.1366007
v -0.2250000 -0.0250000 0.1372772
v -0.2250000 -0.0150000 0.1375761
v -0.2250000 -0.0050000 0.1379295
v -0.2249313 -0.0747501 0.1265705
v -0.2282188 -0.0676205 0.1291272
v -0.2150000 -0.0723159 0.1311237
v -0.2150000 -0.0650000 0.1334605
v -0.2150000 -0.0773159 0.1280633
v -0.2050000 -0.0727549 0.1315876
v -0.2050000 -0.0650000 0.1347845
v -0.2050000 -0.0777549 0.1285127
v -0.1901957 -0.0702293 0.1401120
v -0.1913718 -0.0650000 0.1405724
v -0.1941529 -0.0743657 0.1344955
v -0.1963718 -0.0650000 0.1379172
v -0.1981100 -0.0785021 0.1289349
v -0.1842253 -0.0741376 0.1408468
v -0.1850000 -0.0650000 0.1423927
v -0.1870422 -0.0768960 0.1377142
v -0.1750000 -0.0750000 0.1427757
v -0.1750000 -0.0650000 0.1442231
v -0.1650000 -0.0750000 0.1439661
v -0.1650000 -0.0650000 0.1450747
v -0.2021113 -0.0430092 0.1405562
v -0.2066231 -0.0265685 0.1406547
v -0.2077839 -0.0100000 0.1407559
v -0.2100667 -0.0502014 0.1372498
v -0.2119457 -0.0303431 0.1392800
v -0.2155677 -0.0100000 0.1390857
v -0.1898663 -0.0502014 0.1428019
v -0.1991942 -0.0523379 0.1396763
v -0.1700000 -0.0500000 0.1462640
v -0.1800000 -0.0200000 0.1467414
v -0.2308795 -0.1604039 0.0150000
v -0.2313779 -0.1605381 0.0050000
v -0.2250000 -0.1628501 0.0150000
v -0.2250000 -0.1629637 0.0050000
v -0.2158192 -0.1631466 0.0357854
v -0.2150000 -0.1661702 0.0250000
v -0.2006956 -0.1702050 0.0314988
v -0.2044174 -0.1682532 0.0348993
v -0.2018239 -0.1705429 0.0250000
v -0.2068239 -0.1690356 0.0250000
v -0.1959054 -0.1637326 0.0559182
v -0.1925909 -0.1708711 0.0427937
v -0.1955545 -0.1687241 0.0456762
v -0.1955545 -0.1713541 0.0348993
v -0.1992576 -0.1697233 0.0381654
v -0.1950000 -0.1725538 0.0250000
v -0.1823255 -0.1704040 0.0508462
v -0.1853953 -0.1679882 0.0545077
v -0.1853953 -0.1715806 0.0456762
v -0.1889922 -0.1698076 0.0494604
v -0.1850000 -0.1738427 0.0350000
v -0.1850000 -0.1748428 0.0250000
v -0.2258219 -0.1610587 0.0259568
v -0.2088789 -0.1691484 0.0100000
v -0.1867214 -0.1613922 0.0663352
v -0.1900000 -0.1751386 0.0100000
v -0.1700000 -0.1626563 0.0683160
v -0.1700000 -0.1708258 0.0512484
v -0.1700000 -0.1757700 0.0300000
v -0.1700000 -0.1779304 0.0100000
v -0.2081255 -0.1618185 0.0481569
v -0.2309350 -0.1310204 0.0709207
v -0.2345610 -0.1240067 0.0723482
v -0.2338594 -0.1339332 0.0635351
v -0.2376016 -0.1266778 0.0668987
v -0.2240597 -0.1341022 0.0742585
v -0.2275543 -0.1250000 0.0779295
v -0.2276377 -0.1376870 0.0668381
v -0.1946105 -0.1528778 0.0750337
v -0.1976841 -0.1486440 0.0783895
v -0.1959054 -0.1585033 0.0656044
v -0.1851207 -0.1571199 0.0744364
v -0.1885346 -0.1596294 0.0693406
v -0.2252236 -0.1410973 0.0650680
v -0.2285365 -0.1484526 0.0491204
v -0.2379824 -0.1380253 0.0518653
v -0.2333773 -0.1538204 0.0313275
v -0.2361287 -0.1580734 0.0100000
v -0.2095213 -0.1489132 0.0690673
v -0.2124801 -0.1389176 0.0790752
v -0.2142278 -0.1555062 0.0542570
v -0.2196986 -0.1598386 0.0396423
v -0.1998423 -0.1599278 0.0598637
v -0.1700000 -0.1579101 0.0766319
v -0.2344262 -0.1144431 0.0784679
v -0.1300339 -0.1100108 0.1200052
v -0.1340204 -0.1054350 0.1221887
v -0.1350000 -0.1236832 0.1122599
v -0.1350000 -0.1350000 0.1045186
v -0.1350000 -0.1286832 0.1091399
v -0.1315970 -0.1088553 0.1201334
v -0.1255421 -0.1048098 0.1221982
v -0.1250000 -0.1233822 0.1120922
v -0.1251389 -0.1356697 0.1033574
v -0.1250000 -0.1283822 0.1089250
v -0.1150000 -0.0919699 0.1324017
v -0.1140215 -0.0848281 0.1379171
v -0.1150000 -0.0969699 0.1266623
v -0.1050000 -0.0910777 0.1312370
v -0.1050000 -0.0850000 0.1357292
v -0.1050000 -0.0960777 0.1257461
v -0.0978623 -0.0904164 0.1304556
v -0.0947174 -0.0858194 0.1330892
v -0.0949776 -0.0950208 0.1249553
v -0.0911956 -0.0896990 0.1297120
v -0.0850000 -0.0836969 0.1324496
v -0.0850000 -0.0937226 0.1237653
v -0.0850000 -0.0886969 0.1287653
v -0.1500000 -0.0832522 0.1419401
v -0.1500000 -0.1018802 0.1213069
v -0.1500000 -0.0924586 0.1325082
v -0.1426661 -0.1401559 0.1001426
v -0.1500999 -0.1282585 0.1075357
v -0.1489944 -0.1494290 0.0899952
v -0.1521664 -0.1398450 0.0998854
v -0.1300000 -0.0833559 0.1418162
v -0.1300000 -0.0929991 0.1333382
v -0.1317824 -0.1403888 0.1003705
v -0.1296973 -0.1496633 0.0900527
v -0.1218982 -0.1394494 0.0994701
v -0.1167025 -0.0813802 0.1406283
v -0.1100000 -0.1018102 0.1212042
v -0.1105084 -0.1264921 0.1068378
v -0.1100000 -0.1472486 0.0873440
v -0.1100000 -0.1376907 0.0975816
v -0.0987597 -0.1002844 0.1201987
v -0.0920727 -0.1268382 0.1023297
v -0.0944131 -0.1446152 0.0848155
v -0.0884752 -0.1343039 0.0943445
v -0.1365249 -0.1123457 0.1165485
v -0.0968256 -0.1100613 0.1141260
v -0.1550000 -0.0750000 0.1445129
v -0.1550000 -0.0650000 0.1455911
v -0.1450000 -0.0750000 0.1446952
v -0.1450000 -0.0650000 0.1458791
v -0.1483644 -0.0479816 0.1482276
v -0.1300000 -0.0700000 0.1449137
v -0.1300000 -0.0475892 0.1489547
v -0.1432564 -0.0206458 0.1506173
v -0.1005703 -0.0617726 0.1426246
v -0.1026563 -0.0198753 0.1489258
v -0.1350000 -0.1718348 0.0540038
v -0.1350000 -0.1695130 0.0590038
v -0.1350000 -0.1747122 0.0450000
v -0.1350000 -0.1795131 0.0150000
v -0.1350000 -0.1796794 0.0050000
v -0.1250000 -0.1714631 0.0532453
v -0.1250000 -0.1691735 0.0582453
v -0.1250000 -0.1739495 0.0450000
v -0.1250000 -0.1784172 0.0150000
v -0.1250000 -0.1784809 0.0050000
v -0.1500000 -0.1635528 0.0688901
v -0.1500000 -0.1715122 0.0520588
v -0.1500000 -0.1768521 0.0300000
v -0.1500000 -0.1791072 0.0100000
v -0.1300000 -0.1639919 0.0692129
v -0.1300000 -0.1769991 0.0300000
v -0.1122527 -0.1616251 0.0666565
v -0.1110112 -0.1690841 0.0488346
v -0.1083442 -0.1722706 0.0313679
v -0.1100000 -0.1749865 0.0100000
v -0.0991025 -0.1602781 0.0606173
v -0.0906531 -0.1625393 0.0493110
v -0.0926130 -0.1684386 0.0291955
v -0.0896220 -0.1701638 0.0108628
v -0.0955940 -0.1520749 0.0751877
v -0.0926566 -0.1491004 0.0786462
v -0.0954615 -0.1574980 0.0643704
v -0.0850000 -0.1509592 0.0716917
v -0.0850000 -0.1478545 0.0766917
v -0.0850000 -0.1540944 0.0650000
v -0.1087729 -0.1579357 0.0717854
v -0.0859734 -0.1590964 0.0542026
v -0.1400000 -0.1588803 0.0781030
v -0.0772170 -0.1217836 0.1013034
v -0.0713268 -0.1083412 0.1082032
v -0.0658329 -0.0950313 0.1152816
v -0.0776428 -0.1413723 0.0816878
v -0.0698675 -0.1297631 0.0897652
v -0.0677751 -0.1188254 0.0990340
v -0.0526914 -0.1063035 0.1020007
v -0.0493730 -0.0910426 0.1113818
v -0.0539785 -0.1249136 0.0851120
v -0.0486017 -0.1137229 0.0937604
v -0.0386848 -0.1007064 0.1005291
v -0.0308897 -0.0871368 0.1066161
v -0.0306075 -0.1090748 0.0890533
v -0.0254140 -0.0946145 0.0990147
v -0.0111911 -0.0823220 0.1017282
v -0.0140811 -0.1047682 0.0848351
v -0.0092704 -0.0929802 0.0930901
v -0.0668122 -0.0846347 0.1245384
v -0.0381173 -0.1208643 0.0810538
v -0.0750000 -0.0750000 0.1336643
v -0.0758955 -0.0641139 0.1374979
v -0.0658773 -0.0740226 0.1307794
v -0.0650000 -0.0650000 0.1334511
v -0.0631288 -0.0767043 0.1285328
v -0.0344400 -0.0750228 0.1174448
v -0.0307333 -0.0693201 0.1197043
v -0.0253002 -0.0753567 0.1132412
v -0.0250000 -0.0671488 0.1186522
v -0.0221670 -0.0789279 0.1090257
v -0.0150000 -0.0723629 0.1119462
v -0.0157794 -0.0641270 0.1171106
v -0.0150000 -0.0773629 0.1074923
v -0.0075387 -0.0708894 0.1107630
v -0.0045232 -0.0657526 0.1130424
v -0.0041271 -0.0753060 0.1053234
v -0.0008720 -0.0695877 0.1096827
v -0.0798259 -0.0601898 0.1400574
v -0.0733150 -0.0478886 0.1409781
v -0.0681906 -0.0513331 0.1387001
v -0.0527239 -0.0690138 0.1275429
v -0.0490131 -0.0527113 0.1320308
v -0.0322800 -0.0664819 0.1214361
v -0.0325492 -0.0490722 0.1279874
v -0.0196323 -0.0602116 0.1200909
v -0.0109996 -0.0489840 0.1217416
v -0.0065059 -0.0535892 0.1190361
v -0.0007155 -0.0797227 0.0997522
v -0.0600219 -0.0201037 0.1399174
v -0.0423267 -0.0783714 0.1188380
v -0.0213332 -0.0201478 0.1289852
v -0.0771155 -0.1609428 0.0425766
v -0.0682548 -0.1625991 0.0174438
v -0.0796580 -0.1501516 0.0702761
v -0.0753171 -0.1449452 0.0747598
v -0.0757948 -0.1511700 0.0642568
v -0.0729914 -0.1485181 0.0670947
v -0.0650000 -0.1413990 0.0719463
v -0.0695716 -0.1502053 0.0604280
v -0.0657429 -0.1462737 0.0642568
v -0.0679881 -0.1384448 0.0780949
v -0.0685834 -0.1536989 0.0513008
v -0.0659955 -0.1590641 0.0332431
v -0.0607755 -0.1596646 0.0181515
v -0.0551632 -0.1405252 0.0648798
v -0.0486145 -0.1320131 0.0714700
v -0.0527378 -0.1471511 0.0489267
v -0.0428589 -0.1383428 0.0571147
v -0.0480814 -0.1514359 0.0317659
v -0.0497452 -0.1562875 0.0099727
v -0.0282253 -0.1183968 0.0778945
v -0.0324228 -0.1452696 0.0283316
v -0.0215673 -0.1392795 0.0322369
v -0.0315878 -0.1487387 0.0100000
v -0.0080860 -0.1123365 0.0718466
v -0.0029950 -0.1184246 0.0570684
v -0.0180984 -0.1409212 0.0228072
v -0.0077993 -0.1324220 0.0307409
v -0.0132751 -0.1413605 0.0074293
v -0.0080764 -0.1383345 0.0109887
v -0.0235422 -0.1295126 0.0550162
v -0.5303314 0.0190451 0.1604246
v -0.5303314 0.0204521 0.1604246
v -0.5217268 0.0050000 0.1612377
v -0.5253104 0.0154270 0.1623708
v -0.5250000 0.0220122 0.1617962
v -0.5140004 0.0059991 0.1613342
v -0.5157018 0.0150000 0.1626450
v -0.5050000 0.0043129 0.1607684
v -0.5176018 0.0222308 0.1619703
v -0.4978010 0.0024187 0.1604511
v -0.5303638 0.0182912 0.1550000
v -0.5303638 0.0205070 0.1550000
v -0.5301537 0.0186765 0.1495022
v -0.5301537 0.0202239 0.1495022
v -0.5252258 0.0050000 0.1550000
v -0.5289617 0.0132912 0.1550000
v -0.5250000 0.0242731 0.1550000
v -0.5270118 0.0050000 0.1450000
v -0.5289842 0.0152059 0.1457013
v -0.5252616 0.0228912 0.1457013
v -0.5263692 0.0050000 0.1350000
v -0.5262158 0.0150000 0.1350000
v -0.5242996 0.0050000 0.1250000
v -0.5226417 0.0152768 0.1252303
v -0.5214432 0.0050000 0.1155115
v -0.5213239 0.0121281 0.1167938
v -0.5100006 0.0099985 0.1599997
v -0.5107018 0.0150000 0.1593257
v -0.5145611 0.0242480 0.1554607
v -0.5150000 0.0269747 0.1450000
v -0.5150000 0.0252251 0.1350000
v -0.5151362 0.0221136 0.1252303
v -0.5198645 0.0050000 0.1105115
v -0.5171028 0.0152768 0.1140763
v -0.5114262 0.0207588 0.1150000
v -0.5182433 0.0050000 0.1050000
v -0.5131902 0.0153009 0.1059890
v -0.5100080 0.0200057 0.1099817
v -0.5154194 0.0050000 0.0950000
v -0.5123195 0.0125109 0.0950000
v -0.5128314 0.0050000 0.0850000
v -0.5109186 0.0110414 0.0850000
v -0.5050000 0.0093129 0.1598715
v -0.5050000 0.0150000 0.1581030
v -0.5050000 0.0228019 0.1532315
v -0.5050000 0.0265075 0.1450000
v -0.5050000 0.0268922 0.1350000
v -0.5050000 0.0253716 0.1250000
v -0.5050000 0.0232523 0.1150000
v -0.5083850 0.0188347 0.1033150
v -0.5050310 0.0214435 0.1059890
v -0.5066474 0.0175109 0.0950000
v -0.5042869 0.0165258 0.0852281
v -0.4946806 0.0054512 0.1590398
v -0.4950000 0.0150000 0.1557164
v -0.4950000 0.0215361 0.1517284
v -0.4950000 0.0243539 0.1450000
v -0.4950000 0.0258689 0.1350000
v -0.4950000 0.0260707 0.1250000
v -0.4950000 0.0254589 0.1150000
v -0.4950000 0.0242850 0.1050000
v -0.4950000 0.0229353 0.0950000
v -0.4953230 0.0214030 0.0852281
v -0.4842866 0.0055392 0.1538754
v -0.4875120 0.0150000 0.1519391
v -0.4895383 0.0203708 0.1504304
v -0.4804777 0.0092320 0.1495741
v -0.4823147 0.0157799 0.1457445
v -0.4875351 0.0213749 0.1450000
v -0.4843051 0.0224930 0.1355205
v -0.4850000 0.0247408 0.1250000
v -0.4850000 0.0255073 0.1150000
v -0.4850000 0.0252676 0.1050000
v -0.4850000 0.0247081 0.0950000
v -0.4850000 0.0242360 0.0850000
v -0.5213453 0.0211219 0.1318586
v -0.5185603 0.0187947 0.1220505
v -0.5010628 0.0206308 0.0918567
v -0.4805086 0.0196332 0.1392008
v -0.4988717 0.0194879 0.0820468
v -0.5106876 0.0042041 0.0756778
v -0.5101713 0.0102087 0.0794631
v -0.5100916 0.0003401 0.0697607
v -0.5089557 0.0070068 0.0727964
v -0.5053734 0.0131178 0.0756778
v -0.5071205 0.0042041 0.0658564
v -0.5023298 0.0123335 0.0650000
v -0.5021698 0.0051680 0.0548323
v -0.5008174 0.0109449 0.0580538
v -0.5007046 0.0019466 0.0483231
v -0.4976240 0.0187407 0.0750000
v -0.4926240 0.0211297 0.0750000
v -0.4947762 0.0178616 0.0640252
v -0.4912937 0.0206207 0.0667086
v -0.4993961 0.0086133 0.0513872
v -0.4956377 0.0142644 0.0548323
v -0.4979421 0.0051680 0.0449939
v -0.4929639 0.0131909 0.0450000
v -0.4930501 0.0055554 0.0345144
v -0.4912224 0.0114168 0.0375241
v -0.4912428 0.0025924 0.0270192
v -0.4850000 0.0237286 0.0750000
v -0.4899802 0.0199914 0.0600419
v -0.4859881 0.0221461 0.0640252
v -0.4890300 0.0196218 0.0550000
v -0.4865604 0.0181909 0.0450000
v -0.4895304 0.0092591 0.0308574
v -0.4847756 0.0152121 0.0354131
v -0.4883542 0.0055554 0.0242115
v -0.4830569 0.0125787 0.0250000
v -0.4836471 0.0056923 0.0144804
v -0.4812121 0.0110976 0.0174673
v -0.4816271 0.0027631 0.0050000
v -0.4827952 0.0209463 0.0500000
v -0.4800207 0.0200081 0.0399688
v -0.4112074 0.0789105 0.2750000
v -0.4117131 0.0783968 0.2650000
v -0.4110944 0.0789742 0.2550000
v -0.4110913 0.0790958 0.2450000
v -0.4050000 0.0770067 0.2750000
v -0.4050000 0.0750348 0.2650000
v -0.4050000 0.0756381 0.2550000
v -0.4050000 0.0765140 0.2450000
v -0.4075347 0.0797504 0.2804058
v -0.4201258 0.0988596 0.2703899
v -0.4201258 0.1011346 0.2703899
v -0.4202593 0.0984663 0.2650000
v -0.4202593 0.1016159 0.2650000
v -0.4114071 0.0850000 0.2812203
v -0.4129162 0.0950000 0.2830602
v -0.4126726 0.1050000 0.2831652
v -0.4114821 0.1121357 0.2817128
v -0.4148739 0.0850000 0.2750000
v -0.4181820 0.0953158 0.2742340
v -0.4179755 0.1046808 0.2742340
v -0.4131700 0.1152814 0.2749033
v -0.4107389 0.1205283 0.2715055
v -0.4160374 0.0850000 0.2650000
v -0.4193242 0.0934663 0.2650000
v -0.4193954 0.1066159 0.2650000
v -0.4155018 0.1150000 0.2650000
v -0.4111065 0.1208275 0.2650000
v -0.4153038 0.0850000 0.2550000
v -0.4192094 0.0931692 0.2550000
v -0.4192284 0.1068071 0.2550000
v -0.4149239 0.1150000 0.2550000
v -0.4106955 0.1205339 0.2550000
v -0.4156590 0.0850000 0.2450000
v -0.4195677 0.0920883 0.2450000
v -0.4191512 0.1071196 0.2450000
v -0.4134355 0.1154844 0.2456915
v -0.4101909 0.1201368 0.2494859
v -0.4005131 0.0988013 0.3107238
v -0.4007812 0.1050000 0.3111408
v -0.4005285 0.1130317 0.3107972
v -0.4003111 0.0894672 0.3008992
v -0.4016543 0.0952808 0.3045395
v -0.4035444 0.1050000 0.3050000
v -0.4019770 0.1158190 0.3059075
v -0.4010988 0.0885954 0.2950000
v -0.4045986 0.0950000 0.2950000
v -0.4064941 0.1050000 0.2950000
v -0.4048539 0.1150000 0.2950000
v -0.4046924 0.0851960 0.2855493
v -0.4079154 0.0950000 0.2880602
v -0.4087309 0.1050000 0.2881653
v -0.4075097 0.1152814 0.2850277
v -0.4088107 0.1188024 0.2781722
v -0.4052864 0.1216170 0.2749033
v -0.4050000 0.1220775 0.2650000
v -0.4050000 0.1215299 0.2550000
v -0.4050000 0.1190711 0.2432278
v -0.4050000 0.1204559 0.2482277
v -0.4204515 0.0976288 0.2500000
v -0.4204515 0.1019633 0.2500000
v -0.4018604 0.1223907 0.2943931
v -0.4304737 0.0792220 0.1720106
v -0.4312566 0.0780274 0.1650000
v -0.4206750 0.0696076 0.1712461
v -0.4251413 0.0749790 0.1749617
v -0.4219102 0.0687846 0.1650000
v -0.4269102 0.0730274 0.1650000
v -0.4112101 0.0790711 0.2350000
v -0.4118114 0.0788065 0.2250000
v -0.4132821 0.0783332 0.2150000
v -0.4157009 0.0777518 0.2054069
v -0.4150000 0.0751777 0.1950000
v -0.4106126 0.0698553 0.1805102
v -0.4143676 0.0720596 0.1843061
v -0.4143676 0.0690697 0.1747477
v -0.4172792 0.0707360 0.1779128
v -0.4150000 0.0667678 0.1650000
v -0.4050000 0.0769385 0.2350000
v -0.4050000 0.0766347 0.2250000
v -0.4050000 0.0760109 0.2150000
v -0.4050000 0.0748620 0.2050000
v -0.4050000 0.0730374 0.1950000
v -0.4050000 0.0695607 0.1814688
v -0.4050000 0.0710257 0.1864688
v -0.4050000 0.0677640 0.1750000
v -0.4050000 0.0653901 0.1650000
v -0.4207186 0.0794201 0.2023448
v -0.4226738 0.0777309 0.1900000
v -0.4300151 0.0898402 0.1800958
v -0.4300151 0.0900454 0.1800958
v -0.4307013 0.0859041 0.1752064
v -0.4305213 0.0913763 0.1750000
v -0.4326946 0.0850000 0.1650000
v -0.4314380 0.0935316 0.1650000
v -0.4205263 0.0892589 0.2325333
v -0.4209069 0.0945926 0.2355200
v -0.4212987 0.0881249 0.2250000
v -0.4222199 0.0950000 0.2250000
v -0.4222303 0.0864616 0.2150000
v -0.4230938 0.0950000 0.2150000
v -0.4228831 0.0842247 0.2054069
v -0.4242060 0.0950000 0.2050000
v -0.4256974 0.0850000 0.1950000
v -0.4255997 0.0950000 0.1950000
v -0.4285004 0.0859041 0.1840575
v -0.4276121 0.0940272 0.1840575
v -0.4296076 0.0831735 0.1786773
v -0.4282244 0.0963763 0.1750000
v -0.4291216 0.0985316 0.1650000
v -0.4168651 0.0855553 0.2355200
v -0.4198282 0.0909876 0.2392000
v -0.4185650 0.1071745 0.2350000
v -0.4135650 0.1129335 0.2350000
v -0.4168114 0.0831249 0.2250000
v -0.4170656 0.1067768 0.2250000
v -0.4120655 0.1114093 0.2250000
v -0.4144175 0.1068754 0.2143066
v -0.4106958 0.1104417 0.2171777
v -0.4150000 0.1061130 0.2050000
v -0.4150000 0.1065043 0.1950000
v -0.4150000 0.1069507 0.1850000
v -0.4143822 0.1080290 0.1759527
v -0.4106370 0.1103265 0.1732546
v -0.4161822 0.1079716 0.1650000
v -0.4111822 0.1105954 0.1650000
v -0.4050000 0.1167096 0.2350000
v -0.4050000 0.1140032 0.2250000
v -0.4098242 0.1099151 0.2105111
v -0.4058945 0.1118872 0.2143066
v -0.4096914 0.1098604 0.2050000
v -0.4046914 0.1119200 0.2050000
v -0.4094486 0.1097625 0.1950000
v -0.4044486 0.1117893 0.1950000
v -0.4096114 0.1098324 0.1850000
v -0.4046113 0.1118751 0.1850000
v -0.4099814 0.1099920 0.1799213
v -0.4059888 0.1121015 0.1759527
v -0.4050000 0.1136311 0.1650000
v -0.4208300 0.1019756 0.2300000
v -0.4210023 0.1012053 0.2100000
v -0.4220697 0.1019300 0.1900000
v -0.4236729 0.1027569 0.1700000
v -0.4188918 0.0809181 0.2120057
v -0.4782963 0.0025654 0.1512216
v -0.4749778 0.0055392 0.1473216
v -0.4750000 0.0125506 0.1425022
v -0.4750362 0.0174031 0.1355205
v -0.4783937 0.0208657 0.1325341
v -0.4717271 0.0189376 0.1276694
v -0.4750362 0.0216716 0.1246016
v -0.4750000 0.0239393 0.1150000
v -0.4750000 0.0251250 0.1050000
v -0.4750000 0.0252491 0.0950000
v -0.4750000 0.0253361 0.0850000
v -0.4656469 0.0042349 0.1417216
v -0.4694115 0.0104343 0.1404289
v -0.4627448 0.0070581 0.1371389
v -0.4656469 0.0118123 0.1342833
v -0.4654493 0.0168238 0.1246016
v -0.4690822 0.0204107 0.1210027
v -0.4654493 0.0211984 0.1142203
v -0.4650000 0.0231209 0.1050000
v -0.4650000 0.0239564 0.0950000
v -0.4650000 0.0242997 0.0850000
v -0.4576932 0.0042349 0.1342833
v -0.4596215 0.0103153 0.1304722
v -0.4523101 0.0055037 0.1258362
v -0.4577548 0.0118265 0.1250000
v -0.4507182 0.0091729 0.1188405
v -0.4552422 0.0149833 0.1146038
v -0.4533150 0.0178293 0.1050000
v -0.4510821 0.0194126 0.0950000
v -0.4560821 0.0214420 0.0950000
v -0.4501223 0.0199575 0.0898248
v -0.4540734 0.0224536 0.0858949
v -0.4480710 0.0025062 0.1230604
v -0.4451067 0.0050064 0.1149868
v -0.4488092 0.0111799 0.1121738
v -0.4418911 0.0078704 0.1050000
v -0.4468911 0.0128293 0.1050000
v -0.4403790 0.0096541 0.0996307
v -0.4451446 0.0162750 0.0958945
v -0.4434082 0.0250000 0.0931146
v -0.4418507 0.0350000 0.0929827
v -0.4499101 0.0199575 0.0898248
v -0.4483792 0.0251171 0.0858949
v -0.4458393 0.0350000 0.0850000
v -0.4322137 0.0765311 0.1550000
v -0.4306745 0.0693098 0.1420386
v -0.4327342 0.0743362 0.1452231
v -0.4314071 0.0685050 0.1350000
v -0.4346691 0.0750000 0.1350000
v -0.4313893 0.0684914 0.1250000
v -0.4337298 0.0750000 0.1250000
v -0.4376300 0.0008399 0.1111332
v -0.4306508 0.0692917 0.1176323
v -0.4311660 0.0750000 0.1166797
v -0.4352989 0.0052470 0.1064045
v -0.4340361 0.0150000 0.1046203
v -0.4336202 0.0250000 0.1047324
v -0.4336575 0.0350000 0.1049054
v -0.4314165 0.0626938 0.1018697
v -0.4396344 0.0096541 0.0996307
v -0.4390361 0.0150000 0.0988418
v -0.4386202 0.0250000 0.0981146
v -0.4386576 0.0350000 0.0979827
v -0.4341814 0.0647262 0.0940765
v -0.4302797 0.0702643 0.0913654
v -0.4366428 0.0661909 0.0850000
v -0.4316428 0.0716933 0.0850000
v -0.4235142 0.0675231 0.1550000
v -0.4285142 0.0715311 0.1550000
v -0.4256882 0.0665853 0.1452231
v -0.4294803 0.0705604 0.1487052
v -0.4250000 0.0639524 0.1350000
v -0.4242602 0.0629069 0.1252929
v -0.4245669 0.0050000 0.1140851
v -0.4246476 0.0150000 0.1143378
v -0.4247668 0.0250000 0.1145595
v -0.4249190 0.0350000 0.1147256
v -0.4274568 0.0655750 0.1145794
v -0.4293997 0.0750000 0.1116797
v -0.4295669 0.0050000 0.1096067
v -0.4296476 0.0150000 0.1096203
v -0.4297668 0.0250000 0.1097324
v -0.4299190 0.0350000 0.1099054
v -0.4290165 0.0656163 0.1051218
v -0.4277474 0.0750000 0.1050000
v -0.4296998 0.0693605 0.0980321
v -0.4268599 0.0741586 0.0948192
v -0.4264879 0.0766933 0.0850000
v -0.4150000 0.0644001 0.1550000
v -0.4146147 0.0615066 0.1443295
v -0.4129336 0.0585140 0.1350000
v -0.4145344 0.0450000 0.1233575
v -0.4162143 0.0548883 0.1254994
v -0.4050000 0.0632625 0.1550000
v -0.4050000 0.0610757 0.1463985
v -0.4022004 0.0450000 0.1312788
v -0.4048552 0.0544948 0.1345286
v -0.4072004 0.0450000 0.1283575
v -0.4080920 0.0515301 0.1288439
v -0.4624155 0.0187867 0.1170339
v -0.4596901 0.0003915 0.1402408
v -0.4590407 0.0204564 0.1076836
v -0.4426814 0.0500000 0.0883697
v -0.4404485 0.0606414 0.0875605
v -0.4204336 0.0582464 0.1221549
v -0.4286526 0.0499913 0.1093262
v -0.4378756 0.0500000 0.0967395
v -0.4080122 0.0596464 0.1409738
v -0.4187436 0.0603186 0.1319108
v -0.4189980 0.0100000 0.1192114
v -0.4195610 0.0300000 0.1196426
v -0.4195381 0.0482899 0.1195949
v -0.4074601 0.0200000 0.1273167
v -0.4343340 0.0850000 0.1550000
v -0.4321203 0.0945690 0.1550000
v -0.4355391 0.0850000 0.1450000
v -0.4326273 0.0947466 0.1450000
v -0.4361802 0.0850000 0.1350000
v -0.4329182 0.0945397 0.1350000
v -0.4343318 0.0850000 0.1250000
v -0.4319912 0.0929523 0.1250000
v -0.4311860 0.0850000 0.1173346
v -0.4306774 0.0910393 0.1185054
v -0.4296759 0.0995690 0.1550000
v -0.4297416 0.0997466 0.1450000
v -0.4293760 0.0995397 0.1350000
v -0.4276242 0.0979523 0.1250000
v -0.4289029 0.0850000 0.1123346
v -0.4249451 0.0952474 0.1150535
v -0.4256733 0.0850000 0.1050000
v -0.4225169 0.0930459 0.1050000
v -0.4215981 0.0849043 0.0944858
v -0.4209300 0.0912724 0.0974764
v -0.4214879 0.0824297 0.0850000
v -0.4165286 0.1075398 0.1350000
v -0.4115286 0.1111779 0.1350000
v -0.4143034 0.1066871 0.1253499
v -0.4105057 0.1103795 0.1289165
v -0.4196934 0.0881739 0.0908097
v -0.4164251 0.0947634 0.0944858
v -0.4107613 0.1005085 0.0950000
v -0.4190443 0.0874297 0.0850000
v -0.4140912 0.0950000 0.0850000
v -0.4100468 0.1000397 0.0850000
v -0.4050000 0.1154530 0.1350000
v -0.4090138 0.1092454 0.1222499
v -0.4054083 0.1128882 0.1253499
v -0.4050000 0.1045131 0.0950000
v -0.4050000 0.1037668 0.0850000
v -0.4247088 0.1029968 0.1500000
v -0.4235001 0.1019823 0.1300000
v -0.4207977 0.1004907 0.1182682
v -0.4110342 0.1113408 0.1500000
v -0.4184340 0.0987506 0.1083008
v -0.4072549 0.1070377 0.1104534
v -0.4750000 0.0252551 0.0750000
v -0.4750000 0.0245876 0.0650000
v -0.4750000 0.0233989 0.0550000
v -0.4750000 0.0216132 0.0450000
v -0.4750000 0.0189308 0.0339052
v -0.4750000 0.0166620 0.0250000
v -0.4795436 0.0094871 0.0108007
v -0.4757261 0.0133190 0.0144804
v -0.4782703 0.0077631 0.0050000
v -0.4732703 0.0122919 0.0050000
v -0.4650000 0.0244028 0.0750000
v -0.4650000 0.0240747 0.0650000
v -0.4650000 0.0238212 0.0550000
v -0.4650000 0.0228725 0.0450000
v -0.4650000 0.0196556 0.0315293
v -0.4650000 0.0187023 0.0250000
v -0.4650000 0.0169591 0.0150000
v -0.4650000 0.0150654 0.0050000
v -0.4544140 0.0265144 0.0749694
v -0.4509687 0.0350000 0.0723336
v -0.4507207 0.0450000 0.0719080
v -0.4503593 0.0508119 0.0710481
v -0.4567113 0.0267043 0.0650000
v -0.4531947 0.0350000 0.0650000
v -0.4524172 0.0450000 0.0650000
v -0.4509338 0.0518330 0.0650000
v -0.4577837 0.0268474 0.0550000
v -0.4551187 0.0350000 0.0550000
v -0.4538164 0.0450000 0.0550000
v -0.4514813 0.0528359 0.0550000
v -0.4580784 0.0267269 0.0450000
v -0.4555915 0.0350000 0.0450000
v -0.4540366 0.0450000 0.0450000
v -0.4515235 0.0530306 0.0450000
v -0.4582594 0.0245949 0.0340805
v -0.4552250 0.0350000 0.0350000
v -0.4537123 0.0450000 0.0350000
v -0.4513336 0.0528315 0.0350000
v -0.4569703 0.0250000 0.0250000
v -0.4544269 0.0350000 0.0250000
v -0.4528367 0.0450000 0.0250000
v -0.4508312 0.0518799 0.0250000
v -0.4550887 0.0250000 0.0150000
v -0.4530041 0.0350000 0.0150000
v -0.4511892 0.0452466 0.0151612
v -0.4502722 0.0506229 0.0186020
v -0.4530001 0.0250000 0.0050000
v -0.4510948 0.0359527 0.0040284
v -0.4505939 0.0420777 0.0067140
v -0.4494211 0.0285285 0.0782824
v -0.4489886 0.0350000 0.0773337
v -0.4487989 0.0450000 0.0769080
v -0.4473604 0.0544871 0.0746289
v -0.4483032 0.0568330 0.0650000
v -0.4487824 0.0578359 0.0550000
v -0.4489548 0.0580306 0.0450000
v -0.4489238 0.0578315 0.0350000
v -0.4485529 0.0568799 0.0250000
v -0.4496149 0.0487444 0.0119353
v -0.4478627 0.0543737 0.0151612
v -0.4499912 0.0399212 0.0000473
v -0.4491281 0.0452466 0.0040284
v -0.4454809 0.0550000 0.0050000
v -0.4387764 0.0684072 0.0750000
v -0.4337764 0.0737584 0.0750000
v -0.4397912 0.0697137 0.0690814
v -0.4358747 0.0741073 0.0654488
v -0.4350000 0.0760329 0.0550000
v -0.4350000 0.0760825 0.0450000
v -0.4350000 0.0758508 0.0350000
v -0.4399933 0.0699927 0.0200212
v -0.4359960 0.0737893 0.0240127
v -0.4391306 0.0691139 0.0150000
v -0.4341306 0.0729606 0.0150000
v -0.4374684 0.0673411 0.0050000
v -0.4324684 0.0720259 0.0050000
v -0.4283281 0.0787584 0.0750000
v -0.4293616 0.0796702 0.0650000
v -0.4296276 0.0798308 0.0550000
v -0.4294365 0.0797098 0.0450000
v -0.4292803 0.0796065 0.0350000
v -0.4286436 0.0791267 0.0250000
v -0.4274067 0.0779606 0.0150000
v -0.4272496 0.0770259 0.0050000
v -0.4700000 0.0206286 0.0377172
v -0.4419112 0.0666180 0.0676212
v -0.4430186 0.0681437 0.0500000
v -0.4597597 0.0197963 0.0275671
v -0.4425771 0.0682633 0.0301752
v -0.4577220 0.0182035 0.0100000
v -0.4420907 0.0632275 0.0100000
v -0.4233281 0.0824735 0.0750000
v -0.4243616 0.0823123 0.0650000
v -0.4224067 0.0832040 0.0150000
v -0.4220031 0.0855276 0.0050630
v -0.4203391 0.0908346 0.0017717
v -0.4180884 0.0874735 0.0750000
v -0.4124891 0.0959292 0.0754095
v -0.4100307 0.1000285 0.0790159
v -0.4173903 0.0873123 0.0650000
v -0.4119321 0.0959292 0.0647029
v -0.4100332 0.1000435 0.0611715
v -0.4170229 0.0872964 0.0550000
v -0.4121811 0.0950000 0.0550000
v -0.4101582 0.1002211 0.0550000
v -0.4170503 0.0873907 0.0450000
v -0.4124664 0.0950000 0.0450000
v -0.4104162 0.1006663 0.0450000
v -0.4174038 0.0875262 0.0350000
v -0.4130263 0.0950000 0.0350000
v -0.4106224 0.1011483 0.0350000
v -0.4179442 0.0875882 0.0250000
v -0.4141067 0.0950000 0.0250000
v -0.4111625 0.1020521 0.0250000
v -0.4189192 0.0882040 0.0150000
v -0.4160117 0.0950000 0.0150000
v -0.4120925 0.1032110 0.0150000
v -0.4197004 0.0892127 0.0084384
v -0.4181792 0.0945008 0.0050630
v -0.4129487 0.1039855 0.0050000
v -0.4099205 0.0998820 0.0723492
v -0.4059523 0.1032948 0.0754095
v -0.4099205 0.0998820 0.0678382
v -0.4049999 0.1048250 0.0641761
v -0.4000793 0.1100728 0.0605139
v -0.4055246 0.1052211 0.0550000
v -0.4005246 0.1104992 0.0550000
v -0.4063673 0.1056663 0.0450000
v -0.4013673 0.1112960 0.0450000
v -0.4071678 0.1061483 0.0350000
v -0.4021678 0.1120927 0.0350000
v -0.4078963 0.1070521 0.0250000
v -0.4028963 0.1128051 0.0250000
v -0.4085287 0.1082110 0.0150000
v -0.4035287 0.1133304 0.0150000
v -0.4090591 0.1089855 0.0050000
v -0.4040591 0.1137451 0.0050000
v -0.4245320 0.0823435 0.0500000
v -0.4239619 0.0825572 0.0300000
v -0.3811539 0.0792115 0.3206875
v -0.3700000 0.0784850 0.3214591
v -0.3523704 0.0795342 0.3205062
v -0.3911280 0.0971595 0.3209375
v -0.3918446 0.1050000 0.3215706
v -0.3915792 0.1150000 0.3213817
v -0.3907741 0.1229352 0.3206857
v -0.3831576 0.0850000 0.3217331
v -0.3858337 0.0942957 0.3228913
v -0.3850000 0.1050000 0.3251357
v -0.3850000 0.1150000 0.3249974
v -0.3859199 0.1257611 0.3229812
v -0.3829657 0.1350000 0.3219298
v -0.3750000 0.0850000 0.3242895
v -0.3750000 0.0950000 0.3268464
v -0.3750000 0.1050000 0.3281528
v -0.3750000 0.1150000 0.3281077
v -0.3750000 0.1250000 0.3271646
v -0.3750000 0.1350000 0.3247867
v -0.3750000 0.1413732 0.3214891
v -0.3650000 0.0850000 0.3250327
v -0.3650000 0.0950000 0.3278713
v -0.3650000 0.1050000 0.3291489
v -0.3650000 0.1150000 0.3289738
v -0.3650000 0.1250000 0.3278859
v -0.3650000 0.1350000 0.3259182
v -0.3650000 0.1421698 0.3222589
v -0.3550000 0.0850000 0.3240319
v -0.3550000 0.0950000 0.3271687
v -0.3550000 0.1050000 0.3284002
v -0.3550000 0.1150000 0.3283142
v -0.3550000 0.1250000 0.3274076
v -0.3550000 0.1350000 0.3260418
v -0.3550000 0.1425731 0.3225321
v -0.3458445 0.0855129 0.3215805
v -0.3450000 0.0950000 0.3246682
v -0.3450000 0.1050000 0.3261512
v -0.3450000 0.1150000 0.3259287
v -0.3450000 0.1250000 0.3249877
v -0.3450000 0.1350000 0.3238107
v -0.3450000 0.1414867 0.3214169
v -0.3390507 0.0891882 0.3205599
v -0.3371913 0.0950000 0.3214355
v -0.3343227 0.1046777 0.3221694
v -0.3350000 0.1150000 0.3227877
v -0.3293028 0.1077961 0.3205328
v -0.3290427 0.1150000 0.3206914
v -0.3807544 0.1405532 0.3206155
v -0.3343690 0.1268248 0.3208878
v -0.3398038 0.1401669 0.3201549
v -0.3905267 0.0794609 0.3108795
v -0.3914527 0.0786504 0.3050000
v -0.3924820 0.0777771 0.2950000
v -0.3951395 0.0778311 0.2845731
v -0.3950000 0.0758553 0.2750000
v -0.3950000 0.0736561 0.2650000
v -0.3950000 0.0730687 0.2550000
v -0.3950000 0.0740799 0.2450000
v -0.3846923 0.0779198 0.3145277
v -0.3850000 0.0753696 0.3050000
v -0.3850000 0.0742378 0.2950000
v -0.3850000 0.0742527 0.2850000
v -0.3850000 0.0750296 0.2750000
v -0.3850000 0.0747458 0.2650000
v -0.3850000 0.0742747 0.2550000
v -0.3850000 0.0752275 0.2450000
v -0.3750000 0.0752048 0.3150000
v -0.3750000 0.0730541 0.3050000
v -0.3750000 0.0724974 0.2950000
v -0.3750000 0.0729289 0.2850000
v -0.3750000 0.0749867 0.2750000
v -0.3743403 0.0776522 0.2645437
v -0.3650000 0.0753532 0.3150000
v -0.3650000 0.0734739 0.3050000
v -0.3650000 0.0736924 0.2950000
v -0.3650000 0.0753238 0.2850000
v -0.3650700 0.0780241 0.2756320
v -0.3684500 0.0791168 0.2675729
v -0.3550000 0.0772697 0.3150000
v -0.3550000 0.0762087 0.3050000
v -0.3548335 0.0778405 0.2952305
v -0.3582885 0.0789637 0.2850000
v -0.3484381 0.0793173 0.3150000
v -0.3479393 0.0790697 0.3050000
v -0.3490759 0.0795266 0.2987175
v -0.3772537 0.0782179 0.2500000
v -0.3596621 0.0797518 0.2793866
v -0.3921537 0.0850000 0.3129836
v -0.3950697 0.0946471 0.3152446
v -0.3968446 0.1050000 0.3161408
v -0.3972307 0.1158190 0.3144783
v -0.3935770 0.1257611 0.3159060
v -0.3919086 0.1321432 0.3131766
v -0.3965690 0.0856803 0.3045395
v -0.3990115 0.0921347 0.3075659
v -0.3999456 0.1196984 0.3098459
v -0.3984222 0.1250998 0.3059075
v -0.3930686 0.1330453 0.3050000
v -0.3974820 0.0835954 0.2950000
v -0.3979214 0.1278481 0.2950000
v -0.3929214 0.1322945 0.2950000
v -0.3985659 0.0819933 0.2876218
v -0.3963410 0.1274911 0.2850000
v -0.3913410 0.1308873 0.2850000
v -0.3940454 0.1266041 0.2759324
v -0.3900757 0.1300409 0.2798873
v -0.3950000 0.1237205 0.2650000
v -0.3950000 0.1220993 0.2550000
v -0.3950000 0.1188889 0.2430007
v -0.3950000 0.1206160 0.2480007
v -0.3881576 0.0850000 0.3179836
v -0.3897229 0.0904928 0.3197653
v -0.3898666 0.1296019 0.3198433
v -0.3874545 0.1352859 0.3159060
v -0.3819182 0.1412036 0.3150000
v -0.3870139 0.1380453 0.3050000
v -0.3820139 0.1411164 0.3050000
v -0.3845291 0.1372252 0.2953936
v -0.3850000 0.1333695 0.2850000
v -0.3850000 0.1287044 0.2732507
v -0.3850000 0.1307759 0.2782507
v -0.3850000 0.1248083 0.2650000
v -0.3815223 0.1197070 0.2516474
v -0.3849134 0.1210933 0.2549884
v -0.3849134 0.1184261 0.2455099
v -0.3881890 0.1203504 0.2491832
v -0.3750000 0.1433028 0.3150000
v -0.3750000 0.1432898 0.3050000
v -0.3750000 0.1391456 0.2919165
v -0.3750000 0.1413603 0.2969165
v -0.3750000 0.1355608 0.2850000
v -0.3750000 0.1290501 0.2719087
v -0.3750000 0.1314152 0.2769087
v -0.3705671 0.0803763 0.2609062
v -0.3703771 0.1199541 0.2600560
v -0.3742263 0.1234509 0.2640336
v -0.3714910 0.0812627 0.2550000
v -0.3742263 0.1188476 0.2549884
v -0.3730164 0.0830095 0.2450000
v -0.3750000 0.1153068 0.2450000
v -0.3650000 0.1448644 0.3150000
v -0.3650000 0.1449413 0.3050000
v -0.3650000 0.1395007 0.2907160
v -0.3650000 0.1422468 0.2957160
v -0.3650000 0.1353735 0.2850000
v -0.3617833 0.0811785 0.2727200
v -0.3650000 0.1278604 0.2732449
v -0.3650000 0.1308729 0.2782449
v -0.3642807 0.0841108 0.2638631
v -0.3601114 0.0901994 0.2601533
v -0.3650000 0.1179508 0.2616700
v -0.3650000 0.1228603 0.2666700
v -0.3662885 0.0862627 0.2550000
v -0.3613055 0.0941197 0.2545031
v -0.3615514 0.1050000 0.2525773
v -0.3649665 0.1134117 0.2555587
v -0.3683796 0.0880095 0.2450000
v -0.3652040 0.0950000 0.2450000
v -0.3654218 0.1050000 0.2450000
v -0.3685974 0.1114474 0.2450000
v -0.3550000 0.1456334 0.3150000
v -0.3550000 0.1447735 0.3050000
v -0.3513891 0.0808439 0.2920508
v -0.3550000 0.1383276 0.2922477
v -0.3550000 0.1417132 0.2972477
v -0.3532885 0.0824246 0.2850000
v -0.3527728 0.1273357 0.2815981
v -0.3556637 0.1328244 0.2849589
v -0.3552845 0.0851170 0.2754661
v -0.3509069 0.0919136 0.2715456
v -0.3520580 0.1167110 0.2727487
v -0.3557487 0.1242575 0.2761553
v -0.3594394 0.1302705 0.2795619
v -0.3575735 0.0878452 0.2668200
v -0.3547089 0.0943898 0.2646965
v -0.3535181 0.1050000 0.2644092
v -0.3557856 0.1136790 0.2660716
v -0.3587247 0.1211794 0.2688374
v -0.3585181 0.1050000 0.2575773
v -0.3595132 0.1106470 0.2592645
v -0.3434381 0.0824042 0.3150000
v -0.3450000 0.1438234 0.3150000
v -0.3429393 0.0815368 0.3050000
v -0.3449915 0.1422686 0.3047094
v -0.3454455 0.0831859 0.2952305
v -0.3410548 0.1280537 0.2907643
v -0.3446870 0.1354382 0.2948530
v -0.3483192 0.1406654 0.2989418
v -0.3453940 0.0878003 0.2858087
v -0.3424325 0.0950000 0.2832904
v -0.3416570 0.1050000 0.2821298
v -0.3431726 0.1150000 0.2832001
v -0.3453310 0.1243614 0.2855323
v -0.3477214 0.1316473 0.2882648
v -0.3489901 0.0890556 0.2782123
v -0.3476246 0.0951481 0.2749274
v -0.3462388 0.1050000 0.2750000
v -0.3485248 0.1140266 0.2756492
v -0.3496073 0.1206690 0.2794154
v -0.3494644 0.0985802 0.2692397
v -0.3495818 0.1050000 0.2694092
v -0.3499780 0.1100444 0.2699726
v -0.3354304 0.0876508 0.3144523
v -0.3321913 0.0950000 0.3177312
v -0.3305378 0.1011294 0.3195545
v -0.3317283 0.1275881 0.3183929
v -0.3338656 0.1350500 0.3150358
v -0.3385358 0.1409551 0.3150000
v -0.3346247 0.0869569 0.3053486
v -0.3310412 0.0924848 0.3022476
v -0.3300987 0.1296713 0.3001772
v -0.3341712 0.1354896 0.3040131
v -0.3382438 0.1411066 0.3078490
v -0.3381083 0.0883495 0.2950000
v -0.3336510 0.0954909 0.2957263
v -0.3327295 0.1050000 0.2937910
v -0.3333302 0.1150000 0.2935805
v -0.3347535 0.1255292 0.2950138
v -0.3367653 0.1325625 0.2974310
v -0.3397699 0.0897677 0.2896811
v -0.3387828 0.0950000 0.2882905
v -0.3377295 0.1050000 0.2871298
v -0.3383302 0.1150000 0.2882001
v -0.3394083 0.1213870 0.2894666
v -0.3295915 0.0895457 0.3107538
v -0.3284285 0.0950000 0.3127312
v -0.3269852 0.1046777 0.3157327
v -0.3250336 0.1150000 0.3150000
v -0.3273385 0.1245529 0.3150358
v -0.3288483 0.1317500 0.3117263
v -0.3295915 0.0895457 0.3089143
v -0.3285733 0.0954909 0.3053486
v -0.3259117 0.1050000 0.3050000
v -0.3248678 0.1150000 0.3050000
v -0.3272922 0.1258028 0.3041063
v -0.3288483 0.1317500 0.3068438
v -0.3297174 0.0991515 0.2995439
v -0.3291572 0.1050000 0.2987910
v -0.3288769 0.1150000 0.2985805
v -0.3293437 0.1230046 0.2992632
v -0.3808819 0.1404369 0.2989892
v -0.3770438 0.1203513 0.2583140
v -0.3416526 0.1392291 0.3011823
v -0.3585109 0.0968661 0.2575052
v -0.3950000 0.0750552 0.2350000
v -0.3950000 0.0752650 0.2250000
v -0.3950000 0.0751613 0.2150000
v -0.3950000 0.0745443 0.2050000
v -0.3950000 0.0730803 0.1950000
v -0.3950000 0.0694218 0.1817576
v -0.3950000 0.0711090 0.1867576
v -0.3950000 0.0673629 0.1750000
v -0.3950000 0.0647963 0.1650000
v -0.3840659 0.0774182 0.2342235
v -0.3840659 0.0779212 0.2248416
v -0.3850000 0.0774015 0.2150000
v -0.3850000 0.0769609 0.2050000
v -0.3850000 0.0758421 0.1950000
v -0.3891653 0.0696701 0.1808952
v -0.3854991 0.0727629 0.1845371
v -0.3854991 0.0687946 0.1744604
v -0.3824986 0.0711496 0.1774340
v -0.3850000 0.0660524 0.1650000
v -0.3792677 0.0794466 0.2370391
v -0.3799413 0.0799531 0.2214027
v -0.3794449 0.0696839 0.1707673
v -0.3750568 0.0750359 0.1747169
v -0.3773285 0.0686630 0.1650000
v -0.3723285 0.0718714 0.1650000
v -0.3692183 0.0789223 0.1719999
v -0.3675907 0.0768714 0.1650000
v -0.3506874 0.0393327 0.1709079
v -0.3519133 0.0450000 0.1724956
v -0.3519951 0.0550000 0.1725294
v -0.3507966 0.0607667 0.1709529
v -0.3506874 0.0393327 0.1667642
v -0.3526694 0.0440174 0.1640585
v -0.3542008 0.0550000 0.1650000
v -0.3513796 0.0612899 0.1650000
v -0.3420754 0.0471637 0.1811154
v -0.3420754 0.0524674 0.1811154
v -0.3450000 0.0379065 0.1729736
v -0.3452452 0.0442982 0.1778306
v -0.3452452 0.0554804 0.1776553
v -0.3450000 0.0619570 0.1727545
v -0.3459834 0.0369596 0.1640585
v -0.3499723 0.0400290 0.1600975
v -0.3450000 0.0646113 0.1650000
v -0.3350000 0.0471433 0.1810370
v -0.3350000 0.0523975 0.1810370
v -0.3350000 0.0374321 0.1739649
v -0.3350000 0.0421433 0.1789649
v -0.3350000 0.0573975 0.1785027
v -0.3350000 0.0624564 0.1735027
v -0.3350000 0.0342934 0.1650000
v -0.3350000 0.0660598 0.1650000
v -0.3295530 0.0490274 0.1802672
v -0.3295530 0.0507293 0.1802672
v -0.3280976 0.0387001 0.1722297
v -0.3254920 0.0456842 0.1747730
v -0.3253658 0.0543014 0.1746334
v -0.3278453 0.0614326 0.1719505
v -0.3266967 0.0375934 0.1650000
v -0.3216967 0.0426273 0.1650000
v -0.3209645 0.0582304 0.1650000
v -0.3259645 0.0627384 0.1650000
v -0.3797311 0.0797858 0.2100000
v -0.3780515 0.0784395 0.1900000
v -0.3950000 0.1165191 0.2350000
v -0.3950000 0.1149745 0.2250000
v -0.3950000 0.1146627 0.2150000
v -0.3950000 0.1144534 0.2050000
v -0.3950000 0.1141104 0.1950000
v -0.3950000 0.1142355 0.1850000
v -0.3950000 0.1153384 0.1750000
v -0.3950000 0.1168506 0.1650000
v -0.3801098 0.0800774 0.2303725
v -0.3850000 0.1151495 0.2350000
v -0.3801098 0.0800774 0.2280694
v -0.3850000 0.1139130 0.2250000
v -0.3850000 0.1139282 0.2150000
v -0.3850000 0.1136787 0.2050000
v -0.3850000 0.1134031 0.1950000
v -0.3850000 0.1136297 0.1850000
v -0.3850000 0.1149760 0.1750000
v -0.3850000 0.1167781 0.1650000
v -0.3749079 0.0847247 0.2344501
v -0.3705482 0.0931776 0.2318611
v -0.3718901 0.1067241 0.2330429
v -0.3751341 0.1120321 0.2358257
v -0.3766617 0.0840464 0.2248416
v -0.3707447 0.0959066 0.2255233
v -0.3725874 0.1040344 0.2255233
v -0.3781745 0.1115324 0.2250000
v -0.3758413 0.0850000 0.2150000
v -0.3710886 0.0950000 0.2150000
v -0.3737565 0.1050000 0.2150000
v -0.3786129 0.1112932 0.2150000
v -0.3753926 0.0850000 0.2050000
v -0.3707284 0.0957448 0.2047484
v -0.3730291 0.1040637 0.2047484
v -0.3787025 0.1111453 0.2050000
v -0.3742871 0.0850000 0.1950000
v -0.3704235 0.0928636 0.1950000
v -0.3736853 0.1054107 0.1950000
v -0.3786853 0.1110820 0.1950000
v -0.3718571 0.0848587 0.1857076
v -0.3701091 0.0909101 0.1895127
v -0.3732710 0.1062341 0.1850000
v -0.3782710 0.1112693 0.1850000
v -0.3706688 0.0814312 0.1786666
v -0.3721877 0.1075693 0.1750000
v -0.3771877 0.1120196 0.1750000
v -0.3708629 0.1090630 0.1650000
v -0.3758629 0.1129632 0.1650000
v -0.3695662 0.0893721 0.2385278
v -0.3689097 0.0959066 0.2351167
v -0.3690813 0.1040344 0.2358257
v -0.3698524 0.1101782 0.2397096
v -0.3699751 0.0998443 0.2292054
v -0.3699751 0.1000574 0.2292054
v -0.3699375 0.0995747 0.2012473
v -0.3699375 0.1001062 0.2012473
v -0.3697453 0.0978636 0.1950000
v -0.3697453 0.1004108 0.1950000
v -0.3693870 0.0880979 0.1828461
v -0.3690329 0.0945461 0.1857076
v -0.3692509 0.1012341 0.1850000
v -0.3681512 0.0848587 0.1751999
v -0.3666530 0.0950000 0.1750000
v -0.3683778 0.1025693 0.1750000
v -0.3639331 0.0850000 0.1650000
v -0.3634160 0.0950000 0.1650000
v -0.3670737 0.1040630 0.1650000
v -0.3950000 0.0583520 0.1424846
v -0.3950000 0.0450000 0.1350483
v -0.3950000 0.0533520 0.1375345
v -0.3822392 0.0450000 0.1409889
v -0.3848854 0.0549980 0.1429659
v -0.3872392 0.0450000 0.1387695
v -0.3881423 0.0516633 0.1391651
v -0.3741959 0.0661436 0.1558359
v -0.3703265 0.0702396 0.1597265
v -0.3750000 0.0450000 0.1440994
v -0.3750000 0.0550000 0.1456258
v -0.3750000 0.0612794 0.1485513
v -0.3607149 0.0450000 0.1505419
v -0.3607313 0.0519058 0.1506155
v -0.3650000 0.0671442 0.1525121
v -0.3645415 0.0741437 0.1573043
v -0.3657149 0.0450000 0.1481105
v -0.3644388 0.0551435 0.1485815
v -0.3650000 0.0621442 0.1491491
v -0.3536934 0.0250000 0.1512386
v -0.3557252 0.0352722 0.1526829
v -0.3551387 0.0440174 0.1564159
v -0.3575039 0.0551435 0.1543693
v -0.3557131 0.0649473 0.1529813
v -0.3582922 0.0750000 0.1518354
v -0.3586934 0.0250000 0.1495941
v -0.3595420 0.0321204 0.1498400
v -0.3595657 0.0585725 0.1497473
v -0.3595657 0.0617990 0.1497473
v -0.3527219 0.0687914 0.1488717
v -0.3532922 0.0750000 0.1476175
v -0.3450000 0.0250000 0.1539693
v -0.3459834 0.0346344 0.1579779
v -0.3499723 0.0400290 0.1599707
v -0.3450000 0.0664145 0.1550000
v -0.3450000 0.0687603 0.1484987
v -0.3451112 0.0751038 0.1435699
v -0.3350000 0.0250000 0.1554424
v -0.3350000 0.0318613 0.1582896
v -0.3350000 0.0678949 0.1550000
v -0.3350000 0.0692915 0.1486506
v -0.3350000 0.0725902 0.1436506
v -0.3250000 0.0250000 0.1552938
v -0.3244988 0.0348547 0.1579663
v -0.3208314 0.0411620 0.1593726
v -0.3201073 0.0597670 0.1597780
v -0.3240644 0.0638351 0.1558668
v -0.3250000 0.0681299 0.1477094
v -0.3250000 0.0720817 0.1427094
v -0.3900000 0.0618940 0.1514238
v -0.3507788 0.0087512 0.1503384
v -0.3418520 0.0785063 0.1386627
v -0.3300000 0.0100000 0.1533580
v -0.3300000 0.0773359 0.1373897
v -0.3794280 0.0202038 0.1409474
v -0.3950000 0.1183079 0.1550000
v -0.3949905 0.1194640 0.1458232
v -0.3916508 0.1202485 0.1430387
v -0.3968533 0.1192751 0.1350000
v -0.3918533 0.1203327 0.1350000
v -0.3956790 0.1183256 0.1250000
v -0.3906790 0.1201712 0.1250000
v -0.3940510 0.1172870 0.1158120
v -0.3900851 0.1200331 0.1196867
v -0.3994519 0.1095598 0.1013081
v -0.3956711 0.1135349 0.1047849
v -0.3850000 0.1183498 0.1550000
v -0.3844269 0.1196019 0.1458232
v -0.3873781 0.1202485 0.1430387
v -0.3807114 0.1199303 0.1395485
v -0.3844269 0.1205258 0.1357291
v -0.3850000 0.1210087 0.1250000
v -0.3888073 0.1196376 0.1130200
v -0.3852844 0.1207711 0.1158120
v -0.3873737 0.1188830 0.1050000
v -0.3823737 0.1207429 0.1050000
v -0.3701432 0.1098623 0.1596448
v -0.3740859 0.1135886 0.1557869
v -0.3750000 0.1169785 0.1450000
v -0.3743500 0.1192862 0.1357291
v -0.3772500 0.1204327 0.1328819
v -0.3705834 0.1199025 0.1294666
v -0.3743500 0.1209618 0.1256799
v -0.3750000 0.1218928 0.1150000
v -0.3750000 0.1223281 0.1050000
v -0.3750000 0.1228961 0.0950000
v -0.3750000 0.1235390 0.0850000
v -0.3607843 0.0850000 0.1588908
v -0.3607620 0.0950000 0.1579822
v -0.3648315 0.1052336 0.1552955
v -0.3687903 0.1109663 0.1529782
v -0.3621236 0.1072716 0.1470443
v -0.3652742 0.1121032 0.1442266
v -0.3650000 0.1157497 0.1350000
v -0.3647306 0.1188919 0.1256799
v -0.3678844 0.1204863 0.1227999
v -0.3647306 0.1211025 0.1153247
v -0.3650000 0.1230968 0.1050000
v -0.3650000 0.1248089 0.0950000
v -0.3650000 0.1258211 0.0850000
v -0.3576588 0.0850000 0.1538908
v -0.3586459 0.0950000 0.1529822
v -0.3596505 0.1006049 0.1509461
v -0.3522308 0.0856882 0.1447710
v -0.3545872 0.0950000 0.1450000
v -0.3582936 0.1043629 0.1442266
v -0.3597568 0.1102281 0.1403776
v -0.3501730 0.0894803 0.1397436
v -0.3509413 0.0950000 0.1384958
v -0.3530683 0.1051468 0.1349504
v -0.3580238 0.1115897 0.1350000
v -0.3509417 0.1085781 0.1286557
v -0.3545650 0.1136903 0.1251934
v -0.3546734 0.1183519 0.1153247
v -0.3577889 0.1205657 0.1122078
v -0.3511222 0.1196608 0.1091109
v -0.3546734 0.1216949 0.1054665
v -0.3550000 0.1247330 0.0950000
v -0.3550000 0.1269806 0.0850000
v -0.3485187 0.0828136 0.1412850
v -0.3446146 0.0860010 0.1358698
v -0.3472554 0.0950000 0.1334957
v -0.3489635 0.1019114 0.1315840
v -0.3407104 0.0891885 0.1292652
v -0.3418477 0.0959377 0.1255591
v -0.3466778 0.1051468 0.1251934
v -0.3487607 0.1112332 0.1219891
v -0.3416247 0.1050000 0.1176599
v -0.3452564 0.1126955 0.1141880
v -0.3445480 0.1176834 0.1054665
v -0.3475800 0.1208093 0.1024442
v -0.3445480 0.1224012 0.0956063
v -0.3450000 0.1263746 0.0850000
v -0.3350000 0.0831391 0.1326780
v -0.3350000 0.0881391 0.1281683
v -0.3350000 0.0933787 0.1231683
v -0.3341157 0.0986279 0.1159400
v -0.3374873 0.1050000 0.1126599
v -0.3397902 0.1102653 0.1103133
v -0.3301929 0.0998748 0.1097841
v -0.3324430 0.1054951 0.1058705
v -0.3379091 0.1123587 0.1050000
v -0.3307553 0.1091585 0.0990458
v -0.3341894 0.1160038 0.0958615
v -0.3376235 0.1212792 0.0926772
v -0.3309569 0.1191279 0.0890657
v -0.3345741 0.1230936 0.0854394
v -0.3250000 0.0822100 0.1321015
v -0.3250000 0.0872100 0.1272370
v -0.3250000 0.0919069 0.1222370
v -0.3250000 0.0967608 0.1150000
v -0.3250000 0.0998538 0.1096820
v -0.3250000 0.1026717 0.1046820
v -0.3245507 0.1077822 0.0954275
v -0.3275845 0.1124612 0.0923792
v -0.3209179 0.1094081 0.0890164
v -0.3244033 0.1156187 0.0857077
v -0.3278887 0.1214580 0.0823990
v -0.3929750 0.1132483 0.0900000
v -0.3817209 0.1209377 0.0900000
v -0.3612177 0.1196925 0.1188745
v -0.3400723 0.0998962 0.1199000
v -0.3409134 0.1195463 0.0993439
v -0.3750000 0.1251657 0.0750000
v -0.3745912 0.1279329 0.0647438
v -0.3709853 0.1303723 0.0612397
v -0.3775943 0.1288477 0.0550000
v -0.3725943 0.1311188 0.0550000
v -0.3792376 0.1295716 0.0450000
v -0.3742376 0.1320454 0.0450000
v -0.3798431 0.1299066 0.0391111
v -0.3759058 0.1323506 0.0354667
v -0.3750000 0.1340488 0.0250000
v -0.3650000 0.1273172 0.0750000
v -0.3650000 0.1292217 0.0672607
v -0.3650000 0.1306322 0.0622607
v -0.3650000 0.1325268 0.0550000
v -0.3650000 0.1346935 0.0450000
v -0.3650000 0.1363398 0.0350000
v -0.3650000 0.1377981 0.0250000
v -0.3546038 0.1289101 0.0745705
v -0.3510063 0.1301737 0.0709509
v -0.3576730 0.1295943 0.0684413
v -0.3546038 0.1308267 0.0650648
v -0.3442243 0.1291705 0.0745705
v -0.3470406 0.1301737 0.0709509
v -0.3403739 0.1299775 0.0699148
v -0.3442243 0.1310558 0.0659489
v -0.3350000 0.1274749 0.0750000
v -0.3350000 0.1295673 0.0685748
v -0.3350000 0.1309595 0.0635748
v -0.3350000 0.1332307 0.0550000
v -0.3350000 0.1357403 0.0450000
v -0.3247332 0.1230595 0.0749578
v -0.3252486 0.1276527 0.0649110
v -0.3287477 0.1304269 0.0615183
v -0.3220810 0.1291135 0.0581638
v -0.3252486 0.1314101 0.0548983
v -0.3250000 0.1343573 0.0450000
v -0.3831618 0.1223552 0.0700000
v -0.3879152 0.1222952 0.0488870
v -0.3859272 0.1263998 0.0296519
v -0.3873007 0.1272126 0.0100000
v -0.3699841 0.1370004 0.0099422
v -0.3605548 0.1401303 0.0081406
v -0.3500000 0.1346063 0.0500000
v -0.3500911 0.1387238 0.0308835
v -0.3486370 0.1405330 0.0226287
v -0.3589406 0.1398378 0.0179478
v -0.3500911 0.1419219 0.0099422
v -0.3300000 0.1385211 0.0313906
v -0.3300000 0.1406841 0.0227812
v -0.3300000 0.1438126 0.0100000
v -0.3937421 0.1149150 0.0643004
v -0.3977165 0.1179933 0.0200000
v -0.3212221 0.1187762 0.0782630
v -0.3195958 0.0490077 0.1706497
v -0.3195958 0.0512069 0.1706497
v -0.3188739 0.0476273 0.1650000
v -0.3188739 0.0532304 0.1650000
v -0.3002391 0.0395248 0.1704386
v -0.3003563 0.0450000 0.1705875
v -0.3002360 0.0503323 0.1703448
v -0.3004830 0.0391466 0.1650000
v -0.3009725 0.0450000 0.1650000
v -0.3004894 0.0505550 0.1650000
v -0.2901285 0.0398685 0.1800670
v -0.2901285 0.0405286 0.1800670
v -0.2906040 0.0296654 0.1705706
v -0.2936996 0.0363633 0.1738379
v -0.2940771 0.0443172 0.1762149
v -0.2950000 0.0527160 0.1724396
v -0.2912546 0.0291644 0.1650000
v -0.2962545 0.0341466 0.1650000
v -0.2943431 0.0564175 0.1658513
v -0.2905718 0.0604447 0.1630855
v -0.2850000 0.0396189 0.1801995
v -0.2844209 0.0443172 0.1802199
v -0.2807015 0.0501409 0.1801004
v -0.2850000 0.0293096 0.1711319
v -0.2850000 0.0346189 0.1761319
v -0.2873682 0.0471953 0.1795748
v -0.2851781 0.0550484 0.1749816
v -0.2829881 0.0603154 0.1703884
v -0.2850000 0.0280099 0.1650000
v -0.2896548 0.0599557 0.1697522
v -0.2857929 0.0612835 0.1658513
v -0.2795590 0.0450000 0.1802246
v -0.2798189 0.0501409 0.1801004
v -0.2782256 0.0294142 0.1709386
v -0.2755760 0.0353046 0.1745898
v -0.2745590 0.0450000 0.1770172
v -0.2762368 0.0541173 0.1740852
v -0.2793215 0.0603154 0.1703884
v -0.2770170 0.0288455 0.1650000
v -0.2720170 0.0311485 0.1650000
v -0.2725761 0.0581230 0.1650000
v -0.2775761 0.0612708 0.1650000
v -0.2685412 0.0376525 0.1715743
v -0.2681252 0.0450000 0.1720172
v -0.2689590 0.0514271 0.1711154
v -0.2671160 0.0361485 0.1650000
v -0.2647493 0.0450000 0.1650000
v -0.2676334 0.0531230 0.1650000
v -0.2795931 0.0396233 0.1801990
v -0.3150000 0.0250000 0.1543961
v -0.3150000 0.0350000 0.1552124
v -0.3153416 0.0446972 0.1570750
v -0.3150209 0.0559992 0.1554757
v -0.3178058 0.0613402 0.1531113
v -0.3111391 0.0588980 0.1494089
v -0.3146835 0.0648041 0.1467459
v -0.3150000 0.0714245 0.1413758
v -0.3050000 0.0250000 0.1545942
v -0.3042430 0.0356024 0.1567122
v -0.3056162 0.0450000 0.1568142
v -0.3042500 0.0527676 0.1547041
v -0.3050000 0.0581537 0.1488243
v -0.3050000 0.0650000 0.1444575
v -0.3050000 0.0707495 0.1406333
v -0.2950000 0.0050000 0.1519383
v -0.2950000 0.0150000 0.1536233
v -0.2946413 0.0255323 0.1570713
v -0.2977354 0.0326707 0.1587269
v -0.2964073 0.0567860 0.1550000
v -0.2914073 0.0608199 0.1550000
v -0.2979713 0.0586402 0.1490235
v -0.2947828 0.0643891 0.1455623
v -0.2950000 0.0702193 0.1401853
v -0.2950000 0.0752193 0.1355055
v -0.2853480 0.0052775 0.1506691
v -0.2850000 0.0150000 0.1525121
v -0.2850000 0.0237002 0.1568313
v -0.2850000 0.0630603 0.1550000
v -0.2822466 0.0021292 0.1495592
v -0.2858048 0.0671981 0.1440193
v -0.2896746 0.0700307 0.1400322
v -0.2830080 0.0697402 0.1397197
v -0.2859240 0.0748907 0.1349245
v -0.2821734 0.0797507 0.1297471
v -0.2790840 0.0087958 0.1502514
v -0.2754504 0.0158276 0.1508110
v -0.2746782 0.0254279 0.1561400
v -0.2711303 0.0305455 0.1591331
v -0.2707600 0.0594247 0.1550000
v -0.2757600 0.0622404 0.1550000
v -0.2754504 0.0052775 0.1485068
v -0.2724173 0.0130460 0.1493284
v -0.2702333 0.0598294 0.1496498
v -0.2741400 0.0637393 0.1457899
v -0.2750000 0.0684680 0.1386488
v -0.2750000 0.0739237 0.1336488
v -0.2750000 0.0789237 0.1290011
v -0.2698378 0.0197127 0.1500706
v -0.2683761 0.0250000 0.1519027
v -0.2644719 0.0348393 0.1549778
v -0.2617609 0.0445850 0.1544935
v -0.2664911 0.0544247 0.1550000
v -0.2650000 0.0050000 0.1454269
v -0.2659026 0.0158276 0.1477901
v -0.2633761 0.0250000 0.1483143
v -0.2613304 0.0324665 0.1490677
v -0.2607694 0.0476417 0.1488624
v -0.2639889 0.0563589 0.1459228
v -0.2672085 0.0615505 0.1429831
v -0.2643251 0.0649303 0.1372726
v -0.2650000 0.0721708 0.1317819
v -0.2650000 0.0771708 0.1276793
v -0.2596337 0.0391332 0.1508224
v -0.2596337 0.0409751 0.1508224
v -0.2550000 0.0250000 0.1438274
v -0.2557802 0.0354799 0.1461051
v -0.2552326 0.0447820 0.1447761
v -0.2574981 0.0528885 0.1421958
v -0.2508315 0.0485889 0.1394970
v -0.2544989 0.0557331 0.1383708
v -0.2551196 0.0653400 0.1330108
v -0.2585326 0.0707469 0.1305638
v -0.2518660 0.0689000 0.1293015
v -0.2551196 0.0744481 0.1265591
v -0.2486038 0.0250000 0.1405131
v -0.2480564 0.0350000 0.1408307
v -0.2485375 0.0419223 0.1406897
v -0.2451225 0.0451534 0.1379385
v -0.2443606 0.0556170 0.1332460
v -0.2472677 0.0622334 0.1313757
v -0.2406010 0.0593617 0.1297194
v -0.2443606 0.0653400 0.1282325
v -0.2450000 0.0750000 0.1232735
v -0.3100000 0.0100000 0.1535164
v -0.3100000 0.0760870 0.1363453
v -0.2605419 0.0595551 0.1397452
v -0.2522502 0.0100000 0.1413357
v -0.2445005 0.0100000 0.1388310
v -0.2433301 0.0300000 0.1388270
v -0.3150000 0.0964742 0.1150000
v -0.3150000 0.0998028 0.1094811
v -0.3150000 0.1053400 0.0950000
v -0.3146955 0.1085532 0.0854098
v -0.3178258 0.1121096 0.0823498
v -0.3050000 0.0957530 0.1150000
v -0.3050000 0.0995405 0.1088463
v -0.3050000 0.1046136 0.0950000
v -0.3050000 0.1068369 0.0850000
v -0.2950000 0.0945109 0.1150000
v -0.2950000 0.0989226 0.1074839
v -0.2825689 0.0895443 0.1193674
v -0.2855413 0.0924357 0.1156204
v -0.2846547 0.0982305 0.1046198
v -0.2750000 0.0888098 0.1184823
v -0.2750000 0.0921670 0.1134823
v -0.2750000 0.0965982 0.1050000
v -0.2650000 0.0876940 0.1173314
v -0.2650000 0.0915871 0.1123314
v -0.2650000 0.0954754 0.1050000
v -0.2550000 0.0863254 0.1160972
v -0.2550000 0.0908014 0.1110972
v -0.2550000 0.0941639 0.1050000
v -0.2446627 0.0861982 0.1141781
v -0.2477712 0.0902275 0.1102968
v -0.2411046 0.0898820 0.1098114
v -0.2446627 0.0924382 0.1058868
v -0.3100000 0.1015330 0.1041637
v -0.2913789 0.1006999 0.1017585
v -0.2810912 0.0997870 0.0994888
v -0.2899137 0.1041382 0.0901733
v -0.2700000 0.0991598 0.0976787
v -0.2700000 0.1019221 0.0888394
v -0.2493637 0.0987027 0.0913248
v -0.2530405 0.1007612 0.0860778
v -0.3007317 0.0858563 0.1259009
v -0.2600000 0.0820414 0.1220439
v -0.3111592 0.1092868 0.0785889
v -0.3150468 0.1150385 0.0750926
v -0.3117157 0.1184641 0.0650000
v -0.3144267 0.1255883 0.0557375
v -0.3188338 0.1306121 0.0514971
v -0.3121671 0.1287298 0.0471305
v -0.3153003 0.1315281 0.0442783
v -0.3150000 0.1346878 0.0350000
v -0.3146244 0.1384663 0.0248881
v -0.3049598 0.1084207 0.0751533
v -0.3082663 0.1113008 0.0719222
v -0.3015997 0.1091335 0.0684369
v -0.3049598 0.1135553 0.0650621
v -0.3050000 0.1219685 0.0530790
v -0.3055796 0.1271100 0.0442783
v -0.3092993 0.1301903 0.0404638
v -0.3026327 0.1292253 0.0387378
v -0.3055796 0.1317578 0.0352427
v -0.3050000 0.1367831 0.0250000
v -0.2950000 0.1068946 0.0750000
v -0.2945042 0.1086947 0.0650621
v -0.2975070 0.1113068 0.0617702
v -0.2908403 0.1096584 0.0594537
v -0.2948756 0.1150408 0.0551239
v -0.2922442 0.1187749 0.0481672
v -0.2950000 0.1415384 0.0130925
v -0.2950000 0.1452858 0.0050000
v -0.2850000 0.1061245 0.0750000
v -0.2850000 0.1072765 0.0650000
v -0.2850000 0.1089507 0.0579334
v -0.2850000 0.1120760 0.0529334
v -0.2845392 0.1174585 0.0449003
v -0.2881780 0.1405849 0.0110926
v -0.2849068 0.1424397 0.0054339
v -0.2750000 0.1085916 0.0574735
v -0.2750000 0.1117426 0.0524735
v -0.2752412 0.1171918 0.0445015
v -0.2720687 0.1205492 0.0408359
v -0.2752412 0.1231341 0.0357030
v -0.2750000 0.1285057 0.0277753
v -0.2750000 0.1317847 0.0227753
v -0.2750000 0.1362768 0.0150000
v -0.2750000 0.1394921 0.0088646
v -0.2750000 0.1416346 0.0038646
v -0.2650000 0.1093025 0.0590330
v -0.2650000 0.1132495 0.0540330
v -0.2650000 0.1182495 0.0474067
v -0.2650000 0.1217896 0.0424067
v -0.2651231 0.1270829 0.0347374
v -0.2618718 0.1309324 0.0312291
v -0.2685385 0.1294188 0.0291022
v -0.2651231 0.1332715 0.0254613
v -0.2656072 0.1385898 0.0154989
v -0.2626787 0.1409063 0.0124982
v -0.2693454 0.1397963 0.0094296
v -0.2656072 0.1424472 0.0056578
v -0.2550000 0.1036125 0.0750000
v -0.2558939 0.1081095 0.0653964
v -0.2531564 0.1122829 0.0623274
v -0.2598231 0.1098904 0.0598702
v -0.2560705 0.1158093 0.0559864
v -0.2523180 0.1222599 0.0521026
v -0.2589846 0.1193357 0.0490397
v -0.2553335 0.1253817 0.0456101
v -0.2516823 0.1317074 0.0421805
v -0.2583490 0.1285036 0.0378957
v -0.2545246 0.1346532 0.0344344
v -0.2507003 0.1405438 0.0309731
v -0.2576723 0.1379475 0.0250000
v -0.2526723 0.1418463 0.0250000
v -0.2453132 0.1064047 0.0750950
v -0.2421887 0.1122224 0.0718249
v -0.2488554 0.1089911 0.0689941
v -0.2455461 0.1155860 0.0656544
v -0.2489035 0.1189496 0.0587693
v -0.2468378 0.1253559 0.0552616
v -0.2418697 0.1319859 0.0550000
v -0.2491512 0.1289265 0.0488472
v -0.2454219 0.1355060 0.0456012
v -0.2483593 0.1383741 0.0376398
v -0.2450156 0.1429495 0.0345839
v -0.2447194 0.1472292 0.0253290
v -0.2411990 0.1508506 0.0222150
v -0.3178251 0.1216719 0.0682982
v -0.3075098 0.1192266 0.0590285
v -0.3177074 0.1404219 0.0214801
v -0.3080204 0.1397617 0.0194248
v -0.3099061 0.1433990 0.0100152
v -0.2939409 0.1213213 0.0457317
v -0.2900550 0.1296525 0.0300253
v -0.2871394 0.1386389 0.0139349
v -0.2700000 0.1053929 0.0700000
v -0.2408462 0.1275050 0.0608763
v -0.2416926 0.1414518 0.0423552
v -0.2595294 0.1396643 0.0191649
v -0.2498486 0.1494326 0.0098268
v -0.2808987 0.1196629 0.0395049
v -0.2787354 0.1196629 0.0395049
v -0.2350000 0.0250000 0.1373206
v -0.2350000 0.0350000 0.1369644
v -0.2350000 0.0450000 0.1348471
v -0.2350779 0.0556170 0.1313953
v -0.2317964 0.0609573 0.1303063
v -0.2384631 0.0593617 0.1297194
v -0.2350779 0.0645744 0.1281249
v -0.2350000 0.0750000 0.1230585
v -0.2250000 0.0250000 0.1375147
v -0.2250000 0.0350000 0.1368271
v -0.2250000 0.0450000 0.1351168
v -0.2250000 0.0550000 0.1332908
v -0.2249270 0.0645744 0.1314609
v -0.2215450 0.0712665 0.1306567
v -0.2282117 0.0676239 0.1291222
v -0.2249270 0.0747599 0.1266346
v -0.2150000 0.0650000 0.1334770
v -0.2150000 0.0723656 0.1311330
v -0.2150000 0.0773656 0.1281584
v -0.2050000 0.0650000 0.1348744
v -0.2050000 0.0729262 0.1317168
v -0.2050000 0.0779262 0.1285816
v -0.1910918 0.0650000 0.1404372
v -0.1903967 0.0704489 0.1402286
v -0.1960918 0.0650000 0.1379939
v -0.1942079 0.0745648 0.1345181
v -0.1980191 0.0786807 0.1289616
v -0.1850000 0.0650000 0.1422613
v -0.1842531 0.0742693 0.1409337
v -0.1870884 0.0771155 0.1376011
v -0.2300000 0.0100000 0.1377798
v -0.2079503 0.0100000 0.1408832
v -0.2076371 0.0285024 0.1405685
v -0.2021229 0.0429685 0.1405554
v -0.2159006 0.0100000 0.1391423
v -0.2126877 0.0318921 0.1391546
v -0.2100684 0.0501953 0.1372251
v -0.1897428 0.0501953 0.1426221
v -0.1989379 0.0523176 0.1396479
v -0.1700000 0.0500000 0.1462442
v -0.1700000 0.0700000 0.1439046
v -0.1800000 0.0200000 0.1467786
v -0.2350000 0.0801879 0.1201918
v -0.2350000 0.0844153 0.1150000
v -0.2350000 0.0892273 0.1086749
v -0.2350000 0.0921031 0.1036749
v -0.2344050 0.0974104 0.0941122
v -0.2306751 0.1002445 0.0901871
v -0.2373417 0.0995465 0.0887000
v -0.2344872 0.1041257 0.0850339
v -0.2316327 0.1122213 0.0813678
v -0.2250000 0.0811166 0.1214515
v -0.2250000 0.0853383 0.1150000
v -0.2250000 0.0892217 0.1086559
v -0.2250000 0.0924109 0.1036559
v -0.2250000 0.0974109 0.0967706
v -0.2244656 0.1041467 0.0917337
v -0.2207760 0.1110627 0.0905287
v -0.2274427 0.1069111 0.0880344
v -0.2250025 0.1149754 0.0850856
v -0.2150000 0.0826391 0.1231584
v -0.2157229 0.0880360 0.1148374
v -0.2128714 0.0908855 0.1113956
v -0.2195381 0.0898746 0.1097860
v -0.2154517 0.0948560 0.1052968
v -0.2113654 0.1013802 0.1008076
v -0.2148192 0.1048281 0.0970080
v -0.2146728 0.1146376 0.0920508
v -0.2177881 0.1177294 0.0888035
v -0.2050000 0.0834454 0.1235816
v -0.2050000 0.0884454 0.1177260
v -0.2050000 0.0923191 0.1127260
v -0.2050000 0.0973191 0.1074324
v -0.2048011 0.1048281 0.1023561
v -0.2013351 0.1113425 0.1006837
v -0.2080018 0.1080469 0.0989776
v -0.2048011 0.1148055 0.0971190
v -0.1913525 0.0807381 0.1309344
v -0.1941505 0.0848946 0.1245353
v -0.1902818 0.0900953 0.1201091
v -0.1913940 0.1013106 0.1106438
v -0.1948364 0.1047864 0.1072913
v -0.1948144 0.1148055 0.1022469
v -0.1909959 0.1406875 0.0906066
v -0.1941795 0.1445323 0.0844522
v -0.1906966 0.1504135 0.0804838
v -0.1842531 0.0822479 0.1345606
v -0.1850000 0.0875935 0.1267740
v -0.1850000 0.0912521 0.1217740
v -0.1847183 0.1047864 0.1118497
v -0.1811971 0.1111738 0.1105004
v -0.1878638 0.1079773 0.1090329
v -0.1847183 0.1147043 0.1072518
v -0.1850000 0.1423258 0.0922774
v -0.1850000 0.1473258 0.0870118
v -0.1850000 0.1515446 0.0820118
v -0.1745270 0.0864771 0.1341983
v -0.1708784 0.0902051 0.1303305
v -0.1775451 0.0893866 0.1289228
v -0.1745270 0.0927587 0.1253537
v -0.1750000 0.1050000 0.1151001
v -0.1741177 0.1147043 0.1111977
v -0.1768628 0.1178405 0.1090253
v -0.1750000 0.1437129 0.0939570
v -0.1750000 0.1487129 0.0883886
v -0.1750000 0.1525796 0.0833886
v -0.1650000 0.0868948 0.1358572
v -0.1650000 0.0905601 0.1308572
v -0.1647310 0.0961392 0.1241624
v -0.1647310 0.1043077 0.1178673
v -0.1650000 0.1150000 0.1130572
v -0.1650000 0.1438938 0.0944747
v -0.1650000 0.1488938 0.0886260
v -0.1650000 0.1528787 0.0836260
v -0.2212854 0.1277059 0.0810429
v -0.2180320 0.0988264 0.0988404
v -0.2084893 0.1281285 0.0879405
v -0.2028877 0.1417104 0.0817539
v -0.1804218 0.0802885 0.1402257
v -0.1935451 0.0946652 0.1149299
v -0.1860133 0.1260278 0.1012984
v -0.1980240 0.1180091 0.0989758
v -0.1920847 0.1320600 0.0948313
v -0.1700000 0.0814756 0.1411878
v -0.1612183 0.1005129 0.1202707
v -0.1714425 0.0988899 0.1191169
v -0.1690523 0.1264117 0.1066471
v -0.1700000 0.1388365 0.0992158
v -0.2382994 0.1080070 0.0784916
v -0.2353529 0.1155552 0.0755218
v -0.2390730 0.1188891 0.0689813
v -0.2292291 0.1188880 0.0792187
v -0.2196338 0.1497826 0.0596398
v -0.2157803 0.1537187 0.0557839
v -0.2157153 0.1586700 0.0457654
v -0.2057681 0.1586408 0.0556958
v -0.2096135 0.1598197 0.0496089
v -0.2303442 0.1300983 0.0702304
v -0.2252293 0.1411197 0.0651192
v -0.2382293 0.1381452 0.0520110
v -0.2285407 0.1484321 0.0490494
v -0.2330455 0.1535284 0.0310106
v -0.2356162 0.1577281 0.0100000
v -0.2122772 0.1386065 0.0787946
v -0.2092833 0.1486684 0.0687919
v -0.2195256 0.1597544 0.0394827
v -0.1921769 0.1551440 0.0724065
v -0.1994752 0.1597460 0.0594930
v -0.1700000 0.1577291 0.0765523
v -0.2305004 0.1602298 0.0150000
v -0.2307320 0.1602798 0.0050000
v -0.2250000 0.1624940 0.0150000
v -0.2250000 0.1624147 0.0050000
v -0.2157153 0.1630056 0.0356896
v -0.2150000 0.1656667 0.0250000
v -0.2050000 0.1675623 0.0350000
v -0.2050000 0.1685129 0.0250000
v -0.1992021 0.1697029 0.0350000
v -0.1942021 0.1713914 0.0350000
v -0.1997695 0.1699114 0.0250000
v -0.1947695 0.1718007 0.0250000
v -0.1850000 0.1735868 0.0350000
v -0.1850000 0.1745326 0.0250000
v -0.2256807 0.1609936 0.0257422
v -0.2069096 0.1681718 0.0095470
v -0.1865200 0.1613574 0.0662605
v -0.1892835 0.1689063 0.0491533
v -0.1921409 0.1733581 0.0117897
v -0.1700000 0.1626432 0.0682761
v -0.1700000 0.1707551 0.0512314
v -0.1700000 0.1752360 0.0300000
v -0.1700000 0.1775262 0.0100000
v -0.2071913 0.1620974 0.0471780
v -0.1121942 0.0478030 0.1475359
v -0.1100873 0.0700401 0.1426851
v -0.1022483 0.0786008 0.1395527
v -0.0900000 0.0500000 0.1443846
v -0.0920704 0.0667611 0.1409763
v -0.0886362 0.0718552 0.1387241
v -0.1427230 0.0204116 0.1505201
v -0.1390491 0.0571342 0.1470061
v -0.1029987 0.0195130 0.1488296
v -0.1550000 0.0875062 0.1368998
v -0.1550000 0.0912267 0.1318998
v -0.1550000 0.0962267 0.1259186
v -0.1450000 0.0883727 0.1382643
v -0.1450000 0.0922736 0.1332643
v -0.1450000 0.0972736 0.1270628
v -0.1350000 0.0887828 0.1388920
v -0.1350000 0.0929602 0.1338920
v -0.1350000 0.0979602 0.1278618
v -0.1340144 0.1056244 0.1222909
v -0.1300240 0.1100052 0.1200025
v -0.1366907 0.1093740 0.1196620
v -0.1340144 0.1140031 0.1176289
v -0.1250000 0.0878890 0.1384095
v -0.1250000 0.0927644 0.1334095
v -0.1250000 0.0977644 0.1277258
v -0.1259873 0.1055631 0.1221821
v -0.1299788 0.1100052 0.1200025
v -0.1233121 0.1092719 0.1196135
v -0.1259873 0.1140031 0.1174679
v -0.1150000 0.0863326 0.1374721
v -0.1150000 0.0921171 0.1324721
v -0.1150000 0.0971171 0.1270297
v -0.1053490 0.0842441 0.1368412
v -0.1050000 0.0912481 0.1313870
v -0.1050000 0.0962481 0.1262165
v -0.0945742 0.0858476 0.1333406
v -0.0976237 0.0905179 0.1305417
v -0.0909570 0.0897460 0.1297569
v -0.0942125 0.0951593 0.1251438
v -0.0901671 0.1299440 0.0999547
v -0.0936129 0.1354030 0.0955029
v -0.0903921 0.1398688 0.0898447
v -0.0850000 0.0837088 0.1325359
v -0.0850000 0.0887088 0.1287646
v -0.0850000 0.0938358 0.1237646
v -0.0850000 0.1288782 0.0990384
v -0.0850000 0.1338863 0.0940384
v -0.0850000 0.1388863 0.0886918
v -0.1500000 0.0829395 0.1418370
v -0.1500000 0.1024920 0.1214907
v -0.1500000 0.1112460 0.1170180
v -0.1501429 0.1284839 0.1077591
v -0.1430955 0.1401452 0.1001399
v -0.1523811 0.1398983 0.0999091
v -0.1501429 0.1489204 0.0896122
v -0.1300000 0.0833359 0.1418318
v -0.1299984 0.1291972 0.1084319
v -0.1316588 0.1403810 0.1003675
v -0.1216510 0.1395817 0.0996155
v -0.1302077 0.1496768 0.0900176
v -0.1119575 0.0808698 0.1404192
v -0.1100000 0.1025746 0.1216231
v -0.1082162 0.1130880 0.1149869
v -0.1104579 0.1265856 0.1068871
v -0.1100000 0.1378815 0.0980072
v -0.1100000 0.1476400 0.0877266
v -0.0974679 0.1007875 0.1205307
v -0.0879006 0.0993182 0.1194883
v -0.0899135 0.1116198 0.1121337
v -0.0919780 0.1269272 0.1024057
v -0.0939322 0.1448411 0.0850823
v -0.1086188 0.1581582 0.0719940
v -0.0896395 0.1520903 0.0720589
v -0.0856852 0.1592084 0.0543702
v -0.1400000 0.1587883 0.0780490
v -0.1350000 0.1793691 0.0150000
v -0.1350000 0.1792732 0.0050000
v -0.1250000 0.1784035 0.0150000
v -0.1250000 0.1785786 0.0050000
v -0.1500000 0.1635312 0.0688410
v -0.1500000 0.1714232 0.0520437
v -0.1500000 0.1760496 0.0300000
v -0.1500000 0.1785489 0.0100000
v -0.1300000 0.1640153 0.0692080
v -0.1300000 0.1717431 0.0524237
v -0.1300000 0.1767958 0.0300000
v -0.1120472 0.1617794 0.0669111
v -0.1110608 0.1691270 0.0487831
v -0.1071341 0.1716542 0.0308966
v -0.1100000 0.1750606 0.0100000
v -0.0985532 0.1604703 0.0610145
v -0.0904919 0.1625951 0.0494248
v -0.0915370 0.1678451 0.0287426
v -0.0896189 0.1701733 0.0106631
v -0.0308017 0.0692374 0.1196774
v -0.0344810 0.0749741 0.1173042
v -0.0250000 0.0669317 0.1186136
v -0.0254062 0.0753457 0.1131482
v -0.0223437 0.0789095 0.1090185
v -0.0159956 0.0640029 0.1169659
v -0.0150000 0.0723212 0.1118956
v -0.0150000 0.0773212 0.1074817
v -0.0046236 0.0656889 0.1128316
v -0.0077060 0.0708521 0.1107201
v -0.0010394 0.0694814 0.1096140
v -0.0041761 0.0753005 0.1052855
v -0.0738349 0.0472255 0.1408873
v -0.0798308 0.0601980 0.1400595
v -0.0686819 0.0508358 0.1381367
v -0.0690433 0.0709645 0.1327054
v -0.0480999 0.0517947 0.1312695
v -0.0529487 0.0690019 0.1273568
v -0.0069874 0.0532714 0.1188129
v -0.0006462 0.0797488 0.0997856
v -0.0603600 0.0195122 0.1395981
v -0.0425232 0.0782902 0.1187342
v -0.0212005 0.0202701 0.1292064
v -0.0244777 0.0536731 0.1236011
v -0.0750000 0.0814033 0.1309339
v -0.0750000 0.0864033 0.1265222
v -0.0750000 0.0915704 0.1215222
v -0.0750000 0.1264941 0.0968061
v -0.0750000 0.1316982 0.0918061
v -0.0742506 0.1372303 0.0850466
v -0.0699905 0.0800053 0.1300039
v -0.0665578 0.0843061 0.1242798
v -0.0697918 0.0901134 0.1201003
v -0.0663038 0.1242956 0.0943977
v -0.0694544 0.1302847 0.0903116
v -0.0627878 0.1284927 0.0882918
v -0.0656727 0.1328562 0.0849751
v -0.0346443 0.1052139 0.0953015
v -0.0373628 0.1114669 0.0914035
v -0.0306962 0.1096036 0.0895957
v -0.0342176 0.1154366 0.0854763
v -0.0250000 0.1030347 0.0926572
v -0.0250000 0.1080347 0.0879503
v -0.0250000 0.1127383 0.0829502
v -0.0660286 0.0948882 0.1151928
v -0.0715459 0.1085116 0.1083719
v -0.0724099 0.1207963 0.1005869
v -0.0631531 0.1181228 0.0984838
v -0.0770843 0.1414032 0.0817444
v -0.0520949 0.0810785 0.1209886
v -0.0494901 0.0909010 0.1112690
v -0.0523132 0.1066373 0.1020861
v -0.0479197 0.1130294 0.0950989
v -0.0525571 0.1244207 0.0865564
v -0.0309102 0.0870489 0.1065254
v -0.0385924 0.1008243 0.1005352
v -0.0253525 0.0946479 0.0990918
v -0.0111564 0.0823963 0.1017194
v -0.0091852 0.0931589 0.0933221
v -0.0138638 0.1049815 0.0850403
v -0.0377389 0.1211978 0.0813570
v -0.0677088 0.1390715 0.0787029
v -0.0719056 0.1476826 0.0677947
v -0.0685300 0.1538521 0.0514257
v -0.0658839 0.1591539 0.0332847
v -0.0605668 0.1597703 0.0187024
v -0.0489812 0.1332550 0.0727108
v -0.0547019 0.1408029 0.0652652
v -0.0425227 0.1387042 0.0574424
v -0.0521277 0.1478546 0.0478143
v -0.0476369 0.1519291 0.0306123
v -0.0497124 0.1565356 0.0100554
v -0.0280361 0.1185724 0.0781585
v -0.0319327 0.1275944 0.0676800
v -0.0284382 0.1344564 0.0515472
v -0.0347813 0.1406702 0.0451754
v -0.0213697 0.1393239 0.0322753
v -0.0322296 0.1454834 0.0285475
v -0.0313070 0.1488932 0.0100000
v -0.0093291 0.1129113 0.0722879
v -0.0150932 0.1205509 0.0649288
v -0.0029067 0.1185105 0.0571474
v -0.0120382 0.1278469 0.0478673
v -0.0076698 0.1325067 0.0307417
v -0.0182086 0.1409213 0.0228839
v -0.0082975 0.1378552 0.0106183
v -0.0135787 0.1413079 0.0069355
v -0.0770885 0.1609234 0.0426946
v -0.0681828 0.1626061 0.0175445
v -0.4804843 -0.0018505 -0.0014185
v -0.4300823 -0.0901692 -0.0494735
v -0.4312811 -0.0853333 -0.0456841
v -0.4304390 -0.0908289 -0.0550000
v -0.4325448 -0.0850000 -0.0550000
v -0.4312631 -0.0919371 -0.0650000
v -0.4342517 -0.0850000 -0.0650000
v -0.4321495 -0.0926347 -0.0750000
v -0.4361337 -0.0850000 -0.0750000
v -0.4271516 -0.0941015 -0.0456841
v -0.4295434 -0.0888889 -0.0428068
v -0.4272784 -0.0958289 -0.0550000
v -0.4274115 -0.0969371 -0.0650000
v -0.4272105 -0.0976347 -0.0750000
v -0.4201234 -0.1001520 -0.0193572
v -0.4231387 -0.0893568 -0.0101536
v -0.4208974 -0.1009952 -0.0300000
v -0.4278504 -0.0875510 -0.0305011
v -0.4220302 -0.1019642 -0.0500000
v -0.4223110 -0.1018278 -0.0700000
v -0.4096726 -0.1093662 -0.0101024
v -0.4191052 -0.0979910 -0.0088453
v -0.4102423 -0.1102952 -0.0286158
v -0.4107924 -0.1110353 -0.0500000
v -0.4104024 -0.1103971 -0.0711629
v -0.4710751 -0.0208309 -0.0028037
v -0.4735413 -0.0158515 -0.0056822
v -0.4785013 -0.0051103 -0.0048511
v -0.4722423 -0.0135063 -0.0150000
v -0.4753691 -0.0050000 -0.0150000
v -0.4710690 -0.0115267 -0.0250000
v -0.4726597 -0.0050000 -0.0250000
v -0.4703273 -0.0104463 -0.0326870
v -0.4707707 -0.0056362 -0.0356122
v -0.4702754 -0.0021981 -0.0450000
v -0.4700371 -0.0002038 -0.0506444
v -0.4700755 -0.0003863 -0.0689112
v -0.4704578 -0.0022643 -0.0750000
v -0.4657298 -0.0219095 -0.0056822
v -0.4695497 -0.0197524 -0.0094704
v -0.4627199 -0.0209239 -0.0150000
v -0.4677199 -0.0185063 -0.0150000
v -0.4644461 -0.0171817 -0.0256836
v -0.4659453 -0.0140162 -0.0356122
v -0.4699088 -0.0093937 -0.0393536
v -0.4643951 -0.0141325 -0.0450000
v -0.4693951 -0.0071981 -0.0450000
v -0.4636212 -0.0134803 -0.0550000
v -0.4688046 -0.0041223 -0.0543867
v -0.4636238 -0.0134821 -0.0650000
v -0.4688067 -0.0042318 -0.0653467
v -0.4643344 -0.0140583 -0.0750000
v -0.4693344 -0.0072643 -0.0750000
v -0.4505611 -0.0323302 -0.0024133
v -0.4543367 -0.0272509 -0.0054480
v -0.4550000 -0.0247792 -0.0150000
v -0.4558214 -0.0221491 -0.0256836
v -0.4533966 -0.0212207 -0.0350000
v -0.4514931 -0.0204448 -0.0421430
v -0.4493963 -0.0353981 -0.0054480
v -0.4498513 -0.0297332 -0.0090800
v -0.4478391 -0.0350000 -0.0150000
v -0.4493893 -0.0288553 -0.0150000
v -0.4461574 -0.0350000 -0.0250000
v -0.4486243 -0.0274424 -0.0250000
v -0.4445853 -0.0350000 -0.0350000
v -0.4478354 -0.0262207 -0.0350000
v -0.4410892 -0.0427566 -0.0450000
v -0.4431638 -0.0350000 -0.0450000
v -0.4475383 -0.0242669 -0.0452858
v -0.4400680 -0.0589195 -0.0596958
v -0.4404862 -0.0422194 -0.0550000
v -0.4417862 -0.0350000 -0.0550000
v -0.4454872 -0.0250000 -0.0550000
v -0.4405936 -0.0553517 -0.0645955
v -0.4402849 -0.0448569 -0.0645955
v -0.4407838 -0.0350000 -0.0650000
v -0.4441404 -0.0250000 -0.0650000
v -0.4424226 -0.0550000 -0.0750000
v -0.4416193 -0.0450000 -0.0750000
v -0.4409862 -0.0350000 -0.0750000
v -0.4439063 -0.0250000 -0.0750000
v -0.4316647 -0.0721239 -0.0050000
v -0.4366647 -0.0658358 -0.0050000
v -0.4308761 -0.0724495 -0.0150000
v -0.4361950 -0.0640003 -0.0140008
v -0.4312180 -0.0751960 -0.0248774
v -0.4343794 -0.0650000 -0.0250000
v -0.4331827 -0.0750000 -0.0350000
v -0.4349284 -0.0650000 -0.0350000
v -0.4375414 -0.0550000 -0.0450000
v -0.4391438 -0.0477566 -0.0450000
v -0.4391279 -0.0553517 -0.0558175
v -0.4394222 -0.0472194 -0.0550000
v -0.4398594 -0.0522528 -0.0609925
v -0.4398594 -0.0480948 -0.0609925
v -0.4281247 -0.0771239 -0.0050000
v -0.4290511 -0.0774495 -0.0150000
v -0.4296927 -0.0786600 -0.0214623
v -0.4607435 -0.0203252 -0.0228060
v -0.4402708 -0.0604181 -0.0075006
v -0.4443067 -0.0499946 -0.0097502
v -0.4413118 -0.0479262 -0.0286285
v -0.4590495 -0.0198097 -0.0322364
v -0.4400680 -0.0603425 -0.0596958
v -0.4522202 -0.0191263 -0.0510239
v -0.4406445 -0.0665405 -0.0723157
v -0.4516906 -0.0186133 -0.0700000
v -0.4391568 -0.0582971 -0.0166679
v -0.4384934 -0.0530615 -0.0320603
v -0.4363522 -0.0698014 -0.0502044
v -0.4389866 -0.0717063 -0.0688201
v -0.4325048 -0.0925744 -0.0850000
v -0.4377760 -0.0840763 -0.0857593
v -0.4321028 -0.0919468 -0.0950000
v -0.4371028 -0.0856109 -0.0950000
v -0.4311521 -0.0910378 -0.1050000
v -0.4361521 -0.0857584 -0.1050000
v -0.4303872 -0.0903544 -0.1116987
v -0.4350644 -0.0849828 -0.1150984
v -0.4266860 -0.0975744 -0.0850000
v -0.4258082 -0.0969468 -0.0950000
v -0.4241286 -0.0966368 -0.1046409
v -0.4257701 -0.0934996 -0.1150192
v -0.4296169 -0.0896417 -0.1183653
v -0.4402023 -0.0803690 -0.0922994
v -0.4403820 -0.0805412 -0.1084157
v -0.4212471 -0.1008576 -0.0900000
v -0.4202143 -0.1001462 -0.1010681
v -0.4285206 -0.0883053 -0.1300000
v -0.4264385 -0.0864707 -0.1500000
v -0.4089063 -0.1086259 -0.0900000
v -0.4069008 -0.1068088 -0.1092993
v -0.4190445 -0.0993931 -0.1113674
v -0.4084150 -0.1030725 -0.1300000
v -0.4168301 -0.0978763 -0.1300000
v -0.4068368 -0.1018478 -0.1476314
v -0.4120575 -0.0978246 -0.1511402
v -0.4701717 -0.0102355 -0.0882411
v -0.4710093 -0.0055796 -0.0849446
v -0.4704741 -0.0106460 -0.0950000
v -0.4721765 -0.0050000 -0.0950000
v -0.4709053 -0.0112289 -0.1050000
v -0.4730650 -0.0050000 -0.1050000
v -0.4713369 -0.0118016 -0.1150000
v -0.4739320 -0.0050000 -0.1150000
v -0.4717394 -0.0122764 -0.1250000
v -0.4747707 -0.0050000 -0.1250000
v -0.4721087 -0.0126459 -0.1350000
v -0.4755730 -0.0050000 -0.1350000
v -0.4723175 -0.0128254 -0.1450000
v -0.4760025 -0.0050000 -0.1450000
v -0.4722387 -0.0127564 -0.1550000
v -0.4757986 -0.0050000 -0.1550000
v -0.4658946 -0.0137021 -0.0849446
v -0.4698243 -0.0092994 -0.0815744
v -0.4650000 -0.0153274 -0.0950000
v -0.4650000 -0.0161147 -0.1050000
v -0.4641418 -0.0174382 -0.1140938
v -0.4654065 -0.0172764 -0.1250000
v -0.4655599 -0.0176459 -0.1350000
v -0.4658370 -0.0178254 -0.1450000
v -0.4663010 -0.0177564 -0.1550000
v -0.4550000 -0.0191747 -0.1050000
v -0.4504908 -0.0388709 -0.1176031
v -0.4586193 -0.0201024 -0.1168230
v -0.4551716 -0.0196163 -0.1140938
v -0.4511929 -0.0353225 -0.1253449
v -0.4545710 -0.0234608 -0.1246488
v -0.4519527 -0.0198371 -0.1203895
v -0.4504527 -0.0611649 -0.1367948
v -0.4529939 -0.0350000 -0.1350000
v -0.4562824 -0.0252922 -0.1350000
v -0.4508681 -0.0619130 -0.1450000
v -0.4541774 -0.0350000 -0.1450000
v -0.4570277 -0.0255134 -0.1450000
v -0.4511276 -0.0619616 -0.1550000
v -0.4555776 -0.0350000 -0.1550000
v -0.4579363 -0.0262343 -0.1550000
v -0.4443856 -0.0550000 -0.0850000
v -0.4437665 -0.0450000 -0.0850000
v -0.4419935 -0.0350000 -0.0850000
v -0.4441183 -0.0250000 -0.0850000
v -0.4459938 -0.0550000 -0.0950000
v -0.4458900 -0.0450000 -0.0950000
v -0.4435028 -0.0350000 -0.0950000
v -0.4445638 -0.0250000 -0.0950000
v -0.4427115 -0.0750000 -0.1050000
v -0.4454165 -0.0650000 -0.1050000
v -0.4457227 -0.0350000 -0.1050000
v -0.4456623 -0.0250000 -0.1050000
v -0.4488519 -0.0192890 -0.1050000
v -0.4423953 -0.0758266 -0.1150988
v -0.4466890 -0.0650000 -0.1150000
v -0.4481868 -0.0353225 -0.1145618
v -0.4472842 -0.0250000 -0.1150000
v -0.4493948 -0.0195243 -0.1150000
v -0.4431989 -0.0742222 -0.1250000
v -0.4478022 -0.0650000 -0.1250000
v -0.4489859 -0.0322042 -0.1222414
v -0.4491094 -0.0250000 -0.1219732
v -0.4498267 -0.0198371 -0.1203895
v -0.4433228 -0.0735283 -0.1350000
v -0.4486473 -0.0646989 -0.1340769
v -0.4430823 -0.0728411 -0.1450000
v -0.4480824 -0.0669130 -0.1450000
v -0.4424473 -0.0721176 -0.1550000
v -0.4474473 -0.0669616 -0.1550000
v -0.4602363 -0.0201024 -0.1168230
v -0.4604832 -0.0202417 -0.1300000
v -0.4610690 -0.0208738 -0.1500000
v -0.4423181 -0.0699767 -0.0901898
v -0.4517192 -0.0191065 -0.0900000
v -0.4490778 -0.0491727 -0.1124538
v -0.4509354 -0.0527729 -0.1290342
v -0.4534004 -0.0500000 -0.1500000
v -0.4396203 -0.0781782 -0.0829321
v -0.4397416 -0.0797110 -0.1184980
v -0.4378721 -0.0781773 -0.1400000
v -0.4125689 -0.0920498 -0.1850000
v -0.4175689 -0.0875779 -0.1850000
v -0.4111750 -0.0909527 -0.1915451
v -0.4151727 -0.0849078 -0.1950543
v -0.4125036 -0.0820917 -0.2027659
v -0.4045429 -0.0972111 -0.1848946
v -0.4044282 -0.0923344 -0.1949271
v -0.4073803 -0.0887584 -0.1982118
v -0.4007136 -0.0903192 -0.2004505
v -0.4049662 -0.0850344 -0.2049415
v -0.4025521 -0.0813104 -0.2116557
v -0.4260289 -0.0839623 -0.1666901
v -0.4218037 -0.0818176 -0.1884484
v -0.4025195 -0.1016332 -0.1700000
v -0.4137927 -0.0935155 -0.1701377
v -0.4009048 -0.1005312 -0.1814910
v -0.4720473 -0.0126173 -0.1650000
v -0.4753414 -0.0050000 -0.1650000
v -0.4718190 -0.0123404 -0.1750000
v -0.4748457 -0.0050000 -0.1750000
v -0.4715089 -0.0118667 -0.1850000
v -0.4742541 -0.0050000 -0.1850000
v -0.4708930 -0.0110680 -0.1930029
v -0.4719884 -0.0057600 -0.1958017
v -0.4706894 -0.0029334 -0.2013972
v -0.4666739 -0.0176173 -0.1650000
v -0.4667838 -0.0173404 -0.1750000
v -0.4616630 -0.0235890 -0.1850000
v -0.4666630 -0.0168667 -0.1850000
v -0.4602284 -0.0307244 -0.1980362
v -0.4609606 -0.0256392 -0.1948217
v -0.4667544 -0.0146408 -0.1958017
v -0.4698847 -0.0096001 -0.1996696
v -0.4630640 -0.0152922 -0.2045699
v -0.4682557 -0.0057600 -0.2048383
v -0.4615272 -0.0121537 -0.2130272
v -0.4626976 -0.0056298 -0.2158163
v -0.4510289 -0.0614694 -0.1650000
v -0.4533972 -0.0550000 -0.1650000
v -0.4555523 -0.0450000 -0.1650000
v -0.4568782 -0.0350000 -0.1650000
v -0.4586942 -0.0269862 -0.1650000
v -0.4505733 -0.0607294 -0.1728723
v -0.4525965 -0.0559187 -0.1757234
v -0.4563621 -0.0450000 -0.1750000
v -0.4575779 -0.0350000 -0.1750000
v -0.4590315 -0.0276276 -0.1750000
v -0.4525676 -0.0536743 -0.1850000
v -0.4564269 -0.0450000 -0.1850000
v -0.4514293 -0.0517012 -0.1929573
v -0.4538189 -0.0458386 -0.1957744
v -0.4522355 -0.0430643 -0.2024857
v -0.4554184 -0.0348008 -0.2049416
v -0.4582417 -0.0250000 -0.2062605
v -0.4590543 -0.0188203 -0.2076164
v -0.4519346 -0.0322106 -0.2113553
v -0.4532417 -0.0250000 -0.2133688
v -0.4561089 -0.0160034 -0.2164151
v -0.4598302 -0.0093830 -0.2196938
v -0.4529864 -0.0130887 -0.2250000
v -0.4574384 -0.0056298 -0.2246394
v -0.4508183 -0.0109317 -0.2307857
v -0.4519254 -0.0050000 -0.2318440
v -0.4414940 -0.0712822 -0.1650000
v -0.4464941 -0.0664694 -0.1650000
v -0.4406365 -0.0705552 -0.1716798
v -0.4452541 -0.0650791 -0.1756094
v -0.4498717 -0.0598645 -0.1795390
v -0.4485940 -0.0586743 -0.1850000
v -0.4456656 -0.0556012 -0.1960853
v -0.4497443 -0.0497309 -0.1996239
v -0.4430776 -0.0528345 -0.2027141
v -0.4458668 -0.0459934 -0.2059332
v -0.4486560 -0.0388773 -0.2091523
v -0.4419893 -0.0422558 -0.2111546
v -0.4451936 -0.0353264 -0.2132656
v -0.4458654 -0.0256365 -0.2184547
v -0.4497757 -0.0198532 -0.2198031
v -0.4423485 -0.0220552 -0.2250000
v -0.4473485 -0.0180887 -0.2250000
v -0.4400224 -0.0200127 -0.2300186
v -0.4434090 -0.0138663 -0.2337355
v -0.4460131 -0.0050000 -0.2368440
v -0.4376946 -0.0557007 -0.2056285
v -0.4393914 -0.0489225 -0.2093808
v -0.4324820 -0.0550000 -0.2127352
v -0.4351530 -0.0455745 -0.2153402
v -0.4309147 -0.0422265 -0.2208965
v -0.4326925 -0.0350000 -0.2221193
v -0.4356052 -0.0267108 -0.2251575
v -0.4350000 -0.0213429 -0.2319310
v -0.4282257 -0.0550000 -0.2177352
v -0.4295800 -0.0488932 -0.2195257
v -0.4232257 -0.0550000 -0.2228746
v -0.4251492 -0.0452143 -0.2251112
v -0.4270063 -0.0350000 -0.2271193
v -0.4286234 -0.0284445 -0.2285958
v -0.4207184 -0.0415355 -0.2305394
v -0.4220063 -0.0350000 -0.2317048
v -0.4253319 -0.0247137 -0.2354782
v -0.4155022 -0.0776602 -0.2056595
v -0.4141329 -0.0721722 -0.2145155
v -0.4168881 -0.0681220 -0.2175258
v -0.4102215 -0.0701235 -0.2201077
v -0.4141329 -0.0648732 -0.2222013
v -0.4149743 -0.0547681 -0.2277322
v -0.4182906 -0.0482021 -0.2293259
v -0.4116239 -0.0512801 -0.2305479
v -0.4149743 -0.0449213 -0.2316689
v -0.4150000 -0.0350000 -0.2349513
v -0.4150000 -0.0273037 -0.2382761
v -0.4092188 -0.0795691 -0.2094325
v -0.4055313 -0.0767939 -0.2149934
v -0.4050000 -0.0713156 -0.2209694
v -0.4050000 -0.0650000 -0.2251864
v -0.4050000 -0.0582919 -0.2292170
v -0.4050000 -0.0532919 -0.2313315
v -0.4050000 -0.0450000 -0.2341616
v -0.4050000 -0.0350000 -0.2369875
v -0.4050000 -0.0285657 -0.2391574
v -0.4617288 -0.0223069 -0.1700000
v -0.4603354 -0.0278622 -0.2009957
v -0.4606211 -0.0027163 -0.2210657
v -0.4425904 -0.0622991 -0.1887733
v -0.4591476 -0.0318555 -0.1890478
v -0.4347043 -0.0749487 -0.1736148
v -0.4314000 -0.0714035 -0.1910585
v -0.4395151 -0.0595012 -0.1992133
v -0.4263915 -0.0663649 -0.2084673
v -0.4385172 -0.0321971 -0.2188325
v -0.4213876 -0.0614554 -0.2211736
v -0.4318536 -0.0183468 -0.2380769
v -0.4191703 -0.0792702 -0.1985634
v -0.4401289 -0.0101343 -0.2400977
v -0.4410131 -0.0050000 -0.2407750
v -0.4350000 -0.0122119 -0.2418799
v -0.4350000 -0.0050000 -0.2450452
v -0.4247041 -0.0149024 -0.2449276
v -0.4279144 -0.0050000 -0.2492702
v -0.4207011 -0.0103232 -0.2502059
v -0.4229144 -0.0050000 -0.2508220
v -0.4150000 -0.0223037 -0.2418044
v -0.4150000 -0.0162656 -0.2468044
v -0.4150000 -0.0112656 -0.2508098
v -0.4150000 -0.0050000 -0.2526254
v -0.4050000 -0.0235657 -0.2429699
v -0.4050000 -0.0176299 -0.2479699
v -0.4050000 -0.0126299 -0.2516482
v -0.4050000 -0.0050000 -0.2542633
v -0.4220405 -0.0209829 -0.2407796
v -0.3876518 -0.1274611 -0.0100000
v -0.3870847 -0.1270209 -0.0300000
v -0.3874556 -0.1257992 -0.0484758
v -0.3886716 -0.1229835 -0.0700000
v -0.3604127 -0.1400956 -0.0080928
v -0.3699212 -0.1368737 -0.0099278
v -0.3700000 -0.1351164 -0.0300000
v -0.3729574 -0.1318133 -0.0506742
v -0.3701034 -0.1300178 -0.0700685
v -0.3501678 -0.1423466 -0.0099278
v -0.3594516 -0.1398492 -0.0178522
v -0.3488215 -0.1414811 -0.0297115
v -0.3542399 -0.1394899 -0.0335043
v -0.3300000 -0.1464323 -0.0100000
v -0.3300000 -0.1466539 -0.0300000
v -0.3991067 -0.1192897 -0.0200000
v -0.3981247 -0.1189284 -0.0600000
v -0.3395706 -0.1400948 -0.0609430
v -0.3739100 -0.1221525 -0.1450000
v -0.3726564 -0.1212355 -0.1550000
v -0.3650000 -0.1255373 -0.1450000
v -0.3650000 -0.1233563 -0.1550000
v -0.3350000 -0.1363113 -0.1050000
v -0.3350000 -0.1356383 -0.1150000
v -0.3350000 -0.1345962 -0.1250000
v -0.3350000 -0.1326905 -0.1350000
v -0.3250000 -0.1364411 -0.1050000
v -0.3250000 -0.1352170 -0.1150000
v -0.3250000 -0.1338216 -0.1250000
v -0.3250000 -0.1321862 -0.1350000
v -0.3862788 -0.1210846 -0.0871435
v -0.3807937 -0.1203862 -0.1100000
v -0.3803481 -0.1202112 -0.1222355
v -0.3680970 -0.1283010 -0.0900000
v -0.3676271 -0.1274941 -0.1100000
v -0.3681459 -0.1261773 -0.1286246
v -0.3500000 -0.1340978 -0.0900000
v -0.3500000 -0.1333425 -0.1100000
v -0.3520022 -0.1308312 -0.1320773
v -0.3488338 -0.1276094 -0.1482513
v -0.3228752 -0.1401118 -0.0805926
v -0.3301813 -0.1380507 -0.0898389
v -0.3300000 -0.1286969 -0.1480071
v -0.3919995 -0.1158966 -0.1023243
v -0.3883696 -0.1138159 -0.1402652
v -0.3906598 -0.1104331 -0.1625705
v -0.3943959 -0.1075389 -0.1655423
v -0.3950000 -0.1051235 -0.1750000
v -0.3982593 -0.0992855 -0.1881577
v -0.3949555 -0.0968908 -0.1946281
v -0.3858282 -0.1125199 -0.1655423
v -0.3897137 -0.1098704 -0.1692372
v -0.3830470 -0.1112981 -0.1731937
v -0.3858282 -0.1090680 -0.1759162
v -0.3850000 -0.0986827 -0.1979508
v -0.3746461 -0.1176234 -0.1645439
v -0.3758632 -0.1126044 -0.1759162
v -0.3797719 -0.1099428 -0.1798604
v -0.3731053 -0.1107705 -0.1815017
v -0.3758632 -0.1084359 -0.1849010
v -0.3750000 -0.1030878 -0.1946192
v -0.3750000 -0.0955248 -0.2050000
v -0.3750000 -0.0907869 -0.2108325
v -0.3758222 -0.0840154 -0.2165516
v -0.3650000 -0.1189663 -0.1675672
v -0.3650000 -0.1156607 -0.1750000
v -0.3650000 -0.1116943 -0.1828679
v -0.3650000 -0.1087192 -0.1878679
v -0.3655806 -0.1030779 -0.1959628
v -0.3655806 -0.0967830 -0.2041338
v -0.3650000 -0.0910134 -0.2109704
v -0.3650000 -0.0850000 -0.2155291
v -0.3550000 -0.0960729 -0.2055281
v -0.3550000 -0.0910729 -0.2109325
v -0.3550000 -0.0850000 -0.2151745
v -0.3450000 -0.0960760 -0.2059353
v -0.3450000 -0.0910760 -0.2108656
v -0.3450000 -0.0850000 -0.2149338
v -0.3350000 -0.0960817 -0.2062311
v -0.3350000 -0.0910817 -0.2108577
v -0.3350000 -0.0850000 -0.2149232
v -0.3250000 -0.0959624 -0.2062164
v -0.3250000 -0.0909624 -0.2107860
v -0.3250000 -0.0850000 -0.2148576
v -0.3891370 -0.1025025 -0.1884731
v -0.3893048 -0.0887503 -0.2092068
v -0.3804289 -0.0800257 -0.2200181
v -0.3721505 -0.0998458 -0.1997786
v -0.3626344 -0.1001708 -0.2002229
v -0.3797037 -0.0800257 -0.2200181
v -0.3528256 -0.1185277 -0.1733217
v -0.3500000 -0.1089857 -0.1893383
v -0.3500000 -0.1005863 -0.2007317
v -0.3300000 -0.1185622 -0.1768824
v -0.3302662 -0.1099707 -0.1900564
v -0.3300000 -0.1011220 -0.2012237
v -0.3680384 -0.1206805 -0.1617369
v -0.3396012 -0.1216473 -0.1682926
v -0.3950000 -0.0735758 -0.2223837
v -0.3957182 -0.0646246 -0.2278482
v -0.3995304 -0.0597758 -0.2299020
v -0.3928637 -0.0610410 -0.2305519
v -0.3957182 -0.0558655 -0.2320154
v -0.3950000 -0.0450000 -0.2354973
v -0.3842573 -0.0758822 -0.2224114
v -0.3850000 -0.0664907 -0.2280007
v -0.3850000 -0.0614907 -0.2307798
v -0.3850000 -0.0550000 -0.2331703
v -0.3850000 -0.0450000 -0.2361288
v -0.3910478 -0.0791897 -0.2192407
v -0.3690185 -0.0794965 -0.2196840
v -0.3701370 -0.0672634 -0.2268897
v -0.3700000 -0.0500000 -0.2342806
v -0.3500000 -0.0786481 -0.2191551
v -0.3518454 -0.0673099 -0.2257880
v -0.3495933 -0.0529722 -0.2320010
v -0.3300000 -0.0783784 -0.2190686
v -0.3300000 -0.0691892 -0.2237197
v -0.3300000 -0.0511715 -0.2307963
v -0.3800000 -0.0322028 -0.2390859
v -0.3375065 -0.0284105 -0.2382691
v -0.3950000 -0.0172778 -0.2480859
v -0.3950000 -0.0122778 -0.2513758
v -0.3950000 -0.0050000 -0.2540611
v -0.3846599 -0.0145369 -0.2475244
v -0.3810998 -0.0094864 -0.2497261
v -0.3877665 -0.0108948 -0.2505107
v -0.3846599 -0.0056918 -0.2520556
v -0.3750000 -0.0150000 -0.2454740
v -0.3750000 -0.0082972 -0.2492049
v -0.3750000 -0.0032972 -0.2514316
v -0.3650000 -0.0150000 -0.2443689
v -0.3641537 -0.0049460 -0.2487027
v -0.3669229 -0.0015766 -0.2506176
v -0.3900000 -0.0244238 -0.2425984
v -0.3700000 -0.0243875 -0.2411100
v -0.3415211 -0.0133375 -0.2426323
v -0.2970212 -0.1501675 -0.0091177
v -0.2942127 -0.1490241 -0.0054706
v -0.2942127 -0.1503140 -0.0141898
v -0.2903545 -0.1499794 -0.0103163
v -0.2950000 -0.1503499 -0.0430920
v -0.2950000 -0.1497667 -0.0480920
v -0.2950000 -0.1476385 -0.0550000
v -0.2850000 -0.1469682 -0.0050000
v -0.2890128 -0.1501914 -0.0169830
v -0.2854077 -0.1492763 -0.0141898
v -0.2872126 -0.1503100 -0.0427928
v -0.2843275 -0.1497933 -0.0456757
v -0.2850000 -0.1476790 -0.0550000
v -0.2750000 -0.1452932 -0.0050000
v -0.2750000 -0.1477486 -0.0150000
v -0.2750000 -0.1481773 -0.0250000
v -0.2750000 -0.1483300 -0.0350000
v -0.2750000 -0.1483813 -0.0450000
v -0.2750000 -0.1464154 -0.0550000
v -0.2650000 -0.1465563 -0.0050000
v -0.2650000 -0.1484778 -0.0150000
v -0.2650000 -0.1484994 -0.0250000
v -0.2650000 -0.1478884 -0.0350000
v -0.2650000 -0.1472721 -0.0450000
v -0.2650000 -0.1453434 -0.0550000
v -0.2534176 -0.1516336 -0.0050000
v -0.2584176 -0.1490804 -0.0050000
v -0.2546185 -0.1518091 -0.0150000
v -0.2596185 -0.1498400 -0.0150000
v -0.2514987 -0.1506037 -0.0450000
v -0.2564987 -0.1486805 -0.0450000
v -0.2503896 -0.1501500 -0.0506366
v -0.2542337 -0.1477440 -0.0543819
v -0.2450000 -0.1553001 -0.0050000
v -0.2450000 -0.1554179 -0.0150000
v -0.2450000 -0.1533390 -0.0450000
v -0.2450836 -0.1514637 -0.0543819
v -0.2484727 -0.1493512 -0.0573032
v -0.3078738 -0.1493294 -0.0107647
v -0.3095058 -0.1498670 -0.0300000
v -0.3083936 -0.1483996 -0.0482256
v -0.3100259 -0.1426756 -0.0699418
v -0.3084197 -0.1397638 -0.0792969
v -0.2883134 -0.1501936 -0.0300000
v -0.2900000 -0.1425521 -0.0689527
v -0.2900000 -0.1391477 -0.0779053
v -0.2700000 -0.1413971 -0.0679485
v -0.2700000 -0.1385438 -0.0758970
v -0.2524293 -0.1519341 -0.0300000
v -0.2483540 -0.1462634 -0.0686891
v -0.2581337 -0.1392868 -0.0776772
v -0.3183201 -0.1303214 -0.1410768
v -0.3149921 -0.1289070 -0.1446461
v -0.3150000 -0.1261614 -0.1550000
v -0.3050000 -0.1278064 -0.1450000
v -0.3050000 -0.1258066 -0.1550000
v -0.2750000 -0.1350190 -0.0850000
v -0.2755964 -0.1316055 -0.0957165
v -0.2793274 -0.1298597 -0.0995274
v -0.2750000 -0.1253055 -0.1450000
v -0.2750000 -0.1243604 -0.1550000
v -0.2650000 -0.1357385 -0.0850000
v -0.2650000 -0.1331503 -0.0950000
v -0.2650000 -0.1262217 -0.1450000
v -0.2650000 -0.1247678 -0.1550000
v -0.2550000 -0.1327911 -0.1050000
v -0.2558307 -0.1308930 -0.1158533
v -0.2597178 -0.1299757 -0.1197555
v -0.2550000 -0.1278569 -0.1450000
v -0.2550000 -0.1264041 -0.1550000
v -0.2450000 -0.1354107 -0.1050000
v -0.2450000 -0.1330002 -0.1150000
v -0.2450000 -0.1279628 -0.1450000
v -0.2450000 -0.1265955 -0.1550000
v -0.3185061 -0.1401118 -0.0805926
v -0.3100259 -0.1374273 -0.0898389
v -0.3079410 -0.1325376 -0.1120723
v -0.3095547 -0.1302092 -0.1301773
v -0.2880732 -0.1336892 -0.0920488
v -0.2902860 -0.1300004 -0.1098210
v -0.2900000 -0.1276114 -0.1300000
v -0.2900000 -0.1258181 -0.1500000
v -0.2693143 -0.1298767 -0.1095813
v -0.2700000 -0.1274580 -0.1300000
v -0.2460477 -0.1411060 -0.0861397
v -0.2508057 -0.1377034 -0.0908304
v -0.2490158 -0.1297996 -0.1285942
v -0.3150000 -0.1146550 -0.1850000
v -0.3150000 -0.1106823 -0.1908069
v -0.3150000 -0.1060288 -0.1958069
v -0.3050000 -0.1149267 -0.1850000
v -0.3050000 -0.1108115 -0.1908962
v -0.3050000 -0.1058366 -0.1958962
v -0.2950000 -0.1148812 -0.1850000
v -0.2950000 -0.1107880 -0.1908353
v -0.2950000 -0.1056618 -0.1958353
v -0.2850000 -0.1149029 -0.1850000
v -0.2850000 -0.1109466 -0.1910115
v -0.2850000 -0.1056688 -0.1960115
v -0.2750000 -0.1151281 -0.1850000
v -0.2750000 -0.1112813 -0.1914616
v -0.2750000 -0.1058472 -0.1964616
v -0.2642485 -0.1169124 -0.1841206
v -0.2650000 -0.1117304 -0.1919972
v -0.2650000 -0.1061331 -0.1969972
v -0.2550000 -0.1206106 -0.1814566
v -0.2550000 -0.1179025 -0.1864565
v -0.2550000 -0.1129026 -0.1933345
v -0.2550000 -0.1078114 -0.1983345
v -0.2550000 -0.0950000 -0.2066165
v -0.2550000 -0.0896855 -0.2097822
v -0.2550000 -0.0846855 -0.2130505
v -0.2475653 -0.1207018 -0.1817411
v -0.2445391 -0.1185199 -0.1850447
v -0.2448516 -0.1128137 -0.1957694
v -0.2480861 -0.1095389 -0.1996157
v -0.2453323 -0.0954387 -0.2088679
v -0.2488871 -0.0896496 -0.2097634
v -0.2422204 -0.0923978 -0.2104794
v -0.2453323 -0.0857898 -0.2127249
v -0.3100000 -0.1190440 -0.1772941
v -0.2900000 -0.1190248 -0.1768988
v -0.2698121 -0.1217989 -0.1691405
v -0.2710405 -0.1190302 -0.1773864
v -0.2604143 -0.1201124 -0.1802009
v -0.2700000 -0.1009901 -0.2007403
v -0.2689272 -0.0900948 -0.2097911
v -0.2498848 -0.1232104 -0.1700839
v -0.2408986 -0.1197358 -0.1788928
v -0.2470904 -0.1062534 -0.2017638
v -0.3000000 -0.1217413 -0.1685482
v -0.3000000 -0.0929755 -0.2077910
v -0.3100000 -0.0774817 -0.2189376
v -0.3100000 -0.0687409 -0.2224395
v -0.3110485 -0.0492741 -0.2295041
v -0.2869377 -0.0733343 -0.2190250
v -0.2906199 -0.0680435 -0.2211078
v -0.2911549 -0.0482227 -0.2278232
v -0.2983320 -0.0224686 -0.2351205
v -0.2600000 -0.0614486 -0.2219004
v -0.2604920 -0.0218327 -0.2316706
v -0.3090537 -0.0050251 -0.2405054
v -0.2255294 -0.1604854 -0.0455803
v -0.2099352 -0.1632112 -0.0499645
v -0.2052727 -0.1603620 -0.0653156
v -0.1900000 -0.1759543 -0.0100000
v -0.1911950 -0.1719497 -0.0313500
v -0.1700000 -0.1786712 -0.0100000
v -0.1700000 -0.1750882 -0.0300000
v -0.2161581 -0.1659037 -0.0197542
v -0.1791207 -0.1667477 -0.0565082
v -0.2305253 -0.1578787 -0.0504589
v -0.2327194 -0.1520757 -0.0709177
v -0.2179012 -0.1595642 -0.0580965
v -0.2102478 -0.1580156 -0.0703840
v -0.2360579 -0.1585434 -0.0200000
v -0.1858002 -0.1593689 -0.0781677
v -0.1678670 -0.1601263 -0.0802983
v -0.2150000 -0.1366640 -0.1250000
v -0.2158097 -0.1319138 -0.1353846
v -0.2130162 -0.1292957 -0.1389743
v -0.2196829 -0.1300691 -0.1401527
v -0.2158097 -0.1270907 -0.1440916
v -0.2150000 -0.1218915 -0.1531707
v -0.2050000 -0.1363084 -0.1250000
v -0.2050000 -0.1320455 -0.1330495
v -0.2050000 -0.1285065 -0.1380495
v -0.2048395 -0.1232208 -0.1455809
v -0.2080658 -0.1206927 -0.1510206
v -0.1950000 -0.1362197 -0.1250000
v -0.1950000 -0.1317598 -0.1323441
v -0.1950000 -0.1277081 -0.1373441
v -0.1850000 -0.1358601 -0.1250000
v -0.1850000 -0.1312311 -0.1315453
v -0.1850000 -0.1270051 -0.1365453
v -0.2291969 -0.1476143 -0.0876199
v -0.2387228 -0.1395107 -0.0985772
v -0.2266957 -0.1412785 -0.1067325
v -0.2312329 -0.1382702 -0.1112403
v -0.2314024 -0.1323156 -0.1314656
v -0.2290745 -0.1277636 -0.1470530
v -0.2201693 -0.1199196 -0.1598736
v -0.2112664 -0.1508098 -0.0910817
v -0.2100000 -0.1433532 -0.1091662
v -0.2100000 -0.1392932 -0.1183324
v -0.2052412 -0.1158202 -0.1556696
v -0.1905981 -0.1527473 -0.0932171
v -0.1883843 -0.1458219 -0.1075142
v -0.1900000 -0.1395444 -0.1191507
v -0.1900000 -0.1223566 -0.1426940
v -0.1698601 -0.1556716 -0.0898862
v -0.1700000 -0.1466410 -0.1065083
v -0.1700000 -0.1387649 -0.1183698
v -0.1701580 -0.1298358 -0.1299262
v -0.1700000 -0.1208932 -0.1409894
v -0.1800000 -0.1120924 -0.1520364
v -0.2350000 -0.1158988 -0.1850000
v -0.2355992 -0.1117299 -0.1949010
v -0.2326653 -0.1090508 -0.1981683
v -0.2393320 -0.1102256 -0.2002796
v -0.2355992 -0.1054305 -0.2038236
v -0.2350000 -0.0988678 -0.2095698
v -0.2350000 -0.0938678 -0.2112937
v -0.2350000 -0.0850000 -0.2145268
v -0.2250903 -0.1118578 -0.1843842
v -0.2218172 -0.1090954 -0.1873070
v -0.2284838 -0.1107432 -0.1915017
v -0.2250903 -0.1073217 -0.1949010
v -0.2250000 -0.1023305 -0.2029133
v -0.2250000 -0.0974602 -0.2079133
v -0.2250000 -0.0924602 -0.2111758
v -0.2250000 -0.0850000 -0.2142858
v -0.2146551 -0.1137097 -0.1653270
v -0.2110918 -0.1093340 -0.1688783
v -0.2180320 -0.1112295 -0.1750000
v -0.2130320 -0.1083036 -0.1750000
v -0.2155271 -0.0947561 -0.2049280
v -0.2124958 -0.0881821 -0.2089285
v -0.2191624 -0.0905211 -0.2103222
v -0.2154974 -0.0849093 -0.2118059
v -0.2070217 -0.1115054 -0.1622116
v -0.2042130 -0.1080172 -0.1653270
v -0.2040396 -0.1031623 -0.1759186
v -0.2050000 -0.0922970 -0.2023091
v -0.2043229 -0.0849093 -0.2077525
v -0.2072049 -0.0815154 -0.2107857
v -0.1942225 -0.1036942 -0.1658967
v -0.1903708 -0.0998973 -0.1698278
v -0.1970375 -0.1008658 -0.1731977
v -0.1942225 -0.0989537 -0.1759186
v -0.1850000 -0.1026451 -0.1638627
v -0.1850000 -0.0993257 -0.1688627
v -0.1850000 -0.0963340 -0.1750000
v -0.1750000 -0.0981242 -0.1672109
v -0.1750000 -0.0940376 -0.1750000
v -0.1650000 -0.0967802 -0.1660008
v -0.1652017 -0.0915847 -0.1752385
v -0.1620029 -0.0895985 -0.1787309
v -0.2278259 -0.1178934 -0.1719625
v -0.2000660 -0.0999648 -0.1798643
v -0.2131831 -0.1043703 -0.1872526
v -0.2062591 -0.0984383 -0.1926350
v -0.2185584 -0.1007232 -0.2009275
v -0.1888060 -0.0909891 -0.1912532
v -0.1700000 -0.1012711 -0.1616058
v -0.1708027 -0.0871788 -0.1873159
v -0.2318584 -0.1210341 -0.1679881
v -0.1846202 -0.0839430 -0.2015153
v -0.2150000 -0.0750000 -0.2158593
v -0.2152076 -0.0648909 -0.2188608
v -0.2005382 -0.0796873 -0.2098420
v -0.2043229 -0.0758124 -0.2125465
v -0.2050000 -0.0650000 -0.2165517
v -0.1950000 -0.0780631 -0.2089874
v -0.1950000 -0.0730631 -0.2114140
v -0.1950000 -0.0650000 -0.2144731
v -0.1849221 -0.0746380 -0.2075882
v -0.1815369 -0.0690591 -0.2095508
v -0.1882035 -0.0710634 -0.2105130
v -0.1849221 -0.0654355 -0.2120247
v -0.1750000 -0.0750000 -0.2045756
v -0.1750000 -0.0675629 -0.2088418
v -0.1750000 -0.0625629 -0.2111653
v -0.1659452 -0.0753742 -0.2023259
v -0.1643875 -0.0646149 -0.2082431
v -0.1673125 -0.0610248 -0.2104706
v -0.2300000 -0.0711243 -0.2186482
v -0.2300000 -0.0622486 -0.2203655
v -0.2300000 -0.0500000 -0.2233489
v -0.2059141 -0.0542095 -0.2195164
v -0.2186794 -0.0614849 -0.2202272
v -0.2106510 -0.0493049 -0.2213031
v -0.1898372 -0.0506532 -0.2179078
v -0.1911238 -0.0420428 -0.2205511
v -0.1680067 -0.0521188 -0.2140494
v -0.2205493 -0.0195666 -0.2295391
v -0.1632421 -0.0789570 -0.1986087
v -0.1803090 -0.0200679 -0.2256575
v -0.1350000 -0.1781710 -0.0250000
v -0.1350000 -0.1763553 -0.0350000
v -0.1250000 -0.1770476 -0.0250000
v -0.1250000 -0.1753501 -0.0350000
v -0.1500000 -0.1790486 -0.0100000
v -0.1500000 -0.1765824 -0.0300000
v -0.1500000 -0.1709523 -0.0517194
v -0.1497971 -0.1647474 -0.0702384
v -0.1300000 -0.1783875 -0.0100000
v -0.1290393 -0.1705714 -0.0509265
v -0.1300000 -0.1635117 -0.0690664
v -0.1105360 -0.1684008 -0.0476920
v -0.1123019 -0.1614067 -0.0667454
v -0.0921320 -0.1630811 -0.0489535
v -0.1001265 -0.1613883 -0.0608925
v -0.0988423 -0.1707029 -0.0197447
v -0.1064979 -0.1570465 -0.0718734
v -0.1509903 -0.1604024 -0.0808848
v -0.1550000 -0.1581386 -0.0859695
v -0.1546573 -0.1526994 -0.0958642
v -0.1510956 -0.1498329 -0.0997737
v -0.1441883 -0.1581563 -0.0844800
v -0.1450000 -0.1527257 -0.0940796
v -0.1450000 -0.1493308 -0.0990796
v -0.1514839 -0.1447730 -0.1064091
v -0.1500000 -0.1370403 -0.1161613
v -0.1300000 -0.1516588 -0.0914846
v -0.1335231 -0.1418402 -0.1063794
v -0.1281663 -0.1355104 -0.1134436
v -0.1418328 -0.1264499 -0.1281013
v -0.1402553 -0.1089787 -0.1489748
v -0.1003031 -0.1406594 -0.0999207
v -0.1033517 -0.1225233 -0.1256482
v -0.0997955 -0.1087396 -0.1435043
v -0.1542804 -0.0966417 -0.1642254
v -0.1550000 -0.0908451 -0.1721630
v -0.1550000 -0.0889197 -0.1771630
v -0.1450000 -0.0950008 -0.1650000
v -0.1450000 -0.0903608 -0.1707459
v -0.1450000 -0.0879967 -0.1757459
v -0.1571340 -0.1003621 -0.1603757
v -0.1509169 -0.0822031 -0.1882471
v -0.1309167 -0.0900345 -0.1698365
v -0.1300000 -0.0817778 -0.1826143
v -0.1017598 -0.0872306 -0.1704431
v -0.1550000 -0.0726229 -0.2019142
v -0.1550000 -0.0650000 -0.2063208
v -0.1450000 -0.0711144 -0.2008841
v -0.1450000 -0.0650000 -0.2044505
v -0.1473336 -0.0779515 -0.1935127
v -0.1500000 -0.0518649 -0.2115391
v -0.1295897 -0.0732582 -0.1936196
v -0.1330682 -0.0663406 -0.2015593
v -0.1304251 -0.0497821 -0.2097322
v -0.1110379 -0.0612549 -0.2009121
v -0.1098742 -0.0482067 -0.2078497
v -0.1100000 -0.0308989 -0.2163363
v -0.1100000 -0.0217979 -0.2209125
v -0.1100000 -0.0100000 -0.2248715
v -0.0901842 -0.0463632 -0.2067311
v -0.0878877 -0.0326356 -0.2143081
v -0.0900000 -0.0211095 -0.2205631
v -0.0900000 -0.0100000 -0.2243164
v -0.1404620 -0.0220428 -0.2219523
v -0.0980626 -0.0696933 -0.1897139
v -0.0671043 -0.1625632 -0.0182091
v -0.0734850 -0.1608435 -0.0465945
v -0.0688354 -0.1584599 -0.0511760
v -0.0687275 -0.1509735 -0.0711023
v -0.0473438 -0.1518075 -0.0508850
v -0.0509088 -0.1478803 -0.0674283
v -0.0299946 -0.1500002 -0.0097664
v -0.0307639 -0.1495259 -0.0288718
v -0.0318016 -0.1471596 -0.0487286
v -0.0311427 -0.1417960 -0.0689659
v -0.0267246 -0.1390116 -0.0736220
v -0.0101307 -0.1428174 -0.0102294
v -0.0025381 -0.1390215 -0.0031962
v -0.0100000 -0.1435100 -0.0300000
v -0.0105716 -0.1414164 -0.0493904
v -0.0056630 -0.1395833 -0.0541607
v -0.0175895 -0.1405024 -0.0616729
v -0.0098884 -0.1365285 -0.0700009
v -0.0520597 -0.1571730 -0.0221967
v -0.0704829 -0.1424992 -0.0886465
v -0.0667550 -0.1389084 -0.0940022
v -0.0690958 -0.1303402 -0.1103253
v -0.0500000 -0.1411951 -0.0823212
v -0.0500000 -0.1366878 -0.0911606
v -0.0500000 -0.1280752 -0.1081316
v -0.0600000 -0.1214867 -0.1221538
v -0.0602673 -0.1068486 -0.1421280
v -0.0217365 -0.1282764 -0.0968864
v -0.0164288 -0.1186302 -0.1151177
v -0.0399354 -0.1200100 -0.1200184
v -0.0197910 -0.1020327 -0.1413858
v -0.0487081 -0.0859601 -0.1660493
v -0.0700000 -0.0332830 -0.2132987
v -0.0700000 -0.0210839 -0.2206017
v -0.0700000 -0.0100000 -0.2242310
v -0.0500000 -0.0326985 -0.2129655
v -0.0500000 -0.0209347 -0.2205362
v -0.0500000 -0.0100000 -0.2242621
v -0.0300000 -0.0325245 -0.2129499
v -0.0300000 -0.0204176 -0.2202230
v -0.0300000 -0.0100000 -0.2243729
v -0.0101312 -0.0323024 -0.2130040
v -0.0089892 -0.0197284 -0.2198678
v -0.0196451 -0.0200292 -0.2200144
v -0.0101968 -0.0101394 -0.2241364
v -0.0600000 -0.0665395 -0.1866337
v -0.0600000 -0.0481357 -0.2031017
v -0.0203739 -0.0675626 -0.1822961
v -0.0200000 -0.0477352 -0.2024412
v -0.4804843 0.0008637 -0.0014185
v -0.4768657 0.0045182 -0.0048511
v -0.4715757 0.0112671 -0.0050000
v -0.4728719 0.0057666 -0.0154210
v -0.4706175 0.0105237 -0.0123683
v -0.4715906 0.0034934 -0.0250000
v -0.4707179 0.0021009 -0.0350000
v -0.4702754 0.0009158 -0.0450000
v -0.4700371 0.0001334 -0.0506444
v -0.4700755 0.0003696 -0.0689112
v -0.4704578 0.0022534 -0.0750000
v -0.4650000 0.0138045 -0.0050000
v -0.4696410 0.0096110 -0.0190350
v -0.4657846 0.0122205 -0.0154210
v -0.4690093 0.0084934 -0.0250000
v -0.4640093 0.0121905 -0.0250000
v -0.4685418 0.0071009 -0.0350000
v -0.4635418 0.0123689 -0.0350000
v -0.4683716 0.0059158 -0.0450000
v -0.4633716 0.0127108 -0.0450000
v -0.4685178 0.0040800 -0.0543867
v -0.4632626 0.0129868 -0.0550000
v -0.4687832 0.0042217 -0.0653467
v -0.4635945 0.0134704 -0.0650000
v -0.4693087 0.0072534 -0.0750000
v -0.4643087 0.0140449 -0.0750000
v -0.4561379 0.0175373 -0.0050000
v -0.4511223 0.0252266 -0.0053253
v -0.4503534 0.0332545 -0.0022088
v -0.4542856 0.0176987 -0.0150007
v -0.4504760 0.0220443 -0.0116678
v -0.4550000 0.0167716 -0.0450000
v -0.4550000 0.0171606 -0.0550000
v -0.4550000 0.0176773 -0.0650000
v -0.4550000 0.0182871 -0.0750000
v -0.4498216 0.0287110 -0.0088755
v -0.4495003 0.0359527 -0.0053253
v -0.4497001 0.0196540 -0.0183345
v -0.4492745 0.0252266 -0.0150007
v -0.4479451 0.0350000 -0.0150000
v -0.4476926 0.0250000 -0.0250000
v -0.4463060 0.0350000 -0.0250000
v -0.4466233 0.0250000 -0.0350000
v -0.4445907 0.0350000 -0.0350000
v -0.4489664 0.0190607 -0.0450000
v -0.4460094 0.0250000 -0.0450000
v -0.4430170 0.0350000 -0.0450000
v -0.4409740 0.0426119 -0.0450000
v -0.4488743 0.0191738 -0.0550000
v -0.4452061 0.0250000 -0.0550000
v -0.4416743 0.0350000 -0.0550000
v -0.4403425 0.0432558 -0.0550000
v -0.4400723 0.0569104 -0.0596557
v -0.4485475 0.0192069 -0.0650000
v -0.4442907 0.0250000 -0.0650000
v -0.4409157 0.0350000 -0.0650000
v -0.4405571 0.0457887 -0.0640164
v -0.4407803 0.0541463 -0.0640164
v -0.4483313 0.0192421 -0.0750000
v -0.4438785 0.0250000 -0.0750000
v -0.4411944 0.0350000 -0.0750000
v -0.4421852 0.0450000 -0.0750000
v -0.4426484 0.0550000 -0.0750000
v -0.4369695 0.0645774 -0.0058566
v -0.4312549 0.0717259 -0.0050000
v -0.4351457 0.0650000 -0.0150000
v -0.4307919 0.0723690 -0.0150000
v -0.4344235 0.0650000 -0.0250000
v -0.4312049 0.0752117 -0.0248774
v -0.4349819 0.0650000 -0.0350000
v -0.4329557 0.0750000 -0.0350000
v -0.4391818 0.0476119 -0.0450000
v -0.4376776 0.0550000 -0.0450000
v -0.4395581 0.0482558 -0.0550000
v -0.4392673 0.0541463 -0.0557934
v -0.4399943 0.0496479 -0.0600273
v -0.4399943 0.0502438 -0.0600273
v -0.4280944 0.0767259 -0.0050000
v -0.4290647 0.0773690 -0.0150000
v -0.4297062 0.0786861 -0.0214624
v -0.4443587 0.0499273 -0.0102141
v -0.4406789 0.0609623 -0.0030943
v -0.4520182 0.0176218 -0.0300000
v -0.4415373 0.0480502 -0.0288338
v -0.4400723 0.0602928 -0.0596557
v -0.4405644 0.0658906 -0.0730842
v -0.4396482 0.0593339 -0.0123805
v -0.4385320 0.0531948 -0.0323340
v -0.4361303 0.0697939 -0.0501984
v -0.4384860 0.0711618 -0.0693965
v -0.4337983 0.0850000 -0.0650000
v -0.4311776 0.0918613 -0.0650000
v -0.4357284 0.0850000 -0.0750000
v -0.4321024 0.0926890 -0.0750000
v -0.4240953 0.0850000 -0.0050000
v -0.4210009 0.0923181 -0.0050000
v -0.4260577 0.0850000 -0.0150000
v -0.4216890 0.0953537 -0.0155221
v -0.4275109 0.0968613 -0.0650000
v -0.4273999 0.0976890 -0.0750000
v -0.4137848 0.1046315 -0.0050000
v -0.4149195 0.1050870 -0.0147412
v -0.4103647 0.1103293 -0.0169457
v -0.4156582 0.1057412 -0.0250000
v -0.4106582 0.1105640 -0.0250000
v -0.4158106 0.1063614 -0.0350000
v -0.4108106 0.1106485 -0.0350000
v -0.4159992 0.1067498 -0.0450000
v -0.4109992 0.1107649 -0.0450000
v -0.4163089 0.1071017 -0.0550000
v -0.4113089 0.1109692 -0.0550000
v -0.4162067 0.1071752 -0.0650000
v -0.4112067 0.1108518 -0.0650000
v -0.4143768 0.1074131 -0.0756719
v -0.4106280 0.1104215 -0.0727865
v -0.4096355 0.1096315 -0.0050000
v -0.4046355 0.1142033 -0.0050000
v -0.4099658 0.1099671 -0.0102790
v -0.4059795 0.1138198 -0.0141674
v -0.4050000 0.1151388 -0.0250000
v -0.4050000 0.1151403 -0.0350000
v -0.4050000 0.1151938 -0.0450000
v -0.4050000 0.1152722 -0.0550000
v -0.4050000 0.1147345 -0.0650000
v -0.4098581 0.1099167 -0.0794531
v -0.4059149 0.1127794 -0.0756719
v -0.4201577 0.1002069 -0.0192034
v -0.4277651 0.0873744 -0.0305011
v -0.4209105 0.1010513 -0.0300000
v -0.4294828 0.0896438 -0.0503085
v -0.4219508 0.1019257 -0.0500000
v -0.4224554 0.1020020 -0.0700000
v -0.4191296 0.0981204 -0.0087684
v -0.4710078 0.0055810 -0.0849472
v -0.4701692 0.0102279 -0.0882454
v -0.4721742 0.0050000 -0.0950000
v -0.4704719 0.0106375 -0.0950000
v -0.4730647 0.0050000 -0.1050000
v -0.4709050 0.0112269 -0.1050000
v -0.4739319 0.0050000 -0.1150000
v -0.4713368 0.0118002 -0.1150000
v -0.4747719 0.0050000 -0.1250000
v -0.4717406 0.0122865 -0.1250000
v -0.4755732 0.0050000 -0.1350000
v -0.4721089 0.0126549 -0.1350000
v -0.4760024 0.0050000 -0.1450000
v -0.4723175 0.0128550 -0.1450000
v -0.4757994 0.0050000 -0.1550000
v -0.4722396 0.0128093 -0.1550000
v -0.4698247 0.0093016 -0.0815787
v -0.4658948 0.0136891 -0.0849472
v -0.4650000 0.0153046 -0.0950000
v -0.4650000 0.0161059 -0.1050000
v -0.4641392 0.0174395 -0.1140219
v -0.4654474 0.0172865 -0.1250000
v -0.4656052 0.0176549 -0.1350000
v -0.4660908 0.0178550 -0.1450000
v -0.4666290 0.0178093 -0.1550000
v -0.4550000 0.0187419 -0.0850000
v -0.4550000 0.0189618 -0.0950000
v -0.4550000 0.0192733 -0.1050000
v -0.4548054 0.0197600 -0.1140219
v -0.4580090 0.0201004 -0.1167032
v -0.4504197 0.0389029 -0.1173545
v -0.4503385 0.0450000 -0.1178197
v -0.4500316 0.0501725 -0.1197385
v -0.4513424 0.0199234 -0.1203507
v -0.4541039 0.0234673 -0.1248974
v -0.4509241 0.0353417 -0.1256665
v -0.4561062 0.0253160 -0.1350000
v -0.4527936 0.0350000 -0.1350000
v -0.4504041 0.0611084 -0.1374166
v -0.4572349 0.0257392 -0.1450000
v -0.4544089 0.0350000 -0.1450000
v -0.4508274 0.0618533 -0.1450000
v -0.4580822 0.0265102 -0.1550000
v -0.4557593 0.0350000 -0.1550000
v -0.4511239 0.0619409 -0.1550000
v -0.4483502 0.0193015 -0.0850000
v -0.4440571 0.0250000 -0.0850000
v -0.4423049 0.0350000 -0.0850000
v -0.4441650 0.0450000 -0.0850000
v -0.4443496 0.0550000 -0.0850000
v -0.4485817 0.0192946 -0.0950000
v -0.4448946 0.0250000 -0.0950000
v -0.4441580 0.0350000 -0.0950000
v -0.4462830 0.0450000 -0.0950000
v -0.4458881 0.0550000 -0.0950000
v -0.4490897 0.0193943 -0.1050000
v -0.4462323 0.0250000 -0.1050000
v -0.4463128 0.0350000 -0.1050000
v -0.4482762 0.0450000 -0.1050000
v -0.4472293 0.0550000 -0.1050000
v -0.4496303 0.0197009 -0.1150000
v -0.4477274 0.0250000 -0.1150000
v -0.4484076 0.0353417 -0.1144127
v -0.4496335 0.0450000 -0.1128197
v -0.4488203 0.0541035 -0.1158431
v -0.4499215 0.0199234 -0.1203507
v -0.4492749 0.0250000 -0.1223461
v -0.4491117 0.0322362 -0.1227774
v -0.4476933 0.0650000 -0.1250000
v -0.4432197 0.0744002 -0.1250000
v -0.4486587 0.0646650 -0.1344499
v -0.4434118 0.0738749 -0.1350000
v -0.4481432 0.0668533 -0.1450000
v -0.4431432 0.0730781 -0.1450000
v -0.4474369 0.0669409 -0.1550000
v -0.4424369 0.0721576 -0.1550000
v -0.4602319 0.0201004 -0.1167032
v -0.4605263 0.0202585 -0.1300000
v -0.4613599 0.0211247 -0.1500000
v -0.4421664 0.0699038 -0.0902235
v -0.4441821 0.0702128 -0.1100073
v -0.4507781 0.0523130 -0.1292000
v -0.4534226 0.0500000 -0.1500000
v -0.4394944 0.0776920 -0.0831568
v -0.4397785 0.0797518 -0.1183822
v -0.4390916 0.0791375 -0.1300000
v -0.4371487 0.0776179 -0.1500000
v -0.4375599 0.0840390 -0.0858941
v -0.4323290 0.0924114 -0.0850000
v -0.4364868 0.0854228 -0.0950000
v -0.4314868 0.0913320 -0.0950000
v -0.4343123 0.0863750 -0.1056641
v -0.4305204 0.0904582 -0.1027736
v -0.4358671 0.0838420 -0.1150293
v -0.4264669 0.0974113 -0.0850000
v -0.4242840 0.0970310 -0.0957169
v -0.4298969 0.0899061 -0.1094403
v -0.4259381 0.0939670 -0.1056641
v -0.4296059 0.0896374 -0.1150000
v -0.4246059 0.0940003 -0.1150000
v -0.4401573 0.0802439 -0.0924117
v -0.4403019 0.0803797 -0.1083578
v -0.4209701 0.1006849 -0.0889308
v -0.4286492 0.0883733 -0.1300000
v -0.4261249 0.0865194 -0.1498310
v -0.4199230 0.0999424 -0.0995282
v -0.4090595 0.1084153 -0.0901195
v -0.4189670 0.0993077 -0.1100000
v -0.4066851 0.1068875 -0.1094147
v -0.4138331 0.0985995 -0.1334542
v -0.4084679 0.1026481 -0.1296740
v -0.4138665 0.0955928 -0.1521305
v -0.4041895 0.1029482 -0.1500000
v -0.4753401 0.0050000 -0.1650000
v -0.4720459 0.0126376 -0.1650000
v -0.4748594 0.0050000 -0.1750000
v -0.4718327 0.0124116 -0.1750000
v -0.4742647 0.0050000 -0.1850000
v -0.4715195 0.0119536 -0.1850000
v -0.4719851 0.0058067 -0.1958400
v -0.4708874 0.0110895 -0.1930667
v -0.4706894 0.0030112 -0.2013972
v -0.4667630 0.0176376 -0.1650000
v -0.4668438 0.0174116 -0.1750000
v -0.4666811 0.0169536 -0.1850000
v -0.4616811 0.0231488 -0.1850000
v -0.4699110 0.0096778 -0.1997333
v -0.4668152 0.0146537 -0.1958400
v -0.4609912 0.0254263 -0.1951336
v -0.4602043 0.0306933 -0.1985559
v -0.4682700 0.0058067 -0.2048383
v -0.4631458 0.0152898 -0.2046954
v -0.4605087 0.0250000 -0.2013676
v -0.4602043 0.0306933 -0.2006645
v -0.4626961 0.0056320 -0.2158172
v -0.4615247 0.0121496 -0.2130286
v -0.4587136 0.0270781 -0.1650000
v -0.4569012 0.0350000 -0.1650000
v -0.4510491 0.0614851 -0.1650000
v -0.4589303 0.0274827 -0.1750000
v -0.4574049 0.0350000 -0.1750000
v -0.4505994 0.0607550 -0.1732431
v -0.4593178 0.0281488 -0.1850000
v -0.4580888 0.0350000 -0.1850000
v -0.4563703 0.0450000 -0.1850000
v -0.4525993 0.0538513 -0.1850000
v -0.4597288 0.0290438 -0.1918893
v -0.4588445 0.0344160 -0.1951336
v -0.4538855 0.0458893 -0.1958316
v -0.4514638 0.0518268 -0.1930526
v -0.4590402 0.0188163 -0.2078257
v -0.4582698 0.0250000 -0.2063676
v -0.4566445 0.0344160 -0.2043987
v -0.4518160 0.0424059 -0.2050000
v -0.4598294 0.0093866 -0.2196953
v -0.4561015 0.0159768 -0.2163829
v -0.4532698 0.0250000 -0.2133351
v -0.4515314 0.0350000 -0.2110614
v -0.4500557 0.0400591 -0.2100390
v -0.4574433 0.0056320 -0.2246394
v -0.4529924 0.0130575 -0.2250000
v -0.4519320 0.0050000 -0.2318488
v -0.4508272 0.0109394 -0.2307921
v -0.4465039 0.0664851 -0.1650000
v -0.4415039 0.0712955 -0.1650000
v -0.4453154 0.0651559 -0.1759065
v -0.4406533 0.0705699 -0.1719033
v -0.4487908 0.0588513 -0.1850000
v -0.4498182 0.0498155 -0.1997193
v -0.4457809 0.0557194 -0.1962124
v -0.4473890 0.0474059 -0.2050000
v -0.4423890 0.0522353 -0.2050000
v -0.4496960 0.0198040 -0.2197372
v -0.4458176 0.0255781 -0.2184013
v -0.4450000 0.0350000 -0.2146131
v -0.4440203 0.0440355 -0.2111477
v -0.4400338 0.0500350 -0.2100271
v -0.4473077 0.0180575 -0.2250000
v -0.4460184 0.0050000 -0.2368488
v -0.4434251 0.0138749 -0.2337494
v -0.4376788 0.0572353 -0.2050000
v -0.4392698 0.0292968 -0.2195554
v -0.4379683 0.0350000 -0.2185516
v -0.4348128 0.0458889 -0.2170794
v -0.4343859 0.0540210 -0.2124896
v -0.4355619 0.0266714 -0.2251720
v -0.4329683 0.0350000 -0.2223171
v -0.4350000 0.0213666 -0.2319497
v -0.4299290 0.0498149 -0.2199251
v -0.4285221 0.0550000 -0.2180916
v -0.4286296 0.0284621 -0.2286200
v -0.4270546 0.0350000 -0.2273171
v -0.4253363 0.0247254 -0.2354788
v -0.4220546 0.0350000 -0.2317247
v -0.4156038 0.0776735 -0.2056674
v -0.4150000 0.0679124 -0.2174540
v -0.4150000 0.0725340 -0.2124540
v -0.4177507 0.0482836 -0.2293749
v -0.4146504 0.0544161 -0.2276343
v -0.4150000 0.0629124 -0.2225117
v -0.4150000 0.0273261 -0.2382812
v -0.4150000 0.0350000 -0.2349571
v -0.4146504 0.0449702 -0.2314997
v -0.4110841 0.0506935 -0.2302650
v -0.4092188 0.0795090 -0.2094456
v -0.4081526 0.0692366 -0.2192568
v -0.4053524 0.0751573 -0.2153583
v -0.4050000 0.0573319 -0.2288744
v -0.4048916 0.0655419 -0.2234204
v -0.4014859 0.0708056 -0.2205348
v -0.4050000 0.0285774 -0.2391583
v -0.4050000 0.0350000 -0.2369258
v -0.4050000 0.0450000 -0.2335621
v -0.4050000 0.0523319 -0.2307946
v -0.4618034 0.0222804 -0.1700000
v -0.4606211 0.0027200 -0.2210657
v -0.4535910 0.0521920 -0.1721711
v -0.4427673 0.0624491 -0.1888527
v -0.4411777 0.0210097 -0.2275201
v -0.4347540 0.0750028 -0.1736628
v -0.4395952 0.0596121 -0.1993721
v -0.4315993 0.0715803 -0.1911609
v -0.4263884 0.0663672 -0.2084419
v -0.4318548 0.0183503 -0.2380880
v -0.4252515 0.0463703 -0.2249681
v -0.4214337 0.0613133 -0.2211751
v -0.4193397 0.0794104 -0.1990427
v -0.4175678 0.0878365 -0.1850000
v -0.4125678 0.0918829 -0.1850000
v -0.4152957 0.0851338 -0.1953275
v -0.4112519 0.0909200 -0.1916124
v -0.4126730 0.0821795 -0.2027790
v -0.4050000 0.0961278 -0.1850000
v -0.4078762 0.0888462 -0.1982790
v -0.4047257 0.0923869 -0.1949674
v -0.4052141 0.0851421 -0.2051558
v -0.4012095 0.0906011 -0.2008661
v -0.4025521 0.0814380 -0.2114599
v -0.4277732 0.0821430 -0.1685346
v -0.4221947 0.0821290 -0.1886880
v -0.4130999 0.0935538 -0.1701103
v -0.4019254 0.1011965 -0.1688846
v -0.4410184 0.0050000 -0.2407790
v -0.4401360 0.0101437 -0.2401030
v -0.4350000 0.0050000 -0.2450504
v -0.4350000 0.0122190 -0.2418851
v -0.4279131 0.0050000 -0.2492714
v -0.4247045 0.0149019 -0.2449300
v -0.4229131 0.0050000 -0.2508215
v -0.4206993 0.0103222 -0.2502052
v -0.4150000 0.0162667 -0.2468133
v -0.4150000 0.0050000 -0.2526258
v -0.4150000 0.0112667 -0.2508102
v -0.4050000 0.0176363 -0.2479765
v -0.4050000 0.0050000 -0.2542684
v -0.4050000 0.0126363 -0.2516532
v -0.4220430 0.0209887 -0.2407829
v -0.4100000 0.0229517 -0.2423949
v -0.3878246 0.1275486 -0.0100000
v -0.3872712 0.1271276 -0.0300000
v -0.3874811 0.1258278 -0.0485329
v -0.3886993 0.1231268 -0.0700000
v -0.3699807 0.1369538 -0.0099605
v -0.3605460 0.1401301 -0.0082017
v -0.3700000 0.1351977 -0.0300000
v -0.3730024 0.1318507 -0.0507219
v -0.3704163 0.1302132 -0.0705318
v -0.3594824 0.1398587 -0.0180700
v -0.3501723 0.1423421 -0.0099605
v -0.3542731 0.1395083 -0.0335255
v -0.3488503 0.1414631 -0.0297275
v -0.3300000 0.1460054 -0.0100000
v -0.3300000 0.1465203 -0.0300000
v -0.3992901 0.1194494 -0.0200000
v -0.3981617 0.1189432 -0.0600000
v -0.3401653 0.1401970 -0.0601667
v -0.3742643 0.1221729 -0.1450000
v -0.3724622 0.1211246 -0.1550000
v -0.3650000 0.1252898 -0.1450000
v -0.3650000 0.1225436 -0.1550000
v -0.3350000 0.1343105 -0.1250000
v -0.3301550 0.1299804 -0.1399497
v -0.3340930 0.1317130 -0.1359698
v -0.3250000 0.1335395 -0.1250000
v -0.3250000 0.1294184 -0.1382917
v -0.3250000 0.1312023 -0.1332917
v -0.3802599 0.1201523 -0.1278639
v -0.3682028 0.1261907 -0.1282311
v -0.3500000 0.1343224 -0.0900000
v -0.3500000 0.1332058 -0.1100000
v -0.3514850 0.1305765 -0.1317434
v -0.3487531 0.1269741 -0.1482169
v -0.3297635 0.1383425 -0.0901335
v -0.3275450 0.1401294 -0.0807988
v -0.3300000 0.1359676 -0.1100000
v -0.3311829 0.1274452 -0.1482169
v -0.3923815 0.1161455 -0.1023977
v -0.3730287 0.1262754 -0.0989269
v -0.3891510 0.1136443 -0.1411221
v -0.3952869 0.0646084 -0.2272650
v -0.3950000 0.0728891 -0.2218372
v -0.3950000 0.0292633 -0.2395609
v -0.3950000 0.0350000 -0.2378822
v -0.3921448 0.0610141 -0.2305453
v -0.3850000 0.0664233 -0.2279056
v -0.3850000 0.0747570 -0.2229056
v -0.3850000 0.0295076 -0.2397873
v -0.3850000 0.0350000 -0.2384705
v -0.3850000 0.0614233 -0.2307539
v -0.3900000 0.0788231 -0.2191355
v -0.3918197 0.0519064 -0.2330735
v -0.3700000 0.0793901 -0.2196193
v -0.3700000 0.0321276 -0.2390138
v -0.3700000 0.0500000 -0.2339292
v -0.3700000 0.0669399 -0.2268994
v -0.3500000 0.0783984 -0.2189494
v -0.3498302 0.0529684 -0.2319485
v -0.3521295 0.0671676 -0.2257101
v -0.3300000 0.0777058 -0.2182810
v -0.3300000 0.0513046 -0.2308948
v -0.3300000 0.0688529 -0.2236877
v -0.3375773 0.0283989 -0.2382891
v -0.3981661 0.0992449 -0.1850000
v -0.3947078 0.0970436 -0.1945643
v -0.3950000 0.0883698 -0.2078665
v -0.3950000 0.0919618 -0.2028665
v -0.3950000 0.0833698 -0.2134417
v -0.3850000 0.0987598 -0.1978354
v -0.3886523 0.0897217 -0.2096227
v -0.3851914 0.0932379 -0.2057736
v -0.3851914 0.0858330 -0.2141226
v -0.3819856 0.0903834 -0.2104320
v -0.3743922 0.1171730 -0.1642722
v -0.3706536 0.1202271 -0.1604536
v -0.3792237 0.1098580 -0.1796318
v -0.3755342 0.1120367 -0.1757791
v -0.3755342 0.1082874 -0.1845819
v -0.3725570 0.1104387 -0.1809699
v -0.3750000 0.1029657 -0.1944302
v -0.3750000 0.0952989 -0.2050000
v -0.3750000 0.0850000 -0.2155366
v -0.3750000 0.0907004 -0.2107519
v -0.3650000 0.1182107 -0.1657324
v -0.3650000 0.1202987 -0.1607323
v -0.3650000 0.1145802 -0.1750000
v -0.3650000 0.1085591 -0.1873905
v -0.3650000 0.1113695 -0.1823905
v -0.3646105 0.1028993 -0.1958402
v -0.3646105 0.0966247 -0.2040688
v -0.3650000 0.0850000 -0.2153556
v -0.3650000 0.0909313 -0.2109017
v -0.3550000 0.1090343 -0.1886441
v -0.3550000 0.1124439 -0.1836441
v -0.3550000 0.1043772 -0.1950000
v -0.3550000 0.0960369 -0.2054415
v -0.3550000 0.0850000 -0.2150835
v -0.3550000 0.0910370 -0.2109002
v -0.3450000 0.1089259 -0.1885211
v -0.3450000 0.1125864 -0.1835212
v -0.3450000 0.1045185 -0.1950000
v -0.3450000 0.0956262 -0.2057523
v -0.3450000 0.0850000 -0.2142180
v -0.3450000 0.0906262 -0.2105024
v -0.3301449 0.1199769 -0.1699527
v -0.3340869 0.1174359 -0.1744528
v -0.3350000 0.1086946 -0.1877519
v -0.3350000 0.1118122 -0.1827519
v -0.3350000 0.1044012 -0.1950000
v -0.3250000 0.1195232 -0.1692067
v -0.3250000 0.1160702 -0.1750000
v -0.3250000 0.1093595 -0.1886455
v -0.3250000 0.1115470 -0.1836455
v -0.3250000 0.1048814 -0.1950000
v -0.3997084 0.0998696 -0.1794358
v -0.3888779 0.1087500 -0.1690035
v -0.3885864 0.1021823 -0.1884439
v -0.3713421 0.0996990 -0.1995819
v -0.3610175 0.1000866 -0.2001146
v -0.3521649 0.1180278 -0.1724217
v -0.3487070 0.1209240 -0.1676351
v -0.3500000 0.1004677 -0.2005969
v -0.3319662 0.1214580 -0.1669777
v -0.3312117 0.0895683 -0.2093800
v -0.3300000 0.1006143 -0.2006319
v -0.3950000 0.0173404 -0.2480971
v -0.3950000 0.0242633 -0.2430971
v -0.3950000 0.0050000 -0.2541234
v -0.3950000 0.0123404 -0.2514380
v -0.3808324 0.0095989 -0.2498004
v -0.3844994 0.0145834 -0.2476856
v -0.3850000 0.0245076 -0.2422568
v -0.3844994 0.0057594 -0.2521021
v -0.3874990 0.0109723 -0.2505881
v -0.3750000 0.0084956 -0.2493938
v -0.3750000 0.0150000 -0.2461876
v -0.3750000 0.0034956 -0.2514316
v -0.3641537 0.0050372 -0.2489272
v -0.3650000 0.0150000 -0.2454260
v -0.3669229 0.0017286 -0.2506176
v -0.3550000 0.0050000 -0.2472941
v -0.3550000 0.0150000 -0.2443150
v -0.3450000 0.0050000 -0.2454536
v -0.3450000 0.0150000 -0.2428676
v -0.3350000 0.0050000 -0.2439077
v -0.3346647 0.0156717 -0.2412793
v -0.3250000 0.0050000 -0.2426399
v -0.3250000 0.0130246 -0.2408082
v -0.3700000 0.0242553 -0.2417606
v -0.3500000 0.0234013 -0.2411062
v -0.3377745 0.0211820 -0.2402881
v -0.2950000 0.1487474 -0.0045462
v -0.2950000 0.1500984 -0.0095462
v -0.2950000 0.1502745 -0.0150000
v -0.2953821 0.1497783 -0.0459159
v -0.2923034 0.1502405 -0.0431932
v -0.2950000 0.1481225 -0.0550000
v -0.2859313 0.1476703 -0.0059519
v -0.2898855 0.1500229 -0.0099198
v -0.2838150 0.1492712 -0.0150000
v -0.2888150 0.1501764 -0.0150000
v -0.2850000 0.1498138 -0.0481272
v -0.2850000 0.1502495 -0.0431272
v -0.2850000 0.1477770 -0.0550000
v -0.2750000 0.1452396 -0.0050000
v -0.2750000 0.1479092 -0.0150000
v -0.2757881 0.1487960 -0.0445859
v -0.2796468 0.1500922 -0.0409764
v -0.2750000 0.1463146 -0.0550000
v -0.2650000 0.1463448 -0.0050000
v -0.2650000 0.1483968 -0.0150000
v -0.2650000 0.1473182 -0.0450000
v -0.2650000 0.1452698 -0.0550000
v -0.2582438 0.1489898 -0.0050000
v -0.2532438 0.1514797 -0.0050000
v -0.2592862 0.1497588 -0.0150000
v -0.2542862 0.1513737 -0.0150000
v -0.2561322 0.1486453 -0.0450000
v -0.2511322 0.1504111 -0.0450000
v -0.2541544 0.1476078 -0.0542104
v -0.2502574 0.1500954 -0.0503506
v -0.2550000 0.1442948 -0.0650000
v -0.2550008 0.1416016 -0.0745718
v -0.2450000 0.1548028 -0.0050000
v -0.2450000 0.1544327 -0.0150000
v -0.2450000 0.1529930 -0.0450000
v -0.2481039 0.1491773 -0.0570173
v -0.2448623 0.1513063 -0.0542104
v -0.2448623 0.1484137 -0.0656027
v -0.2414372 0.1506265 -0.0626712
v -0.2450000 0.1458477 -0.0750000
v -0.3069207 0.1487990 -0.0108600
v -0.3080743 0.1494256 -0.0281761
v -0.3100000 0.1479599 -0.0500000
v -0.3100000 0.1433794 -0.0700000
v -0.2902506 0.1501276 -0.0298636
v -0.2885436 0.1392885 -0.0783239
v -0.2900631 0.1428067 -0.0695093
v -0.2720870 0.1488533 -0.0316057
v -0.2700000 0.1385246 -0.0758390
v -0.2700000 0.1413254 -0.0679195
v -0.2518905 0.1513175 -0.0300000
v -0.2583347 0.1393159 -0.0776196
v -0.2750000 0.1349438 -0.0850000
v -0.2784447 0.1297888 -0.0993363
v -0.2750668 0.1313632 -0.0956018
v -0.2750668 0.1293144 -0.1050320
v -0.2717780 0.1302452 -0.1017201
v -0.2750000 0.1280267 -0.1150000
v -0.2650000 0.1356589 -0.0850000
v -0.2650000 0.1328650 -0.0950000
v -0.2686858 0.1297747 -0.1083867
v -0.2652115 0.1308795 -0.1050320
v -0.2652115 0.1294592 -0.1157337
v -0.2620192 0.1303572 -0.1128895
v -0.3100000 0.1380745 -0.0909328
v -0.3100000 0.1404147 -0.0818657
v -0.3080229 0.1327372 -0.1119435
v -0.3107947 0.1298224 -0.1289643
v -0.3100000 0.1262390 -0.1500000
v -0.2882147 0.1339201 -0.0918633
v -0.2987538 0.1402306 -0.0806308
v -0.2908626 0.1297935 -0.1092057
v -0.2900000 0.1271662 -0.1300000
v -0.2900000 0.1255115 -0.1500000
v -0.2700000 0.1273206 -0.1300000
v -0.2700000 0.1257412 -0.1500000
v -0.2510285 0.1379745 -0.0910801
v -0.2463715 0.1413063 -0.0865417
v -0.2520916 0.1329962 -0.1120580
v -0.2507776 0.1302658 -0.1306570
v -0.2484949 0.1284814 -0.1482638
v -0.3102457 0.0098448 -0.2399722
v -0.3141474 0.0147480 -0.2390258
v -0.3050000 0.0078679 -0.2396344
v -0.3050000 0.0150000 -0.2378084
v -0.2955207 0.0043874 -0.2389729
v -0.2950000 0.0150000 -0.2365706
v -0.2850000 0.0050000 -0.2375637
v -0.2850000 0.0150000 -0.2354184
v -0.2750000 0.0050000 -0.2367067
v -0.2750000 0.0150000 -0.2344542
v -0.2650000 0.0050000 -0.2361106
v -0.2650000 0.0150000 -0.2336061
v -0.2550000 0.0050000 -0.2356032
v -0.2550000 0.0150000 -0.2328535
v -0.2450000 0.0050000 -0.2351616
v -0.2450000 0.0150000 -0.2322629
v -0.3100000 0.0773845 -0.2187078
v -0.3100000 0.0300000 -0.2347029
v -0.3108692 0.0494008 -0.2295809
v -0.3100000 0.0686923 -0.2225268
v -0.2900000 0.0757055 -0.2184336
v -0.2888449 0.0319022 -0.2318186
v -0.2909819 0.0468765 -0.2282522
v -0.2900000 0.0678528 -0.2212612
v -0.2693851 0.0720599 -0.2190660
v -0.2692581 0.0308587 -0.2303716
v -0.2700000 0.0500000 -0.2262506
v -0.2730690 0.0667996 -0.2209509
v -0.2505845 0.0720808 -0.2191631
v -0.2500000 0.0280614 -0.2292286
v -0.2500000 0.0500000 -0.2253643
v -0.2468904 0.0668141 -0.2208637
v -0.3150000 0.1195074 -0.1691571
v -0.3150000 0.1169553 -0.1750000
v -0.3196281 0.1099621 -0.1899117
v -0.3157769 0.1121367 -0.1859470
v -0.3111787 0.0999087 -0.1999181
v -0.3154034 0.1050677 -0.1951229
v -0.3129615 0.1102972 -0.1903277
v -0.3150000 0.0892279 -0.2093065
v -0.3147072 0.0959452 -0.2035286
v -0.3178454 0.1001732 -0.2001390
v -0.3150000 0.0842279 -0.2136827
v -0.3097380 0.1199558 -0.1698866
v -0.3058428 0.1188311 -0.1749318
v -0.3050000 0.1141004 -0.1850000
v -0.3092348 0.0999087 -0.1999181
v -0.3055409 0.1041819 -0.1964054
v -0.3050000 0.1105285 -0.1905682
v -0.3076907 0.0897212 -0.2097362
v -0.3051294 0.0950157 -0.2050124
v -0.3025681 0.1003032 -0.2002885
v -0.3046144 0.0858327 -0.2130516
v -0.3010240 0.0901227 -0.2101087
v -0.2950000 0.1148734 -0.1850000
v -0.2950000 0.1056821 -0.1958418
v -0.2950000 0.1107838 -0.1908418
v -0.2950000 0.0953561 -0.2056461
v -0.2950000 0.0850000 -0.2138308
v -0.2950000 0.0903561 -0.2103007
v -0.2850000 0.1150912 -0.1850000
v -0.2850000 0.1059796 -0.1961873
v -0.2850000 0.1110807 -0.1911874
v -0.2850000 0.0954625 -0.2058931
v -0.2850000 0.0850000 -0.2137192
v -0.2850000 0.0904625 -0.2103822
v -0.2750000 0.1158816 -0.1850000
v -0.2750000 0.1064743 -0.1968158
v -0.2750000 0.1116357 -0.1918158
v -0.2750000 0.0955629 -0.2062442
v -0.2750000 0.0850000 -0.2136424
v -0.2750000 0.0905629 -0.2104297
v -0.2650377 0.1178981 -0.1844448
v -0.2650000 0.1077146 -0.1979710
v -0.2650000 0.1125893 -0.1929710
v -0.2650000 0.0964871 -0.2072384
v -0.2650000 0.0850000 -0.2141884
v -0.2650000 0.0914871 -0.2109845
v -0.2550000 0.1185385 -0.1869705
v -0.2550000 0.1091508 -0.1992072
v -0.2550000 0.1135385 -0.1942072
v -0.2550000 0.0979171 -0.2085364
v -0.2550000 0.1041508 -0.2035364
v -0.2550000 0.0850000 -0.2149194
v -0.2550000 0.0929171 -0.2115979
v -0.2450000 0.1185201 -0.1865327
v -0.2490525 0.1098475 -0.1998453
v -0.2454315 0.1129989 -0.1959072
v -0.2471552 0.0990591 -0.2094385
v -0.2447705 0.1049852 -0.2049145
v -0.2423858 0.1103048 -0.2003905
v -0.2450000 0.0850000 -0.2152592
v -0.2442931 0.0954355 -0.2115016
v -0.2404885 0.1001228 -0.2100804
v -0.3079714 0.1214435 -0.1672140
v -0.2900000 0.1190500 -0.1770366
v -0.2900000 0.1216650 -0.1685183
v -0.2900000 0.1008308 -0.2007696
v -0.2716980 0.1194784 -0.1783013
v -0.2700094 0.1222204 -0.1694961
v -0.2617294 0.1203043 -0.1807413
v -0.2700000 0.1020945 -0.2017413
v -0.2500000 0.1238494 -0.1700000
v -0.2500000 0.1206934 -0.1817516
v -0.3141474 0.0059069 -0.2411356
v -0.3169123 0.0112466 -0.2403469
v -0.3050000 0.0028679 -0.2404923
v -0.2992011 0.0006457 -0.2401066
v -0.2305964 0.1578117 -0.0504985
v -0.2326599 0.1520788 -0.0708234
v -0.2183962 0.1596598 -0.0585254
v -0.2103065 0.1580140 -0.0704910
v -0.2354976 0.1580833 -0.0200000
v -0.1810514 0.1594815 -0.0785036
v -0.1950000 0.1729202 -0.0250000
v -0.1970309 0.1694263 -0.0376612
v -0.1942185 0.1707512 -0.0345967
v -0.1850000 0.1745006 -0.0250000
v -0.1850000 0.1718269 -0.0350000
v -0.1750000 0.1784221 -0.0050000
v -0.1750000 0.1770577 -0.0150000
v -0.1650000 0.1782639 -0.0050000
v -0.1650000 0.1760644 -0.0150000
v -0.2277565 0.1611889 -0.0100000
v -0.2277411 0.1612038 -0.0300000
v -0.2256169 0.1605398 -0.0456903
v -0.2081433 0.1684952 -0.0100000
v -0.2075206 0.1683930 -0.0292652
v -0.2100094 0.1635328 -0.0500288
v -0.2054171 0.1604303 -0.0654542
v -0.1900000 0.1755767 -0.0100000
v -0.1890971 0.1682536 -0.0468740
v -0.1900000 0.1619991 -0.0686836
v -0.1700715 0.1717568 -0.0335783
v -0.1691029 0.1694627 -0.0478793
v -0.1701308 0.1631790 -0.0700756
v -0.2350000 0.1338691 -0.1250000
v -0.2350000 0.1319532 -0.1350000
v -0.2350000 0.1292374 -0.1473062
v -0.2350000 0.1306468 -0.1423062
v -0.2350000 0.1266791 -0.1550000
v -0.2250000 0.1361351 -0.1250000
v -0.2250000 0.1329847 -0.1350000
v -0.2250000 0.1288742 -0.1471137
v -0.2250000 0.1307745 -0.1421137
v -0.2250000 0.1252872 -0.1550000
v -0.2150000 0.1452647 -0.1050000
v -0.2176105 0.1397138 -0.1191754
v -0.2145663 0.1414793 -0.1155052
v -0.2145663 0.1379570 -0.1241357
v -0.2109438 0.1401149 -0.1202262
v -0.2150000 0.1332712 -0.1350000
v -0.2150000 0.1278806 -0.1463444
v -0.2150000 0.1306103 -0.1413444
v -0.2151389 0.1226186 -0.1552662
v -0.2050000 0.1467779 -0.1050000
v -0.2013081 0.1399237 -0.1198559
v -0.2047849 0.1419656 -0.1159136
v -0.2047849 0.1379087 -0.1241357
v -0.2079748 0.1401149 -0.1202262
v -0.2018564 0.1294273 -0.1392397
v -0.2051138 0.1321614 -0.1355438
v -0.2045633 0.1254089 -0.1451227
v -0.2085230 0.1303450 -0.1405999
v -0.2072702 0.1213906 -0.1521104
v -0.1950000 0.1366372 -0.1250000
v -0.1950000 0.1281421 -0.1378825
v -0.1950000 0.1319022 -0.1328825
v -0.1850000 0.1353250 -0.1250000
v -0.1850000 0.1268122 -0.1360989
v -0.1850000 0.1308762 -0.1310989
v -0.2390839 0.1396882 -0.0990947
v -0.2292622 0.1477170 -0.0877111
v -0.2315251 0.1387281 -0.1115337
v -0.2271335 0.1413260 -0.1071572
v -0.2112174 0.1508048 -0.0911829
v -0.1900000 0.1527882 -0.0931418
v -0.1900000 0.1395919 -0.1192898
v -0.1900000 0.1447349 -0.1096449
v -0.1895535 0.1132934 -0.1535610
v -0.1900000 0.1224771 -0.1428094
v -0.1709025 0.1533037 -0.0932437
v -0.1700000 0.1384901 -0.1180577
v -0.1686450 0.1458174 -0.1071323
v -0.1611935 0.1197009 -0.1396756
v -0.1707207 0.1294283 -0.1298236
v -0.1600898 0.0999791 -0.1599762
v -0.1687322 0.1108921 -0.1508485
v -0.1714301 0.1208078 -0.1409652
v -0.2056212 0.1188739 -0.1545629
v -0.1625389 0.1600579 -0.0801222
v -0.2309188 0.0198613 -0.2299540
v -0.2350000 0.0050000 -0.2346517
v -0.2345513 0.0159168 -0.2314304
v -0.2250000 0.0194141 -0.2298097
v -0.2250000 0.0050000 -0.2340754
v -0.2250000 0.0144141 -0.2314301
v -0.2153459 0.0648700 -0.2187500
v -0.2150000 0.0750000 -0.2157168
v -0.2150000 0.0185461 -0.2295398
v -0.2150000 0.0050000 -0.2334275
v -0.2150000 0.0135461 -0.2311125
v -0.2012375 0.0790586 -0.2094820
v -0.2050000 0.0650000 -0.2159272
v -0.2047425 0.0754352 -0.2122903
v -0.2050000 0.0173053 -0.2291820
v -0.2050000 0.0050000 -0.2325412
v -0.2050000 0.0123053 -0.2306967
v -0.1908436 0.0095622 -0.2298969
v -0.1945062 0.0146218 -0.2289164
v -0.1945062 0.0057373 -0.2311997
v -0.1975103 0.0110364 -0.2303029
v -0.1850000 0.0081547 -0.2295371
v -0.1850000 0.0150000 -0.2277102
v -0.1850000 0.0031547 -0.2307396
v -0.1740635 0.0047864 -0.2291715
v -0.1750000 0.0150000 -0.2265469
v -0.1767725 0.0013107 -0.2303233
v -0.1650000 0.0050000 -0.2283384
v -0.1650000 0.0150000 -0.2256009
v -0.2276827 0.0725402 -0.2188610
v -0.2314274 0.0279283 -0.2277333
v -0.2300000 0.0500000 -0.2235188
v -0.2311787 0.0676256 -0.2205500
v -0.2062866 0.0538429 -0.2193418
v -0.2100000 0.0300000 -0.2256117
v -0.2109073 0.0490543 -0.2211370
v -0.2189099 0.0614500 -0.2202338
v -0.1815981 0.0394931 -0.2198430
v -0.1899897 0.0504196 -0.2175704
v -0.1899951 0.0702832 -0.2101132
v -0.1899897 0.0301740 -0.2236263
v -0.1916324 0.0414643 -0.2203852
v -0.1700000 0.0374768 -0.2191762
v -0.1679548 0.0521377 -0.2139305
v -0.1703084 0.0676919 -0.2076761
v -0.1700000 0.0287384 -0.2219361
v -0.1623494 0.0791167 -0.1990246
v -0.2358873 0.1171248 -0.1840945
v -0.2322980 0.1092625 -0.1985693
v -0.2353788 0.1119509 -0.1951416
v -0.2325663 0.0994017 -0.2096338
v -0.2357655 0.1046926 -0.2050122
v -0.2389647 0.1103048 -0.2003905
v -0.2350000 0.0850000 -0.2154191
v -0.2355398 0.0956410 -0.2115385
v -0.2392330 0.1001228 -0.2100804
v -0.2216829 0.1089924 -0.1880565
v -0.2250097 0.1123164 -0.1848339
v -0.2250097 0.1073767 -0.1951416
v -0.2283496 0.1108965 -0.1919026
v -0.2250000 0.0971655 -0.2078505
v -0.2250000 0.1024765 -0.2028505
v -0.2250000 0.0850000 -0.2141598
v -0.2250000 0.0921655 -0.2109952
v -0.2151389 0.1173797 -0.1647489
v -0.2123219 0.1082177 -0.1775122
v -0.2153931 0.1122432 -0.1745073
v -0.2121195 0.0986394 -0.1970151
v -0.2130915 0.0879522 -0.2085991
v -0.2159389 0.0943958 -0.2047163
v -0.2158549 0.0847713 -0.2115822
v -0.2197581 0.0901523 -0.2100920
v -0.2026018 0.1077138 -0.1672654
v -0.2055611 0.1121980 -0.1643592
v -0.2050784 0.1046324 -0.1748169
v -0.2092685 0.1105949 -0.1708455
v -0.2029501 0.0986227 -0.1850000
v -0.2004420 0.0896842 -0.1996231
v -0.2050769 0.0952946 -0.1949858
v -0.2041731 0.0854848 -0.2057072
v -0.2071087 0.0919727 -0.2019324
v -0.2079042 0.0812855 -0.2107322
v -0.1908999 0.0996932 -0.1695755
v -0.1948212 0.1051278 -0.1650871
v -0.1987424 0.1104714 -0.1605987
v -0.1945400 0.0984835 -0.1752730
v -0.1975666 0.1010471 -0.1721216
v -0.1950000 0.0950945 -0.1850000
v -0.1950000 0.0884912 -0.1977247
v -0.1950000 0.0917600 -0.1927247
v -0.1850000 0.0989309 -0.1685983
v -0.1850000 0.1031688 -0.1635983
v -0.1850000 0.0955658 -0.1750000
v -0.1819718 0.0894597 -0.1884283
v -0.1851831 0.0915460 -0.1850570
v -0.1851831 0.0872869 -0.1944059
v -0.1886385 0.0903968 -0.1906765
v -0.1750000 0.0976833 -0.1670817
v -0.1750000 0.0931711 -0.1750000
v -0.1640539 0.0972888 -0.1645320
v -0.1631212 0.0894679 -0.1785930
v -0.1658727 0.0913230 -0.1751558
v -0.2272519 0.1184262 -0.1730589
v -0.2315410 0.1213764 -0.1685860
v -0.2398121 0.1200615 -0.1801575
v -0.2008883 0.0995471 -0.1787883
v -0.2185648 0.1205236 -0.1612481
v -0.2134631 0.1040830 -0.1871562
v -0.2187862 0.1007062 -0.2008335
v -0.1708782 0.1013456 -0.1614842
v -0.1710117 0.0873720 -0.1870639
v -0.1810040 0.0816945 -0.2016469
v -0.1095998 0.1577483 -0.0713772
v -0.0880994 0.1596173 -0.0589379
v -0.0891354 0.1532952 -0.0731769
v -0.1336773 0.1591539 -0.0782650
v -0.1550000 0.1777163 -0.0050000
v -0.1550000 0.1754831 -0.0150000
v -0.1550000 0.1739473 -0.0250000
v -0.1550000 0.1731175 -0.0350000
v -0.1550000 0.1717348 -0.0450000
v -0.1550000 0.1688175 -0.0560907
v -0.1550000 0.1703045 -0.0510907
v -0.1450000 0.1774542 -0.0050000
v -0.1450000 0.1763085 -0.0150000
v -0.1450000 0.1757059 -0.0250000
v -0.1450000 0.1749039 -0.0350000
v -0.1450000 0.1728943 -0.0450000
v -0.1450000 0.1693798 -0.0576796
v -0.1450000 0.1707343 -0.0526796
v -0.1350000 0.1774968 -0.0250000
v -0.1350000 0.1759611 -0.0350000
v -0.1350000 0.1730452 -0.0450000
v -0.1350000 0.1691690 -0.0574303
v -0.1350000 0.1707094 -0.0524304
v -0.1250000 0.1770617 -0.0250000
v -0.1250000 0.1749353 -0.0350000
v -0.1225139 0.1692752 -0.0481301
v -0.1255083 0.1714191 -0.0448781
v -0.1255083 0.1680947 -0.0544357
v -0.1291806 0.1702410 -0.0507262
v -0.1150000 0.1745861 -0.0250000
v -0.1113841 0.1695961 -0.0389202
v -0.1148304 0.1719457 -0.0353521
v -0.1004051 0.1698826 -0.0293746
v -0.1042431 0.1716024 -0.0256247
v -0.1042431 0.1689452 -0.0353521
v -0.1070718 0.1708438 -0.0322535
v -0.1499048 0.1645030 -0.0702078
v -0.1300000 0.1780418 -0.0100000
v -0.1300000 0.1631532 -0.0687691
v -0.1100000 0.1745615 -0.0100000
v -0.1115762 0.1669663 -0.0482683
v -0.1133552 0.1609562 -0.0660045
v -0.0902014 0.1698709 -0.0097522
v -0.0915992 0.1675421 -0.0286665
v -0.0899298 0.1627430 -0.0497653
v -0.0978654 0.1603396 -0.0608946
v -0.1550000 0.1578856 -0.0856232
v -0.1519091 0.1496536 -0.0995641
v -0.1551455 0.1524418 -0.0957384
v -0.1551455 0.1466199 -0.1042047
v -0.1585758 0.1502222 -0.1003412
v -0.1550000 0.1410347 -0.1112837
v -0.1446192 0.1578913 -0.0844252
v -0.1450000 0.1487722 -0.0984735
v -0.1450000 0.1524796 -0.0934735
v -0.1455172 0.1431556 -0.1054758
v -0.1491953 0.1402297 -0.1102746
v -0.1476819 0.1375881 -0.1131916
v -0.1500000 0.1182327 -0.1381431
v -0.1500000 0.0995495 -0.1593654
v -0.1500000 0.1084850 -0.1487158
v -0.1292994 0.1505116 -0.0904817
v -0.1287714 0.1345430 -0.1128463
v -0.1300000 0.1416745 -0.1022708
v -0.1271949 0.1177342 -0.1333319
v -0.1300000 0.0993274 -0.1590316
v -0.1300000 0.1073019 -0.1475688
v -0.1100000 0.1478648 -0.0882556
v -0.1100000 0.1325381 -0.1120723
v -0.1100000 0.1403783 -0.1006707
v -0.0884153 0.1394250 -0.0991992
v -0.0913716 0.1459446 -0.0878739
v -0.0893545 0.1306762 -0.1102540
v -0.0984973 0.1401439 -0.1002140
v -0.1407203 0.1263900 -0.1264325
v -0.0992768 0.1083437 -0.1430269
v -0.1000000 0.1223560 -0.1230348
v -0.1513493 0.1603044 -0.0806659
v -0.1550000 0.0778020 -0.1973989
v -0.1550000 0.0050000 -0.2278019
v -0.1550000 0.0150000 -0.2251213
v -0.1413447 0.0796114 -0.1894385
v -0.1448068 0.0767387 -0.1945043
v -0.1450000 0.0050000 -0.2274278
v -0.1450000 0.0150000 -0.2248863
v -0.1350000 0.0789540 -0.1885102
v -0.1318245 0.0694148 -0.1995418
v -0.1350947 0.0733635 -0.1957251
v -0.1350947 0.0656489 -0.2023880
v -0.1384911 0.0703339 -0.2002958
v -0.1350000 0.0050000 -0.2270315
v -0.1350000 0.0150000 -0.2245368
v -0.1250000 0.0780357 -0.1872646
v -0.1250000 0.0683643 -0.1986832
v -0.1250000 0.0730357 -0.1936832
v -0.1250000 0.0633643 -0.2019893
v -0.1250000 0.0050000 -0.2266468
v -0.1250000 0.0150000 -0.2240700
v -0.1150000 0.0770205 -0.1860828
v -0.1150000 0.0668995 -0.1973460
v -0.1150000 0.0720205 -0.1923460
v -0.1150000 0.0050000 -0.2263049
v -0.1150000 0.0150000 -0.2235514
v -0.1051374 0.0764556 -0.1841996
v -0.1041466 0.0644771 -0.1967085
v -0.1050000 0.0708275 -0.1909234
v -0.1050000 0.0050000 -0.2260337
v -0.1050000 0.0150000 -0.2230723
v -0.0950000 0.0050000 -0.2258944
v -0.0950000 0.0150000 -0.2228446
v -0.0850000 0.0050000 -0.2258470
v -0.0850000 0.0150000 -0.2228677
v -0.1491691 0.0319589 -0.2187418
v -0.1500000 0.0518774 -0.2114424
v -0.1500000 0.0685042 -0.2034969
v -0.1527811 0.0267282 -0.2211474
v -0.1300000 0.0314870 -0.2173735
v -0.1305805 0.0496409 -0.2096133
v -0.1300000 0.0229741 -0.2214780
v -0.1018957 0.0796561 -0.1795789
v -0.1002444 0.0599221 -0.1999497
v -0.1100000 0.0308813 -0.2162172
v -0.1100000 0.0217626 -0.2208865
v -0.0900000 0.0789295 -0.1787643
v -0.0900000 0.0582236 -0.1988750
v -0.0911459 0.0693153 -0.1893046
v -0.0888204 0.0324883 -0.2141394
v -0.0900000 0.0210735 -0.2205630
v -0.1019162 0.0490653 -0.2061445
v -0.1550000 0.0958703 -0.1650000
v -0.1550000 0.0888377 -0.1774971
v -0.1550000 0.0911798 -0.1724971
v -0.1450000 0.0955897 -0.1650000
v -0.1450000 0.0881612 -0.1769719
v -0.1450000 0.0911812 -0.1719719
v -0.1507045 0.0825595 -0.1884756
v -0.1300000 0.0909895 -0.1707342
v -0.1300000 0.0820497 -0.1828874
v -0.1028471 0.0874610 -0.1704573
v -0.0150000 0.1444309 -0.0250000
v -0.0150000 0.1439616 -0.0350000
v -0.0000298 0.1399929 -0.0297443
v -0.0040179 0.1411669 -0.0258466
v -0.0000298 0.1399929 -0.0301383
v -0.0040179 0.1411332 -0.0340830
v -0.0689682 0.1582808 -0.0510222
v -0.0692791 0.1506771 -0.0707362
v -0.0478325 0.1515133 -0.0506310
v -0.0416866 0.1396562 -0.0790375
v -0.0509985 0.1471179 -0.0671446
v -0.0303865 0.1497097 -0.0100000
v -0.0309368 0.1493713 -0.0300000
v -0.0317770 0.1469708 -0.0484239
v -0.0277685 0.1388621 -0.0731881
v -0.0312430 0.1414099 -0.0681092
v -0.0032004 0.1386714 -0.0090161
v -0.0111099 0.1421569 -0.0102048
v -0.0060084 0.1394386 -0.0537377
v -0.0107948 0.1413126 -0.0491111
v -0.0099423 0.1360231 -0.0699845
v -0.0179488 0.1404827 -0.0615634
v -0.0529003 0.1572594 -0.0219004
v -0.0679673 0.1626404 -0.0179238
v -0.0736574 0.1607371 -0.0463517
v -0.0548291 0.1273205 -0.1043460
v -0.0580484 0.1304781 -0.1005767
v -0.0550000 0.1218778 -0.1146024
v -0.0550000 0.1175091 -0.1250000
v -0.0550000 0.1090430 -0.1387644
v -0.0550000 0.1126668 -0.1337644
v -0.0450000 0.1262129 -0.1050000
v -0.0450000 0.1219363 -0.1149046
v -0.0450000 0.1170752 -0.1250000
v -0.0450000 0.1082295 -0.1378201
v -0.0450000 0.1121167 -0.1328201
v -0.0150000 0.1082131 -0.1269523
v -0.0150000 0.1114075 -0.1219523
v -0.0150000 0.1036908 -0.1350000
v -0.0050000 0.1080165 -0.1261203
v -0.0050000 0.1106050 -0.1211203
v -0.0051712 0.1025338 -0.1357558
v -0.0671170 0.1380794 -0.0935082
v -0.0707544 0.1422264 -0.0882866
v -0.0685627 0.1196911 -0.1194148
v -0.0700459 0.1276038 -0.1083292
v -0.0700459 0.1132818 -0.1328148
v -0.0700000 0.0965273 -0.1556315
v -0.0700000 0.1028038 -0.1478158
v -0.0493705 0.1335798 -0.0933003
v -0.0516767 0.1406989 -0.0816036
v -0.0500000 0.1199005 -0.1197535
v -0.0460246 0.0949955 -0.1546730
v -0.0514704 0.1017228 -0.1476116
v -0.0300000 0.1185969 -0.1177635
v -0.0300665 0.1099153 -0.1299334
v -0.0300000 0.0930403 -0.1528254
v -0.0300000 0.1012682 -0.1417853
v -0.0090741 0.1174123 -0.1117322
v -0.0019520 0.0997142 -0.1395930
v -0.0100285 0.0920223 -0.1513054
v -0.0118093 0.1003394 -0.1404824
v -0.0787921 0.1201771 -0.1202757
v -0.0208323 0.1274428 -0.0962364
v -0.0750000 0.0050000 -0.2257817
v -0.0750000 0.0150000 -0.2228713
v -0.0650000 0.0050000 -0.2256961
v -0.0650000 0.0150000 -0.2228149
v -0.0550000 0.0050000 -0.2255567
v -0.0550000 0.0150000 -0.2226501
v -0.0450000 0.0050000 -0.2253431
v -0.0450000 0.0150000 -0.2221857
v -0.0350000 0.0385105 -0.2088704
v -0.0351888 0.0241282 -0.2178051
v -0.0350000 0.0335105 -0.2123747
v -0.0350000 0.0050000 -0.2253421
v -0.0351888 0.0157688 -0.2214644
v -0.0250000 0.0385794 -0.2089897
v -0.0250000 0.0250000 -0.2169418
v -0.0250000 0.0335794 -0.2123042
v -0.0250000 0.0050000 -0.2255908
v -0.0250000 0.0142055 -0.2218725
v -0.0150000 0.0050000 -0.2258215
v -0.0150000 0.0141142 -0.2219826
v -0.0050000 0.0050000 -0.2262169
v -0.0050000 0.0146090 -0.2222152
v -0.0700000 0.0777754 -0.1777924
v -0.0700000 0.0560141 -0.1966999
v -0.0700000 0.0673370 -0.1873091
v -0.0700000 0.0329462 -0.2131092
v -0.0700000 0.0210269 -0.2205885
v -0.0449544 0.0753210 -0.1754279
v -0.0456046 0.0549977 -0.1950465
v -0.0504801 0.0656167 -0.1856755
v -0.0500000 0.0325571 -0.2128981
v -0.0500000 0.0207784 -0.2204381
v -0.0300000 0.0742642 -0.1743003
v -0.0300000 0.0545697 -0.1945333
v -0.0300000 0.0644623 -0.1846206
v -0.0284907 0.0194101 -0.2197399
v -0.0386480 0.0202136 -0.2201053
v -0.0103210 0.0739437 -0.1743401
v -0.0142481 0.0550829 -0.1950410
v -0.0069662 0.0640629 -0.1861210
v -0.0100000 0.0193616 -0.2196926
v -0.0100000 0.0324756 -0.2128240
v -0.0605374 0.0479173 -0.2024384
v -0.0165182 0.0468363 -0.2028442
v -0.0700000 0.0871663 -0.1672165
v -0.0505822 0.0860380 -0.1660310
v -0.0300000 0.0835791 -0.1640454
v -0.0100000 0.0828416 -0.1636264
v 0.0699295 -0.0901130 0.1802080
v 0.0699295 -0.0892601 0.1802080
v 0.0691134 -0.0913604 0.1750000
v 0.0688361 -0.0855561 0.1755114
v 0.0679169 -0.0933659 0.1650000
v 0.0661997 -0.0850000 0.1650000
v 0.0799890 -0.0900173 0.2100634
v 0.0797707 -0.0850000 0.2113962
v 0.0792331 -0.0910349 0.2050000
v 0.0781563 -0.0850000 0.2050000
v 0.0776066 -0.0930661 0.1950000
v 0.0752124 -0.0850000 0.1950000
v 0.0753566 -0.0947526 0.1841151
v 0.0716147 -0.0855561 0.1841248
v 0.0734454 -0.0963604 0.1750000
v 0.0702553 -0.0825934 0.1791857
v 0.0716821 -0.0983659 0.1650000
v 0.0795596 -0.1003301 0.1813556
v 0.0775637 -0.1015873 0.1700000
v 0.0692424 -0.0783599 0.1725191
v 0.0682828 -0.0764571 0.1650000
v 0.0780058 -0.0746888 0.1943025
v 0.0798685 -0.0698505 0.1905042
v 0.0750801 -0.0750000 0.1850000
v 0.0789270 -0.0688236 0.1850000
v 0.0719727 -0.0750160 0.1755114
v 0.0772744 -0.0671957 0.1750000
v 0.0708709 -0.0714571 0.1650000
v 0.0758709 -0.0660817 0.1650000
v 0.0793143 -0.0785704 0.2083991
v 0.0250000 -0.0817455 0.0915513
v 0.0250000 -0.0916102 0.0819392
v 0.0250000 -0.0867455 0.0869392
v 0.0350000 -0.0815830 0.0914937
v 0.0350000 -0.0914413 0.0817214
v 0.0350000 -0.0865830 0.0867214
v 0.0494382 -0.0807739 0.1006190
v 0.0496126 -0.0904624 0.0905459
v 0.0461921 -0.0842090 0.0940944
v 0.0457675 -0.0927735 0.0846193
v 0.0429459 -0.0876441 0.0876988
v 0.0597651 -0.0820531 0.1331663
v 0.0599373 -0.0903003 0.1209928
v 0.0595971 -0.0852319 0.1245957
v 0.0596165 -0.0941802 0.1140679
v 0.0581387 -0.0850000 0.1150000
v 0.0574583 -0.0950000 0.1050000
v 0.0535223 -0.0844644 0.1043714
v 0.0599271 -0.1100808 0.0902176
v 0.0584187 -0.1048669 0.0941306
v 0.0532119 -0.0942774 0.0943275
v 0.0512491 -0.0874406 0.0972126
v 0.0590612 -0.1110219 0.0850000
v 0.0552249 -0.1050000 0.0850000
v 0.0511636 -0.0977941 0.0850000
v 0.0697641 -0.1002346 0.1512425
v 0.0677098 -0.0956722 0.1547455
v 0.0643460 -0.0850000 0.1550000
v 0.0691218 -0.1009176 0.1450000
v 0.0657986 -0.0950000 0.1450000
v 0.0623681 -0.0850000 0.1450000
v 0.0679473 -0.1022583 0.1350000
v 0.0636782 -0.0950000 0.1350000
v 0.0605931 -0.0852319 0.1358998
v 0.0667097 -0.1039004 0.1250000
v 0.0614618 -0.0941802 0.1245957
v 0.0601567 -0.0887198 0.1276595
v 0.0688873 -0.1110003 0.1129464
v 0.0648177 -0.1049450 0.1148631
v 0.0675307 -0.1122150 0.1050000
v 0.0625307 -0.1061174 0.1050000
v 0.0646922 -0.1128113 0.0941306
v 0.0611537 -0.1081115 0.0968843
v 0.0661889 -0.1163402 0.0845236
v 0.0743251 -0.1026241 0.1547455
v 0.0705419 -0.0994537 0.1579092
v 0.0750000 -0.1048703 0.1450000
v 0.0790051 -0.1104318 0.1316946
v 0.0754031 -0.1075549 0.1350168
v 0.0769514 -0.1113529 0.1250000
v 0.0719514 -0.1089004 0.1250000
v 0.0741580 -0.1129810 0.1157679
v 0.0702633 -0.1098449 0.1196131
v 0.0758251 -0.1173296 0.1042796
v 0.0733777 -0.1184535 0.0950000
v 0.0708975 -0.1181613 0.0894211
v 0.0010050 -0.1004922 0.0805847
v 0.0092171 -0.0890108 0.0887245
v 0.0597064 -0.1005812 0.1075565
v 0.0607481 -0.0969669 0.1167798
v 0.0771206 -0.1202287 0.0898511
v 0.0250000 -0.0612604 0.1108688
v 0.0250000 -0.0550000 0.1136596
v 0.0250000 -0.0450000 0.1164851
v 0.0250000 -0.0715967 0.1016770
v 0.0250000 -0.0662604 0.1066770
v 0.0350000 -0.0615846 0.1110811
v 0.0350000 -0.0550000 0.1144213
v 0.0350000 -0.0450000 0.1175710
v 0.0350000 -0.0715756 0.1017866
v 0.0350000 -0.0665846 0.1067866
v 0.0489461 -0.0424310 0.1201526
v 0.0489652 -0.0709241 0.1107550
v 0.0453791 -0.0647164 0.1121358
v 0.0450000 -0.0550000 0.1163475
v 0.0453677 -0.0454586 0.1191974
v 0.0458684 -0.0743042 0.1042548
v 0.0422985 -0.0678607 0.1078906
v 0.0597651 -0.0790953 0.1331663
v 0.0592191 -0.0754572 0.1248723
v 0.0593073 -0.0676004 0.1214538
v 0.0569356 -0.0525623 0.1206466
v 0.0541614 -0.0454586 0.1209123
v 0.0544647 -0.0745545 0.1144530
v 0.0555844 -0.0645603 0.1175295
v 0.0541614 -0.0555374 0.1190406
v 0.0502690 -0.0490977 0.1199401
v 0.0518411 -0.0775908 0.1072857
v 0.0673228 -0.0741497 0.1555325
v 0.0694954 -0.0695033 0.1525542
v 0.0643981 -0.0750000 0.1450000
v 0.0687068 -0.0688540 0.1450000
v 0.0618462 -0.0754572 0.1358998
v 0.0672973 -0.0677384 0.1350000
v 0.0609494 -0.0724287 0.1281205
v 0.0640236 -0.0644748 0.1249648
v 0.0642586 -0.0555374 0.1222396
v 0.0650000 -0.0450000 0.1229388
v 0.0701629 -0.0702495 0.1592208
v 0.0740977 -0.0660497 0.1555325
v 0.0759233 -0.0631736 0.1447314
v 0.0740669 -0.0627384 0.1350000
v 0.0790669 -0.0592807 0.1350000
v 0.0722170 -0.0613491 0.1284758
v 0.0753302 -0.0554722 0.1268887
v 0.0750000 -0.0450000 0.1242715
v 0.0063121 -0.0270661 0.1206184
v 0.0099498 -0.0099236 0.1222864
v 0.0100000 -0.0675487 0.1073792
v 0.0098858 -0.0499369 0.1160078
v 0.0114842 -0.0307163 0.1190151
v 0.0179988 -0.0178241 0.1197021
v 0.0100000 -0.0778625 0.0979667
v 0.0291941 -0.0080805 0.1204416
v 0.0300000 -0.0300000 0.1183616
v 0.0328144 -0.0133297 0.1196674
v 0.0300000 -0.0765861 0.0965225
v 0.0427715 -0.0776842 0.0976430
v 0.0798722 -0.0599206 0.1412191
v 0.0604311 -0.0609338 0.1197895
v 0.0604311 -0.0592289 0.1197895
v 0.0009051 -0.0412458 0.1202665
v 0.0604710 -0.0200465 0.1216818
v 0.0422045 -0.0211433 0.1197267
v 0.0250000 -0.1025603 0.0644686
v 0.0250000 -0.1103520 0.0506676
v 0.0250000 -0.1075603 0.0556676
v 0.0250000 -0.1125252 0.0450000
v 0.0250000 -0.1159496 0.0350000
v 0.0250000 -0.1204195 0.0211860
v 0.0250000 -0.1187764 0.0261860
v 0.0250000 -0.1227907 0.0150000
v 0.0250000 -0.1270690 0.0050000
v 0.0350000 -0.1022992 0.0638836
v 0.0350000 -0.1102253 0.0504172
v 0.0350000 -0.1072992 0.0554172
v 0.0350000 -0.1121277 0.0450000
v 0.0350000 -0.1153720 0.0350000
v 0.0317455 -0.1200867 0.0202760
v 0.0350473 -0.1187290 0.0241656
v 0.0350473 -0.1216489 0.0158767
v 0.0387063 -0.1301822 0.0002620
v 0.0352238 -0.1274319 0.0041572
v 0.0477554 -0.1016253 0.0731918
v 0.0446532 -0.0981709 0.0759151
v 0.0446532 -0.1036321 0.0654673
v 0.0410887 -0.0994580 0.0691122
v 0.0450000 -0.1106421 0.0517743
v 0.0450000 -0.1083212 0.0567743
v 0.0450000 -0.1127388 0.0450000
v 0.0450000 -0.1154915 0.0350000
v 0.0450000 -0.1181807 0.0250000
v 0.0450000 -0.1220399 0.0144818
v 0.0450000 -0.1306760 0.0008900
v 0.0450000 -0.1270399 0.0058900
v 0.0575465 -0.1128045 0.0750000
v 0.0520687 -0.1049752 0.0759151
v 0.0500525 -0.0999297 0.0798584
v 0.0569726 -0.1154746 0.0641378
v 0.0512609 -0.1084026 0.0650000
v 0.0538880 -0.1144318 0.0552652
v 0.0504404 -0.1095782 0.0587753
v 0.0538750 -0.1167380 0.0450000
v 0.0533435 -0.1179125 0.0350000
v 0.0521525 -0.1190586 0.0250000
v 0.0544874 -0.1225161 0.0157088
v 0.0550000 -0.1314942 0.0019647
v 0.0550000 -0.1276347 0.0069647
v 0.0650000 -0.1232644 0.0550000
v 0.0650000 -0.1241438 0.0450000
v 0.0650000 -0.1261893 0.0150000
v 0.0650000 -0.1323070 0.0033936
v 0.0650000 -0.1288285 0.0083936
v 0.0750000 -0.1270072 0.0550000
v 0.0797760 -0.1300648 0.0409185
v 0.0758656 -0.1285292 0.0445511
v 0.0766863 -0.1316225 0.0150000
v 0.0716863 -0.1291115 0.0150000
v 0.0743994 -0.1332882 0.0056980
v 0.0706657 -0.1296815 0.0094966
v 0.0088153 -0.1065951 0.0670324
v 0.0144786 -0.0989476 0.0745551
v 0.0115095 -0.1139382 0.0511706
v 0.0077668 -0.1249093 0.0280143
v 0.0143800 -0.1191493 0.0342775
v 0.0102259 -0.1299581 0.0100013
v 0.0300000 -0.0977848 0.0720880
v 0.0384122 -0.1199220 0.0197944
v 0.0599398 -0.1200553 0.0602297
v 0.0592023 -0.1206311 0.0500000
v 0.0577480 -0.1210001 0.0300000
v 0.0479061 -0.1197892 0.0194982
v 0.0707959 -0.1227277 0.0697845
v 0.0623635 -0.1184644 0.0709482
v 0.0720873 -0.1280551 0.0300000
v 0.0014258 -0.1207677 0.0477008
v 0.1267754 -0.1211402 0.3205909
v 0.1240653 -0.1150068 0.3209478
v 0.1250000 -0.1050000 0.3217585
v 0.1250000 -0.0950000 0.3226436
v 0.1250000 -0.0850000 0.3222869
v 0.1350000 -0.1218398 0.3208765
v 0.1350000 -0.1150000 0.3223136
v 0.1350000 -0.1050000 0.3233839
v 0.1350000 -0.0950000 0.3240808
v 0.1350000 -0.0850000 0.3233336
v 0.1450000 -0.0950000 0.3229589
v 0.1450000 -0.0850000 0.3221269
v 0.1530590 -0.0950000 0.3209515
v 0.1512931 -0.0850000 0.3205154
v 0.1198953 -0.1083390 0.3200451
v 0.1186234 -0.0900000 0.3205675
v 0.1479368 -0.1213687 0.3205271
v 0.1488934 -0.1100000 0.3215535
v 0.1446042 -0.0754024 0.3206890
v 0.1410070 -0.0697322 0.3201853
v 0.1503919 -0.0790040 0.3201813
v 0.1312654 -0.0725543 0.3206030
v 0.1198644 -0.0796905 0.3200628
v 0.0889207 -0.1012237 0.2713417
v 0.0878948 -0.0950000 0.2727200
v 0.0872113 -0.0850000 0.2736366
v 0.0884858 -0.1016606 0.2650000
v 0.0857905 -0.0950000 0.2650000
v 0.0842508 -0.0850000 0.2650000
v 0.0883823 -0.1018297 0.2550000
v 0.0854888 -0.0950000 0.2550000
v 0.0839475 -0.0850000 0.2550000
v 0.0884577 -0.1017440 0.2450000
v 0.0854388 -0.0950000 0.2450000
v 0.0836743 -0.0850000 0.2450000
v 0.0991854 -0.0931641 0.3015265
v 0.0991854 -0.0869365 0.3015265
v 0.0981847 -0.0958985 0.2959066
v 0.0984100 -0.0841619 0.2957285
v 0.0951370 -0.0950000 0.2850000
v 0.0948713 -0.0850000 0.2850000
v 0.0949382 -0.1038786 0.2748050
v 0.0917952 -0.0950000 0.2777200
v 0.0912479 -0.0850000 0.2786366
v 0.0950000 -0.1052538 0.2650000
v 0.0950000 -0.1056333 0.2550000
v 0.0950000 -0.1053170 0.2450000
v 0.1088003 -0.1129314 0.3112793
v 0.1079267 -0.1050000 0.3123204
v 0.1071824 -0.0950000 0.3131825
v 0.1074859 -0.0850000 0.3127840
v 0.1096609 -0.1203533 0.3022007
v 0.1074637 -0.1157588 0.3053204
v 0.1034445 -0.1050000 0.3050000
v 0.1017732 -0.0958985 0.3049159
v 0.1020374 -0.0841619 0.3049159
v 0.1096609 -0.1203533 0.2978778
v 0.1063045 -0.1158815 0.2947267
v 0.1005352 -0.1056908 0.2959066
v 0.1000454 -0.0998308 0.2998443
v 0.1000812 -0.0802698 0.2995476
v 0.1054719 -0.1140027 0.2850000
v 0.1004719 -0.1092160 0.2850000
v 0.1063704 -0.1125680 0.2750000
v 0.1013704 -0.1089304 0.2750000
v 0.1080662 -0.1112229 0.2671106
v 0.1048397 -0.1087727 0.2642664
v 0.1050000 -0.1079815 0.2550000
v 0.1050000 -0.1063824 0.2450000
v 0.1168613 -0.1228152 0.3133041
v 0.1150770 -0.1156380 0.3156250
v 0.1148312 -0.1050000 0.3173204
v 0.1136051 -0.0950000 0.3181825
v 0.1136416 -0.0850000 0.3177840
v 0.1141168 -0.1235603 0.3053204
v 0.1101946 -0.1195981 0.3088673
v 0.1142035 -0.1228050 0.2947267
v 0.1103392 -0.1198025 0.2912112
v 0.1177065 -0.1211831 0.2850000
v 0.1127065 -0.1190027 0.2850000
v 0.1159617 -0.1174265 0.2759594
v 0.1156652 -0.1121305 0.2642664
v 0.1127754 -0.1098303 0.2604439
v 0.1194421 -0.1100411 0.2599304
v 0.1156652 -0.1083766 0.2559582
v 0.1150000 -0.1049829 0.2450000
v 0.1283767 -0.1303915 0.3108572
v 0.1242427 -0.1253110 0.3154140
v 0.1279730 -0.1304763 0.3050000
v 0.1229730 -0.1291853 0.3050000
v 0.1289207 -0.1302436 0.2990706
v 0.1253524 -0.1281695 0.2954424
v 0.1250000 -0.1236572 0.2850000
v 0.1250000 -0.1185202 0.2738759
v 0.1245754 -0.1128409 0.2640765
v 0.1276256 -0.1098971 0.2601275
v 0.1209589 -0.1100411 0.2599304
v 0.1245754 -0.1077629 0.2559582
v 0.1250000 -0.1032819 0.2450000
v 0.1350000 -0.1309193 0.3118484
v 0.1350000 -0.1268398 0.3168484
v 0.1350000 -0.1316229 0.3050000
v 0.1350000 -0.1307036 0.2978124
v 0.1350000 -0.1290390 0.2928124
v 0.1350000 -0.1247557 0.2850000
v 0.1350000 -0.1177690 0.2736061
v 0.1350000 -0.1127690 0.2664115
v 0.1350000 -0.1085230 0.2614115
v 0.1350982 -0.1036089 0.2550774
v 0.1384969 -0.0968542 0.2517957
v 0.1399076 -0.0819127 0.2501636
v 0.1315054 -0.1011084 0.2450000
v 0.1362943 -0.0941125 0.2459179
v 0.1381729 -0.0851476 0.2459179
v 0.1450000 -0.1313553 0.3125426
v 0.1450000 -0.1267359 0.3175426
v 0.1453232 -0.1315010 0.3045444
v 0.1488721 -0.1295985 0.3009073
v 0.1422054 -0.1306946 0.2980126
v 0.1453232 -0.1281118 0.2948076
v 0.1443796 -0.1225233 0.2850174
v 0.1472993 -0.1181324 0.2816956
v 0.1443794 -0.1147088 0.2758206
v 0.1481261 -0.1069916 0.2720685
v 0.1414595 -0.1112853 0.2684211
v 0.1446431 -0.1042292 0.2657470
v 0.1477437 -0.0950000 0.2631937
v 0.1482958 -0.0850000 0.2626793
v 0.1422372 -0.0941125 0.2550774
v 0.1426789 -0.0851476 0.2540981
v 0.1400704 -0.0901875 0.2498631
v 0.1400704 -0.0885793 0.2498631
v 0.1522673 -0.1309728 0.3117828
v 0.1549038 -0.1251471 0.3152647
v 0.1522673 -0.1309728 0.3075740
v 0.1553604 -0.1284143 0.3045444
v 0.1550735 -0.1235367 0.2947522
v 0.1584558 -0.1183841 0.2912537
v 0.1517892 -0.1211634 0.2883623
v 0.1547945 -0.1149249 0.2852351
v 0.1576790 -0.1050000 0.2823744
v 0.1590917 -0.0950000 0.2811811
v 0.1591629 -0.0850000 0.2812439
v 0.1511331 -0.1114657 0.2787352
v 0.1522409 -0.1041949 0.2752411
v 0.1552186 -0.0950000 0.2750000
v 0.1555812 -0.0850000 0.2750000
v 0.1501628 -0.1003249 0.2697396
v 0.1511269 -0.0950000 0.2681937
v 0.1514183 -0.0850000 0.2676793
v 0.0985805 -0.1035170 0.2890888
v 0.1201087 -0.1183447 0.3199708
v 0.1300000 -0.1206180 0.2787410
v 0.1577867 -0.1100000 0.3191209
v 0.1571760 -0.0900000 0.3187714
v 0.1406327 -0.1202843 0.2795726
v 0.1411601 -0.1014669 0.2584624
v 0.1199362 -0.1200211 0.2799323
v 0.0877389 -0.0750000 0.2729237
v 0.0889758 -0.0686358 0.2713343
v 0.0856672 -0.0750000 0.2650000
v 0.0887211 -0.0681908 0.2650000
v 0.0859624 -0.0750000 0.2550000
v 0.0891214 -0.0687273 0.2550000
v 0.0857684 -0.0750000 0.2450000
v 0.0890752 -0.0688289 0.2450000
v 0.0995116 -0.0790830 0.2928809
v 0.0981648 -0.0754498 0.2840505
v 0.0999291 -0.0699538 0.2800842
v 0.0930724 -0.0750000 0.2779237
v 0.0959575 -0.0673897 0.2748006
v 0.0956241 -0.0627886 0.2649932
v 0.0945169 -0.0637273 0.2550000
v 0.0959894 -0.0631757 0.2458943
v 0.1088399 -0.0770030 0.3112831
v 0.1064510 -0.0742018 0.3058539
v 0.1084972 -0.0681701 0.3030898
v 0.1019682 -0.0754498 0.2957285
v 0.1073993 -0.0669010 0.2950000
v 0.1013686 -0.0724164 0.2867509
v 0.1048211 -0.0669850 0.2840505
v 0.1050000 -0.0637611 0.2750000
v 0.1050000 -0.0608032 0.2668537
v 0.1050000 -0.0595887 0.2618537
v 0.1050000 -0.0589235 0.2550000
v 0.1008639 -0.0601877 0.2431572
v 0.1045184 -0.0591681 0.2458943
v 0.1150071 -0.0750134 0.3152795
v 0.1175969 -0.0650000 0.3119704
v 0.1199794 -0.0599874 0.3100179
v 0.1101498 -0.0703364 0.3097565
v 0.1137592 -0.0649021 0.3058539
v 0.1195867 -0.0598403 0.3050000
v 0.1137935 -0.0619010 0.2950000
v 0.1131746 -0.0612660 0.2850000
v 0.1151866 -0.0608732 0.2744818
v 0.1186443 -0.0596131 0.2774697
v 0.1147958 -0.0606847 0.2644897
v 0.1113264 -0.0597743 0.2608162
v 0.1180741 -0.0604043 0.2550000
v 0.1130741 -0.0591732 0.2550000
v 0.1184478 -0.0605139 0.2450000
v 0.1134478 -0.0589679 0.2450000
v 0.1227468 -0.0730238 0.3192759
v 0.1256481 -0.0658642 0.3157358
v 0.1250000 -0.0598755 0.3102129
v 0.1250000 -0.0592949 0.3050000
v 0.1250000 -0.0586183 0.2950000
v 0.1250000 -0.0583440 0.2850000
v 0.1250000 -0.0602272 0.2710217
v 0.1250000 -0.0591451 0.2760217
v 0.1250000 -0.0616683 0.2650000
v 0.1250000 -0.0633581 0.2550000
v 0.1250000 -0.0646759 0.2450000
v 0.1345911 -0.0639479 0.3141595
v 0.1309852 -0.0598466 0.3102659
v 0.1376519 -0.0604073 0.3068787
v 0.1345911 -0.0595485 0.3041272
v 0.1392315 -0.0602474 0.2929906
v 0.1355389 -0.0592136 0.2957943
v 0.1380529 -0.0610698 0.2850000
v 0.1330529 -0.0589016 0.2850000
v 0.1349035 -0.0622433 0.2743355
v 0.1315058 -0.0592471 0.2772259
v 0.1392319 -0.0707500 0.2612523
v 0.1355391 -0.0664833 0.2647514
v 0.1381256 -0.0744500 0.2540981
v 0.1327264 -0.0679538 0.2550000
v 0.1347528 -0.0750000 0.2450000
v 0.1308991 -0.0691619 0.2450000
v 0.1476736 -0.0723373 0.3193417
v 0.1446042 -0.0669736 0.3156050
v 0.1440326 -0.0621265 0.3041272
v 0.1440326 -0.0624591 0.2957943
v 0.1493470 -0.0705763 0.2809772
v 0.1456082 -0.0661742 0.2845863
v 0.1478959 -0.0722956 0.2750000
v 0.1428959 -0.0676677 0.2750000
v 0.1448719 -0.0749506 0.2651530
v 0.1411809 -0.0690446 0.2679190
v 0.1551546 -0.0745455 0.3155825
v 0.1532505 -0.0681498 0.3126750
v 0.1599156 -0.0700786 0.3050000
v 0.1549156 -0.0673527 0.3050000
v 0.1588600 -0.0710187 0.2950000
v 0.1538600 -0.0678883 0.2950000
v 0.1555218 -0.0742918 0.2843927
v 0.1518432 -0.0688640 0.2876438
v 0.1523139 -0.0772956 0.2750000
v 0.1505514 -0.0791512 0.2690537
v 0.0993735 -0.0596773 0.2616554
v 0.0997496 -0.0598700 0.2524119
v 0.1184840 -0.0595123 0.2900000
v 0.1400544 -0.0599747 0.3002120
v 0.1400544 -0.0599747 0.2996573
v 0.1418962 -0.0774167 0.2568302
v 0.0891043 -0.1008864 0.2350000
v 0.0858856 -0.0950000 0.2350000
v 0.0831148 -0.0850000 0.2350000
v 0.0895824 -0.1003417 0.2250000
v 0.0858199 -0.0950000 0.2250000
v 0.0819704 -0.0850000 0.2250000
v 0.0898173 -0.1001322 0.2150000
v 0.0841987 -0.0940104 0.2140381
v 0.0806219 -0.0850000 0.2163962
v 0.0893337 -0.1003758 0.2050000
v 0.0843337 -0.0960349 0.2050000
v 0.0875473 -0.1012481 0.1950000
v 0.0845456 -0.1019113 0.1848134
v 0.0950000 -0.1035184 0.2350000
v 0.0950000 -0.1022189 0.2250000
v 0.0950000 -0.1015773 0.2150000
v 0.0950000 -0.1021367 0.2050000
v 0.0950000 -0.1038218 0.1950000
v 0.0950000 -0.1053959 0.1850000
v 0.1050000 -0.1023606 0.2150000
v 0.1050000 -0.1034465 0.2050000
v 0.1050000 -0.1050966 0.1950000
v 0.1050000 -0.1066409 0.1850000
v 0.1050000 -0.1081072 0.1750000
v 0.1083741 -0.1101504 0.1614036
v 0.1050244 -0.1094455 0.1648422
v 0.1131508 -0.1009155 0.2150000
v 0.1137154 -0.1016855 0.2050000
v 0.1155146 -0.1022653 0.1948704
v 0.1150000 -0.1046692 0.1850000
v 0.1150000 -0.1067751 0.1750000
v 0.1106596 -0.1101504 0.1614036
v 0.1143958 -0.1086686 0.1648422
v 0.1244048 -0.1009957 0.2358061
v 0.1273413 -0.0973734 0.2330101
v 0.1206747 -0.1003248 0.2283214
v 0.1250506 -0.0951563 0.2251445
v 0.1294265 -0.0874663 0.2219677
v 0.1237593 -0.0943712 0.2150000
v 0.1288165 -0.0844798 0.2153541
v 0.1233079 -0.0942055 0.2050000
v 0.1277041 -0.0850000 0.2050000
v 0.1233780 -0.0956310 0.1948704
v 0.1288090 -0.0851715 0.1948949
v 0.1269472 -0.0944439 0.1851706
v 0.1296772 -0.0886191 0.1886177
v 0.1277938 -0.0969600 0.1750000
v 0.1289326 -0.0985186 0.1650000
v 0.1301769 -0.1001604 0.2396768
v 0.1314184 -0.0944240 0.2358061
v 0.1337178 -0.0850000 0.2350000
v 0.1303705 -0.0907067 0.2286344
v 0.1308393 -0.0844798 0.2251806
v 0.1301556 -0.0807996 0.2189236
v 0.1304056 -0.0819524 0.1914915
v 0.1304205 -0.0907399 0.1819511
v 0.1312625 -0.0851715 0.1851706
v 0.1310920 -0.0919600 0.1750000
v 0.1333799 -0.0850000 0.1750000
v 0.1319368 -0.0935186 0.1650000
v 0.1349300 -0.0850000 0.1650000
v 0.0817283 -0.0987292 0.1915111
v 0.0900000 -0.1060147 0.1700000
v 0.1100157 -0.1022251 0.2299982
v 0.1184382 -0.0996059 0.2216547
v 0.1184331 -0.0992884 0.2100000
v 0.1191909 -0.0993850 0.1981174
v 0.1209438 -0.1008472 0.1882254
v 0.1233632 -0.1030129 0.1700000
v 0.0850328 -0.0750000 0.2350000
v 0.0886994 -0.0685287 0.2350000
v 0.0839252 -0.0750000 0.2250000
v 0.0881922 -0.0682231 0.2250000
v 0.0822026 -0.0755816 0.2150789
v 0.0875624 -0.0677827 0.2150000
v 0.0817556 -0.0728381 0.2050000
v 0.0867556 -0.0671363 0.2050000
v 0.0808386 -0.0711480 0.1971709
v 0.0845032 -0.0667422 0.1943025
v 0.0854746 -0.0632000 0.1854469
v 0.0880188 -0.0589136 0.1750000
v 0.0867734 -0.0584490 0.1650000
v 0.0950000 -0.0642441 0.2350000
v 0.0950000 -0.0641881 0.2250000
v 0.0950000 -0.0632197 0.2150000
v 0.0951677 -0.0617464 0.2058332
v 0.0917674 -0.0610399 0.1950000
v 0.0904104 -0.0602352 0.1890782
v 0.0950000 -0.0561758 0.1750000
v 0.0950000 -0.0555622 0.1650000
v 0.1031210 -0.0607154 0.2350000
v 0.1081210 -0.0596194 0.2350000
v 0.1042758 -0.0609649 0.2250000
v 0.1092758 -0.0598471 0.2250000
v 0.1021563 -0.0604369 0.2150000
v 0.1071563 -0.0595854 0.2150000
v 0.1004714 -0.0600622 0.2097220
v 0.1042828 -0.0590697 0.2058332
v 0.1050000 -0.0575711 0.1950000
v 0.1050000 -0.0565003 0.1850000
v 0.1050000 -0.0556604 0.1750000
v 0.1050000 -0.0551122 0.1650000
v 0.1163872 -0.0613562 0.2350000
v 0.1113872 -0.0596194 0.2350000
v 0.1153751 -0.0620764 0.2250000
v 0.1103751 -0.0598471 0.2250000
v 0.1159573 -0.0621282 0.2150000
v 0.1109573 -0.0595854 0.2150000
v 0.1163981 -0.0620354 0.2050000
v 0.1113980 -0.0593422 0.2050000
v 0.1119782 -0.0590840 0.1950000
v 0.1126898 -0.0588420 0.1850000
v 0.1137561 -0.0583981 0.1750000
v 0.1157980 -0.0580917 0.1655314
v 0.1290336 -0.0714779 0.2328672
v 0.1254202 -0.0669988 0.2357203
v 0.1283024 -0.0732690 0.2250000
v 0.1233024 -0.0670764 0.2250000
v 0.1281904 -0.0757285 0.2153541
v 0.1229766 -0.0671282 0.2150000
v 0.1273106 -0.0750000 0.2050000
v 0.1229144 -0.0670354 0.2050000
v 0.1283941 -0.0752206 0.1948949
v 0.1233578 -0.0667023 0.1950000
v 0.1289130 -0.0722361 0.1850000
v 0.1239130 -0.0662231 0.1850000
v 0.1292714 -0.0710381 0.1750000
v 0.1242714 -0.0656591 0.1750000
v 0.1296683 -0.0704369 0.1684885
v 0.1251729 -0.0648547 0.1655204
v 0.1317393 -0.0748867 0.2357203
v 0.1301288 -0.0698565 0.2395338
v 0.1307712 -0.0782690 0.2250000
v 0.1301556 -0.0795475 0.2189236
v 0.1304056 -0.0787009 0.1914915
v 0.1312627 -0.0772361 0.1850000
v 0.1322879 -0.0760381 0.1750000
v 0.1326105 -0.0742621 0.1650931
v 0.1303598 -0.0695168 0.1618218
v 0.0986128 -0.0593265 0.2030554
v 0.0933793 -0.0585906 0.1876195
v 0.0823961 -0.0616387 0.1700000
v 0.1173340 -0.0614627 0.1900000
v 0.1192097 -0.0604259 0.1721095
v 0.1206774 -0.0594876 0.1625523
v 0.0850000 -0.1071773 0.1550000
v 0.0850000 -0.1086023 0.1450000
v 0.0850000 -0.1110790 0.1336973
v 0.0850000 -0.1096631 0.1386973
v 0.0850000 -0.1137167 0.1250000
v 0.0992562 -0.1101250 0.1514606
v 0.0955537 -0.1091617 0.1548764
v 0.0971118 -0.1103957 0.1450000
v 0.0921118 -0.1096496 0.1450000
v 0.0941357 -0.1115502 0.1359411
v 0.0902262 -0.1099704 0.1399018
v 0.0950000 -0.1150602 0.1250000
v 0.1050244 -0.1103942 0.1548764
v 0.1017074 -0.1098387 0.1581273
v 0.1050000 -0.1110067 0.1450000
v 0.1050000 -0.1121710 0.1350000
v 0.1050000 -0.1148167 0.1250000
v 0.1013528 -0.1202427 0.1107123
v 0.1048117 -0.1183972 0.1144274
v 0.1048117 -0.1211071 0.1051723
v 0.1080194 -0.1196320 0.1086205
v 0.1116091 -0.1103991 0.1550000
v 0.1166091 -0.1089991 0.1550000
v 0.1124158 -0.1106110 0.1450000
v 0.1174158 -0.1091980 0.1450000
v 0.1134243 -0.1109884 0.1350000
v 0.1184243 -0.1095005 0.1350000
v 0.1156982 -0.1120887 0.1255845
v 0.1194970 -0.1098184 0.1293075
v 0.1150000 -0.1155322 0.1150000
v 0.1118968 -0.1205062 0.1019538
v 0.1151381 -0.1186173 0.1051723
v 0.1295465 -0.0993742 0.1550000
v 0.1297350 -0.0996325 0.1450000
v 0.1259258 -0.1037506 0.1353386
v 0.1298763 -0.0998291 0.1388977
v 0.1209588 -0.1106540 0.1226408
v 0.1245753 -0.1068631 0.1255845
v 0.1227201 -0.1118516 0.1150000
v 0.1277201 -0.1080912 0.1150000
v 0.1256008 -0.1133635 0.1052646
v 0.1293347 -0.1094184 0.1087743
v 0.1247524 -0.1174973 0.0952545
v 0.1279207 -0.1187044 0.0869338
v 0.1323983 -0.0943742 0.1550000
v 0.1357357 -0.0850000 0.1550000
v 0.1325539 -0.0946325 0.1450000
v 0.1359687 -0.0850000 0.1450000
v 0.1302212 -0.1002503 0.1322311
v 0.1323077 -0.0958974 0.1353386
v 0.1362474 -0.0850000 0.1350000
v 0.1310302 -0.1012151 0.1250000
v 0.1341213 -0.0950000 0.1250000
v 0.1366245 -0.0850000 0.1250000
v 0.1325026 -0.1030912 0.1150000
v 0.1364460 -0.0950000 0.1150000
v 0.1379658 -0.0850000 0.1150000
v 0.1309830 -0.1108757 0.1021076
v 0.1338492 -0.1056510 0.1052646
v 0.1390637 -0.0957998 0.1053588
v 0.1395318 -0.0850000 0.1084414
v 0.1326147 -0.1121851 0.0950000
v 0.1380406 -0.1051824 0.0958240
v 0.1346632 -0.1147485 0.0843236
v 0.1391699 -0.1086374 0.0883800
v 0.1406972 -0.0929996 0.1022647
v 0.1411466 -0.0850000 0.1034414
v 0.1408105 -0.1019707 0.0930400
v 0.1418584 -0.0957998 0.0958240
v 0.1446659 -0.0850000 0.0950000
v 0.1406757 -0.1107926 0.0817133
v 0.1420301 -0.1051824 0.0850280
v 0.1452041 -0.0950000 0.0850000
v 0.1484003 -0.0854510 0.0858216
v 0.1550000 -0.0823535 0.0830667
v 0.0925201 -0.1206808 0.1062762
v 0.0889734 -0.1187138 0.1115816
v 0.0900000 -0.1237805 0.0900000
v 0.1100345 -0.1237096 0.0900636
v 0.1185634 -0.1195821 0.0987575
v 0.1246407 -0.1040986 0.1500000
v 0.1399147 -0.0996663 0.0997066
v 0.1253877 -0.1207597 0.0855061
v 0.0858985 -0.0584189 0.1550000
v 0.0842405 -0.0588909 0.1447314
v 0.0850000 -0.0575470 0.1350000
v 0.0850000 -0.0532115 0.1276401
v 0.0850000 -0.0450000 0.1247253
v 0.0950000 -0.0555864 0.1550000
v 0.0950000 -0.0561362 0.1450000
v 0.0950000 -0.0556713 0.1350000
v 0.0950000 -0.0524637 0.1277858
v 0.0950000 -0.0450000 0.1249019
v 0.1050000 -0.0548440 0.1550000
v 0.1050000 -0.0549962 0.1450000
v 0.1050000 -0.0548316 0.1350000
v 0.1050000 -0.0521937 0.1278633
v 0.1050000 -0.0450000 0.1250415
v 0.1150000 -0.0565341 0.1550000
v 0.1150000 -0.0557501 0.1450000
v 0.1150000 -0.0547929 0.1350000
v 0.1150000 -0.0519924 0.1279861
v 0.1150000 -0.0450000 0.1251105
v 0.1265271 -0.0641857 0.1550000
v 0.1277098 -0.0632741 0.1450000
v 0.1288903 -0.0616582 0.1350000
v 0.1238903 -0.0573663 0.1350000
v 0.1295995 -0.0605763 0.1294107
v 0.1257597 -0.0547130 0.1277621
v 0.1250000 -0.0450000 0.1248590
v 0.1338538 -0.0750000 0.1550000
v 0.1305163 -0.0691857 0.1550000
v 0.1342180 -0.0750000 0.1450000
v 0.1308032 -0.0682741 0.1450000
v 0.1350652 -0.0750000 0.1350000
v 0.1315366 -0.0666582 0.1350000
v 0.1354289 -0.0750000 0.1250000
v 0.1328878 -0.0643458 0.1256464
v 0.1353714 -0.0554031 0.1233083
v 0.1350000 -0.0450000 0.1244299
v 0.1371312 -0.0750000 0.1150000
v 0.1378584 -0.0656561 0.1155006
v 0.1394696 -0.0750000 0.1088200
v 0.1395909 -0.0694269 0.1094361
v 0.1450000 -0.0521245 0.1212612
v 0.1450000 -0.0450000 0.1236807
v 0.1450000 -0.0625555 0.1124154
v 0.1450000 -0.0571245 0.1174154
v 0.1444990 -0.0740612 0.1031181
v 0.1450000 -0.0675555 0.1071548
v 0.1479508 -0.0774057 0.0950000
v 0.1497695 -0.0797723 0.0897027
v 0.1524233 -0.0504940 0.1203516
v 0.1554540 -0.0458715 0.1222246
v 0.1550000 -0.0605211 0.1105809
v 0.1554540 -0.0542964 0.1163772
v 0.1590900 -0.0497859 0.1198541
v 0.1502450 -0.0701020 0.1001035
v 0.1541470 -0.0657985 0.1040621
v 0.1541470 -0.0729247 0.0952270
v 0.1569116 -0.0689694 0.0987116
v 0.1550000 -0.0785793 0.0880667
v 0.0806497 -0.0602926 0.1514429
v 0.1221184 -0.0585373 0.1500000
v 0.1300000 -0.0300000 0.1245665
v 0.1300000 -0.0100000 0.1246781
v 0.1389523 -0.0590052 0.1191676
v 0.1500000 -0.0300000 0.1256812
v 0.1500000 -0.0100000 0.1268634
v 0.1000000 -0.0200000 0.1233521
v 0.0850000 -0.1315965 0.0350000
v 0.0850000 -0.1332351 0.0250000
v 0.0850000 -0.1346249 0.0150000
v 0.0850000 -0.1366888 0.0050000
v 0.0953938 -0.1311305 0.0355558
v 0.0989896 -0.1298570 0.0392597
v 0.0950000 -0.1333159 0.0250000
v 0.0950000 -0.1352627 0.0150000
v 0.0950000 -0.1372095 0.0050000
v 0.1050000 -0.1304013 0.0327046
v 0.1050000 -0.1298615 0.0377046
v 0.1050000 -0.1317963 0.0250000
v 0.1104145 -0.1300186 0.0310131
v 0.1142487 -0.1297037 0.0346078
v 0.1142487 -0.1305143 0.0251110
v 0.1170811 -0.1298700 0.0285183
v 0.1250000 -0.1240646 0.0750000
v 0.1250000 -0.1261412 0.0650000
v 0.1250000 -0.1280267 0.0350000
v 0.1209315 -0.1301652 0.0218516
v 0.1245589 -0.1290320 0.0251110
v 0.1314743 -0.1209751 0.0750000
v 0.1350855 -0.1218639 0.0640117
v 0.1350000 -0.1238241 0.0350000
v 0.1350000 -0.1252009 0.0250000
v 0.1419360 -0.1121902 0.0750000
v 0.1457953 -0.1050000 0.0750000
v 0.1486723 -0.0958049 0.0750752
v 0.1493081 -0.0890851 0.0784587
v 0.1429329 -0.1152766 0.0640117
v 0.1488772 -0.1055130 0.0658431
v 0.1499150 -0.0996748 0.0697385
v 0.1462136 -0.1141663 0.0547061
v 0.1496414 -0.1091884 0.0578435
v 0.1457978 -0.1157212 0.0450000
v 0.1457733 -0.1170709 0.0350000
v 0.1479252 -0.1190217 0.0250000
v 0.1514823 -0.0930081 0.0717920
v 0.1548894 -0.0872647 0.0750752
v 0.1510414 -0.1025217 0.0630718
v 0.1545952 -0.0949979 0.0651902
v 0.1581489 -0.0889698 0.0673086
v 0.1501997 -0.1102772 0.0511768
v 0.1520909 -0.1055130 0.0547061
v 0.1509490 -0.1107212 0.0450000
v 0.1561055 -0.1048662 0.0449838
v 0.1546394 -0.1119085 0.0344892
v 0.1577323 -0.1081103 0.0374819
v 0.1550000 -0.1155322 0.0250000
v 0.0900000 -0.1269840 0.0700000
v 0.0896194 -0.1295743 0.0475592
v 0.1100000 -0.1280659 0.0700000
v 0.1092172 -0.1298845 0.0499844
v 0.1100000 -0.1342604 0.0100000
v 0.1374750 -0.1179923 0.0708431
v 0.1300000 -0.1254475 0.0500000
v 0.1310253 -0.1305856 0.0112659
v 0.1400077 -0.1200062 0.0600196
v 0.1406669 -0.1205135 0.0500000
v 0.1581872 -0.0977159 0.0516532
v 0.1418492 -0.1208858 0.0300000
v 0.1478385 -0.1249396 0.0081483
v 0.1547624 -0.1193751 0.0149264
v 0.1623132 -0.1226260 0.3120800
v 0.1653879 -0.1149340 0.3134742
v 0.1650000 -0.1050000 0.3164002
v 0.1650000 -0.0950000 0.3159235
v 0.1654815 -0.0851275 0.3129388
v 0.1633791 -0.1233190 0.3050000
v 0.1683791 -0.1173024 0.3050000
v 0.1691057 -0.0825115 0.3050000
v 0.1650360 -0.1149486 0.2951624
v 0.1673817 -0.1050000 0.2931113
v 0.1678087 -0.0950000 0.2932848
v 0.1676815 -0.0848817 0.2955815
v 0.1612131 -0.1117174 0.2887746
v 0.1623817 -0.1050000 0.2873744
v 0.1628087 -0.0950000 0.2861811
v 0.1623481 -0.0850000 0.2862439
v 0.1707382 -0.1115567 0.3108388
v 0.1717198 -0.1050000 0.3118722
v 0.1715381 -0.0950000 0.3116487
v 0.1704959 -0.0885458 0.3105409
v 0.1710353 -0.1123024 0.3050000
v 0.1730055 -0.1050000 0.3050000
v 0.1726308 -0.0950000 0.3050000
v 0.1706605 -0.0875115 0.3050000
v 0.1706421 -0.1115132 0.2990711
v 0.1712857 -0.1050000 0.2981113
v 0.1710927 -0.0950000 0.2982848
v 0.1703848 -0.0881362 0.2993025
v 0.1621923 -0.1217994 0.2979204
v 0.1624692 -0.0767537 0.3118233
v 0.1641057 -0.0750786 0.3050000
v 0.1632651 -0.0760187 0.2950000
v 0.1613485 -0.0780072 0.2878082
v 0.1615918 -0.0807196 0.0810530
v 0.1641506 -0.0556562 0.1137994
v 0.1650000 -0.0495971 0.1197081
v 0.1669177 -0.0594270 0.1089585
v 0.1750000 -0.0534951 0.1140893
v 0.1750000 -0.0489325 0.1190893
v 0.1750000 -0.0584951 0.1070509
v 0.1850000 -0.0350000 0.1225674
v 0.1850000 -0.0250000 0.1231196
v 0.1850000 -0.0518900 0.1122768
v 0.1850000 -0.0467091 0.1172768
v 0.1844377 -0.0570692 0.1042656
v 0.1827756 -0.0615662 0.0950000
v 0.1877756 -0.0593057 0.0950000
v 0.1804372 -0.0704098 0.0807201
v 0.1850375 -0.0645598 0.0848733
v 0.1896379 -0.0598123 0.0890266
v 0.1905797 -0.0350000 0.1202592
v 0.1910812 -0.0250000 0.1204885
v 0.1909927 -0.0506202 0.1106733
v 0.1938581 -0.0441414 0.1143348
v 0.1955797 -0.0350000 0.1174776
v 0.1960812 -0.0250000 0.1179687
v 0.1945956 -0.0523561 0.1046719
v 0.1976594 -0.0482372 0.1077865
v 0.1950000 -0.0562048 0.0950000
v 0.1908498 -0.0605755 0.0823599
v 0.1945099 -0.0581667 0.0854160
v 0.2014017 -0.0415705 0.1113295
v 0.2026928 -0.0350000 0.1124776
v 0.2033997 -0.0250000 0.1129687
v 0.2036089 -0.0150000 0.1129792
v 0.2036901 -0.0050000 0.1129803
v 0.2008832 -0.0507113 0.1011198
v 0.2044758 -0.0446029 0.1044248
v 0.2076928 -0.0350000 0.1073453
v 0.2083997 -0.0250000 0.1082551
v 0.2086089 -0.0150000 0.1085418
v 0.2086901 -0.0050000 0.1086926
v 0.2025667 -0.0518990 0.0950000
v 0.2075666 -0.0476775 0.0950000
v 0.2055234 -0.0523660 0.0843925
v 0.2092057 -0.0492681 0.0873208
v 0.2107931 -0.0409687 0.1010631
v 0.2118294 -0.0350000 0.1023453
v 0.2125710 -0.0250000 0.1032551
v 0.2127603 -0.0150000 0.1035418
v 0.2129429 -0.0050000 0.1036926
v 0.2123565 -0.0426775 0.0950000
v 0.2168729 -0.0345095 0.0943124
v 0.2175710 -0.0250000 0.0959226
v 0.2101675 -0.0501445 0.0806542
v 0.2133786 -0.0455608 0.0843925
v 0.2190977 -0.0377664 0.0850000
v 0.2202683 -0.0308492 0.0905206
v 0.2204739 -0.0250000 0.0909225
v 0.2209729 -0.0327664 0.0850000
v 0.2220719 -0.0250000 0.0850000
v 0.1700000 -0.0442648 0.1224407
v 0.1700000 -0.0300000 0.1257417
v 0.1700000 -0.0100000 0.1271109
v 0.1664672 -0.0611227 0.1058270
v 0.1703111 -0.0704461 0.0900487
v 0.1875284 -0.0408774 0.1205485
v 0.1881827 -0.0100000 0.1221759
v 0.1807295 -0.0602110 0.1004427
v 0.1963654 -0.0100000 0.1179798
v 0.2178516 -0.0100000 0.0963476
v 0.2215612 -0.0100000 0.0881738
v 0.1649551 -0.0822889 0.0750269
v 0.1605424 -0.0903210 0.0606419
v 0.1643254 -0.0870881 0.0643851
v 0.1623424 -0.0917512 0.0550000
v 0.1673424 -0.0887045 0.0550000
v 0.1651890 -0.0946452 0.0449648
v 0.1692475 -0.0895543 0.0482899
v 0.1605217 -0.1104196 0.0308153
v 0.1629719 -0.1048662 0.0344892
v 0.1683236 -0.0979230 0.0350000
v 0.1621960 -0.1115105 0.0250000
v 0.1677373 -0.1055276 0.0259704
v 0.1699675 -0.0999542 0.0299506
v 0.1654438 -0.1135245 0.0153490
v 0.1690730 -0.1092127 0.0189149
v 0.1650000 -0.1182098 0.0069803
v 0.1713886 -0.0807920 0.0717115
v 0.1733986 -0.0821327 0.0650000
v 0.1758857 -0.0833904 0.0556802
v 0.1706281 -0.0906098 0.0416232
v 0.1743768 -0.0869126 0.0449739
v 0.1726251 -0.0929230 0.0350000
v 0.1776251 -0.0880565 0.0350000
v 0.1728846 -0.1025460 0.0232839
v 0.1762116 -0.0964081 0.0263832
v 0.1795387 -0.0894869 0.0294824
v 0.1719031 -0.1114180 0.0122483
v 0.1757272 -0.1056722 0.0158674
v 0.1744141 -0.1145317 0.0042628
v 0.1785697 -0.1087983 0.0082258
v 0.1825674 -0.0830565 0.0350000
v 0.1820909 -0.0928620 0.0228157
v 0.1854385 -0.0853004 0.0253081
v 0.1854213 -0.0954666 0.0154081
v 0.1887575 -0.0877807 0.0179964
v 0.1887517 -0.0980713 0.0078569
v 0.1905909 -0.0811140 0.0211338
v 0.1907352 -0.0914046 0.0113297
v 0.1921291 -0.0846684 0.0147978
v 0.1920582 -0.0948428 0.0047141
v 0.1970638 -0.0843121 0.0043411
v 0.1611305 -0.1014436 0.0416397
v 0.1795513 -0.0995286 0.0194865
v 0.1811510 -0.0810932 0.0489002
v 0.1846494 -0.1046755 0.0050693
v 0.1676292 -0.1205370 0.0011401
v 0.2002175 -0.0805202 0.0005685
v 0.1820158 -0.0718508 0.0750000
v 0.1870158 -0.0671460 0.0750000
v 0.1838889 -0.0739252 0.0650000
v 0.1888890 -0.0689008 0.0650000
v 0.1875674 -0.0772743 0.0350000
v 0.1887861 -0.0786194 0.0278005
v 0.1925054 -0.0621460 0.0750000
v 0.1940839 -0.0639008 0.0650000
v 0.1921777 -0.0722743 0.0350000
v 0.1971777 -0.0670044 0.0350000
v 0.1934479 -0.0751717 0.0246803
v 0.1988667 -0.0689353 0.0250000
v 0.1976095 -0.0749263 0.0157977
v 0.1998693 -0.0698821 0.0196628
v 0.1988889 -0.0782105 0.0072352
v 0.2050000 -0.0536539 0.0750000
v 0.2050000 -0.0544400 0.0650000
v 0.2012256 -0.0715438 0.0129961
v 0.2047354 -0.0671379 0.0157977
v 0.2021157 -0.0749263 0.0043411
v 0.2074815 -0.0677358 0.0050000
v 0.2102261 -0.0501923 0.0750000
v 0.2160497 -0.0440870 0.0747161
v 0.2102580 -0.0502197 0.0650000
v 0.2152580 -0.0453714 0.0650000
v 0.2116979 -0.0615109 0.0150000
v 0.2130762 -0.0627358 0.0050000
v 0.2216475 -0.0357036 0.0747161
v 0.2240835 -0.0250000 0.0750000
v 0.2231684 -0.0350000 0.0650000
v 0.2259637 -0.0250000 0.0650000
v 0.2245777 -0.0350000 0.0550000
v 0.2286199 -0.0245509 0.0541782
v 0.2272347 -0.0349555 0.0456227
v 0.2297289 -0.0275849 0.0493711
v 0.2287202 -0.0385809 0.0350000
v 0.2298319 -0.0398487 0.0296024
v 0.2300944 -0.0209182 0.0502970
v 0.2312073 -0.0315925 0.0427045
v 0.2318968 -0.0245509 0.0456227
v 0.2347244 -0.0328876 0.0340290
v 0.2373002 -0.0250000 0.0359095
v 0.2348613 -0.0371098 0.0257614
v 0.1738301 -0.0783768 0.0728017
v 0.1798096 -0.0798422 0.0594671
v 0.1982946 -0.0588410 0.0700000
v 0.1904327 -0.0703102 0.0507518
v 0.1997873 -0.0598021 0.0522966
v 0.2197814 -0.0395060 0.0778601
v 0.2006490 -0.0606408 0.0429265
v 0.2104501 -0.0509178 0.0501260
v 0.2059731 -0.0619696 0.0268906
v 0.2134731 -0.0535365 0.0308677
v 0.2173870 -0.0573820 0.0100000
v 0.2202135 -0.0402582 0.0680967
v 0.2254864 -0.0100000 0.0700000
v 0.2211858 -0.0411789 0.0500000
v 0.2311063 -0.0100000 0.0509940
v 0.2252074 -0.0449816 0.0261773
v 0.2383384 -0.0100000 0.0374390
v 0.2282409 -0.0477476 0.0101049
v 0.2390317 -0.0393202 0.0121912
v 0.2400331 -0.0300382 0.0300483
v 0.2406335 -0.0250000 0.0309095
v 0.2416168 -0.0315008 0.0250000
v 0.2445951 -0.0250000 0.0250000
v 0.2452736 -0.0334479 0.0147231
v 0.2489616 -0.0250000 0.0182314
v 0.2447786 -0.0374599 0.0056294
v 0.2507087 -0.0306398 0.0112052
v 0.2523496 -0.0250000 0.0132314
v 0.2524764 -0.0319671 0.0050000
v 0.2574355 -0.0254910 0.0052918
v 0.2453921 -0.0085617 0.0268593
v 0.2538488 -0.0107459 0.0143632
v 0.2616098 -0.0224850 0.0021530
v 0.2621103 -0.0100000 0.0029217
v 0.2412977 -0.0408173 0.0027157
v 0.0692270 0.0783742 0.1725201
v 0.0681814 0.0765017 0.1650000
v 0.0797038 0.0696626 0.1910985
v 0.0777991 0.0745678 0.1946591
v 0.0788409 0.0687135 0.1850000
v 0.0749551 0.0750000 0.1850000
v 0.0773453 0.0672439 0.1750000
v 0.0720325 0.0750245 0.1755120
v 0.0759405 0.0660920 0.1650000
v 0.0709405 0.0715017 0.1650000
v 0.0792088 0.0784667 0.2086830
v 0.0699333 0.0892995 0.1802003
v 0.0699333 0.0901072 0.1802003
v 0.0688324 0.0855797 0.1755120
v 0.0691203 0.0913585 0.1750000
v 0.0660683 0.0850000 0.1650000
v 0.0678868 0.0933338 0.1650000
v 0.0796956 0.0850000 0.2120307
v 0.0799567 0.0900647 0.2103416
v 0.0779533 0.0850000 0.2050000
v 0.0791732 0.0911021 0.2050000
v 0.0750237 0.0850000 0.1950000
v 0.0775527 0.0931290 0.1950000
v 0.0715690 0.0855797 0.1841202
v 0.0753169 0.0947706 0.1841954
v 0.0702605 0.0826329 0.1791867
v 0.0733817 0.0963585 0.1750000
v 0.0717013 0.0983338 0.1650000
v 0.0795043 0.1003823 0.1815238
v 0.0775415 0.1016313 0.1700000
v 0.0050000 0.0630626 0.1117568
v 0.0050000 0.0680626 0.1085023
v 0.0050000 0.0736572 0.1035023
v 0.0150000 0.0613843 0.1108586
v 0.0150000 0.0663843 0.1069831
v 0.0150000 0.0720341 0.1019831
v 0.0250000 0.0609425 0.1106517
v 0.0250000 0.0659425 0.1062755
v 0.0250000 0.0712384 0.1012755
v 0.0350000 0.0613209 0.1109567
v 0.0350000 0.0663209 0.1064152
v 0.0350000 0.0712466 0.1014153
v 0.0450965 0.0256174 0.1201275
v 0.0458990 0.0349901 0.1200099
v 0.0496384 0.0450000 0.1201193
v 0.0495475 0.0509897 0.1201574
v 0.0484942 0.0293623 0.1199851
v 0.0484942 0.0330087 0.1199851
v 0.0433038 0.0369715 0.1198160
v 0.0446384 0.0450000 0.1190520
v 0.0457285 0.0545938 0.1175472
v 0.0453582 0.0646489 0.1127179
v 0.0489304 0.0712796 0.1108712
v 0.0422637 0.0677482 0.1077748
v 0.0457181 0.0744376 0.1044866
v 0.0598777 0.0794818 0.1329074
v 0.0541181 0.0256174 0.1202817
v 0.0541181 0.0358052 0.1204011
v 0.0550000 0.0450000 0.1209375
v 0.0546329 0.0545938 0.1210249
v 0.0577278 0.0650000 0.1217308
v 0.0592731 0.0756891 0.1248527
v 0.0501968 0.0293623 0.1199851
v 0.0501968 0.0330087 0.1199851
v 0.0510548 0.0576564 0.1195324
v 0.0527278 0.0650000 0.1178027
v 0.0540380 0.0747677 0.1145227
v 0.0511525 0.0779462 0.1078651
v 0.0696244 0.0696253 0.1521738
v 0.0673025 0.0741768 0.1553043
v 0.0688542 0.0689787 0.1450000
v 0.0645178 0.0750000 0.1450000
v 0.0673616 0.0676832 0.1350000
v 0.0619013 0.0756891 0.1357445
v 0.0650000 0.0450000 0.1223500
v 0.0650000 0.0550000 0.1236088
v 0.0645806 0.0647388 0.1266599
v 0.0609677 0.0728151 0.1280879
v 0.0741266 0.0660449 0.1553043
v 0.0702110 0.0702947 0.1588405
v 0.0758321 0.0632009 0.1457529
v 0.0788234 0.0591626 0.1350000
v 0.0738234 0.0626832 0.1350000
v 0.0750000 0.0450000 0.1238052
v 0.0752266 0.0554409 0.1269679
v 0.0720444 0.0612314 0.1287921
v 0.0102234 0.0102276 0.1226676
v 0.0072917 0.0276290 0.1209189
v 0.0198229 0.0198505 0.1199808
v 0.0121075 0.0311384 0.1193218
v 0.0099171 0.0499201 0.1157387
v 0.0100000 0.0778457 0.0980216
v 0.0297849 0.0102276 0.1209904
v 0.0340197 0.0260555 0.1201717
v 0.0202330 0.0198505 0.1199808
v 0.0294082 0.0309278 0.1193779
v 0.0300000 0.0500000 0.1152243
v 0.0300000 0.0762425 0.0964208
v 0.0500000 0.0100000 0.1206462
v 0.0425058 0.0775955 0.0976227
v 0.0797202 0.0598153 0.1429215
v 0.0700000 0.0100000 0.1214060
v 0.0700000 0.0300000 0.1220974
v 0.0011141 0.0411337 0.1203278
v 0.0491725 0.0813546 0.1011984
v 0.0460398 0.0844918 0.0941970
v 0.0495739 0.0905418 0.0907713
v 0.0429072 0.0876291 0.0876558
v 0.0457443 0.0924695 0.0845935
v 0.0566709 0.0850000 0.1150000
v 0.0587691 0.0945897 0.1143567
v 0.0522191 0.0848128 0.1047191
v 0.0562253 0.0950000 0.1050000
v 0.0508940 0.0880213 0.0974379
v 0.0529113 0.0943251 0.0944628
v 0.0514264 0.0974531 0.0850000
v 0.0640042 0.0850000 0.1550000
v 0.0675271 0.0956446 0.1547051
v 0.0697527 0.1002396 0.1511752
v 0.0621158 0.0850000 0.1450000
v 0.0655584 0.0950000 0.1450000
v 0.0691061 0.1009216 0.1450000
v 0.0607738 0.0844030 0.1357445
v 0.0639960 0.0950000 0.1350000
v 0.0680438 0.1020933 0.1350000
v 0.0605038 0.0873384 0.1277082
v 0.0616875 0.0945897 0.1246249
v 0.0667315 0.1037071 0.1250000
v 0.0648219 0.1050063 0.1150396
v 0.0690047 0.1109296 0.1128180
v 0.0627296 0.1061662 0.1050000
v 0.0677296 0.1121518 0.1050000
v 0.0609847 0.1085010 0.0950000
v 0.0659847 0.1134727 0.0950000
v 0.0600116 0.1099845 0.0899693
v 0.0652980 0.1149773 0.0860527
v 0.0705972 0.0994076 0.1578419
v 0.0743583 0.1026228 0.1547051
v 0.0750000 0.1048289 0.1450000
v 0.0757603 0.1073833 0.1345088
v 0.0796006 0.1101691 0.1308480
v 0.0724553 0.1087071 0.1250000
v 0.0774553 0.1111336 0.1250000
v 0.0703398 0.1098077 0.1194847
v 0.0742039 0.1128927 0.1156908
v 0.0758109 0.1172510 0.1042825
v 0.0733161 0.1184727 0.0950000
v 0.0708069 0.1180109 0.0896327
v 0.0094289 0.0891911 0.0888832
v 0.0019008 0.1009732 0.0810883
v 0.0300000 0.0865562 0.0866447
v 0.0597400 0.0853525 0.1261913
v 0.0595922 0.1006855 0.1077973
v 0.0578105 0.1068927 0.0880948
v 0.0606390 0.0976495 0.1172612
v 0.0766657 0.1202098 0.0891811
v 0.0250000 0.1077814 0.0557696
v 0.0250000 0.1103810 0.0507696
v 0.0250000 0.1124944 0.0450000
v 0.0250000 0.1204242 0.0212476
v 0.0250000 0.1231565 0.0150000
v 0.0248840 0.1280682 0.0043091
v 0.0281400 0.1302460 0.0005152
v 0.0350000 0.1075870 0.0555097
v 0.0350000 0.1102462 0.0505097
v 0.0350000 0.1120178 0.0450000
v 0.0350000 0.1201749 0.0204549
v 0.0350000 0.1233135 0.0150000
v 0.0350000 0.1281386 0.0064004
v 0.0350000 0.1306908 0.0014004
v 0.0446299 0.0978382 0.0754027
v 0.0477164 0.1015985 0.0723378
v 0.0410498 0.0994898 0.0692161
v 0.0446299 0.1037623 0.0655296
v 0.0450000 0.1085039 0.0569744
v 0.0450000 0.1106875 0.0519744
v 0.0450000 0.1127041 0.0450000
v 0.0450000 0.1153411 0.0350000
v 0.0446794 0.1186072 0.0240714
v 0.0411323 0.1200478 0.0201191
v 0.0477989 0.1199126 0.0198697
v 0.0446794 0.1229324 0.0159218
v 0.0450000 0.1286296 0.0076376
v 0.0450000 0.1313398 0.0026376
v 0.0504963 0.0993957 0.0790044
v 0.0524175 0.1049591 0.0754027
v 0.0576496 0.1127542 0.0750000
v 0.0511697 0.1084611 0.0650000
v 0.0568699 0.1154916 0.0642566
v 0.0503113 0.1096830 0.0590228
v 0.0537294 0.1144689 0.0554137
v 0.0538204 0.1167664 0.0450000
v 0.0533603 0.1178830 0.0350000
v 0.0583603 0.1209795 0.0350000
v 0.0518151 0.1191371 0.0250000
v 0.0568151 0.1210992 0.0250000
v 0.0503527 0.1199126 0.0198697
v 0.0542116 0.1238055 0.0159218
v 0.0550000 0.1291599 0.0086835
v 0.0550000 0.1319984 0.0036835
v 0.0684142 0.1207458 0.0750000
v 0.0648076 0.1217122 0.0642566
v 0.0650000 0.1235685 0.0550000
v 0.0650000 0.1244102 0.0450000
v 0.0650000 0.1270595 0.0150000
v 0.0650000 0.1296349 0.0094479
v 0.0650000 0.1326509 0.0044479
v 0.0750000 0.1230531 0.0750000
v 0.0750000 0.1253870 0.0650000
v 0.0750000 0.1274763 0.0550000
v 0.0752872 0.1287385 0.0455552
v 0.0788120 0.1304729 0.0425920
v 0.0714028 0.1292560 0.0150000
v 0.0764028 0.1316150 0.0150000
v 0.0702326 0.1299045 0.0098506
v 0.0741396 0.1334181 0.0059104
v 0.0148066 0.0991473 0.0747759
v 0.0076530 0.1072637 0.0676033
v 0.0116055 0.1140251 0.0511904
v 0.0144913 0.1192118 0.0343811
v 0.0077122 0.1249022 0.0280785
v 0.0095804 0.1294021 0.0092798
v 0.0300000 0.0977731 0.0721465
v 0.0300000 0.1026842 0.0642929
v 0.0300000 0.1170179 0.0304256
v 0.0598902 0.1201033 0.0604276
v 0.0591244 0.1206861 0.0500000
v 0.0623801 0.1184535 0.0710471
v 0.0718475 0.1281247 0.0300000
v 0.0015511 0.1208386 0.0477404
v 0.1292970 0.0697143 0.3201597
v 0.1255782 0.0756668 0.3206730
v 0.1350000 0.0695811 0.3202597
v 0.1350000 0.0750000 0.3215324
v 0.1409828 0.0697271 0.3201866
v 0.1445897 0.0751934 0.3208025
v 0.1507231 0.0786556 0.3202958
v 0.1197551 0.0794446 0.3201202
v 0.1250000 0.1050000 0.3224638
v 0.1250000 0.1150000 0.3214618
v 0.1250000 0.1208067 0.3204285
v 0.1350000 0.1050000 0.3233294
v 0.1350000 0.1150000 0.3222423
v 0.1350000 0.1217484 0.3208409
v 0.1450000 0.0850000 0.3223923
v 0.1450000 0.0950000 0.3228567
v 0.1519698 0.0850000 0.3207147
v 0.1531834 0.0950000 0.3208597
v 0.1181238 0.0900000 0.3208007
v 0.1188916 0.1100000 0.3205557
v 0.1300000 0.0900000 0.3232260
v 0.1484036 0.1100000 0.3213029
v 0.1478617 0.1213037 0.3204981
v 0.1199762 0.1200272 0.3200172
v 0.0889676 0.0686307 0.2713072
v 0.0877381 0.0750000 0.2728789
v 0.0885517 0.0680258 0.2650000
v 0.0854536 0.0750000 0.2650000
v 0.0890220 0.0686439 0.2550000
v 0.0858439 0.0750000 0.2550000
v 0.0892173 0.0690114 0.2450000
v 0.0859589 0.0750000 0.2450000
v 0.0995099 0.0790802 0.2929177
v 0.0978016 0.0769045 0.2850000
v 0.0950000 0.0667688 0.2734181
v 0.0945353 0.0740755 0.2782532
v 0.0955960 0.0626572 0.2650062
v 0.0955960 0.0629680 0.2543775
v 0.0950000 0.0644876 0.2450000
v 0.1089550 0.0773401 0.3111813
v 0.1084902 0.0681585 0.3028758
v 0.1065127 0.0744041 0.3057255
v 0.1073839 0.0668364 0.2950000
v 0.1019528 0.0754481 0.2957506
v 0.1060872 0.0662915 0.2850000
v 0.1010872 0.0719045 0.2850000
v 0.1040568 0.0651058 0.2759501
v 0.1000946 0.0701258 0.2799169
v 0.1050000 0.0595683 0.2618959
v 0.1050000 0.0608082 0.2668959
v 0.1041652 0.0591383 0.2543775
v 0.1002754 0.0600882 0.2506291
v 0.1064969 0.0589904 0.2450000
v 0.1014969 0.0604762 0.2450000
v 0.1199841 0.0599901 0.3100147
v 0.1177074 0.0650000 0.3119728
v 0.1150237 0.0750590 0.3152318
v 0.1195828 0.0598413 0.3050000
v 0.1138417 0.0648951 0.3057255
v 0.1102924 0.0706734 0.3095425
v 0.1136407 0.0618364 0.2950000
v 0.1131302 0.0612915 0.2850000
v 0.1187789 0.0596264 0.2777003
v 0.1152673 0.0609687 0.2746202
v 0.1109954 0.0597603 0.2608510
v 0.1145972 0.0608451 0.2645106
v 0.1126689 0.0591748 0.2550000
v 0.1176689 0.0606329 0.2550000
v 0.1132649 0.0589904 0.2450000
v 0.1182649 0.0605853 0.2450000
v 0.1250000 0.0598768 0.3102216
v 0.1255782 0.0658286 0.3157467
v 0.1226304 0.0727779 0.3192823
v 0.1250000 0.0592951 0.3050000
v 0.1250000 0.0585564 0.2950000
v 0.1250000 0.0583054 0.2850000
v 0.1250000 0.0591674 0.2762169
v 0.1250000 0.0602659 0.2712169
v 0.1250000 0.0619299 0.2650000
v 0.1250000 0.0637086 0.2550000
v 0.1250000 0.0648199 0.2450000
v 0.1309959 0.0598456 0.3102808
v 0.1345975 0.0639071 0.3141685
v 0.1345975 0.0595501 0.3041112
v 0.1376626 0.0604037 0.3068520
v 0.1355429 0.0592062 0.2958227
v 0.1329941 0.0589020 0.2850000
v 0.1314207 0.0592634 0.2772556
v 0.1348524 0.0623081 0.2743534
v 0.1354532 0.0665473 0.2648515
v 0.1390886 0.0709624 0.2614192
v 0.1325621 0.0680757 0.2550000
v 0.1380128 0.0745775 0.2540763
v 0.1308339 0.0692347 0.2450000
v 0.1347220 0.0750000 0.2450000
v 0.1445897 0.0669589 0.3155966
v 0.1476495 0.0719889 0.3193276
v 0.1440320 0.0619764 0.3041112
v 0.1440320 0.0622925 0.2958227
v 0.1456213 0.0661952 0.2845432
v 0.1493688 0.0705369 0.2809053
v 0.1429069 0.0677437 0.2750000
v 0.1479069 0.0722321 0.2750000
v 0.1411737 0.0690643 0.2680859
v 0.1447346 0.0750341 0.2652749
v 0.1550000 0.0685769 0.3120259
v 0.1544339 0.0751934 0.3168689
v 0.1550000 0.0670009 0.3050000
v 0.1551491 0.0680280 0.2956320
v 0.1585818 0.0712828 0.2927200
v 0.1519151 0.0688146 0.2875719
v 0.1555837 0.0742432 0.2843222
v 0.1523832 0.0772321 0.2750000
v 0.1505920 0.0791059 0.2691306
v 0.0993266 0.0596641 0.2616769
v 0.0993266 0.0596641 0.2572958
v 0.1183855 0.0594679 0.2900000
v 0.1386162 0.0606915 0.2890189
v 0.1400533 0.0599783 0.3001853
v 0.1400533 0.0599783 0.2997045
v 0.1416288 0.0776291 0.2567939
v 0.0872030 0.0850000 0.2736086
v 0.0878843 0.0950000 0.2727281
v 0.0889250 0.1012193 0.2713572
v 0.0840350 0.0850000 0.2650000
v 0.0854829 0.0950000 0.2650000
v 0.0883498 0.1018375 0.2650000
v 0.0837639 0.0850000 0.2550000
v 0.0851794 0.0950000 0.2550000
v 0.0882374 0.1020181 0.2550000
v 0.0837048 0.0850000 0.2450000
v 0.0854121 0.0950000 0.2450000
v 0.0884489 0.1017475 0.2450000
v 0.0991783 0.0869122 0.3015371
v 0.0992829 0.0950000 0.3013823
v 0.0984403 0.0841473 0.2957506
v 0.0977681 0.0950000 0.2950000
v 0.0949708 0.0850000 0.2850000
v 0.0952831 0.0950000 0.2850000
v 0.0913040 0.0850000 0.2786086
v 0.0917979 0.0950000 0.2777281
v 0.0949304 0.1038790 0.2748143
v 0.0950000 0.1056315 0.2650000
v 0.0950000 0.1060219 0.2550000
v 0.0950000 0.1053583 0.2450000
v 0.1075726 0.0850000 0.3127103
v 0.1069982 0.0950000 0.3134171
v 0.1076671 0.1050000 0.3127128
v 0.1087004 0.1128734 0.3114934
v 0.1021037 0.0841473 0.3049223
v 0.1019982 0.0950000 0.3063823
v 0.1025225 0.1043733 0.3041836
v 0.1074718 0.1157240 0.3050163
v 0.1097714 0.1202388 0.3016938
v 0.1006959 0.1073873 0.2950000
v 0.1064195 0.1158704 0.2949589
v 0.1097714 0.1202388 0.2982649
v 0.1005384 0.1090115 0.2850000
v 0.1055384 0.1139935 0.2850000
v 0.1013609 0.1089343 0.2750000
v 0.1063609 0.1125764 0.2750000
v 0.1048259 0.1089328 0.2642679
v 0.1080432 0.1112279 0.2671132
v 0.1050000 0.1081368 0.2550000
v 0.1050000 0.1064069 0.2450000
v 0.1135448 0.0850000 0.3177103
v 0.1127027 0.0950000 0.3184171
v 0.1133876 0.1050000 0.3177128
v 0.1136677 0.1157240 0.3148960
v 0.1176712 0.1220158 0.3150000
v 0.1102520 0.1195401 0.3083605
v 0.1141512 0.1233700 0.3050163
v 0.1103547 0.1197840 0.2915982
v 0.1142128 0.1227300 0.2949589
v 0.1127551 0.1189935 0.2850000
v 0.1177551 0.1211989 0.2850000
v 0.1159913 0.1174286 0.2759909
v 0.1123598 0.1098294 0.2604465
v 0.1154159 0.1121548 0.2642679
v 0.1154159 0.1084124 0.2559095
v 0.1190265 0.1100844 0.2598492
v 0.1150000 0.1051095 0.2450000
v 0.1252860 0.1262417 0.3144042
v 0.1288100 0.1303050 0.3106736
v 0.1237630 0.1290334 0.3050000
v 0.1287630 0.1302947 0.3050000
v 0.1257244 0.1281626 0.2957584
v 0.1295406 0.1300879 0.2995973
v 0.1250000 0.1236424 0.2850000
v 0.1250000 0.1184728 0.2739993
v 0.1250000 0.1204772 0.2789993
v 0.1282798 0.1099079 0.2601150
v 0.1249679 0.1128289 0.2640690
v 0.1249679 0.1078469 0.2559095
v 0.1216132 0.1100844 0.2598492
v 0.1250000 0.1034570 0.2450000
v 0.1350000 0.1267484 0.3166749
v 0.1350000 0.1308318 0.3116748
v 0.1350000 0.1314218 0.3050000
v 0.1350000 0.1289929 0.2932356
v 0.1350000 0.1305901 0.2982356
v 0.1358311 0.1235733 0.2840479
v 0.1358311 0.1180981 0.2752085
v 0.1330518 0.1206316 0.2786809
v 0.1350000 0.1085185 0.2614287
v 0.1350000 0.1126723 0.2664287
v 0.1399386 0.0814689 0.2501272
v 0.1385097 0.0968785 0.2517951
v 0.1351058 0.1036109 0.2550771
v 0.1382127 0.0848813 0.2459071
v 0.1363369 0.0941271 0.2459071
v 0.1315433 0.1011436 0.2450000
v 0.1450000 0.1266673 0.3175235
v 0.1450000 0.1313474 0.3125235
v 0.1499084 0.1299775 0.3000664
v 0.1459450 0.1314972 0.3040398
v 0.1459450 0.1284180 0.2948301
v 0.1432417 0.1306988 0.2980502
v 0.1450000 0.1183655 0.2813598
v 0.1450000 0.1230394 0.2863598
v 0.1480622 0.1069217 0.2722284
v 0.1448373 0.1134194 0.2753371
v 0.1481031 0.0850000 0.2627288
v 0.1477496 0.0950000 0.2632205
v 0.1446099 0.1041859 0.2657881
v 0.1413955 0.1112117 0.2684566
v 0.1425302 0.0848813 0.2540763
v 0.1422475 0.0941271 0.2550771
v 0.1400796 0.0881356 0.2498452
v 0.1400796 0.0902119 0.2498452
v 0.1548467 0.1251068 0.3151893
v 0.1523034 0.1309924 0.3118051
v 0.1553820 0.1287462 0.3040398
v 0.1523034 0.1309924 0.3067331
v 0.1589317 0.1188038 0.2908053
v 0.1553590 0.1239951 0.2944832
v 0.1592418 0.0850000 0.2811150
v 0.1591505 0.0950000 0.2810443
v 0.1575896 0.1050000 0.2823278
v 0.1549603 0.1150120 0.2852626
v 0.1522651 0.1213550 0.2883998
v 0.1557010 0.0850000 0.2750000
v 0.1552650 0.0950000 0.2750000
v 0.1521511 0.1041530 0.2753371
v 0.1509890 0.1112202 0.2788951
v 0.1514592 0.0850000 0.2677288
v 0.1511145 0.0950000 0.2682205
v 0.1501323 0.1002550 0.2697862
v 0.0998656 0.1006222 0.3003060
v 0.0987320 0.1031994 0.2900000
v 0.1000760 0.0802456 0.2995844
v 0.1397185 0.1199339 0.2800799
v 0.1575766 0.0900000 0.3190519
v 0.1568072 0.1100000 0.3184298
v 0.1411576 0.1014501 0.2584618
v 0.1199855 0.1200047 0.2799848
v 0.0887768 0.0686375 0.2350000
v 0.0850931 0.0750000 0.2350000
v 0.0882664 0.0683746 0.2250000
v 0.0838848 0.0750000 0.2250000
v 0.0879900 0.0683497 0.2150000
v 0.0824809 0.0755624 0.2154196
v 0.0870196 0.0675436 0.2050000
v 0.0820196 0.0726628 0.2050000
v 0.0844325 0.0665971 0.1946591
v 0.0807209 0.0709464 0.1977652
v 0.0854708 0.0630894 0.1855080
v 0.0879707 0.0588563 0.1750000
v 0.0866581 0.0582996 0.1650000
v 0.0950000 0.0646586 0.2350000
v 0.0950000 0.0645811 0.2250000
v 0.0950000 0.0639988 0.2150000
v 0.0951765 0.0620778 0.2058249
v 0.0917455 0.0609994 0.1950000
v 0.0903665 0.0601976 0.1891800
v 0.0950000 0.0561390 0.1750000
v 0.0950000 0.0555173 0.1650000
v 0.1087783 0.0596329 0.2350000
v 0.1037783 0.0610210 0.2350000
v 0.1094151 0.0598302 0.2250000
v 0.1044151 0.0612065 0.2250000
v 0.1072921 0.0595637 0.2150000
v 0.1022921 0.0606491 0.2150000
v 0.1042919 0.0591457 0.2058249
v 0.1004866 0.0600715 0.2097081
v 0.1050000 0.0578791 0.1950000
v 0.1050000 0.0567923 0.1850000
v 0.1050000 0.0560667 0.1750000
v 0.1050000 0.0555399 0.1650000
v 0.1113514 0.0596329 0.2350000
v 0.1163514 0.0613867 0.2350000
v 0.1103368 0.0598302 0.2250000
v 0.1153368 0.0623308 0.2250000
v 0.1108570 0.0595637 0.2150000
v 0.1158570 0.0624920 0.2150000
v 0.1111651 0.0594270 0.2050000
v 0.1161650 0.0622147 0.2050000
v 0.1114253 0.0593746 0.1950000
v 0.1120850 0.0591232 0.1850000
v 0.1133727 0.0587840 0.1750000
v 0.1156616 0.0583627 0.1654360
v 0.1253993 0.0670321 0.2357512
v 0.1289989 0.0715026 0.2329186
v 0.1231333 0.0673308 0.2250000
v 0.1281333 0.0734597 0.2250000
v 0.1227700 0.0674920 0.2150000
v 0.1279337 0.0758663 0.2157189
v 0.1228062 0.0672147 0.2050000
v 0.1270421 0.0750000 0.2050000
v 0.1229117 0.0668996 0.1950000
v 0.1280004 0.0755507 0.1947559
v 0.1232194 0.0665387 0.1850000
v 0.1282194 0.0729645 0.1850000
v 0.1241985 0.0658428 0.1750000
v 0.1291985 0.0710674 0.1750000
v 0.1253112 0.0648403 0.1660658
v 0.1299606 0.0700550 0.1697384
v 0.1301178 0.0698713 0.2395853
v 0.1317432 0.0749015 0.2357512
v 0.1307155 0.0784597 0.2250000
v 0.1300785 0.0797771 0.2195315
v 0.1303453 0.0792512 0.1912599
v 0.1311686 0.0779645 0.1850000
v 0.1322741 0.0760674 0.1750000
v 0.1304183 0.0694605 0.1630717
v 0.1326817 0.0740330 0.1658430
v 0.0986275 0.0593402 0.2030415
v 0.0933611 0.0585933 0.1876738
v 0.0823144 0.0616679 0.1700000
v 0.1167552 0.0617192 0.1900000
v 0.1189044 0.0605315 0.1720300
v 0.1206617 0.0595082 0.1623933
v 0.0829904 0.0850000 0.2350000
v 0.0857472 0.0950000 0.2350000
v 0.0890730 0.1009007 0.2350000
v 0.0816230 0.0850000 0.2250000
v 0.0855277 0.0950000 0.2250000
v 0.0895230 0.1003844 0.2250000
v 0.0804055 0.0850000 0.2170307
v 0.0840286 0.0940388 0.2142050
v 0.0897414 0.1001865 0.2150000
v 0.0843127 0.0961021 0.2050000
v 0.0893127 0.1003861 0.2050000
v 0.0875409 0.1012231 0.1950000
v 0.0845218 0.1020254 0.1849143
v 0.0850000 0.1041035 0.1750000
v 0.0850000 0.1056756 0.1650000
v 0.0950000 0.1036136 0.2350000
v 0.0950000 0.1025990 0.2250000
v 0.0950000 0.1021767 0.2150000
v 0.0950000 0.1023805 0.2050000
v 0.0950000 0.1037465 0.1950000
v 0.0950000 0.1055220 0.1850000
v 0.0950000 0.1069093 0.1750000
v 0.0950000 0.1079368 0.1650000
v 0.1050000 0.1039427 0.2350000
v 0.1050000 0.1026330 0.2250000
v 0.1050000 0.1028819 0.2150000
v 0.1050000 0.1037272 0.2050000
v 0.1050000 0.1050785 0.1950000
v 0.1050000 0.1067330 0.1850000
v 0.1050000 0.1082487 0.1750000
v 0.1050000 0.1092518 0.1650000
v 0.1150000 0.1024142 0.2350000
v 0.1155188 0.1005375 0.2244343
v 0.1136858 0.1008916 0.2150000
v 0.1140707 0.1017328 0.2050000
v 0.1158268 0.1024078 0.1955801
v 0.1150000 0.1049151 0.1850000
v 0.1150000 0.1069186 0.1750000
v 0.1150000 0.1082992 0.1650000
v 0.1273847 0.0975646 0.2329298
v 0.1244308 0.1010662 0.2357579
v 0.1294843 0.0871517 0.2216834
v 0.1251012 0.0953894 0.2245369
v 0.1207180 0.1003380 0.2273905
v 0.1287627 0.0842910 0.2157189
v 0.1238063 0.0945445 0.2150000
v 0.1275650 0.0850000 0.2050000
v 0.1233291 0.0944789 0.2050000
v 0.1287701 0.0850249 0.1947559
v 0.1234937 0.0958761 0.1955801
v 0.1296504 0.0883749 0.1885188
v 0.1270685 0.0944482 0.1851113
v 0.1278612 0.0970334 0.1750000
v 0.1289584 0.0985702 0.1650000
v 0.1338309 0.0850000 0.2350000
v 0.1315210 0.0945387 0.2357579
v 0.1302147 0.1001978 0.2395965
v 0.1308623 0.0842910 0.2250101
v 0.1304832 0.0908979 0.2283501
v 0.1300785 0.0804850 0.2195315
v 0.1303453 0.0817082 0.1912599
v 0.1311881 0.0850249 0.1851113
v 0.1304220 0.0907470 0.1818521
v 0.1334127 0.0850000 0.1750000
v 0.1311386 0.0920334 0.1750000
v 0.1350221 0.0850000 0.1650000
v 0.1319837 0.0935702 0.1650000
v 0.0817053 0.0987815 0.1915952
v 0.1191981 0.0998809 0.2207238
v 0.1188783 0.0995117 0.2100000
v 0.1197113 0.0997934 0.1993002
v 0.1211279 0.1010326 0.1888168
v 0.1234098 0.1030235 0.1700000
v 0.0855662 0.0579493 0.1550000
v 0.0840323 0.0582922 0.1457529
v 0.0850000 0.0570338 0.1350000
v 0.0850000 0.0450000 0.1246630
v 0.0850000 0.0530775 0.1276311
v 0.0950000 0.0553258 0.1550000
v 0.0950000 0.0557169 0.1450000
v 0.0950000 0.0555103 0.1350000
v 0.0950000 0.0450000 0.1247595
v 0.0950000 0.0524741 0.1277397
v 0.1050000 0.0553329 0.1350000
v 0.1050000 0.0450000 0.1248608
v 0.1050000 0.0522526 0.1278487
v 0.1150000 0.0550267 0.1350000
v 0.1150000 0.0450000 0.1251213
v 0.1150000 0.0519069 0.1280672
v 0.1266809 0.0634065 0.1550000
v 0.1280170 0.0620499 0.1450000
v 0.1241317 0.0573330 0.1350000
v 0.1291317 0.0610401 0.1350000
v 0.1250000 0.0450000 0.1247187
v 0.1258394 0.0546815 0.1279287
v 0.1297324 0.0604018 0.1296759
v 0.1311425 0.0684065 0.1550000
v 0.1345695 0.0750000 0.1550000
v 0.1317805 0.0670499 0.1450000
v 0.1352995 0.0750000 0.1450000
v 0.1319300 0.0660401 0.1350000
v 0.1354762 0.0750000 0.1350000
v 0.1350000 0.0450000 0.1241727
v 0.1354780 0.0553952 0.1234495
v 0.1330879 0.0642411 0.1258055
v 0.1355411 0.0750000 0.1250000
v 0.1381829 0.0658093 0.1155009
v 0.1374317 0.0750000 0.1150000
v 0.1397960 0.0696821 0.1096965
v 0.1396491 0.0750000 0.1091331
v 0.1450000 0.0450000 0.1236279
v 0.1450000 0.0521840 0.1213119
v 0.1450000 0.0571840 0.1174142
v 0.1450000 0.0627396 0.1124142
v 0.1450000 0.0677396 0.1073890
v 0.1445496 0.0740951 0.1033998
v 0.1479995 0.0774330 0.0950000
v 0.1497501 0.0797522 0.0896750
v 0.1559833 0.0459963 0.1222651
v 0.1533054 0.0505867 0.1204263
v 0.1599721 0.0499938 0.1199959
v 0.1566438 0.0552917 0.1153567
v 0.1533156 0.0606373 0.1107174
v 0.1599822 0.0599967 0.1099952
v 0.1551696 0.0647884 0.1050754
v 0.1503569 0.0701585 0.1001555
v 0.1570236 0.0689396 0.0986810
v 0.1542142 0.0729391 0.0952086
v 0.1550000 0.0785550 0.0880396
v 0.0803100 0.0601835 0.1522941
v 0.1100000 0.0562383 0.1500000
v 0.1223489 0.0585443 0.1500000
v 0.1391300 0.0589919 0.1191682
v 0.1000000 0.0200000 0.1231676
v 0.1400000 0.0200000 0.1250942
v 0.0850000 0.1071532 0.1550000
v 0.0850000 0.1085500 0.1450000
v 0.0850000 0.1096134 0.1380620
v 0.0850000 0.1108902 0.1330620
v 0.0850000 0.1134888 0.1250000
v 0.0958795 0.1090939 0.1542050
v 0.0997991 0.1100283 0.1503417
v 0.0925450 0.1096427 0.1450000
v 0.0975450 0.1102839 0.1450000
v 0.0902609 0.1099701 0.1399013
v 0.0941565 0.1115706 0.1359408
v 0.0950000 0.1151250 0.1250000
v 0.1050000 0.1097860 0.1569209
v 0.1050000 0.1100755 0.1519209
v 0.1050000 0.1105552 0.1450000
v 0.1050000 0.1119500 0.1350000
v 0.1050000 0.1146756 0.1250000
v 0.1047511 0.1183374 0.1143976
v 0.1012517 0.1202179 0.1106626
v 0.1079184 0.1196220 0.1088992
v 0.1047511 0.1212346 0.1053395
v 0.1050000 0.1238088 0.0950000
v 0.1050000 0.1257708 0.0850000
v 0.1142122 0.1090431 0.1553318
v 0.1103537 0.1100723 0.1522196
v 0.1162257 0.1090317 0.1450000
v 0.1112257 0.1102713 0.1450000
v 0.1178983 0.1094062 0.1350000
v 0.1128983 0.1107500 0.1350000
v 0.1192506 0.1097701 0.1291494
v 0.1155503 0.1119119 0.1254897
v 0.1150000 0.1154567 0.1150000
v 0.1154407 0.1186921 0.1053395
v 0.1124011 0.1207461 0.1022325
v 0.1154407 0.1218329 0.0954398
v 0.1150000 0.1246098 0.0850000
v 0.1294838 0.0993048 0.1550000
v 0.1296444 0.0995224 0.1450000
v 0.1298164 0.0997529 0.1388421
v 0.1258898 0.1037404 0.1353052
v 0.1245959 0.1069583 0.1254897
v 0.1209931 0.1106455 0.1224828
v 0.1278726 0.1082778 0.1150000
v 0.1228726 0.1118675 0.1150000
v 0.1295037 0.1095692 0.1091037
v 0.1257022 0.1135151 0.1054622
v 0.1248946 0.1177549 0.0954398
v 0.1281576 0.1189109 0.0866894
v 0.1358269 0.0850000 0.1550000
v 0.1323999 0.0943048 0.1550000
v 0.1360724 0.0850000 0.1450000
v 0.1325534 0.0945224 0.1450000
v 0.1363125 0.0850000 0.1350000
v 0.1323957 0.0958517 0.1353052
v 0.1303044 0.1003591 0.1321754
v 0.1367629 0.0850000 0.1250000
v 0.1343905 0.0950000 0.1250000
v 0.1311564 0.1013703 0.1250000
v 0.1380901 0.0850000 0.1150000
v 0.1366096 0.0950000 0.1150000
v 0.1325701 0.1032778 0.1150000
v 0.1395587 0.0850000 0.1085585
v 0.1390578 0.0957610 0.1053583
v 0.1339096 0.1057415 0.1054622
v 0.1310952 0.1109937 0.1024370
v 0.1381947 0.1052833 0.0957972
v 0.1328199 0.1124284 0.0950000
v 0.1393314 0.1088055 0.0885193
v 0.1346709 0.1148371 0.0842710
v 0.1447325 0.0850000 0.0950000
v 0.1418938 0.0957610 0.0957972
v 0.1408457 0.1021388 0.0929954
v 0.1484005 0.0854463 0.0858050
v 0.1452705 0.0950000 0.0850000
v 0.1420717 0.1052833 0.0851116
v 0.1406762 0.1107633 0.0818526
v 0.1550000 0.0823445 0.0830396
v 0.0890753 0.1186618 0.1115229
v 0.0926560 0.1206599 0.1062072
v 0.0900000 0.1237546 0.0900000
v 0.1190678 0.1196870 0.0990664
v 0.1245641 0.1039314 0.1500000
v 0.1398980 0.0996016 0.0996621
v 0.1409562 0.0889675 0.1029111
v 0.1254653 0.1207501 0.0854787
v 0.0850000 0.1319312 0.0350000
v 0.0850000 0.1332787 0.0250000
v 0.0850000 0.1346559 0.0150000
v 0.0850000 0.1367242 0.0050000
v 0.0989079 0.1298355 0.0391804
v 0.0953447 0.1311466 0.0355082
v 0.0950000 0.1334646 0.0250000
v 0.0950000 0.1355517 0.0150000
v 0.0950000 0.1374140 0.0050000
v 0.1050000 0.1298550 0.0375985
v 0.1050000 0.1304037 0.0325985
v 0.1050000 0.1320111 0.0250000
v 0.1141616 0.1297092 0.0345705
v 0.1102693 0.1300118 0.0309509
v 0.1169360 0.1298662 0.0289088
v 0.1141616 0.1306645 0.0253453
v 0.1250000 0.1238521 0.0750000
v 0.1250000 0.1260368 0.0650000
v 0.1250000 0.1271014 0.0550000
v 0.1250000 0.1274292 0.0450000
v 0.1250000 0.1278111 0.0350000
v 0.1247927 0.1289480 0.0253453
v 0.1213212 0.1302818 0.0222422
v 0.1279879 0.1295381 0.0186372
v 0.1247927 0.1312663 0.0151823
v 0.1250000 0.1340198 0.0050000
v 0.1312679 0.1208306 0.0750000
v 0.1335076 0.1221748 0.0650000
v 0.1396633 0.1197552 0.0589332
v 0.1357980 0.1225692 0.0553599
v 0.1394935 0.1195956 0.0414906
v 0.1356961 0.1227065 0.0448944
v 0.1356961 0.1226636 0.0347803
v 0.1350000 0.1249728 0.0250000
v 0.1349519 0.1280748 0.0151823
v 0.1315865 0.1306339 0.0119705
v 0.1382532 0.1292388 0.0079411
v 0.1349519 0.1315759 0.0047647
v 0.1493069 0.0890772 0.0784452
v 0.1486847 0.0957774 0.0750671
v 0.1457822 0.1050000 0.0750000
v 0.1419065 0.1121188 0.0750000
v 0.1499033 0.0996290 0.0696982
v 0.1487267 0.1053134 0.0658189
v 0.1434809 0.1138628 0.0650000
v 0.1494420 0.1088557 0.0575941
v 0.1450136 0.1150263 0.0549303
v 0.1405851 0.1204481 0.0522665
v 0.1443511 0.1162977 0.0448944
v 0.1405851 0.1204481 0.0481573
v 0.1443065 0.1173529 0.0347803
v 0.1405108 0.1202354 0.0313005
v 0.1475281 0.1188770 0.0250000
v 0.1425281 0.1211874 0.0250000
v 0.1548984 0.0872728 0.0750671
v 0.1514974 0.0929624 0.0717786
v 0.1581640 0.0889953 0.0671967
v 0.1545932 0.0949402 0.0651141
v 0.1510225 0.1021890 0.0630315
v 0.1521333 0.1053134 0.0545565
v 0.1502256 0.1102974 0.0509275
v 0.1561039 0.1048102 0.0449715
v 0.1508993 0.1106755 0.0450000
v 0.1576401 0.1080171 0.0375137
v 0.1545841 0.1118735 0.0345082
v 0.1550000 0.1154157 0.0250000
v 0.0900000 0.1271175 0.0700000
v 0.0895977 0.1297128 0.0479946
v 0.1100000 0.1280560 0.0700000
v 0.1092475 0.1299119 0.0500938
v 0.1100000 0.1348074 0.0100000
v 0.1373878 0.1179908 0.0700000
v 0.1394935 0.1195956 0.0379671
v 0.1582357 0.0976534 0.0516430
v 0.1548513 0.1194063 0.0148707
v 0.1480285 0.1250575 0.0080329
v 0.1600402 0.0699684 0.3100403
v 0.1619715 0.0750000 0.3115904
v 0.1602237 0.0698332 0.3050000
v 0.1644307 0.0750000 0.3050000
v 0.1602581 0.0698092 0.2993867
v 0.1627989 0.0747697 0.2956320
v 0.1613860 0.0779494 0.2877392
v 0.1655531 0.0849873 0.3133248
v 0.1650000 0.0950000 0.3162355
v 0.1650000 0.1050000 0.3154555
v 0.1652477 0.1144580 0.3125968
v 0.1620795 0.1226068 0.3119068
v 0.1692070 0.0821837 0.3050000
v 0.1682874 0.1167196 0.3050000
v 0.1632874 0.1234496 0.3050000
v 0.1678054 0.0847596 0.2954575
v 0.1679943 0.0950000 0.2930893
v 0.1674977 0.1050000 0.2930385
v 0.1651219 0.1151667 0.2949167
v 0.1624911 0.0850000 0.2861150
v 0.1629943 0.0950000 0.2860443
v 0.1624977 0.1050000 0.2873278
v 0.1612733 0.1121371 0.2887921
v 0.1705788 0.0883123 0.3106618
v 0.1716061 0.0950000 0.3117914
v 0.1714346 0.1050000 0.3115685
v 0.1703501 0.1107633 0.3103645
v 0.1707869 0.0871836 0.3050000
v 0.1727653 0.0950000 0.3050000
v 0.1727189 0.1050000 0.3050000
v 0.1707406 0.1117196 0.3050000
v 0.1704704 0.0879326 0.2990957
v 0.1711591 0.0950000 0.2980893
v 0.1712844 0.1050000 0.2980385
v 0.1706374 0.1115295 0.2990281
v 0.1623037 0.1219927 0.2974720
v 0.1650000 0.0495746 0.1196696
v 0.1650000 0.0545491 0.1146696
v 0.1650000 0.0595491 0.1091973
v 0.1750000 0.0487106 0.1189005
v 0.1750000 0.0534418 0.1139005
v 0.1750000 0.0584418 0.1068463
v 0.1850000 0.0466810 0.1172873
v 0.1850000 0.0518959 0.1122873
v 0.1842066 0.0570658 0.1041163
v 0.1874285 0.0592620 0.0950000
v 0.1824285 0.0614759 0.0950000
v 0.1895603 0.0597676 0.0888999
v 0.1849762 0.0645659 0.0847808
v 0.1803922 0.0703619 0.0806616
v 0.1939128 0.0441598 0.1143693
v 0.1910793 0.0506742 0.1107460
v 0.1977460 0.0482534 0.1078004
v 0.1946476 0.0523805 0.1046802
v 0.1950000 0.0561605 0.0950000
v 0.1945381 0.0581728 0.0853400
v 0.1908968 0.0605878 0.0822333
v 0.2031351 0.0250000 0.1128464
v 0.2026053 0.0350000 0.1124193
v 0.2014030 0.0415867 0.1113259
v 0.2081351 0.0250000 0.1080509
v 0.2076053 0.0350000 0.1072879
v 0.2044768 0.0446136 0.1044343
v 0.2008839 0.0507115 0.1011337
v 0.2075760 0.0476912 0.0950000
v 0.2025760 0.0518985 0.0950000
v 0.2092174 0.0492812 0.0873584
v 0.2055305 0.0524052 0.0844150
v 0.2125352 0.0250000 0.1030509
v 0.2118213 0.0350000 0.1022879
v 0.2107974 0.0409737 0.1010682
v 0.2175352 0.0250000 0.0959144
v 0.2168677 0.0345045 0.0943075
v 0.2123614 0.0426912 0.0950000
v 0.2190910 0.0377439 0.0850000
v 0.2133786 0.0455687 0.0844150
v 0.2101763 0.0501548 0.0806917
v 0.2207538 0.0050000 0.0914937
v 0.2206146 0.0150000 0.0912021
v 0.2204717 0.0250000 0.0909144
v 0.2202651 0.0308408 0.0905125
v 0.2225448 0.0050000 0.0850000
v 0.2222983 0.0150000 0.0850000
v 0.2220578 0.0250000 0.0850000
v 0.2209685 0.0327439 0.0850000
v 0.1700000 0.0100000 0.1272105
v 0.1700000 0.0300000 0.1258291
v 0.1700000 0.0441426 0.1224279
v 0.1700000 0.0618216 0.1030218
v 0.1702746 0.0703776 0.0899969
v 0.1882976 0.0100000 0.1223812
v 0.1880337 0.0300000 0.1217896
v 0.1875398 0.0408736 0.1205578
v 0.1803443 0.0600906 0.1001939
v 0.2082035 0.0100000 0.1082302
v 0.2178296 0.0100000 0.0963479
v 0.1963312 0.0200000 0.1177487
v 0.1614992 0.0807154 0.0810444
v 0.1681659 0.0790996 0.0782286
v 0.1747442 0.0768206 0.0749371
v 0.1782349 0.0787742 0.0650000
v 0.1998787 0.0698893 0.0196723
v 0.1975159 0.0748426 0.0158034
v 0.1987293 0.0780711 0.0066832
v 0.2050000 0.0537992 0.0750000
v 0.2050000 0.0545220 0.0650000
v 0.2160949 0.0440819 0.0746663
v 0.2102909 0.0502529 0.0750000
v 0.2153107 0.0453088 0.0650000
v 0.2103107 0.0502699 0.0650000
v 0.2240665 0.0250000 0.0750000
v 0.2216419 0.0356907 0.0746663
v 0.2258957 0.0250000 0.0650000
v 0.2231004 0.0350000 0.0650000
v 0.2285642 0.0248799 0.0543279
v 0.2245193 0.0350000 0.0550000
v 0.2297200 0.0281331 0.0493608
v 0.2272745 0.0349929 0.0456165
v 0.2288609 0.0387147 0.0350000
v 0.2299591 0.0399648 0.0298944
v 0.2302032 0.0214665 0.0505465
v 0.2320143 0.0248799 0.0456165
v 0.2312347 0.0316549 0.0426942
v 0.2373654 0.0250000 0.0360384
v 0.2347408 0.0330567 0.0341043
v 0.2348550 0.0372584 0.0259367
v 0.1797396 0.0797928 0.0592771
v 0.1983211 0.0588992 0.0700000
v 0.1879581 0.0678462 0.0700000
v 0.1997703 0.0597916 0.0522806
v 0.1903377 0.0702169 0.0504955
v 0.1929667 0.0731970 0.0304070
v 0.2197703 0.0394844 0.0777772
v 0.2104476 0.0509089 0.0501228
v 0.2006411 0.0606243 0.0428946
v 0.2134716 0.0535390 0.0308647
v 0.2059698 0.0619642 0.0268866
v 0.2173949 0.0573853 0.0100000
v 0.2066871 0.0675682 0.0096365
v 0.2254355 0.0100000 0.0700000
v 0.2201830 0.0402227 0.0680553
v 0.2311885 0.0100000 0.0511286
v 0.2211954 0.0411657 0.0500000
v 0.2384051 0.0100000 0.0374948
v 0.2252532 0.0449777 0.0262851
v 0.2390292 0.0393340 0.0122080
v 0.2282435 0.0477515 0.0101083
v 0.1671439 0.0885649 0.0550000
v 0.1621439 0.0916678 0.0550000
v 0.1691200 0.0894883 0.0480195
v 0.1651427 0.0945997 0.0448194
v 0.1678322 0.0972271 0.0375077
v 0.1642699 0.1044297 0.0341774
v 0.1607077 0.1104633 0.0308471
v 0.1675358 0.1077830 0.0250000
v 0.1625357 0.1115387 0.0250000
v 0.1693400 0.1095349 0.0192281
v 0.1656040 0.1137113 0.0155369
v 0.1650000 0.1184479 0.0074581
v 0.1758438 0.0832271 0.0555663
v 0.1743040 0.0867824 0.0448117
v 0.1705067 0.0905604 0.0413528
v 0.1773381 0.0877342 0.0350000
v 0.1722870 0.0943362 0.0345046
v 0.1706942 0.1008423 0.0308411
v 0.1792775 0.0891218 0.0290660
v 0.1778581 0.0958121 0.0254396
v 0.1728645 0.1027830 0.0250000
v 0.1758696 0.1058355 0.0161326
v 0.1719474 0.1115026 0.0125614
v 0.1786141 0.1088027 0.0082185
v 0.1744638 0.1145558 0.0043063
v 0.1824894 0.0827342 0.0350000
v 0.1852560 0.0850467 0.0250877
v 0.1818100 0.0930202 0.0223994
v 0.1884767 0.0876383 0.0175947
v 0.1852315 0.0953609 0.0153159
v 0.1819864 0.1021360 0.0130372
v 0.1886531 0.0977016 0.0077405
v 0.1848424 0.1047818 0.0046462
v 0.1810317 0.1109423 0.0015519
v 0.1905851 0.0809716 0.0211094
v 0.1918968 0.0845830 0.0145568
v 0.1905136 0.0910350 0.0109280
v 0.1967774 0.0840096 0.0040099
v 0.1918552 0.0946210 0.0046443
v 0.1905256 0.1007610 0.0010738
v 0.1668046 0.0844549 0.0672694
v 0.1611655 0.1013504 0.0416192
v 0.1797918 0.0996868 0.0197039
v 0.1810704 0.0809935 0.0488052
v 0.1676568 0.1207358 0.0014261
v 0.2000061 0.0800160 0.0000166
v 0.2407349 0.0250000 0.0310384
v 0.2401199 0.0301415 0.0301739
v 0.2458939 0.0240753 0.0240315
v 0.2417223 0.0315995 0.0250000
v 0.2488433 0.0267922 0.0179916
v 0.2453059 0.0335101 0.0147949
v 0.2448186 0.0375341 0.0056496
v 0.2500398 0.0201255 0.0200526
v 0.2520095 0.0240753 0.0147949
v 0.2507850 0.0307117 0.0113249
v 0.2575817 0.0255262 0.0053418
v 0.2525838 0.0320571 0.0050000
v 0.2461998 0.0100000 0.0260954
v 0.2564257 0.0100000 0.0116049
v 0.2621739 0.0100000 0.0032097
v 0.2616186 0.0225437 0.0022363
v 0.2413644 0.0408711 0.0027493
v 0.0250000 -0.1321851 -0.0055568
v 0.0250000 -0.1296979 -0.0005568
v 0.0250000 -0.1352938 -0.0150000
v 0.0352238 -0.1322369 -0.0042758
v 0.0320397 -0.1297250 -0.0004597
v 0.0350000 -0.1361858 -0.0150000
v 0.0450000 -0.1338540 -0.0050000
v 0.0450000 -0.1371039 -0.0150000
v 0.0450000 -0.1375527 -0.0250000
v 0.0450000 -0.1366406 -0.0350000
v 0.0550000 -0.1351273 -0.0050000
v 0.0550000 -0.1376833 -0.0150000
v 0.0550000 -0.1375546 -0.0250000
v 0.0550000 -0.1364169 -0.0350000
v 0.0650000 -0.1363636 -0.0050000
v 0.0650000 -0.1379935 -0.0150000
v 0.0750000 -0.1374588 -0.0050000
v 0.0750000 -0.1381132 -0.0150000
v 0.0003907 -0.1401066 -0.0124314
v 0.0120309 -0.1350187 -0.0080740
v 0.0023771 -0.1405825 -0.0300000
v 0.0111886 -0.1385660 -0.0300000
v 0.0009686 -0.1402070 -0.0414672
v 0.0098953 -0.1371692 -0.0499701
v 0.0115690 -0.1323862 -0.0719250
v 0.0300000 -0.1369995 -0.0300000
v 0.0300000 -0.1351285 -0.0500000
v 0.0300000 -0.1310231 -0.0722307
v 0.0700000 -0.1366367 -0.0300000
v 0.0600000 -0.1321961 -0.0629590
v 0.0093631 -0.1277755 -0.0871709
v 0.0100000 -0.1209904 -0.1019771
v 0.0100000 -0.1075107 -0.1277849
v 0.0100000 -0.1002931 -0.1405101
v 0.0100000 -0.0927101 -0.1522644
v 0.0300000 -0.1253770 -0.0900000
v 0.0300000 -0.1204514 -0.1009100
v 0.0300000 -0.1082795 -0.1282037
v 0.0300000 -0.1012771 -0.1422258
v 0.0298673 -0.0935995 -0.1538763
v 0.0500000 -0.1254238 -0.0900000
v 0.0500000 -0.1205505 -0.1013886
v 0.0500000 -0.1170929 -0.1106943
v 0.0500955 -0.1098648 -0.1299405
v 0.0535384 -0.1015341 -0.1464942
v 0.0497371 -0.0974592 -0.1518156
v 0.0700000 -0.1257551 -0.0900000
v 0.0732277 -0.1206797 -0.1061683
v 0.0695041 -0.1187136 -0.1114995
v 0.0700000 -0.1114390 -0.1316867
v 0.0700000 -0.1026014 -0.1480486
v 0.0700000 -0.0974820 -0.1560971
v 0.0200000 -0.1162436 -0.1107218
v 0.0259458 -0.0840388 -0.1657848
v 0.0623897 -0.0867596 -0.1707456
v 0.0250000 -0.0150000 -0.2253298
v 0.0256536 -0.0041407 -0.2290904
v 0.0294226 -0.0002344 -0.2300352
v 0.0350000 -0.0150000 -0.2266127
v 0.0350000 -0.0063054 -0.2293951
v 0.0350000 -0.0013054 -0.2302076
v 0.0451848 -0.0730288 -0.1857352
v 0.0419746 -0.0696178 -0.1895586
v 0.0486413 -0.0702387 -0.1902392
v 0.0451848 -0.0657707 -0.1936636
v 0.0450000 -0.0150000 -0.2278315
v 0.0450000 -0.0081726 -0.2296958
v 0.0450000 -0.0031726 -0.2305168
v 0.0552526 -0.0762896 -0.1842424
v 0.0550000 -0.0707454 -0.1907385
v 0.0542724 -0.0643778 -0.1965355
v 0.0550090 -0.0143434 -0.2290646
v 0.0516817 -0.0093908 -0.2298979
v 0.0583483 -0.0105723 -0.2300991
v 0.0550090 -0.0056345 -0.2307205
v 0.0650000 -0.0767025 -0.1863188
v 0.0650000 -0.0717025 -0.1916786
v 0.0650000 -0.0664583 -0.1966786
v 0.0650000 -0.0166010 -0.2293748
v 0.0650000 -0.0116010 -0.2302753
v 0.0650000 -0.0050000 -0.2313767
v 0.0750000 -0.0771599 -0.1870025
v 0.0750000 -0.0721599 -0.1922067
v 0.0750000 -0.0670529 -0.1972067
v 0.0750000 -0.0174832 -0.2295553
v 0.0750000 -0.0124832 -0.2304228
v 0.0750000 -0.0050000 -0.2316594
v 0.0079589 -0.0756330 -0.1739916
v 0.0102435 -0.0662400 -0.1857088
v 0.0100000 -0.0564100 -0.1966456
v 0.0090132 -0.0333733 -0.2135411
v 0.0006987 -0.0198647 -0.2199335
v 0.0111827 -0.0209014 -0.2204537
v 0.0098548 -0.0102297 -0.2252969
v 0.0263612 -0.0781452 -0.1734381
v 0.0300000 -0.0678951 -0.1879313
v 0.0300000 -0.0578638 -0.1982443
v 0.0300000 -0.0315160 -0.2170229
v 0.0300000 -0.0230320 -0.2217794
v 0.0485438 -0.0790479 -0.1784315
v 0.0477270 -0.0596058 -0.1996540
v 0.0472621 -0.0334165 -0.2183412
v 0.0508632 -0.0281570 -0.2221929
v 0.0700000 -0.0381991 -0.2187557
v 0.0700000 -0.0290995 -0.2243931
v 0.0214842 -0.0468321 -0.2061006
v 0.0613472 -0.0518637 -0.2078103
v 0.0850000 -0.1382585 -0.0050000
v 0.0850000 -0.1379452 -0.0150000
v 0.0950000 -0.1381433 -0.0050000
v 0.0950000 -0.1375267 -0.0150000
v 0.1050000 -0.1373042 -0.0050000
v 0.1050000 -0.1371021 -0.0150000
v 0.1150000 -0.1364937 -0.0050000
v 0.1150000 -0.1368710 -0.0150000
v 0.1450000 -0.1361538 -0.0450000
v 0.1450000 -0.1345340 -0.0550000
v 0.1550000 -0.1328313 -0.0450000
v 0.1552760 -0.1312259 -0.0544454
v 0.1587933 -0.1296127 -0.0574091
v 0.0900000 -0.1363025 -0.0300000
v 0.1100000 -0.1367274 -0.0300000
v 0.1300000 -0.1355477 -0.0100000
v 0.1300000 -0.1376072 -0.0300000
v 0.1300000 -0.1373726 -0.0500000
v 0.1300000 -0.1347468 -0.0700000
v 0.1498213 -0.1298606 -0.0101077
v 0.1531290 -0.1323885 -0.0290026
v 0.1500151 -0.1300188 -0.0702120
v 0.0987166 -0.1332364 -0.0618633
v 0.1250000 -0.1314387 -0.0831014
v 0.1250000 -0.1290807 -0.0881014
v 0.1250000 -0.1258203 -0.0950000
v 0.1350000 -0.1308201 -0.0816510
v 0.1350000 -0.1282200 -0.0866510
v 0.1350000 -0.1240508 -0.0950000
v 0.0900000 -0.1118969 -0.1320846
v 0.0900000 -0.1029532 -0.1482412
v 0.0900000 -0.0978380 -0.1564823
v 0.1100000 -0.1110683 -0.1311764
v 0.1100000 -0.1020104 -0.1478678
v 0.1100000 -0.0976916 -0.1557357
v 0.1300000 -0.1212852 -0.1029059
v 0.1300000 -0.1174171 -0.1114529
v 0.1293037 -0.1091676 -0.1292610
v 0.1269035 -0.1011124 -0.1458686
v 0.1322127 -0.0954089 -0.1529070
v 0.1472233 -0.1242154 -0.0872243
v 0.1537985 -0.1191475 -0.0941120
v 0.1404884 -0.1201261 -0.1002755
v 0.1503285 -0.1120576 -0.1120131
v 0.1478044 -0.1047202 -0.1275306
v 0.1541715 -0.0990055 -0.1343753
v 0.1404261 -0.1001340 -0.1402439
v 0.1502958 -0.0906305 -0.1503317
v 0.1009054 -0.1250811 -0.0964397
v 0.1040607 -0.1187794 -0.1143118
v 0.1250000 -0.0918698 -0.1625960
v 0.1250000 -0.0880459 -0.1675960
v 0.1250000 -0.0830460 -0.1737183
v 0.1318872 -0.0907182 -0.1609817
v 0.1351323 -0.0865705 -0.1645890
v 0.1350000 -0.0811535 -0.1714520
v 0.1465879 -0.0813068 -0.1657978
v 0.0988575 -0.0873232 -0.1724366
v 0.1250000 -0.0541289 -0.2038108
v 0.1250000 -0.0487505 -0.2088109
v 0.1250000 -0.0437505 -0.2135628
v 0.1250000 -0.0331619 -0.2219650
v 0.1250000 -0.0250000 -0.2259397
v 0.1350000 -0.0534444 -0.2035660
v 0.1350000 -0.0486033 -0.2085660
v 0.1350000 -0.0436033 -0.2135458
v 0.1350000 -0.0330401 -0.2218455
v 0.1350000 -0.0250000 -0.2261853
v 0.1450000 -0.0327441 -0.2218794
v 0.1454118 -0.0240847 -0.2273865
v 0.1423530 -0.0190836 -0.2298049
v 0.1490197 -0.0201412 -0.2300749
v 0.1454118 -0.0154502 -0.2307620
v 0.1450000 -0.0050000 -0.2327147
v 0.1550000 -0.0328013 -0.2222724
v 0.1550000 -0.0256998 -0.2272723
v 0.1550000 -0.0206998 -0.2303604
v 0.1550000 -0.0150000 -0.2317473
v 0.1550000 -0.0050000 -0.2338537
v 0.0900000 -0.0720236 -0.1919436
v 0.0900000 -0.0621961 -0.2017990
v 0.0900000 -0.0504395 -0.2105923
v 0.0900000 -0.0385440 -0.2190190
v 0.0900000 -0.0292720 -0.2245898
v 0.0900000 -0.0118536 -0.2306118
v 0.1195167 -0.0798954 -0.1798697
v 0.1102380 -0.0716677 -0.1915943
v 0.1195301 -0.0598011 -0.1998347
v 0.1089317 -0.0617467 -0.2012884
v 0.1098670 -0.0500142 -0.2096774
v 0.1100000 -0.0381670 -0.2186196
v 0.1100000 -0.0290835 -0.2242985
v 0.1110686 -0.0107238 -0.2302465
v 0.1300000 -0.0783337 -0.1775852
v 0.1293149 -0.0690580 -0.1891458
v 0.1300000 -0.0587867 -0.1987211
v 0.1300000 -0.0381010 -0.2185543
v 0.1289443 -0.0107111 -0.2302350
v 0.1517564 -0.0750568 -0.1726131
v 0.1492808 -0.0663395 -0.1861577
v 0.1500000 -0.0571591 -0.1967195
v 0.1500000 -0.0476325 -0.2076328
v 0.1500000 -0.0377727 -0.2180890
v 0.1650000 -0.1233724 -0.0050000
v 0.1650000 -0.1254439 -0.0150000
v 0.1711788 -0.1208211 -0.0050000
v 0.1761788 -0.1169262 -0.0050000
v 0.1723432 -0.1216487 -0.0150000
v 0.1773432 -0.1176154 -0.0150000
v 0.1819717 -0.1119262 -0.0050000
v 0.1869717 -0.1065178 -0.0050000
v 0.1824383 -0.1126154 -0.0150000
v 0.1874383 -0.1069161 -0.0150000
v 0.1863422 -0.1163014 -0.0450000
v 0.1857793 -0.1165173 -0.0550000
v 0.1841618 -0.1167775 -0.0649075
v 0.1853519 -0.1131818 -0.0748102
v 0.1889199 -0.1091425 -0.0780170
v 0.1910710 -0.1015178 -0.0050000
v 0.1947663 -0.0950000 -0.0050000
v 0.1986953 -0.0869382 -0.0050000
v 0.1913823 -0.1019161 -0.0150000
v 0.1955611 -0.0950000 -0.0150000
v 0.1991788 -0.0881801 -0.0150000
v 0.1911960 -0.1113014 -0.0450000
v 0.1966066 -0.1040946 -0.0457048
v 0.1915968 -0.1115173 -0.0550000
v 0.1965968 -0.1055134 -0.0550000
v 0.1912900 -0.1111592 -0.0650000
v 0.1962900 -0.1054092 -0.0650000
v 0.1906061 -0.1105447 -0.0713503
v 0.1947787 -0.1045806 -0.0740299
v 0.2029775 -0.0950000 -0.0650000
v 0.2080760 -0.0840415 -0.0643109
v 0.2015966 -0.0949984 -0.0740257
v 0.2062294 -0.0850000 -0.0750000
v 0.2100431 -0.0800692 -0.0605182
v 0.1683488 -0.1265373 -0.0309612
v 0.1793543 -0.1193940 -0.0276031
v 0.1671441 -0.1277737 -0.0491980
v 0.1695396 -0.1233674 -0.0699769
v 0.1784905 -0.1191595 -0.0715895
v 0.1810202 -0.1209482 -0.0368728
v 0.1888935 -0.1094095 -0.0305288
v 0.1984030 -0.0933276 -0.0276770
v 0.1810607 -0.1208966 -0.0500000
v 0.1994163 -0.0988761 -0.0428413
v 0.1802697 -0.1201914 -0.0615124
v 0.1989513 -0.0983306 -0.0767095
v 0.2002077 -0.1003355 -0.0522540
v 0.2066730 -0.0865727 -0.0511159
v 0.2001337 -0.1002139 -0.0675214
v 0.2015765 -0.0862845 -0.0241163
v 0.2042783 -0.0750000 -0.0050000
v 0.2084687 -0.0683997 -0.0050000
v 0.2055928 -0.0750000 -0.0150000
v 0.2091883 -0.0690722 -0.0150000
v 0.2074919 -0.0746898 -0.0245002
v 0.2097091 -0.0696691 -0.0208336
v 0.2083624 -0.0777804 -0.0350000
v 0.2093832 -0.0792243 -0.0433274
v 0.2137366 -0.0633997 -0.0050000
v 0.2155830 -0.0633259 -0.0156734
v 0.2110278 -0.0711496 -0.0275003
v 0.2146167 -0.0666062 -0.0245002
v 0.2127444 -0.0727804 -0.0350000
v 0.2177444 -0.0679683 -0.0350000
v 0.2146497 -0.0749579 -0.0457389
v 0.2192980 -0.0693966 -0.0414836
v 0.2150334 -0.0762014 -0.0550000
v 0.2257262 -0.0534475 -0.0047597
v 0.2295437 -0.0496457 -0.0012662
v 0.2241023 -0.0568331 -0.0156734
v 0.2211013 -0.0706915 -0.0481503
v 0.2246608 -0.0670479 -0.0448902
v 0.2222273 -0.0712014 -0.0550000
v 0.2272273 -0.0684156 -0.0550000
v 0.2227587 -0.0713450 -0.0650000
v 0.2277586 -0.0689417 -0.0650000
v 0.2224758 -0.0711257 -0.0750000
v 0.2274758 -0.0688936 -0.0750000
v 0.2309282 -0.0505526 -0.0079329
v 0.2345569 -0.0474022 -0.0047597
v 0.2326178 -0.0514674 -0.0150000
v 0.2376177 -0.0485818 -0.0150000
v 0.2328041 -0.0617624 -0.0450000
v 0.2358245 -0.0633298 -0.0542874
v 0.2350000 -0.0655257 -0.0650000
v 0.2350000 -0.0656181 -0.0750000
v 0.2190208 -0.0591635 -0.0088945
v 0.2120247 -0.0778100 -0.0703740
v 0.2201705 -0.0601136 -0.0194557
v 0.2257324 -0.0613606 -0.0331400
v 0.2328107 -0.0551554 -0.0278228
v 0.2387558 -0.0592444 -0.0477395
v 0.1643205 -0.1116327 -0.1048774
v 0.1672009 -0.1089034 -0.1081289
v 0.1605342 -0.1101868 -0.1103508
v 0.1643205 -0.1065414 -0.1142105
v 0.1713172 -0.1107672 -0.1014623
v 0.1747903 -0.1065395 -0.1048774
v 0.1742886 -0.1015374 -0.1140358
v 0.1892202 -0.0992107 -0.0988001
v 0.1869489 -0.0971869 -0.1050000
v 0.1842055 -0.0942629 -0.1136589
v 0.1883660 -0.0879443 -0.1172582
v 0.1816993 -0.0914874 -0.1223779
v 0.1853049 -0.0852833 -0.1252784
v 0.1822437 -0.0826224 -0.1333003
v 0.1978926 -0.0949984 -0.0857124
v 0.1998352 -0.0896605 -0.0895207
v 0.1935681 -0.0955264 -0.0952800
v 0.1986842 -0.0873904 -0.0950000
v 0.1915215 -0.0921869 -0.1050000
v 0.1966921 -0.0841160 -0.1042126
v 0.1902848 -0.0903718 -0.1105915
v 0.1921968 -0.0847666 -0.1143549
v 0.1909182 -0.0812776 -0.1215122
v 0.1713961 -0.1143215 -0.0915777
v 0.1771477 -0.0981541 -0.1167263
v 0.1677405 -0.1008957 -0.1216071
v 0.1716740 -0.0918842 -0.1320772
v 0.1669136 -0.0844525 -0.1472841
v 0.1862320 -0.1063205 -0.0886990
v 0.1809969 -0.1007651 -0.1075298
v 0.1676718 -0.1205443 -0.0813420
v 0.2013335 -0.0850110 -0.0909802
v 0.1889104 -0.0786886 -0.1281789
v 0.1853462 -0.0773048 -0.1359802
v 0.1848461 -0.0726514 -0.1442472
v 0.1880768 -0.0689691 -0.1470786
v 0.1814101 -0.0709331 -0.1515144
v 0.1848461 -0.0674347 -0.1549087
v 0.1948996 -0.0747113 -0.1248258
v 0.1988810 -0.0692824 -0.1281394
v 0.1918641 -0.0716502 -0.1350000
v 0.1968641 -0.0682772 -0.1350000
v 0.1902712 -0.0701783 -0.1404120
v 0.1941627 -0.0671023 -0.1442472
v 0.1950000 -0.0634027 -0.1550000
v 0.2080573 -0.0780924 -0.0850000
v 0.2062759 -0.0767878 -0.0950000
v 0.2048310 -0.0748472 -0.1046738
v 0.2095438 -0.0697132 -0.1089932
v 0.2029273 -0.0722995 -0.1150000
v 0.2079273 -0.0688509 -0.1150000
v 0.2010259 -0.0707340 -0.1214728
v 0.2046156 -0.0675375 -0.1248837
v 0.2050000 -0.0645959 -0.1350000
v 0.2050000 -0.0626028 -0.1450000
v 0.2042152 -0.0607405 -0.1541011
v 0.2150000 -0.0736316 -0.0850000
v 0.2148747 -0.0714908 -0.0942175
v 0.2181245 -0.0691815 -0.0970291
v 0.2114578 -0.0706958 -0.1023265
v 0.2148747 -0.0682985 -0.1053959
v 0.2150000 -0.0656168 -0.1150000
v 0.2150000 -0.0632683 -0.1250000
v 0.2150000 -0.0615958 -0.1350000
v 0.2142592 -0.0603875 -0.1443165
v 0.2104319 -0.0600362 -0.1501685
v 0.2250000 -0.0611809 -0.1250000
v 0.2253294 -0.0603519 -0.1358171
v 0.2350000 -0.0604784 -0.1250000
v 0.2350000 -0.0602018 -0.1328527
v 0.1799710 -0.0799744 -0.1399670
v 0.1742820 -0.0748300 -0.1535681
v 0.2127944 -0.0593772 -0.1527102
v 0.2270010 -0.0676879 -0.0890967
v 0.2300000 -0.0624580 -0.1100000
v 0.2319412 -0.0599162 -0.1387739
v 0.2222157 -0.0600436 -0.1405274
v 0.2300824 -0.0587191 -0.1498291
v 0.1983286 -0.0781490 -0.1110105
v 0.1602604 -0.0801733 -0.1602568
v 0.1650000 -0.0329782 -0.2226988
v 0.1650000 -0.0266648 -0.2276988
v 0.1650000 -0.0216648 -0.2309623
v 0.1650000 -0.0150000 -0.2330643
v 0.1650000 -0.0050000 -0.2355836
v 0.1750000 -0.0329561 -0.2229101
v 0.1750000 -0.0274632 -0.2279101
v 0.1750000 -0.0224632 -0.2316352
v 0.1750000 -0.0150000 -0.2347153
v 0.1755696 -0.0043179 -0.2380960
v 0.1850000 -0.0328887 -0.2231859
v 0.1850000 -0.0280927 -0.2281859
v 0.1850000 -0.0230927 -0.2323464
v 0.1850000 -0.0150000 -0.2365504
v 0.1850000 -0.0075634 -0.2392041
v 0.1950000 -0.0330903 -0.2238223
v 0.1950000 -0.0288833 -0.2288223
v 0.1950000 -0.0238833 -0.2333424
v 0.1943493 -0.0150844 -0.2385835
v 0.1905822 -0.0095547 -0.2398492
v 0.2050326 -0.0332239 -0.2257150
v 0.2017211 -0.0295773 -0.2295250
v 0.2083877 -0.0303712 -0.2304232
v 0.2054066 -0.0249495 -0.2348604
v 0.2150000 -0.0356497 -0.2250000
v 0.2150000 -0.0311423 -0.2313505
v 0.2150000 -0.0263321 -0.2363505
v 0.2246290 -0.0377991 -0.2243148
v 0.2250000 -0.0323296 -0.2329098
v 0.2250000 -0.0280486 -0.2379098
v 0.2350000 -0.0385295 -0.2267112
v 0.2352366 -0.0330773 -0.2355014
v 0.2320610 -0.0292771 -0.2391689
v 0.1687973 -0.0689998 -0.1687785
v 0.1785121 -0.0594820 -0.1788060
v 0.1654102 -0.0608371 -0.1853975
v 0.1714841 -0.0548375 -0.1922623
v 0.1690992 -0.0464833 -0.2060077
v 0.1700000 -0.0379672 -0.2176812
v 0.1878942 -0.0614695 -0.1667800
v 0.1913373 -0.0586115 -0.1718347
v 0.1911298 -0.0508734 -0.1909315
v 0.1900000 -0.0427928 -0.2084142
v 0.1900000 -0.0379895 -0.2168283
v 0.2003587 -0.0600839 -0.1602551
v 0.2098038 -0.0556824 -0.1697883
v 0.2100000 -0.0494498 -0.1892289
v 0.2100000 -0.0424362 -0.2089967
v 0.2100000 -0.0391294 -0.2179933
v 0.2024254 -0.0184739 -0.2392976
v 0.2300000 -0.0550661 -0.1700000
v 0.2309279 -0.0497427 -0.1896018
v 0.2299073 -0.0435441 -0.2102009
v 0.2210484 -0.0398924 -0.2196724
v 0.2313575 -0.0404030 -0.2211179
v 0.2054552 -0.0150844 -0.2416083
v 0.2050000 -0.0050000 -0.2451288
v 0.2150000 -0.0150000 -0.2444636
v 0.2155630 -0.0045567 -0.2482790
v 0.2192717 -0.0009278 -0.2501995
v 0.2247418 -0.0151817 -0.2479312
v 0.2212363 -0.0075944 -0.2494542
v 0.2279029 -0.0119695 -0.2509497
v 0.2247418 -0.0045567 -0.2516068
v 0.2317014 -0.0186362 -0.2492240
v 0.2350209 -0.0151817 -0.2525057
v 0.2350000 -0.0050000 -0.2559942
v 0.1792826 -0.0005299 -0.2401672
v 0.1921994 -0.0067012 -0.2412062
v 0.2120460 -0.0208269 -0.2406648
v 0.2343276 -0.0248288 -0.2447344
v 0.2484688 -0.0592244 -0.0650000
v 0.2493651 -0.0597460 -0.0750000
v 0.2550000 -0.0560373 -0.0650000
v 0.2550000 -0.0576816 -0.0750000
v 0.2611217 -0.0308529 -0.0079970
v 0.2646990 -0.0249771 -0.0052804
v 0.2672469 -0.0150000 -0.0040966
v 0.2669738 -0.0050000 -0.0045913
v 0.2631925 -0.0322378 -0.0150000
v 0.2681925 -0.0279757 -0.0150000
v 0.2647853 -0.0515580 -0.0657088
v 0.2679756 -0.0488553 -0.0628480
v 0.2650000 -0.0538862 -0.0750000
v 0.2704991 -0.0208025 -0.0092305
v 0.2705887 -0.0150000 -0.0090966
v 0.2702675 -0.0050000 -0.0095913
v 0.2723392 -0.0229757 -0.0150000
v 0.2744202 -0.0150000 -0.0150000
v 0.2738158 -0.0050000 -0.0150000
v 0.2788315 -0.0150000 -0.0217217
v 0.2785482 -0.0050000 -0.0221116
v 0.2703704 -0.0501795 -0.0695146
v 0.2742222 -0.0465466 -0.0657088
v 0.2722546 -0.0509506 -0.0750000
v 0.2772546 -0.0486161 -0.0750000
v 0.2815431 -0.0219088 -0.0277296
v 0.2822624 -0.0150000 -0.0267217
v 0.2820411 -0.0050000 -0.0271116
v 0.2806179 -0.0304464 -0.0390653
v 0.2844139 -0.0246894 -0.0357674
v 0.2872625 -0.0150000 -0.0337580
v 0.2870411 -0.0050000 -0.0340013
v 0.2906113 -0.0208034 -0.0391362
v 0.2908965 -0.0150000 -0.0387580
v 0.2907415 -0.0050000 -0.0390013
v 0.2954454 -0.0150000 -0.0450000
v 0.2952210 -0.0050000 -0.0450000
v 0.2995490 -0.0150000 -0.0505929
v 0.2994796 -0.0050000 -0.0506734
v 0.3035131 -0.0150000 -0.0555929
v 0.3034984 -0.0050000 -0.0556734
v 0.3085130 -0.0150000 -0.0616733
v 0.3084984 -0.0050000 -0.0617452
v 0.3129402 -0.0150000 -0.0666733
v 0.3128433 -0.0050000 -0.0667453
v 0.3179402 -0.0150000 -0.0722820
v 0.3178433 -0.0050000 -0.0724708
v 0.2535052 -0.0357940 -0.0072400
v 0.2589030 -0.0375801 -0.0219558
v 0.2419188 -0.0609954 -0.0571457
v 0.2517217 -0.0518633 -0.0481130
v 0.2439169 -0.0616543 -0.0700000
v 0.2715866 -0.0300279 -0.0277587
v 0.2674311 -0.0446359 -0.0525035
v 0.2893423 -0.0292506 -0.0502214
v 0.2933069 -0.0357005 -0.0672915
v 0.3022642 -0.0221911 -0.0571121
v 0.3082771 -0.0279837 -0.0717119
v 0.2491949 -0.0445244 -0.0234000
v 0.2737430 -0.0383301 -0.0465426
v 0.2853531 -0.0417391 -0.0689095
v 0.2495045 -0.0599716 -0.1050000
v 0.2485931 -0.0599369 -0.1150000
v 0.2550000 -0.0593970 -0.1050000
v 0.2550000 -0.0596371 -0.1150000
v 0.2812823 -0.0504342 -0.0879897
v 0.2847694 -0.0482237 -0.0847939
v 0.2847694 -0.0509273 -0.0957078
v 0.2879489 -0.0492663 -0.0928463
v 0.2955261 -0.0430916 -0.0845547
v 0.2905121 -0.0501159 -0.0995130
v 0.2943072 -0.0478251 -0.0957078
v 0.3013829 -0.0502440 -0.1090912
v 0.3048297 -0.0480709 -0.1054547
v 0.3048297 -0.0515281 -0.1145615
v 0.3080495 -0.0496299 -0.1109358
v 0.3157582 -0.0437498 -0.1041417
v 0.3150000 -0.0509232 -0.1176141
v 0.3150000 -0.0487972 -0.1126141
v 0.2482179 -0.0607610 -0.0903970
v 0.2520881 -0.0594725 -0.0903970
v 0.2440488 -0.0603465 -0.1100000
v 0.2420081 -0.0600788 -0.1278876
v 0.2506133 -0.0597332 -0.1298663
v 0.2500000 -0.0584587 -0.1500000
v 0.2719768 -0.0535405 -0.0882234
v 0.2700000 -0.0569284 -0.1100000
v 0.2700000 -0.0584163 -0.1300000
v 0.2700000 -0.0587219 -0.1500000
v 0.2912972 -0.0520949 -0.1085759
v 0.2900000 -0.0566337 -0.1300000
v 0.2916157 -0.0604681 -0.1568038
v 0.2899847 -0.0592412 -0.1488831
v 0.3067600 -0.0417681 -0.0934075
v 0.3100000 -0.0556597 -0.1300000
v 0.3113390 -0.0604051 -0.1522236
v 0.3078964 -0.0594477 -0.1469959
v 0.3116355 -0.0364562 -0.0884496
v 0.3188056 -0.1100000 -0.2374603
v 0.3177891 -0.0900000 -0.2360045
v 0.3199740 -0.1200767 -0.2399523
v 0.3050000 -0.0619598 -0.1650000
v 0.3050000 -0.0617946 -0.1750000
v 0.3050000 -0.0564164 -0.2250000
v 0.3092816 -0.0612922 -0.2386662
v 0.3055690 -0.0573115 -0.2351997
v 0.3150000 -0.0624671 -0.1650000
v 0.3150000 -0.0629103 -0.1750000
v 0.3182697 -0.0619885 -0.2250000
v 0.3132697 -0.0589036 -0.2250000
v 0.3169917 -0.0750000 -0.2358869
v 0.3145919 -0.0652150 -0.2345330
v 0.3115997 -0.0592496 -0.2319995
v 0.2920553 -0.0604676 -0.1687326
v 0.2870046 -0.0593992 -0.1721990
v 0.2983752 -0.0602179 -0.1825092
v 0.2900063 -0.0580686 -0.1901264
v 0.2900000 -0.0546027 -0.2100000
v 0.2873924 -0.0512733 -0.2307067
v 0.3104208 -0.0612897 -0.1901264
v 0.3014440 -0.0597487 -0.1920879
v 0.3140664 -0.0604772 -0.2068793
v 0.3087514 -0.0587804 -0.2105761
v 0.2586592 -0.0542620 -0.1819247
v 0.2623343 -0.0470643 -0.2177451
v 0.2472368 -0.0382590 -0.2331621
v 0.3195369 -0.1314291 -0.2489932
v 0.3188683 -0.1240460 -0.2453959
v 0.3170649 -0.1150000 -0.2450000
v 0.3159495 -0.1050000 -0.2450000
v 0.3154323 -0.0950000 -0.2450000
v 0.3146604 -0.0850000 -0.2450000
v 0.3189344 -0.1348575 -0.2553456
v 0.3168522 -0.1250000 -0.2550000
v 0.3156604 -0.1150000 -0.2550000
v 0.3152185 -0.1050000 -0.2550000
v 0.3151198 -0.0950000 -0.2550000
v 0.3139639 -0.0850000 -0.2550000
v 0.3194510 -0.1418605 -0.2650000
v 0.3180619 -0.1350000 -0.2650000
v 0.3173079 -0.1250000 -0.2650000
v 0.3171645 -0.0950000 -0.2650000
v 0.3158915 -0.0850000 -0.2650000
v 0.3199922 -0.1500083 -0.2799456
v 0.3194352 -0.1450476 -0.2759674
v 0.3189459 -0.1345490 -0.2756450
v 0.3190607 -0.1250000 -0.2730766
v 0.3195883 -0.0950000 -0.2707168
v 0.3188985 -0.0850000 -0.2713237
v 0.3199922 -0.1500083 -0.2800127
v 0.3196299 -0.1450000 -0.2808436
v 0.3197158 -0.1407347 -0.2589093
v 0.3182812 -0.1100000 -0.2682109
v 0.3195143 -0.1375817 -0.2811121
v 0.2450000 -0.0316237 -0.2421176
v 0.2450000 -0.0274343 -0.2471176
v 0.2450000 -0.0224343 -0.2522449
v 0.2450525 -0.0149045 -0.2573020
v 0.2418621 -0.0050000 -0.2591354
v 0.2484208 -0.0115074 -0.2607189
v 0.2468621 -0.0050000 -0.2614292
v 0.2557729 -0.0346840 -0.2445025
v 0.2515973 -0.0291089 -0.2489661
v 0.2582640 -0.0309593 -0.2509920
v 0.2551963 -0.0249196 -0.2549678
v 0.2521285 -0.0181741 -0.2589436
v 0.2552771 -0.0149045 -0.2621317
v 0.2550000 -0.0050000 -0.2652208
v 0.2650000 -0.0378497 -0.2468906
v 0.2650000 -0.0328497 -0.2532022
v 0.2650000 -0.0280026 -0.2582022
v 0.2652124 -0.0150482 -0.2672500
v 0.2622422 -0.0050000 -0.2687916
v 0.2686874 -0.0117470 -0.2707192
v 0.2672422 -0.0050000 -0.2716047
v 0.2709231 -0.0395071 -0.2491485
v 0.2738291 -0.0359882 -0.2559969
v 0.2700683 -0.0299399 -0.2599443
v 0.2710545 -0.0184137 -0.2692494
v 0.2746327 -0.0150482 -0.2730573
v 0.2757361 -0.0047296 -0.2769728
v 0.2893976 -0.0502077 -0.2405747
v 0.2856386 -0.0474168 -0.2443448
v 0.2848182 -0.0426664 -0.2552297
v 0.2880304 -0.0411130 -0.2616981
v 0.2844903 -0.0355713 -0.2654710
v 0.2809501 -0.0290311 -0.2692439
v 0.2876168 -0.0320065 -0.2718376
v 0.2850678 -0.0250238 -0.2750327
v 0.2950117 -0.0518794 -0.2443448
v 0.2916861 -0.0489454 -0.2472414
v 0.2978447 -0.0531532 -0.2550000
v 0.2928447 -0.0475438 -0.2550000
v 0.2987734 -0.0526816 -0.2624573
v 0.2950365 -0.0451973 -0.2654111
v 0.2912996 -0.0386732 -0.2683648
v 0.2979662 -0.0426149 -0.2721744
v 0.2948188 -0.0353278 -0.2753393
v 0.2916715 -0.0276832 -0.2785043
v 0.3094314 -0.0711520 -0.2486701
v 0.3079862 -0.0647753 -0.2452021
v 0.3029092 -0.0571935 -0.2450000
v 0.3086714 -0.0722827 -0.2550000
v 0.3048141 -0.0650000 -0.2550000
v 0.3011427 -0.0581532 -0.2550000
v 0.3087972 -0.0718917 -0.2632209
v 0.3064457 -0.0659494 -0.2659325
v 0.3014250 -0.0556090 -0.2654744
v 0.3004292 -0.0492816 -0.2691240
v 0.3083529 -0.0632489 -0.2718208
v 0.3065866 -0.0550000 -0.2738605
v 0.3041293 -0.0463011 -0.2760838
v 0.3078294 -0.0433207 -0.2816748
v 0.3121867 -0.0746912 -0.2452021
v 0.3109173 -0.0679588 -0.2420035
v 0.3113733 -0.0772827 -0.2550000
v 0.3117556 -0.0751350 -0.2659325
v 0.3100565 -0.0699156 -0.2698876
v 0.3165630 -0.0750000 -0.2728721
v 0.3146955 -0.0653718 -0.2754207
v 0.3120076 -0.0550000 -0.2788604
v 0.3100089 -0.0499873 -0.2799932
v 0.3170076 -0.0550000 -0.2826514
v 0.3143194 -0.0463419 -0.2856669
v 0.3186300 -0.0426965 -0.2923193
v 0.2587952 -0.0207303 -0.2605661
v 0.2733377 -0.0259972 -0.2656034
v 0.2813637 -0.0391360 -0.2587161
v 0.2816353 -0.0114413 -0.2788819
v 0.2941755 -0.0258696 -0.2816368
v 0.2928596 -0.0095009 -0.2869315
v 0.3011627 -0.0386490 -0.2788411
v 0.3193346 -0.0608280 -0.2805427
v 0.3093359 -0.0303644 -0.2907043
v 0.3067807 -0.0117885 -0.2948655
v 0.3188089 -0.0284688 -0.3012041
v 0.3169503 -0.0100000 -0.3024850
v 0.2692731 -0.0411725 -0.2448670
v 0.2795601 -0.0012159 -0.2802940
v 0.3223938 -0.0150000 -0.0772820
v 0.3221919 -0.0050000 -0.0774708
v 0.3216589 -0.0219491 -0.0781483
v 0.3208809 -0.0306233 -0.0888336
v 0.3246032 -0.0249384 -0.0854320
v 0.3273938 -0.0150000 -0.0830933
v 0.3271919 -0.0050000 -0.0832699
v 0.3245285 -0.0329561 -0.0952974
v 0.3275475 -0.0279277 -0.0921624
v 0.3250000 -0.0423001 -0.1067471
v 0.3218050 -0.0503399 -0.1192164
v 0.3250830 -0.0476554 -0.1155298
v 0.3310848 -0.0212611 -0.0886971
v 0.3316259 -0.0150000 -0.0880933
v 0.3315047 -0.0050000 -0.0882699
v 0.3317370 -0.0311613 -0.0988290
v 0.3347442 -0.0248808 -0.0955388
v 0.3366259 -0.0150000 -0.0933560
v 0.3365047 -0.0050000 -0.0935303
v 0.3350000 -0.0407378 -0.1090558
v 0.3350000 -0.0448214 -0.1150000
v 0.3435578 -0.0150000 -0.0983560
v 0.3433761 -0.0050000 -0.0985303
v 0.3440384 -0.0353640 -0.1074509
v 0.3453034 -0.0251003 -0.1017327
v 0.3485578 -0.0150000 -0.1005326
v 0.3483761 -0.0050000 -0.1005453
v 0.3467306 -0.0389400 -0.1110916
v 0.3450000 -0.0514876 -0.1276500
v 0.3450000 -0.0481733 -0.1226500
v 0.3450000 -0.0561456 -0.1350000
v 0.3450000 -0.0623823 -0.1457329
v 0.3494435 -0.0702332 -0.1594154
v 0.3456661 -0.0672006 -0.1556492
v 0.3550000 -0.0327510 -0.1081158
v 0.3550000 -0.0250000 -0.1045669
v 0.3550000 -0.0150000 -0.1026064
v 0.3550000 -0.0050000 -0.1024765
v 0.3550000 -0.0377510 -0.1120099
v 0.3550000 -0.0517975 -0.1278662
v 0.3550000 -0.0475568 -0.1228662
v 0.3541265 -0.0574008 -0.1353100
v 0.3597845 -0.0700760 -0.1498776
v 0.3549976 -0.0648990 -0.1449868
v 0.3558707 -0.0708851 -0.1556492
v 0.3531178 -0.0687967 -0.1527487
v 0.3650000 -0.0319666 -0.1088654
v 0.3650000 -0.0250000 -0.1064061
v 0.3650000 -0.0369666 -0.1123305
v 0.3650000 -0.0702516 -0.1495282
v 0.3650000 -0.0669324 -0.1445282
v 0.3650000 -0.0721084 -0.1550000
v 0.3750000 -0.0315228 -0.1092326
v 0.3750000 -0.0250000 -0.1073452
v 0.3750000 -0.0365228 -0.1123030
v 0.3750000 -0.0703140 -0.1493992
v 0.3750000 -0.0672640 -0.1443992
v 0.3750000 -0.0723128 -0.1550000
v 0.3850000 -0.0307948 -0.1096409
v 0.3850000 -0.0250000 -0.1082778
v 0.3850000 -0.0357948 -0.1123717
v 0.3809828 -0.0701592 -0.1497055
v 0.3845897 -0.0672286 -0.1458233
v 0.3845897 -0.0711364 -0.1549803
v 0.3876495 -0.0696158 -0.1516339
v 0.3907691 -0.0302568 -0.1098955
v 0.3944615 -0.0244075 -0.1094457
v 0.3944615 -0.0341541 -0.1125001
v 0.3974358 -0.0273458 -0.1103654
v 0.3950000 -0.0646575 -0.1450000
v 0.3910540 -0.0703795 -0.1583006
v 0.3946324 -0.0684597 -0.1549803
v 0.3328153 -0.0338083 -0.1020650
v 0.3305925 -0.0522695 -0.1272713
v 0.3300000 -0.0614225 -0.1517262
v 0.3300000 -0.0590100 -0.1434524
v 0.3421723 -0.0218338 -0.0989151
v 0.3463674 -0.0417074 -0.1138820
v 0.3568774 -0.0610013 -0.1388500
v 0.3476054 -0.0597980 -0.1404145
v 0.3700000 -0.0100000 -0.1057824
v 0.3700000 -0.0620982 -0.1377998
v 0.3700000 -0.0522313 -0.1278133
v 0.3921776 -0.0096252 -0.1092935
v 0.3900000 -0.0613984 -0.1383306
v 0.3900000 -0.0520366 -0.1281327
v 0.3800000 -0.0424180 -0.1174641
v 0.3298004 -0.1105145 -0.2198270
v 0.3296358 -0.1050000 -0.2196826
v 0.3297152 -0.0950000 -0.2197458
v 0.3299061 -0.0892324 -0.2199113
v 0.3298327 -0.1302382 -0.2297926
v 0.3288034 -0.1250000 -0.2283612
v 0.3274566 -0.1143087 -0.2248134
v 0.3253837 -0.1050000 -0.2250000
v 0.3252804 -0.0950000 -0.2250000
v 0.3265803 -0.0855394 -0.2242064
v 0.3295479 -0.1404433 -0.2394797
v 0.3283348 -0.1341429 -0.2356878
v 0.3237492 -0.1240460 -0.2359714
v 0.3219705 -0.1150000 -0.2335059
v 0.3207478 -0.1050000 -0.2314148
v 0.3205653 -0.0950000 -0.2308976
v 0.3207958 -0.0850000 -0.2311115
v 0.3350000 -0.1117371 -0.2196592
v 0.3350000 -0.1050000 -0.2189644
v 0.3350000 -0.0950000 -0.2184217
v 0.3357389 -0.0855394 -0.2192657
v 0.3350000 -0.1309062 -0.2290326
v 0.3350000 -0.1250000 -0.2252788
v 0.3350000 -0.1167371 -0.2212461
v 0.3328982 -0.0825657 -0.2203441
v 0.3322154 -0.1404433 -0.2394797
v 0.3353292 -0.1365389 -0.2356878
v 0.3409293 -0.1309700 -0.2289176
v 0.3423563 -0.1250000 -0.2269175
v 0.3426220 -0.1150810 -0.2241835
v 0.3437775 -0.1050000 -0.2250000
v 0.3457079 -0.0950000 -0.2250000
v 0.3459128 -0.0850000 -0.2250000
v 0.3419633 -0.1329949 -0.2350000
v 0.3453018 -0.1250000 -0.2350000
v 0.3462990 -0.1150000 -0.2350000
v 0.3465443 -0.1050000 -0.2350000
v 0.3488645 -0.0949167 -0.2340134
v 0.3498186 -0.0850000 -0.2302587
v 0.3507585 -0.0915278 -0.2366891
v 0.3524414 -0.0850000 -0.2352587
v 0.3405297 -0.1084008 -0.2195002
v 0.3413418 -0.0900000 -0.2189123
v 0.3250000 -0.0632368 -0.1650000
v 0.3250000 -0.0645999 -0.1750000
v 0.3250000 -0.0649056 -0.1850000
v 0.3250000 -0.0648069 -0.1950000
v 0.3250000 -0.0642562 -0.2050000
v 0.3250000 -0.0640250 -0.2150000
v 0.3257082 -0.0750000 -0.2256886
v 0.3242172 -0.0672028 -0.2243444
v 0.3207082 -0.0750000 -0.2308869
v 0.3203619 -0.0691378 -0.2303997
v 0.3350000 -0.0659688 -0.1650000
v 0.3386236 -0.0707712 -0.1770333
v 0.3351742 -0.0682719 -0.1742200
v 0.3382955 -0.0708602 -0.1850000
v 0.3332954 -0.0683906 -0.1850000
v 0.3392133 -0.0703159 -0.1950000
v 0.3342133 -0.0685048 -0.1950000
v 0.3398474 -0.0700455 -0.2005049
v 0.3359084 -0.0684954 -0.2043029
v 0.3395649 -0.0796867 -0.2199542
v 0.3350000 -0.0680649 -0.2150000
v 0.3357389 -0.0758120 -0.2208418
v 0.3350000 -0.0692159 -0.2207942
v 0.3472564 -0.0710895 -0.1650000
v 0.3422564 -0.0690429 -0.1650000
v 0.3441390 -0.0721863 -0.1742200
v 0.3402316 -0.0698993 -0.1703667
v 0.3450000 -0.0733686 -0.1850000
v 0.3450000 -0.0726618 -0.1950000
v 0.3443631 -0.0715666 -0.2043029
v 0.3406052 -0.0697468 -0.2071715
v 0.3437004 -0.0749290 -0.2171232
v 0.3414333 -0.0695110 -0.2150000
v 0.3413058 -0.0730200 -0.2204849
v 0.3478913 -0.0744111 -0.2259993
v 0.3499997 -0.0699998 -0.2299989
v 0.3413058 -0.0696013 -0.2204849
v 0.3498216 -0.0750000 -0.2302421
v 0.3499997 -0.0699998 -0.2300003
v 0.3550000 -0.0730770 -0.1650000
v 0.3550000 -0.0746209 -0.1750000
v 0.3550000 -0.0752172 -0.1850000
v 0.3550000 -0.0747283 -0.1950000
v 0.3550000 -0.0736616 -0.2050000
v 0.3550000 -0.0722733 -0.2150000
v 0.3550000 -0.0707161 -0.2245779
v 0.3550000 -0.0699600 -0.2295779
v 0.3554980 -0.0742621 -0.2349291
v 0.3550000 -0.0699600 -0.2309195
v 0.3650000 -0.0740933 -0.1650000
v 0.3650000 -0.0747234 -0.1750000
v 0.3615045 -0.0702697 -0.2227716
v 0.3649027 -0.0694569 -0.2256629
v 0.3603362 -0.0704368 -0.2378924
v 0.3642017 -0.0691613 -0.2347354
v 0.3750000 -0.0739502 -0.1650000
v 0.3750000 -0.0739800 -0.1750000
v 0.3750000 -0.0681372 -0.2250000
v 0.3750000 -0.0681906 -0.2350000
v 0.3850000 -0.0724993 -0.1650000
v 0.3850000 -0.0722594 -0.1750000
v 0.3800405 -0.0700071 -0.2000436
v 0.3840243 -0.0690327 -0.2040262
v 0.3850000 -0.0679114 -0.2150000
v 0.3898070 -0.0700376 -0.2298308
v 0.3858842 -0.0685967 -0.2258985
v 0.3895003 -0.0700856 -0.2350000
v 0.3845003 -0.0691992 -0.2350000
v 0.3919128 -0.0706549 -0.1650000
v 0.3969128 -0.0689167 -0.1650000
v 0.3916162 -0.0705363 -0.1750000
v 0.3966162 -0.0688553 -0.1750000
v 0.3950000 -0.0682735 -0.2050000
v 0.3950000 -0.0685546 -0.2150000
v 0.3950000 -0.0702890 -0.2282274
v 0.3950000 -0.0693348 -0.2232274
v 0.3950000 -0.0708683 -0.2350000
v 0.3700000 -0.0737268 -0.1900000
v 0.3707199 -0.0703042 -0.2105267
v 0.3891000 -0.0697491 -0.1892845
v 0.3276873 -0.1426146 -0.2450000
v 0.3228563 -0.1348575 -0.2453959
v 0.3211775 -0.1267434 -0.2423265
v 0.3280675 -0.1514707 -0.2571035
v 0.3243846 -0.1452221 -0.2546731
v 0.3207018 -0.1380958 -0.2522427
v 0.3265547 -0.1523276 -0.2650000
v 0.3215547 -0.1468605 -0.2650000
v 0.3244033 -0.1518028 -0.2759674
v 0.3206721 -0.1484127 -0.2732790
v 0.3201925 -0.1309150 -0.2794083
v 0.3206546 -0.1250000 -0.2780766
v 0.3250000 -0.1510290 -0.2817972
v 0.3247696 -0.1454843 -0.2861050
v 0.3220474 -0.1345490 -0.2846673
v 0.3241766 -0.1250000 -0.2850000
v 0.3267413 -0.1144978 -0.2858537
v 0.3271804 -0.1050000 -0.2837911
v 0.3278811 -0.0950000 -0.2823858
v 0.3284779 -0.0850000 -0.2814303
v 0.3279493 -0.1424738 -0.2916876
v 0.3274148 -0.1350000 -0.2924208
v 0.3285219 -0.1250000 -0.2916619
v 0.3294254 -0.1174963 -0.2906758
v 0.3353292 -0.1426758 -0.2444536
v 0.3388821 -0.1396899 -0.2407560
v 0.3326002 -0.1514707 -0.2571035
v 0.3355601 -0.1478113 -0.2542621
v 0.3343934 -0.1523276 -0.2650000
v 0.3393933 -0.1491937 -0.2650000
v 0.3346829 -0.1522473 -0.2750000
v 0.3396829 -0.1497587 -0.2750000
v 0.3329863 -0.1513637 -0.2823836
v 0.3357918 -0.1479585 -0.2854301
v 0.3302608 -0.1108296 -0.2897561
v 0.3311732 -0.1050000 -0.2887911
v 0.3347820 -0.0942781 -0.2877477
v 0.3350756 -0.0857072 -0.2869833
v 0.3350000 -0.1426314 -0.2919397
v 0.3350000 -0.1350000 -0.2948881
v 0.3350000 -0.1250000 -0.2956150
v 0.3341565 -0.1144978 -0.2932904
v 0.3361731 -0.1050000 -0.2925655
v 0.3379701 -0.0971302 -0.2914922
v 0.3373195 -0.0839985 -0.2950000
v 0.3406046 -0.1409735 -0.2474227
v 0.3423080 -0.1358139 -0.2444536
v 0.3456534 -0.1250000 -0.2450000
v 0.3482734 -0.0968857 -0.2450000
v 0.3411602 -0.1424819 -0.2550000
v 0.3438700 -0.1350000 -0.2550000
v 0.3459039 -0.1250000 -0.2550000
v 0.3484149 -0.0976530 -0.2526951
v 0.3456605 -0.1350000 -0.2650000
v 0.3482597 -0.1247370 -0.2656029
v 0.3485305 -0.1150000 -0.2630413
v 0.3491722 -0.1077195 -0.2613836
v 0.3479850 -0.1342436 -0.2755073
v 0.3495048 -0.1278949 -0.2725121
v 0.3422675 -0.1430928 -0.2850000
v 0.3474396 -0.1342436 -0.2845047
v 0.3493760 -0.1286049 -0.2875078
v 0.3402780 -0.0904636 -0.2897319
v 0.3402780 -0.0895120 -0.2897319
v 0.3409271 -0.1410347 -0.2908987
v 0.3427273 -0.1350000 -0.2924673
v 0.3456256 -0.1251630 -0.2937636
v 0.3450000 -0.1150000 -0.2955488
v 0.3450000 -0.1050000 -0.2952361
v 0.3438858 -0.0945862 -0.2950657
v 0.3408287 -0.0889985 -0.2950000
v 0.3461387 -0.0933582 -0.3050000
v 0.3411388 -0.0886653 -0.3050000
v 0.3473581 -0.0924355 -0.3127834
v 0.3445596 -0.0857104 -0.3156573
v 0.3522672 -0.0918856 -0.2450000
v 0.3573118 -0.0857189 -0.2444958
v 0.3548495 -0.0946106 -0.2550478
v 0.3589311 -0.0895315 -0.2507338
v 0.3503400 -0.1212283 -0.2693382
v 0.3516136 -0.1150000 -0.2680413
v 0.3546230 -0.1047128 -0.2649486
v 0.3501676 -0.1304061 -0.2791788
v 0.3513280 -0.1247370 -0.2755073
v 0.3563143 -0.1143398 -0.2755147
v 0.3584782 -0.1083727 -0.2725245
v 0.3501676 -0.1304061 -0.2808412
v 0.3515928 -0.1251630 -0.2845047
v 0.3568038 -0.1143398 -0.2845165
v 0.3590291 -0.1050000 -0.2880192
v 0.3598529 -0.0999246 -0.2898314
v 0.3507814 -0.1219383 -0.2910019
v 0.3522255 -0.1150000 -0.2919426
v 0.3562678 -0.1030079 -0.2946519
v 0.3598529 -0.0999246 -0.2906269
v 0.3525862 -0.0987088 -0.2986393
v 0.3580400 -0.1009284 -0.3050000
v 0.3530400 -0.0983582 -0.3050000
v 0.3581339 -0.1008861 -0.3121493
v 0.3544547 -0.0957447 -0.3157997
v 0.3507755 -0.0890195 -0.3194500
v 0.3621626 -0.0828649 -0.2474930
v 0.3616205 -0.0915681 -0.2574005
v 0.3641092 -0.0857189 -0.2544403
v 0.3612871 -0.1017060 -0.2685137
v 0.3636571 -0.0949409 -0.2651082
v 0.3677249 -0.0850000 -0.2650000
v 0.3603014 -0.1105663 -0.2791911
v 0.3617473 -0.1050236 -0.2755147
v 0.3661662 -0.0950000 -0.2750000
v 0.3682410 -0.0850000 -0.2750000
v 0.3603014 -0.1105663 -0.2808608
v 0.3612188 -0.1050000 -0.2830192
v 0.3652068 -0.0963943 -0.2854146
v 0.3690307 -0.0850000 -0.2810014
v 0.3650000 -0.1013735 -0.2959212
v 0.3650000 -0.0995915 -0.2909212
v 0.3650000 -0.1034644 -0.3050000
v 0.3648618 -0.1021230 -0.3152896
v 0.3750000 -0.0937496 -0.2875257
v 0.3750000 -0.0850000 -0.2841791
v 0.3750000 -0.1022625 -0.2961504
v 0.3750000 -0.0987496 -0.2911503
v 0.3750000 -0.1055577 -0.3050000
v 0.3750000 -0.1050451 -0.3150000
v 0.3850000 -0.0924743 -0.2889870
v 0.3857137 -0.0847417 -0.2883098
v 0.3850000 -0.0974743 -0.2915727
v 0.3895228 -0.0812361 -0.2902778
v 0.3850000 -0.1060354 -0.3050000
v 0.3850000 -0.1063521 -0.3150000
v 0.3915427 -0.0911637 -0.2896128
v 0.3915427 -0.0879028 -0.2896128
v 0.3949256 -0.0946982 -0.2923719
v 0.3949256 -0.0847417 -0.2908963
v 0.3950000 -0.1051093 -0.3050000
v 0.3950000 -0.1057454 -0.3150000
v 0.3217690 -0.1100000 -0.2764217
v 0.3231795 -0.0900000 -0.2760203
v 0.3379761 -0.0830333 -0.3084323
v 0.3473719 -0.1081369 -0.2519958
v 0.3424200 -0.1444762 -0.2700000
v 0.3574346 -0.0982348 -0.2618470
v 0.3614364 -0.0990539 -0.3188160
v 0.3900000 -0.1019568 -0.2970876
v 0.3234835 -0.0750000 -0.2778721
v 0.3220715 -0.0674947 -0.2790207
v 0.3285177 -0.0744198 -0.2844148
v 0.3239143 -0.0644968 -0.2843256
v 0.3213457 -0.0550000 -0.2876514
v 0.3202269 -0.0493631 -0.2896591
v 0.3290786 -0.0715381 -0.2950000
v 0.3264155 -0.0650000 -0.2950000
v 0.3232967 -0.0550000 -0.2950000
v 0.3210408 -0.0456179 -0.2953916
v 0.3292198 -0.0713511 -0.3018590
v 0.3280763 -0.0650000 -0.3037941
v 0.3269509 -0.0550000 -0.3045420
v 0.3261308 -0.0450000 -0.3045448
v 0.3242730 -0.0351626 -0.3042224
v 0.3256081 -0.0252632 -0.3072186
v 0.3239001 -0.0150000 -0.3073852
v 0.3237059 -0.0050000 -0.3075848
v 0.3293469 -0.0221054 -0.3103347
v 0.3289001 -0.0150000 -0.3105794
v 0.3287059 -0.0050000 -0.3106990
v 0.3317927 -0.0773663 -0.2873579
v 0.3323195 -0.0765381 -0.2950000
v 0.3323343 -0.0748107 -0.3051154
v 0.3306014 -0.0650000 -0.3087941
v 0.3305182 -0.0550000 -0.3095420
v 0.3306259 -0.0450000 -0.3095448
v 0.3306039 -0.0350000 -0.3097380
v 0.3305586 -0.0287721 -0.3097804
v 0.3369429 -0.0750000 -0.3134665
v 0.3356014 -0.0650000 -0.3139414
v 0.3355182 -0.0550000 -0.3131636
v 0.3356259 -0.0450000 -0.3122293
v 0.3356039 -0.0350000 -0.3116531
v 0.3343352 -0.0252632 -0.3112641
v 0.3350000 -0.0150000 -0.3120259
v 0.3350000 -0.0050000 -0.3126340
v 0.3424584 -0.0750000 -0.3184665
v 0.3449101 -0.0643856 -0.3190736
v 0.3450000 -0.0550000 -0.3171261
v 0.3450000 -0.0450000 -0.3147071
v 0.3450000 -0.0350000 -0.3130429
v 0.3450000 -0.0250000 -0.3124635
v 0.3450000 -0.0150000 -0.3128389
v 0.3450000 -0.0050000 -0.3135248
v 0.3550000 -0.0617870 -0.3192591
v 0.3550000 -0.0550000 -0.3166113
v 0.3550000 -0.0450000 -0.3133799
v 0.3550000 -0.0350000 -0.3117112
v 0.3550000 -0.0250000 -0.3116509
v 0.3550000 -0.0150000 -0.3119740
v 0.3550000 -0.0050000 -0.3120933
v 0.3627875 -0.0742621 -0.2444958
v 0.3668623 -0.0685999 -0.2450000
v 0.3665443 -0.0750000 -0.2550000
v 0.3676231 -0.0676191 -0.2550000
v 0.3657226 -0.0750000 -0.2650000
v 0.3670359 -0.0647253 -0.2656600
v 0.3695883 -0.0597771 -0.2694334
v 0.3676989 -0.0755259 -0.2752931
v 0.3677820 -0.0650000 -0.2718391
v 0.3695883 -0.0597771 -0.2702969
v 0.3696176 -0.0792099 -0.2803374
v 0.3682470 -0.0524275 -0.3083107
v 0.3663541 -0.0450000 -0.3068064
v 0.3655293 -0.0350000 -0.3065805
v 0.3659683 -0.0250000 -0.3074054
v 0.3662464 -0.0150000 -0.3079764
v 0.3661717 -0.0050000 -0.3081608
v 0.3650000 -0.0634255 -0.3172941
v 0.3649482 -0.0554565 -0.3124675
v 0.3613541 -0.0450000 -0.3109021
v 0.3605293 -0.0350000 -0.3103214
v 0.3609684 -0.0250000 -0.3105165
v 0.3612464 -0.0150000 -0.3105817
v 0.3611718 -0.0050000 -0.3105034
v 0.3750000 -0.0676555 -0.2450000
v 0.3750000 -0.0656982 -0.2550000
v 0.3750000 -0.0620870 -0.2640202
v 0.3750000 -0.0594784 -0.2690202
v 0.3712535 -0.0725432 -0.2788218
v 0.3724925 -0.0650000 -0.2768390
v 0.3752419 -0.0584261 -0.2741782
v 0.3747521 -0.0755259 -0.2832420
v 0.3772693 -0.0658973 -0.2859193
v 0.3779318 -0.0548434 -0.2849854
v 0.3790857 -0.0450000 -0.2885282
v 0.3797566 -0.0395278 -0.2897286
v 0.3781143 -0.0638537 -0.2950000
v 0.3757072 -0.0550000 -0.2950000
v 0.3754468 -0.0450000 -0.2950000
v 0.3772361 -0.0357167 -0.2950052
v 0.3779672 -0.0250000 -0.2981253
v 0.3769789 -0.0630376 -0.3050000
v 0.3722428 -0.0554565 -0.3049864
v 0.3713611 -0.0450000 -0.3018064
v 0.3717277 -0.0350000 -0.3015805
v 0.3729672 -0.0250000 -0.3024054
v 0.3737849 -0.0150000 -0.3029764
v 0.3743511 -0.0050000 -0.3031608
v 0.3778933 -0.0708295 -0.3188324
v 0.3742524 -0.0657840 -0.3147066
v 0.3706115 -0.0590942 -0.3105808
v 0.3895267 -0.0700765 -0.2425564
v 0.3857160 -0.0692302 -0.2455338
v 0.3850000 -0.0671630 -0.2550000
v 0.3853691 -0.0623590 -0.2655562
v 0.3822819 -0.0595275 -0.2692602
v 0.3889485 -0.0602220 -0.2702661
v 0.3858263 -0.0554665 -0.2750139
v 0.3893708 -0.0494439 -0.2797616
v 0.3822167 -0.0750000 -0.2887995
v 0.3800995 -0.0698289 -0.2898655
v 0.3827041 -0.0514056 -0.2816423
v 0.3856224 -0.0456663 -0.2834973
v 0.3851788 -0.0357167 -0.2879491
v 0.3888330 -0.0250000 -0.2891983
v 0.3870996 -0.0742833 -0.2941667
v 0.3817324 -0.0688537 -0.2950000
v 0.3819646 -0.0328611 -0.2916753
v 0.3838330 -0.0250000 -0.2931253
v 0.3891026 -0.0703711 -0.3050000
v 0.3841026 -0.0680376 -0.3050000
v 0.3859558 -0.0712683 -0.3152995
v 0.3832597 -0.0687407 -0.3121658
v 0.3942339 -0.0705726 -0.2455338
v 0.3903899 -0.0699761 -0.2492231
v 0.3970565 -0.0701820 -0.2505515
v 0.3942339 -0.0686998 -0.2543309
v 0.3950000 -0.0637430 -0.2650000
v 0.3950000 -0.0603503 -0.2703802
v 0.3950000 -0.0550000 -0.2745917
v 0.3950000 -0.0483373 -0.2792115
v 0.3950000 -0.0433373 -0.2814043
v 0.3950000 -0.0350000 -0.2840070
v 0.3950000 -0.0250000 -0.2858985
v 0.3950000 -0.0756543 -0.2957579
v 0.3943075 -0.0705370 -0.3054581
v 0.3971792 -0.0698726 -0.3090968
v 0.3943075 -0.0714605 -0.3142594
v 0.3971792 -0.0698726 -0.3104324
v 0.3204551 -0.0386043 -0.2989860
v 0.3591633 -0.0771035 -0.2408264
v 0.3790680 -0.0100000 -0.2992133
v 0.3902907 -0.0109311 -0.2905239
v 0.3484277 -0.0823529 -0.3209157
v 0.3574422 -0.0923873 -0.3212830
v 0.3544653 -0.0854117 -0.3222807
v 0.3648618 -0.0954323 -0.3225440
v 0.3650000 -0.0850000 -0.3250607
v 0.3750000 -0.0950000 -0.3253404
v 0.3750000 -0.0850000 -0.3261791
v 0.3850000 -0.0950000 -0.3264991
v 0.3850000 -0.0850000 -0.3266879
v 0.3950000 -0.0950000 -0.3265909
v 0.3950000 -0.0850000 -0.3270203
v 0.3715515 -0.1012502 -0.3212411
v 0.3900000 -0.1024332 -0.3224876
v 0.3474584 -0.0750000 -0.3210930
v 0.3481835 -0.0673093 -0.3205417
v 0.3550000 -0.0750000 -0.3228171
v 0.3550000 -0.0667870 -0.3209284
v 0.3650000 -0.0750000 -0.3232398
v 0.3650000 -0.0684255 -0.3207977
v 0.3747360 -0.0744977 -0.3222783
v 0.3712266 -0.0694940 -0.3203673
v 0.3900000 -0.0766885 -0.3227966
v 0.4004274 -0.0206792 -0.1099114
v 0.4050000 -0.0350000 -0.1150992
v 0.4042564 -0.0244075 -0.1112058
v 0.4045076 -0.0618448 -0.1450342
v 0.4075127 -0.0590615 -0.1417236
v 0.4050000 -0.0650738 -0.1550000
v 0.4142340 -0.0353377 -0.1175744
v 0.4150000 -0.0250000 -0.1134877
v 0.4120924 -0.0608023 -0.1483903
v 0.4152555 -0.0579009 -0.1450342
v 0.4152555 -0.0616318 -0.1550140
v 0.4187591 -0.0595157 -0.1516900
v 0.4250000 -0.0324572 -0.1181879
v 0.4250000 -0.0250000 -0.1155407
v 0.4250000 -0.0374572 -0.1225638
v 0.4250000 -0.0545421 -0.1450000
v 0.4246953 -0.0582043 -0.1550140
v 0.4323075 -0.0310467 -0.1192024
v 0.4353845 -0.0254887 -0.1180688
v 0.4360610 -0.0354933 -0.1247007
v 0.4389742 -0.0291478 -0.1204195
v 0.4398144 -0.0399400 -0.1300585
v 0.4346131 -0.0515687 -0.1449364
v 0.4376886 -0.0493455 -0.1415607
v 0.4350000 -0.0542824 -0.1550000
v 0.4450000 -0.0150000 -0.1181964
v 0.4450000 -0.0050000 -0.1186541
v 0.4450000 -0.0342239 -0.1264417
v 0.4450000 -0.0270870 -0.1214417
v 0.4450000 -0.0392239 -0.1307358
v 0.4417248 -0.0506651 -0.1482274
v 0.4450349 -0.0483207 -0.1449364
v 0.4426970 -0.0511638 -0.1550000
v 0.4476970 -0.0490485 -0.1550000
v 0.4546005 -0.0152247 -0.1193775
v 0.4550000 -0.0050000 -0.1190534
v 0.4550000 -0.0328977 -0.1277924
v 0.4546005 -0.0241810 -0.1224228
v 0.4550000 -0.0378977 -0.1319887
v 0.4550000 -0.0456296 -0.1450000
v 0.4550000 -0.0468420 -0.1550000
v 0.4650000 -0.0135053 -0.1192370
v 0.4650000 -0.0050000 -0.1184259
v 0.4650000 -0.0325954 -0.1282161
v 0.4650000 -0.0250000 -0.1235766
v 0.4650000 -0.0375954 -0.1322822
v 0.4650000 -0.0447711 -0.1450000
v 0.4650000 -0.0456610 -0.1550000
v 0.4750000 -0.0142923 -0.1190118
v 0.4750000 -0.0050000 -0.1178526
v 0.4750000 -0.0323785 -0.1283878
v 0.4750000 -0.0250000 -0.1235640
v 0.4750000 -0.0373785 -0.1323040
v 0.4750000 -0.0454712 -0.1450000
v 0.4750000 -0.0464328 -0.1550000
v 0.4079368 -0.0118835 -0.1120307
v 0.4008461 -0.0603088 -0.1395605
v 0.4097691 -0.0496831 -0.1301724
v 0.4170566 -0.0388962 -0.1211033
v 0.4300000 -0.0100000 -0.1160637
v 0.4290980 -0.0462169 -0.1337300
v 0.4211589 -0.0604382 -0.1583566
v 0.4480004 -0.0211943 -0.1195401
v 0.4500000 -0.0427700 -0.1363623
v 0.4576675 -0.0187079 -0.1203148
v 0.4700000 -0.0418732 -0.1372931
v 0.4700000 -0.0188988 -0.1202683
v 0.4076950 -0.0405517 -0.1194563
v 0.4050000 -0.0672781 -0.2050000
v 0.4050000 -0.0686029 -0.2150000
v 0.4050000 -0.0703265 -0.2274143
v 0.4050000 -0.0697561 -0.2224143
v 0.4050000 -0.0716143 -0.2350000
v 0.4150000 -0.0643778 -0.2050000
v 0.4150000 -0.0661713 -0.2150000
v 0.4102930 -0.0700877 -0.2287466
v 0.4141758 -0.0684020 -0.2252480
v 0.4123658 -0.0708317 -0.2350000
v 0.4173658 -0.0690507 -0.2350000
v 0.4271376 -0.0583414 -0.2050000
v 0.4277333 -0.0582253 -0.2150000
v 0.4285955 -0.0584493 -0.2250000
v 0.4291712 -0.0589965 -0.2350000
v 0.4357623 -0.0528261 -0.2049225
v 0.4396038 -0.0495560 -0.2082041
v 0.4336057 -0.0532253 -0.2150000
v 0.4386057 -0.0481831 -0.2150000
v 0.4328268 -0.0534493 -0.2250000
v 0.4378268 -0.0467959 -0.2250000
v 0.4331478 -0.0539965 -0.2350000
v 0.4381478 -0.0468332 -0.2350000
v 0.4417231 -0.0509043 -0.1850000
v 0.4467231 -0.0481694 -0.1850000
v 0.4408694 -0.0505854 -0.1950000
v 0.4458694 -0.0467654 -0.1950000
v 0.4403247 -0.0502548 -0.2015374
v 0.4446345 -0.0450781 -0.2047123
v 0.4489443 -0.0389709 -0.2078871
v 0.4424568 -0.0431831 -0.2150000
v 0.4474568 -0.0372936 -0.2150000
v 0.4465691 -0.0344524 -0.2249898
v 0.4493424 -0.0290270 -0.2283162
v 0.4437986 -0.0350000 -0.2350000
v 0.4477500 -0.0254162 -0.2352720
v 0.4490667 -0.0175513 -0.2387866
v 0.4550000 -0.0442218 -0.1850000
v 0.4545319 -0.0415187 -0.1942292
v 0.4508865 -0.0406002 -0.2012204
v 0.4545319 -0.0366700 -0.2047323
v 0.4546138 -0.0319862 -0.2143017
v 0.4576897 -0.0282955 -0.2171695
v 0.4510230 -0.0307539 -0.2216496
v 0.4549108 -0.0253279 -0.2251703
v 0.4587985 -0.0181278 -0.2286910
v 0.4521318 -0.0223603 -0.2321199
v 0.4546057 -0.0145062 -0.2347787
v 0.4559122 -0.0050000 -0.2365275
v 0.4650000 -0.0444294 -0.1650000
v 0.4650000 -0.0429814 -0.1750000
v 0.4643317 -0.0411070 -0.1847015
v 0.4672195 -0.0390889 -0.1878359
v 0.4605528 -0.0401773 -0.1903821
v 0.4643317 -0.0369128 -0.1942292
v 0.4685929 -0.0180009 -0.2186462
v 0.4647124 -0.0147310 -0.2247508
v 0.4667336 -0.0050000 -0.2268402
v 0.4608319 -0.0114612 -0.2307708
v 0.4617335 -0.0050000 -0.2315275
v 0.4750000 -0.0442011 -0.1650000
v 0.4750000 -0.0418182 -0.1750000
v 0.4750000 -0.0405163 -0.1812359
v 0.4750000 -0.0380369 -0.1862359
v 0.4747770 -0.0327529 -0.1953042
v 0.4779617 -0.0290047 -0.1988403
v 0.4790723 -0.0188943 -0.2092712
v 0.4749635 -0.0151143 -0.2149395
v 0.4769610 -0.0050000 -0.2173629
v 0.4708547 -0.0113342 -0.2208105
v 0.4719610 -0.0050000 -0.2218402
v 0.4100000 -0.0642433 -0.1700000
v 0.4100000 -0.0646248 -0.1900000
v 0.4208319 -0.0603253 -0.1700000
v 0.4304160 -0.0563491 -0.1700000
v 0.4214254 -0.0606255 -0.1900000
v 0.4307127 -0.0563345 -0.1900000
v 0.4224355 -0.0616239 -0.2100000
v 0.4238834 -0.0635812 -0.2300000
v 0.4482370 -0.0486282 -0.1700000
v 0.4575531 -0.0385601 -0.1970488
v 0.4410578 -0.0418145 -0.2300000
v 0.4679209 -0.0275493 -0.2078957
v 0.4619262 -0.0216288 -0.2220243
v 0.4049861 -0.0953503 -0.2966144
v 0.4050000 -0.0850000 -0.2930511
v 0.4049861 -0.1021959 -0.3049646
v 0.4083102 -0.0989172 -0.3016076
v 0.4050000 -0.1036456 -0.3150000
v 0.4126742 -0.0922505 -0.2982354
v 0.4156045 -0.0843140 -0.2976620
v 0.4114800 -0.1008656 -0.3082743
v 0.4154104 -0.0954642 -0.3044710
v 0.4193408 -0.0871901 -0.3006678
v 0.4122635 -0.1011964 -0.3150000
v 0.4172635 -0.0982396 -0.3150000
v 0.4223970 -0.0920113 -0.3073345
v 0.4245930 -0.0846293 -0.3047628
v 0.4254382 -0.0927360 -0.3154838
v 0.4290637 -0.0887352 -0.3124730
v 0.4315172 -0.0820686 -0.3088579
v 0.4303268 -0.0902405 -0.3191397
v 0.4342554 -0.0846343 -0.3158408
v 0.4016435 -0.1007980 -0.2989720
v 0.4201223 -0.0805234 -0.2999179
v 0.4403767 -0.0805333 -0.3192086
v 0.4050000 -0.0718496 -0.2450000
v 0.4050000 -0.0705618 -0.2511264
v 0.4050000 -0.0681305 -0.2561264
v 0.4046208 -0.0626514 -0.2655606
v 0.4077013 -0.0593128 -0.2692676
v 0.4010346 -0.0602451 -0.2702408
v 0.4046208 -0.0555877 -0.2727838
v 0.4050911 -0.0450035 -0.2782471
v 0.4082395 -0.0350000 -0.2792158
v 0.4085422 -0.0250000 -0.2792277
v 0.4032395 -0.0350000 -0.2813671
v 0.4035422 -0.0250000 -0.2817001
v 0.4050000 -0.0709453 -0.3032750
v 0.4050000 -0.0695708 -0.3082750
v 0.4050000 -0.0710301 -0.3171623
v 0.4050000 -0.0695708 -0.3121623
v 0.4131033 -0.0711912 -0.2450000
v 0.4181033 -0.0689820 -0.2450000
v 0.4112764 -0.0705671 -0.2509504
v 0.4147658 -0.0665017 -0.2545702
v 0.4150000 -0.0614763 -0.2621419
v 0.4159070 -0.0555877 -0.2676460
v 0.4198450 -0.0496199 -0.2698875
v 0.4131784 -0.0526461 -0.2718784
v 0.4159070 -0.0457719 -0.2731785
v 0.4150000 -0.0350000 -0.2751667
v 0.4150000 -0.0250000 -0.2747725
v 0.4150000 -0.0730354 -0.3035287
v 0.4150000 -0.0694239 -0.3085287
v 0.4110954 -0.0702236 -0.3191173
v 0.4146572 -0.0693303 -0.3154704
v 0.4238649 -0.0639820 -0.2450000
v 0.4288649 -0.0586211 -0.2450000
v 0.4218417 -0.0617875 -0.2550000
v 0.4274587 -0.0551978 -0.2559725
v 0.4299756 -0.0499045 -0.2599542
v 0.4226532 -0.0550000 -0.2626068
v 0.4254556 -0.0464289 -0.2653851
v 0.4262563 -0.0350000 -0.2665619
v 0.4257391 -0.0250000 -0.2663561
v 0.4209356 -0.0429532 -0.2707396
v 0.4212563 -0.0350000 -0.2709510
v 0.4207391 -0.0250000 -0.2705448
v 0.4240756 -0.0754595 -0.3058131
v 0.4213623 -0.0696768 -0.3094350
v 0.4280290 -0.0710654 -0.3113731
v 0.4248174 -0.0691950 -0.3148239
v 0.4327861 -0.0536211 -0.2450000
v 0.4377165 -0.0448427 -0.2448736
v 0.4391979 -0.0350000 -0.2482039
v 0.4397845 -0.0282620 -0.2494825
v 0.4314164 -0.0519964 -0.2532876
v 0.4327369 -0.0459427 -0.2559725
v 0.4354866 -0.0350000 -0.2550000
v 0.4368727 -0.0249572 -0.2541670
v 0.4306658 -0.0432378 -0.2608827
v 0.4312887 -0.0350000 -0.2615619
v 0.4312524 -0.0250000 -0.2613561
v 0.4315172 -0.0777321 -0.3088579
v 0.4348717 -0.0749857 -0.3152908
v 0.4315595 -0.0693297 -0.3180398
v 0.4413358 -0.0350000 -0.2432039
v 0.4422740 -0.0249572 -0.2456895
v 0.4456261 -0.0145308 -0.2442146
v 0.4440567 -0.0043001 -0.2465964
v 0.4402157 -0.0215953 -0.2502784
v 0.4402326 -0.0150000 -0.2502775
v 0.4400944 -0.0071669 -0.2500917
v 0.4504130 -0.0108847 -0.2403576
v 0.4509122 -0.0050000 -0.2407564
v 0.4141165 -0.0094925 -0.2737747
v 0.4100000 -0.0769904 -0.2974565
v 0.4018186 -0.0416725 -0.2807478
v 0.4029643 -0.0100000 -0.2819418
v 0.4350135 -0.0058101 -0.2549027
v 0.4202287 -0.0601822 -0.2602549
v 0.4261453 -0.0127444 -0.2641104
v 0.4201223 -0.0798537 -0.2999179
v 0.4406068 -0.0414045 -0.2414561
v 0.4403767 -0.0789059 -0.3192086
v 0.4050000 -0.0950000 -0.3260467
v 0.4050000 -0.0850000 -0.3277519
v 0.4149228 -0.0953850 -0.3235558
v 0.4150000 -0.0850000 -0.3279454
v 0.4250000 -0.0919116 -0.3218582
v 0.4250000 -0.0850000 -0.3262278
v 0.4303268 -0.0902405 -0.3203274
v 0.4341961 -0.0843200 -0.3222711
v 0.4082690 -0.1011144 -0.3212894
v 0.4403767 -0.0805333 -0.3205595
v 0.4050000 -0.0760301 -0.3234236
v 0.4146572 -0.0741342 -0.3235950
v 0.4177621 -0.0696519 -0.3204639
v 0.4250000 -0.0750000 -0.3254672
v 0.4250000 -0.0692362 -0.3210976
v 0.4349357 -0.0753436 -0.3226744
v 0.4315595 -0.0693297 -0.3209995
v 0.4403767 -0.0789059 -0.3205595
v 0.4850000 -0.0138037 -0.1190148
v 0.4850000 -0.0050000 -0.1178817
v 0.4850000 -0.0188037 -0.1204086
v 0.4850000 -0.0452296 -0.1450000
v 0.4850000 -0.0467057 -0.1550000
v 0.4924142 -0.0119811 -0.1194332
v 0.4934443 -0.0050000 -0.1190323
v 0.4954485 -0.0151886 -0.1213552
v 0.4984443 -0.0050000 -0.1205019
v 0.4956021 -0.0426135 -0.1442478
v 0.4950000 -0.0448889 -0.1550000
v 0.5057332 -0.0156399 -0.1263229
v 0.5050000 -0.0050000 -0.1241338
v 0.5095553 -0.0193999 -0.1302798
v 0.5023703 -0.0413002 -0.1470796
v 0.5054222 -0.0381273 -0.1442478
v 0.5037436 -0.0417486 -0.1550000
v 0.5087436 -0.0392953 -0.1550000
v 0.5113156 -0.0127332 -0.1287551
v 0.5114044 -0.0050000 -0.1286319
v 0.5147894 -0.0156399 -0.1335896
v 0.5168691 -0.0049444 -0.1355815
v 0.5148028 -0.0323776 -0.1458175
v 0.5180047 -0.0271564 -0.1430291
v 0.5150000 -0.0347526 -0.1550000
v 0.5205453 -0.0150000 -0.1392772
v 0.5204749 -0.0082406 -0.1393025
v 0.5201375 -0.0301516 -0.1496958
v 0.5215523 -0.0242938 -0.1458175
v 0.5239964 -0.0150000 -0.1450000
v 0.5226325 -0.0049444 -0.1444214
v 0.5204390 -0.0304572 -0.1550000
v 0.5242191 -0.0250000 -0.1550000
v 0.5284664 -0.0145021 -0.1557033
v 0.5279375 -0.0056336 -0.1557033
v 0.5301477 -0.0108368 -0.1595055
v 0.5301477 -0.0093893 -0.1595055
v 0.4888351 -0.0412014 -0.1386060
v 0.4904271 -0.0303038 -0.1299020
v 0.4993368 -0.0397345 -0.1404129
v 0.5079526 -0.0272566 -0.1347646
v 0.5195761 -0.0015740 -0.1407024
v 0.5202522 -0.0204897 -0.1397337
v 0.4850000 -0.0446452 -0.1650000
v 0.4850000 -0.0418260 -0.1750000
v 0.4850000 -0.0369010 -0.1854418
v 0.4850000 -0.0319010 -0.1923370
v 0.4850000 -0.0271442 -0.1973370
v 0.4849806 -0.0153366 -0.2071126
v 0.4879527 -0.0050000 -0.2085313
v 0.4816344 -0.0122276 -0.2112329
v 0.4829527 -0.0050000 -0.2123629
v 0.4950000 -0.0436309 -0.1650000
v 0.4942808 -0.0411529 -0.1751468
v 0.4942808 -0.0364164 -0.1840663
v 0.4950000 -0.0308644 -0.1908793
v 0.4945613 -0.0243125 -0.1961492
v 0.4945613 -0.0143111 -0.2016526
v 0.4950000 -0.0050000 -0.2040773
v 0.5077338 -0.0387138 -0.1650000
v 0.5046144 -0.0376369 -0.1751468
v 0.5043049 -0.0326136 -0.1850032
v 0.5071748 -0.0283322 -0.1883387
v 0.5005082 -0.0302448 -0.1902300
v 0.5043049 -0.0249993 -0.1922597
v 0.5042240 -0.0143111 -0.1973339
v 0.5060986 -0.0050000 -0.1981514
v 0.5003733 -0.0105185 -0.2001713
v 0.5010986 -0.0050000 -0.2005460
v 0.5159690 -0.0332458 -0.1658626
v 0.5199483 -0.0299621 -0.1697710
v 0.5138541 -0.0323900 -0.1750000
v 0.5188541 -0.0291075 -0.1750000
v 0.5118572 -0.0312364 -0.1816720
v 0.5152836 -0.0252567 -0.1853460
v 0.5187099 -0.0168116 -0.1890201
v 0.5120432 -0.0216656 -0.1911266
v 0.5152259 -0.0140870 -0.1919080
v 0.5150000 -0.0050000 -0.1931768
v 0.5290549 -0.0167341 -0.1650000
v 0.5292845 -0.0028863 -0.1650000
v 0.5284401 -0.0148852 -0.1752696
v 0.5290478 -0.0046755 -0.1752696
v 0.5229248 -0.0140870 -0.1854120
v 0.5240423 -0.0050000 -0.1850000
v 0.5200385 -0.0101449 -0.1900330
v 0.5200295 -0.0050000 -0.1900254
v 0.5305097 -0.0117341 -0.1650000
v 0.5305097 -0.0078863 -0.1650000
v 0.5305319 -0.0114753 -0.1721160
v 0.5305319 -0.0077924 -0.1721160
v 0.4971347 -0.0395415 -0.1785780
v 0.4877340 -0.0401513 -0.1802761
v 0.4976023 -0.0171852 -0.1990762
v 0.4879678 -0.0213325 -0.2013514
v 0.5018789 -0.0408657 -0.1684556
v 0.5224275 -0.0268476 -0.1679890
v 0.5218652 -0.0221813 -0.1823534
v 0.0050000 0.1348583 -0.0050000
v 0.0041691 0.1379307 -0.0158193
v 0.0041691 0.1390811 -0.0258466
v 0.0002818 0.1400880 -0.0230776
v 0.0044526 0.1393146 -0.0340830
v 0.0007543 0.1401658 -0.0368050
v 0.0189329 0.1298039 -0.0004278
v 0.0153598 0.1320534 -0.0042567
v 0.0150000 0.1354233 -0.0150000
v 0.0150000 0.1370027 -0.0250000
v 0.0150000 0.1375859 -0.0350000
v 0.0214733 0.1298039 -0.0004278
v 0.0248840 0.1318789 -0.0042567
v 0.0250000 0.1349595 -0.0150000
v 0.0350000 0.1333248 -0.0050000
v 0.0350000 0.1354700 -0.0150000
v 0.0450000 0.1343296 -0.0050000
v 0.0450000 0.1358596 -0.0150000
v 0.0550000 0.1352784 -0.0050000
v 0.0550000 0.1361892 -0.0150000
v 0.0650000 0.1362033 -0.0050000
v 0.0650000 0.1365983 -0.0150000
v 0.0750000 0.1371422 -0.0050000
v 0.0750000 0.1371036 -0.0150000
v 0.0002818 0.1400880 -0.0196989
v 0.0098631 0.1369886 -0.0499133
v 0.0007543 0.1401658 -0.0410885
v 0.0104468 0.1316633 -0.0730021
v 0.0300000 0.1365800 -0.0300000
v 0.0300000 0.1351356 -0.0500000
v 0.0300000 0.1310877 -0.0724311
v 0.0500000 0.1365012 -0.0300000
v 0.0700000 0.1363188 -0.0300000
v 0.0600000 0.1322483 -0.0631386
v 0.0082028 0.1268259 -0.0879048
v 0.0100000 0.1158170 -0.1106503
v 0.0100000 0.1207228 -0.1013007
v 0.0300000 0.1261332 -0.0900000
v 0.0300000 0.1169418 -0.1112509
v 0.0300000 0.1211876 -0.1025017
v 0.0500000 0.1264362 -0.0900000
v 0.0523699 0.1211370 -0.1068350
v 0.0700000 0.1263506 -0.0900000
v 0.0700000 0.1211396 -0.1078876
v 0.0194577 0.1005114 -0.1405737
v 0.0559072 0.1185854 -0.1133049
v 0.0594841 0.1054941 -0.1405319
v 0.0050000 0.0050000 -0.2270280
v 0.0040325 0.0159915 -0.2224588
v 0.0150000 0.0050000 -0.2280212
v 0.0150000 0.0150000 -0.2243935
v 0.0256536 0.0041410 -0.2291001
v 0.0250000 0.0150000 -0.2256541
v 0.0294226 0.0002349 -0.2300352
v 0.0350000 0.0062954 -0.2293942
v 0.0350000 0.0150000 -0.2267892
v 0.0350000 0.0012954 -0.2302076
v 0.0450000 0.0081542 -0.2296899
v 0.0450000 0.0150000 -0.2278704
v 0.0450000 0.0031542 -0.2305168
v 0.0517025 0.0093800 -0.2298958
v 0.0550215 0.0143463 -0.2290660
v 0.0550215 0.0056280 -0.2307203
v 0.0583692 0.0105772 -0.2300988
v 0.0650000 0.0166004 -0.2293825
v 0.0650000 0.0250000 -0.2263767
v 0.0650000 0.0329752 -0.2219942
v 0.0650000 0.0050000 -0.2313752
v 0.0650000 0.0116004 -0.2302738
v 0.0750000 0.0174498 -0.2295516
v 0.0750000 0.0250000 -0.2268696
v 0.0750000 0.0334931 -0.2223180
v 0.0750000 0.0050000 -0.2316499
v 0.0750000 0.0124498 -0.2304133
v 0.0078472 0.0774752 -0.1730547
v 0.0100000 0.0569226 -0.1970928
v 0.0100000 0.0666661 -0.1866205
v 0.0000542 0.0199858 -0.2199931
v 0.0088724 0.0335876 -0.2137338
v 0.0108604 0.0214465 -0.2206905
v 0.0300000 0.0781139 -0.1774966
v 0.0300000 0.0586440 -0.1988600
v 0.0300000 0.0686262 -0.1887636
v 0.0295338 0.0316935 -0.2177605
v 0.0332672 0.0263694 -0.2212424
v 0.0431191 0.0793933 -0.1791640
v 0.0418578 0.0596681 -0.1997345
v 0.0489226 0.0704877 -0.1904788
v 0.0500000 0.0363428 -0.2176133
v 0.0500000 0.0281714 -0.2226231
v 0.0700000 0.0721424 -0.1921533
v 0.0700000 0.0382341 -0.2187840
v 0.0214426 0.0471223 -0.2063773
v 0.0605135 0.0524181 -0.2074358
v 0.0477908 0.0858341 -0.1703236
v 0.0850000 0.1381021 -0.0050000
v 0.0850000 0.1376026 -0.0150000
v 0.0950000 0.1384051 -0.0050000
v 0.0950000 0.1379646 -0.0150000
v 0.1250000 0.1361027 -0.0650000
v 0.1250000 0.1340261 -0.0750000
v 0.1350000 0.1356198 -0.0650000
v 0.1350000 0.1334974 -0.0750000
v 0.0900000 0.1365177 -0.0300000
v 0.0900000 0.1344408 -0.0500000
v 0.0900000 0.1307154 -0.0715618
v 0.1100000 0.1377661 -0.0100000
v 0.1100000 0.1376316 -0.0300000
v 0.1100000 0.1361998 -0.0500000
v 0.1087416 0.1325098 -0.0718436
v 0.1300000 0.1360352 -0.0100000
v 0.1300000 0.1380729 -0.0300000
v 0.1300000 0.1375203 -0.0500000
v 0.1502888 0.1302685 -0.0095961
v 0.1517382 0.1330722 -0.0286409
v 0.1519079 0.1329957 -0.0515578
v 0.1502707 0.1301821 -0.0702952
v 0.1250000 0.1289449 -0.0876868
v 0.1250000 0.1312396 -0.0826868
v 0.1250000 0.1256043 -0.0950000
v 0.1350000 0.1284873 -0.0870580
v 0.1350000 0.1310089 -0.0820580
v 0.1350000 0.1243455 -0.0950000
v 0.0900000 0.1261211 -0.0900000
v 0.0878725 0.1210132 -0.1069625
v 0.0900000 0.1118383 -0.1321269
v 0.0900000 0.0982605 -0.1572005
v 0.0900000 0.1034072 -0.1486002
v 0.1108958 0.1278878 -0.0869289
v 0.1100000 0.1216136 -0.1040723
v 0.1100000 0.1109845 -0.1312399
v 0.1100000 0.0979916 -0.1564673
v 0.1100000 0.1025329 -0.1482337
v 0.1300000 0.1171722 -0.1113767
v 0.1300000 0.1212588 -0.1027534
v 0.1396875 0.0998950 -0.1398229
v 0.1293785 0.1089226 -0.1292589
v 0.1323677 0.0953619 -0.1525200
v 0.1261626 0.1011019 -0.1458408
v 0.1511660 0.1188487 -0.0976942
v 0.1479548 0.1248176 -0.0873640
v 0.1501637 0.1118268 -0.1117392
v 0.1406654 0.1201653 -0.1003165
v 0.1533504 0.0989121 -0.1343164
v 0.1476601 0.1046209 -0.1270401
v 0.1502332 0.0903866 -0.1503453
v 0.1006605 0.1188281 -0.1120957
v 0.1050000 0.0774888 -0.1866773
v 0.1050000 0.0673075 -0.1977322
v 0.1050000 0.0724888 -0.1927322
v 0.1050000 0.0173159 -0.2294709
v 0.1050000 0.0050000 -0.2316562
v 0.1050000 0.0123159 -0.2304306
v 0.1150000 0.0767156 -0.1858040
v 0.1150000 0.0665303 -0.1969281
v 0.1150000 0.0717156 -0.1919281
v 0.1150000 0.0161057 -0.2291920
v 0.1150000 0.0050000 -0.2312460
v 0.1150000 0.0111057 -0.2302142
v 0.1287704 0.0098718 -0.2299722
v 0.1252622 0.0141382 -0.2291423
v 0.1252622 0.0059231 -0.2308099
v 0.1221037 0.0102303 -0.2300474
v 0.1301741 0.0098718 -0.2299722
v 0.1341045 0.0155366 -0.2294378
v 0.1341045 0.0059231 -0.2313490
v 0.1368408 0.0125611 -0.2305025
v 0.1420720 0.0192277 -0.2298335
v 0.1452432 0.0241274 -0.2277263
v 0.1450000 0.0331840 -0.2222828
v 0.1450000 0.0050000 -0.2327799
v 0.1452432 0.0155366 -0.2308259
v 0.1487387 0.0202123 -0.2300946
v 0.1550000 0.0258503 -0.2276070
v 0.1550000 0.0331958 -0.2226070
v 0.1550000 0.0050000 -0.2339896
v 0.1550000 0.0150000 -0.2319646
v 0.1550000 0.0208503 -0.2304418
v 0.0900000 0.0726040 -0.1925942
v 0.0900000 0.0384542 -0.2189673
v 0.0900000 0.0118157 -0.2305995
v 0.0900000 0.0292271 -0.2245065
v 0.1100000 0.0385721 -0.2190593
v 0.1100000 0.0292860 -0.2242981
v 0.1309941 0.0786363 -0.1782763
v 0.1319822 0.0594269 -0.1994303
v 0.1296294 0.0695136 -0.1896255
v 0.1300000 0.0384009 -0.2188930
v 0.1300631 0.0493921 -0.2089368
v 0.1222977 0.0605809 -0.2004457
v 0.1300000 0.0292005 -0.2240043
v 0.1523923 0.0753467 -0.1729827
v 0.1500000 0.0574686 -0.1968975
v 0.1493105 0.0665244 -0.1863230
v 0.1500000 0.0381899 -0.2183926
v 0.1500000 0.0479376 -0.2080053
v 0.1008008 0.0530616 -0.2083184
v 0.1294031 0.0871871 -0.1673898
v 0.1203216 0.0800862 -0.1801089
v 0.1475883 0.0818182 -0.1663879
v 0.1000074 0.0877748 -0.1726942
v 0.2084637 0.0684158 -0.0050000
v 0.2041717 0.0750000 -0.0050000
v 0.2092859 0.0691599 -0.0150000
v 0.2059376 0.0750000 -0.0150000
v 0.2098095 0.0697681 -0.0205602
v 0.2077448 0.0747676 -0.0243361
v 0.2084398 0.0779124 -0.0350000
v 0.2095513 0.0794375 -0.0450000
v 0.2099747 0.0799693 -0.0550000
v 0.2098568 0.0798339 -0.0650000
v 0.2092141 0.0791469 -0.0750000
v 0.2137542 0.0634158 -0.0050000
v 0.2155962 0.0634113 -0.0156013
v 0.2146883 0.0667298 -0.0243361
v 0.2111472 0.0712794 -0.0272268
v 0.2178582 0.0680396 -0.0350000
v 0.2128582 0.0729124 -0.0350000
v 0.2193304 0.0694102 -0.0414667
v 0.2155982 0.0739599 -0.0448800
v 0.2150000 0.0761618 -0.0550000
v 0.2150000 0.0761754 -0.0650000
v 0.2150000 0.0752616 -0.0750000
v 0.2190406 0.0591881 -0.0088344
v 0.2308293 0.0512333 -0.0091173
v 0.2202247 0.0601390 -0.0193355
v 0.2329063 0.0553167 -0.0277286
v 0.2257680 0.0613646 -0.0331755
v 0.2386484 0.0592175 -0.0477950
v 0.2272580 0.0670230 -0.0503946
v 0.2284050 0.0686043 -0.0700000
v 0.1650000 0.1237386 -0.0050000
v 0.1650000 0.1254795 -0.0150000
v 0.1668364 0.1289009 -0.0450000
v 0.1618364 0.1306259 -0.0450000
v 0.1643411 0.1284010 -0.0547959
v 0.1605686 0.1301941 -0.0513265
v 0.1761464 0.1167409 -0.0050000
v 0.1711464 0.1208380 -0.0050000
v 0.1772771 0.1174539 -0.0150000
v 0.1722771 0.1216312 -0.0150000
v 0.1750000 0.1252074 -0.0450000
v 0.1750000 0.1240566 -0.0550000
v 0.1868033 0.1064089 -0.0050000
v 0.1818033 0.1117409 -0.0050000
v 0.1872770 0.1068162 -0.0150000
v 0.1822770 0.1124539 -0.0150000
v 0.1865951 0.1165707 -0.0450000
v 0.1815951 0.1213065 -0.0450000
v 0.1861860 0.1169762 -0.0550000
v 0.1811860 0.1208355 -0.0550000
v 0.1842972 0.1170120 -0.0652458
v 0.1891684 0.1093083 -0.0783236
v 0.1855010 0.1133493 -0.0749941
v 0.1985791 0.0865507 -0.0050000
v 0.1945881 0.0950000 -0.0050000
v 0.1910090 0.1014089 -0.0050000
v 0.1991339 0.0882899 -0.0150000
v 0.1954542 0.0950000 -0.0150000
v 0.1913202 0.1018162 -0.0150000
v 0.1967383 0.1040784 -0.0457579
v 0.1913573 0.1115708 -0.0450000
v 0.1969113 0.1054754 -0.0550000
v 0.1919114 0.1119762 -0.0550000
v 0.1965143 0.1054522 -0.0650000
v 0.1915143 0.1114239 -0.0650000
v 0.1948535 0.1047041 -0.0742767
v 0.1906866 0.1106180 -0.0716569
v 0.1793545 0.1193882 -0.0276085
v 0.1671410 0.1272157 -0.0306669
v 0.1786024 0.1192556 -0.0718715
v 0.1695901 0.1235317 -0.0700615
v 0.1984021 0.0933877 -0.0276621
v 0.1888910 0.1094066 -0.0305256
v 0.1810407 0.1209515 -0.0368836
v 0.1994207 0.0988838 -0.0429298
v 0.1990204 0.0983967 -0.0768964
v 0.1804953 0.1203235 -0.0620764
v 0.2011799 0.0824203 -0.0100000
v 0.2018849 0.0881775 -0.0311633
v 0.2048153 0.0900826 -0.0501895
v 0.2001779 0.1003030 -0.0522982
v 0.2045901 0.0900095 -0.0697845
v 0.2001671 0.1002760 -0.0676149
v 0.1890997 0.0790726 -0.1284787
v 0.1868927 0.0772197 -0.1350000
v 0.1881806 0.0690034 -0.1477146
v 0.1841356 0.0741240 -0.1439128
v 0.1849084 0.0676015 -0.1550592
v 0.1815139 0.0710277 -0.1517653
v 0.1993313 0.0695304 -0.1287081
v 0.1951854 0.0750052 -0.1252601
v 0.1976111 0.0686280 -0.1350000
v 0.1926111 0.0722197 -0.1350000
v 0.1944901 0.0672795 -0.1446287
v 0.1908169 0.0705537 -0.1410479
v 0.1950000 0.0635399 -0.1550000
v 0.2081109 0.0780866 -0.0850000
v 0.2067500 0.0768507 -0.0950000
v 0.2095731 0.0697201 -0.1090124
v 0.2051092 0.0750277 -0.1053788
v 0.2080880 0.0688577 -0.1150000
v 0.2030880 0.0726829 -0.1150000
v 0.2047266 0.0678053 -0.1252248
v 0.2012109 0.0709377 -0.1220414
v 0.2050000 0.0652036 -0.1350000
v 0.2150000 0.0736163 -0.0850000
v 0.2181294 0.0692015 -0.0970349
v 0.2148777 0.0715417 -0.0942209
v 0.2148777 0.0683341 -0.1054074
v 0.2114628 0.0707492 -0.1023457
v 0.2150000 0.0656648 -0.1150000
v 0.2150000 0.0634065 -0.1250000
v 0.2158707 0.0614342 -0.1357140
v 0.1742905 0.0748347 -0.1541501
v 0.2197844 0.0599534 -0.1395234
v 0.2131391 0.0593350 -0.1520984
v 0.2081998 0.0611154 -0.1486571
v 0.2270109 0.0679284 -0.0890982
v 0.2300000 0.0636759 -0.1100000
v 0.2300000 0.0597598 -0.1380347
v 0.2300000 0.0608784 -0.1290174
v 0.2300000 0.0584202 -0.1500000
v 0.1986200 0.0784945 -0.1117060
v 0.1668706 0.1189139 -0.0872914
v 0.1641224 0.1169223 -0.0940881
v 0.1668501 0.1089644 -0.1081924
v 0.1641101 0.1116070 -0.1049154
v 0.1641101 0.1065470 -0.1140623
v 0.1601835 0.1100552 -0.1101039
v 0.1650000 0.0984855 -0.1276702
v 0.1686905 0.0891824 -0.1388483
v 0.1652143 0.0934580 -0.1353090
v 0.1743087 0.1166634 -0.0843748
v 0.1780685 0.1087201 -0.0974143
v 0.1748411 0.1120408 -0.0944486
v 0.1748411 0.1067251 -0.1049154
v 0.1714018 0.1108051 -0.1015257
v 0.1743440 0.1016972 -0.1141944
v 0.1789324 0.0892022 -0.1289331
v 0.1747529 0.0948488 -0.1247461
v 0.1753595 0.0870799 -0.1353090
v 0.1722658 0.0915027 -0.1321816
v 0.1872641 0.1078396 -0.0850000
v 0.1822641 0.1116438 -0.0850000
v 0.1891727 0.0990923 -0.0986952
v 0.1848449 0.1049323 -0.0947214
v 0.1805171 0.1103490 -0.0907476
v 0.1870583 0.0970267 -0.1050000
v 0.1883836 0.0880398 -0.1171232
v 0.1843110 0.0942358 -0.1137236
v 0.1998338 0.0896938 -0.0895341
v 0.1979314 0.0950380 -0.0857204
v 0.1925389 0.1028396 -0.0850000
v 0.1986540 0.0879490 -0.0950000
v 0.1935420 0.0954554 -0.0952171
v 0.1910314 0.1011445 -0.0920285
v 0.1967970 0.0845429 -0.1050472
v 0.1914418 0.0920267 -0.1050000
v 0.1923978 0.0848239 -0.1142739
v 0.1902176 0.0902766 -0.1104565
v 0.1772400 0.0981949 -0.1169907
v 0.1677866 0.1009003 -0.1216147
v 0.1671990 0.0843717 -0.1471043
v 0.1811484 0.1009369 -0.1076620
v 0.1850144 0.0850380 -0.1261128
v 0.1800906 0.0800819 -0.1401110
v 0.1649470 0.1204391 -0.0850488
v 0.2015957 0.0853500 -0.0913333
v 0.1650000 0.0475394 -0.2064220
v 0.1650000 0.0510417 -0.2014220
v 0.1650000 0.0425394 -0.2131109
v 0.1650000 0.0269251 -0.2278727
v 0.1650000 0.0331966 -0.2228726
v 0.1650000 0.0050000 -0.2359570
v 0.1650000 0.0150000 -0.2336026
v 0.1650000 0.0219251 -0.2311272
v 0.1747904 0.0473829 -0.2042274
v 0.1713173 0.0502466 -0.2003791
v 0.1750000 0.0419888 -0.2128834
v 0.1750000 0.0278338 -0.2282966
v 0.1750000 0.0333060 -0.2232966
v 0.1755696 0.0044934 -0.2385459
v 0.1750000 0.0150000 -0.2354862
v 0.1750000 0.0228338 -0.2318437
v 0.1850000 0.0283795 -0.2285321
v 0.1850000 0.0332314 -0.2235321
v 0.1850000 0.0079920 -0.2395670
v 0.1850000 0.0150000 -0.2370517
v 0.1850000 0.0233795 -0.2324847
v 0.1950000 0.0289642 -0.2289363
v 0.1950000 0.0332620 -0.2239363
v 0.1902015 0.0098337 -0.2399490
v 0.1941209 0.0151593 -0.2386793
v 0.1950000 0.0239642 -0.2333874
v 0.2017328 0.0295793 -0.2295285
v 0.2050397 0.0332850 -0.2257171
v 0.2053629 0.0249670 -0.2348688
v 0.2083995 0.0303667 -0.2304176
v 0.2150000 0.0357507 -0.2250000
v 0.2150000 0.0263558 -0.2363427
v 0.2150000 0.0311408 -0.2313427
v 0.2243135 0.0378387 -0.2243374
v 0.2250000 0.0280445 -0.2379028
v 0.2250000 0.0323341 -0.2329028
v 0.2350000 0.0385558 -0.2268753
v 0.2320818 0.0292729 -0.2391643
v 0.2352491 0.0330952 -0.2354986
v 0.1787282 0.0595358 -0.1789603
v 0.1689541 0.0691428 -0.1689195
v 0.1718447 0.0550136 -0.1923937
v 0.1655357 0.0609312 -0.1855112
v 0.1700000 0.0382513 -0.2179971
v 0.1914043 0.0586966 -0.1719468
v 0.1879835 0.0615984 -0.1669310
v 0.1912808 0.0509968 -0.1911055
v 0.1900000 0.0382467 -0.2172484
v 0.1900000 0.0430952 -0.2086242
v 0.2098297 0.0557012 -0.1698097
v 0.2005314 0.0601291 -0.1603977
v 0.2100000 0.0495371 -0.1893362
v 0.2100000 0.0392206 -0.2183236
v 0.2023263 0.0185989 -0.2393201
v 0.2300000 0.0550000 -0.1700000
v 0.2300000 0.0496745 -0.1894092
v 0.2205224 0.0399523 -0.2198636
v 0.2221503 0.0426378 -0.2120003
v 0.1604240 0.0802738 -0.1604133
v 0.1850000 0.0029920 -0.2408326
v 0.1941209 0.0059002 -0.2421150
v 0.1968682 0.0119322 -0.2408114
v 0.2050000 0.0050000 -0.2452856
v 0.2053958 0.0151593 -0.2417508
v 0.2155630 0.0045634 -0.2483586
v 0.2150000 0.0150000 -0.2445855
v 0.2192717 0.0009390 -0.2501995
v 0.2212358 0.0076056 -0.2494654
v 0.2247415 0.0151709 -0.2479363
v 0.2250000 0.0230445 -0.2428213
v 0.2247415 0.0045634 -0.2515978
v 0.2279024 0.0119516 -0.2509347
v 0.2317201 0.0186183 -0.2492198
v 0.2352343 0.0250270 -0.2448630
v 0.2387484 0.0304176 -0.2405063
v 0.2350000 0.0050000 -0.2559743
v 0.2350321 0.0151709 -0.2524850
v 0.2383868 0.0207811 -0.2507084
v 0.1792826 0.0008224 -0.2401672
v 0.2119965 0.0208553 -0.2406902
v 0.2482951 0.0388751 -0.0050000
v 0.2496958 0.0398024 -0.0106000
v 0.2484988 0.0591938 -0.0650000
v 0.2495312 0.0598035 -0.0729904
v 0.2593267 0.0292104 -0.0012656
v 0.2555960 0.0336120 -0.0047593
v 0.2548757 0.0376956 -0.0143600
v 0.2550000 0.0559632 -0.0650000
v 0.2540351 0.0581693 -0.0757943
v 0.2646994 0.0250048 -0.0052472
v 0.2611136 0.0308532 -0.0079322
v 0.2681704 0.0279579 -0.0150000
v 0.2631703 0.0322677 -0.0150000
v 0.2697802 0.0298114 -0.0203806
v 0.2649465 0.0350216 -0.0250914
v 0.2666332 0.0377973 -0.0350000
v 0.2679387 0.0488721 -0.0627733
v 0.2647632 0.0515397 -0.0656640
v 0.2650000 0.0537968 -0.0750000
v 0.2705006 0.0207992 -0.0092289
v 0.2723392 0.0229579 -0.0150000
v 0.2755040 0.0258621 -0.0240537
v 0.2717228 0.0312061 -0.0270473
v 0.2783895 0.0285794 -0.0324004
v 0.2750337 0.0324995 -0.0354402
v 0.2742573 0.0465263 -0.0656640
v 0.2704289 0.0502070 -0.0694400
v 0.2772814 0.0486308 -0.0750000
v 0.2722814 0.0509377 -0.0750000
v 0.2815472 0.0219127 -0.0277268
v 0.2844235 0.0247107 -0.0357587
v 0.2806332 0.0304360 -0.0390671
v 0.2876850 0.0279208 -0.0450000
v 0.2826850 0.0317528 -0.0450000
v 0.2896135 0.0297192 -0.0505537
v 0.2849544 0.0349434 -0.0550855
v 0.2875178 0.0383581 -0.0650000
v 0.2897284 0.0398250 -0.0703318
v 0.2906276 0.0208419 -0.0391170
v 0.2927261 0.0229208 -0.0450000
v 0.2957765 0.0259741 -0.0538280
v 0.2918792 0.0313191 -0.0572204
v 0.2985458 0.0288957 -0.0618362
v 0.2951275 0.0331945 -0.0651017
v 0.2955285 0.0381107 -0.0741991
v 0.3051485 0.0254377 -0.0648398
v 0.3013596 0.0308467 -0.0685029
v 0.3080263 0.0286465 -0.0720882
v 0.3048158 0.0326461 -0.0752529
v 0.3119349 0.0219798 -0.0678433
v 0.3149438 0.0252881 -0.0751233
v 0.3112860 0.0307174 -0.0787549
v 0.2581263 0.0388370 -0.0231355
v 0.2518021 0.0518792 -0.0479723
v 0.2418005 0.0609713 -0.0572567
v 0.2464254 0.0610448 -0.0734838
v 0.2706061 0.0100000 -0.0095262
v 0.2787135 0.0100000 -0.0218877
v 0.2673570 0.0446050 -0.0525709
v 0.2867416 0.0100000 -0.0331703
v 0.2974768 0.0100000 -0.0478027
v 0.3034968 0.0100000 -0.0556054
v 0.3022707 0.0222290 -0.0571024
v 0.3130803 0.0100000 -0.0669518
v 0.2499886 0.0448774 -0.0258872
v 0.2736363 0.0382248 -0.0467000
v 0.2852994 0.0417183 -0.0689537
v 0.2650000 0.0572396 -0.1050000
v 0.2650000 0.0573249 -0.1150000
v 0.2750000 0.0549043 -0.1050000
v 0.2750000 0.0559600 -0.1150000
v 0.2846617 0.0482816 -0.0849706
v 0.2811029 0.0503024 -0.0882843
v 0.2877696 0.0493549 -0.0921376
v 0.2846617 0.0509285 -0.0952825
v 0.2955285 0.0432328 -0.0845205
v 0.2948205 0.0480600 -0.0952825
v 0.2913675 0.0503390 -0.0988042
v 0.3053091 0.0377158 -0.0845205
v 0.3088486 0.0392961 -0.0911716
v 0.3053138 0.0482209 -0.1048939
v 0.3021897 0.0506152 -0.1081565
v 0.3088564 0.0496556 -0.1108762
v 0.3053138 0.0518537 -0.1145257
v 0.3050000 0.0550651 -0.1250000
v 0.3050000 0.0573347 -0.1350000
v 0.3179527 0.0285964 -0.0818466
v 0.3147716 0.0325511 -0.0851079
v 0.3159151 0.0380859 -0.0947030
v 0.3159151 0.0437963 -0.1040499
v 0.3150000 0.0488111 -0.1125804
v 0.3150000 0.0509312 -0.1175804
v 0.3150000 0.0536806 -0.1250000
v 0.3150000 0.0568628 -0.1350000
v 0.2556181 0.0586243 -0.0900000
v 0.2478090 0.0611147 -0.0900000
v 0.2520148 0.0594327 -0.1108376
v 0.2467984 0.0607801 -0.1072279
v 0.2507071 0.0592140 -0.1300344
v 0.2422082 0.0604443 -0.1284479
v 0.2500000 0.0583674 -0.1500000
v 0.2719695 0.0532189 -0.0883176
v 0.2700000 0.0576273 -0.1300000
v 0.2700000 0.0586248 -0.1500000
v 0.2992141 0.0395128 -0.0808676
v 0.2915709 0.0524840 -0.1082767
v 0.2900000 0.0570506 -0.1300000
v 0.2905100 0.0595702 -0.1492439
v 0.2910577 0.0602035 -0.1521810
v 0.3068943 0.0419061 -0.0933585
v 0.3198586 0.0399421 -0.1000832
v 0.3090418 0.0595750 -0.1478169
v 0.3126113 0.0605143 -0.1530533
v 0.2430338 0.0394498 -0.2286047
v 0.2458203 0.0369117 -0.2340678
v 0.2550000 0.0386595 -0.2373766
v 0.3050000 0.0619626 -0.1650000
v 0.3050000 0.0618721 -0.1750000
v 0.3093799 0.0611215 -0.2387956
v 0.3150000 0.0624480 -0.1650000
v 0.3150000 0.0629944 -0.1750000
v 0.3182329 0.0620218 -0.2250000
v 0.3146068 0.0651471 -0.2345907
v 0.3169905 0.0750000 -0.2358628
v 0.2516002 0.0473985 -0.2082470
v 0.2513802 0.0412793 -0.2281631
v 0.2691814 0.0502888 -0.2109002
v 0.2602476 0.0398939 -0.2397225
v 0.2715763 0.0469783 -0.2287018
v 0.2869472 0.0594026 -0.1722112
v 0.2920282 0.0604801 -0.1687417
v 0.2899814 0.0581277 -0.1901727
v 0.2982091 0.0602603 -0.1828179
v 0.2900000 0.0548996 -0.2100000
v 0.2874072 0.0512739 -0.2307237
v 0.3012367 0.0598072 -0.1922423
v 0.3103340 0.0613674 -0.1901727
v 0.3085970 0.0589043 -0.2106149
v 0.3138769 0.0605558 -0.2069310
v 0.3088625 0.0579837 -0.2293516
v 0.2576944 0.0538650 -0.1822446
v 0.3177685 0.0900000 -0.2358576
v 0.3187803 0.1090098 -0.2375821
v 0.2450000 0.0272667 -0.2469269
v 0.2450000 0.0315523 -0.2419269
v 0.2418657 0.0050000 -0.2591267
v 0.2450553 0.0149242 -0.2572859
v 0.2450000 0.0222667 -0.2522335
v 0.2468657 0.0050000 -0.2614316
v 0.2484256 0.0115404 -0.2607221
v 0.2520528 0.0289079 -0.2487296
v 0.2552316 0.0333618 -0.2452378
v 0.2521084 0.0182071 -0.2589363
v 0.2554139 0.0248024 -0.2548479
v 0.2587194 0.0307237 -0.2507595
v 0.2550000 0.0050000 -0.2652161
v 0.2552650 0.0149242 -0.2621249
v 0.2641486 0.0380382 -0.2454502
v 0.2650000 0.0278886 -0.2579411
v 0.2650000 0.0326274 -0.2529411
v 0.2621900 0.0050000 -0.2687846
v 0.2651707 0.0150859 -0.2672302
v 0.2650000 0.0228886 -0.2623439
v 0.2671900 0.0050000 -0.2716642
v 0.2686179 0.0118098 -0.2707985
v 0.2710189 0.0394461 -0.2490837
v 0.2702128 0.0298213 -0.2598287
v 0.2739492 0.0359032 -0.2558812
v 0.2710898 0.0184765 -0.2692309
v 0.2739846 0.0260266 -0.2658348
v 0.2768795 0.0323603 -0.2624388
v 0.2757361 0.0048134 -0.2770706
v 0.2746539 0.0150859 -0.2731411
v 0.2777565 0.0222319 -0.2715380
v 0.2810945 0.0288986 -0.2691055
v 0.2846145 0.0354858 -0.2653768
v 0.2881344 0.0410933 -0.2616481
v 0.2806760 0.0080223 -0.2795655
v 0.2823941 0.0150000 -0.2783276
v 0.2851387 0.0249591 -0.2750021
v 0.2877612 0.0319446 -0.2717996
v 0.2844056 0.0048134 -0.2827373
v 0.2873941 0.0150000 -0.2817169
v 0.2913198 0.0386113 -0.2683147
v 0.2950515 0.0451885 -0.2653805
v 0.2987832 0.0526499 -0.2624463
v 0.2916391 0.0276863 -0.2784663
v 0.2948128 0.0353319 -0.2753409
v 0.2979864 0.0426169 -0.2722156
v 0.2927332 0.0050000 -0.2882012
v 0.2954604 0.0152954 -0.2871747
v 0.2977332 0.0050000 -0.2913858
v 0.2991007 0.0121590 -0.2905583
v 0.3031058 0.0570856 -0.2450000
v 0.3082039 0.0646729 -0.2453180
v 0.3095321 0.0711433 -0.2488633
v 0.3012781 0.0580338 -0.2550000
v 0.3050203 0.0650000 -0.2550000
v 0.3087422 0.0723561 -0.2550000
v 0.3004307 0.0492836 -0.2691129
v 0.3014539 0.0555899 -0.2654678
v 0.3055753 0.0650000 -0.2650000
v 0.3090809 0.0715187 -0.2650000
v 0.3028317 0.0455702 -0.2753294
v 0.3072117 0.0541377 -0.2750954
v 0.3087749 0.0650000 -0.2713839
v 0.3099837 0.0700268 -0.2700195
v 0.3005455 0.0188257 -0.2896686
v 0.3023323 0.0250000 -0.2883351
v 0.3051569 0.0347822 -0.2849376
v 0.3050000 0.0050000 -0.2953432
v 0.3043273 0.0152954 -0.2927558
v 0.3073323 0.0250000 -0.2917076
v 0.3092309 0.0308452 -0.2905773
v 0.3109576 0.0677882 -0.2421967
v 0.3120811 0.0746860 -0.2453180
v 0.3111884 0.0773561 -0.2550000
v 0.3121928 0.0765187 -0.2650000
v 0.3125809 0.0568962 -0.2784924
v 0.3155486 0.0646481 -0.2766425
v 0.3152922 0.0740161 -0.2723136
v 0.3119666 0.0375119 -0.2884304
v 0.3114799 0.0050000 -0.2989574
v 0.3123443 0.0150000 -0.2980261
v 0.3133126 0.0250000 -0.2967076
v 0.3156323 0.0346793 -0.2947322
v 0.2587751 0.0206968 -0.2605610
v 0.2814677 0.0390270 -0.2586005
v 0.2910888 0.0487634 -0.2487749
v 0.2941573 0.0258947 -0.2816711
v 0.3010829 0.0387193 -0.2788823
v 0.3134902 0.0473825 -0.2844965
v 0.3192476 0.0610802 -0.2806022
v 0.3169121 0.0100000 -0.3024484
v 0.3188053 0.0284234 -0.3011730
v 0.2730704 0.0415978 -0.2466004
v 0.2795601 0.0013556 -0.2802940
v 0.3143914 0.0850000 -0.2450000
v 0.3152819 0.0950000 -0.2450000
v 0.3162409 0.1050000 -0.2450000
v 0.3179449 0.1158118 -0.2441144
v 0.3186533 0.1250000 -0.2469904
v 0.3195857 0.1310530 -0.2491298
v 0.3137240 0.0850000 -0.2550000
v 0.3150302 0.0950000 -0.2550000
v 0.3157016 0.1050000 -0.2550000
v 0.3161935 0.1150000 -0.2550000
v 0.3170377 0.1250000 -0.2550000
v 0.3190512 0.1329576 -0.2550000
v 0.3168809 0.0858940 -0.2659311
v 0.3178963 0.0942700 -0.2659311
v 0.3173207 0.1050000 -0.2650000
v 0.3175598 0.1150000 -0.2650000
v 0.3174590 0.1250000 -0.2650000
v 0.3187328 0.1357343 -0.2644375
v 0.3188204 0.0831567 -0.2712775
v 0.3196508 0.0971167 -0.2706163
v 0.3194751 0.1050000 -0.2709680
v 0.3194157 0.1150000 -0.2714935
v 0.3190747 0.1250000 -0.2731712
v 0.3189279 0.1343692 -0.2757469
v 0.3195980 0.1450000 -0.2809028
v 0.3199897 0.1500110 -0.2800167
v 0.3196462 0.1456143 -0.2744262
v 0.3194744 0.1372819 -0.2811871
v 0.3222860 0.0100000 -0.0773907
v 0.3216513 0.0219298 -0.0781583
v 0.3248726 0.0250793 -0.0852504
v 0.3214274 0.0309050 -0.0885132
v 0.3280940 0.0282289 -0.0914602
v 0.3248564 0.0335539 -0.0948761
v 0.3250000 0.0387635 -0.1015149
v 0.3250000 0.0423091 -0.1065149
v 0.3251426 0.0476819 -0.1155386
v 0.3219042 0.0503386 -0.1192309
v 0.3285709 0.0497244 -0.1205670
v 0.3251426 0.0519139 -0.1243402
v 0.3250000 0.0561482 -0.1350000
v 0.3310973 0.0215622 -0.0886543
v 0.3351514 0.0252325 -0.0952088
v 0.3325389 0.0317426 -0.0981269
v 0.3392056 0.0289029 -0.1004621
v 0.3355233 0.0350456 -0.1034217
v 0.3350000 0.0407581 -0.1089306
v 0.3350000 0.0448854 -0.1150000
v 0.3350000 0.0491273 -0.1215370
v 0.3350000 0.0517053 -0.1265370
v 0.3350000 0.0558690 -0.1350000
v 0.3479989 0.0050000 -0.1006896
v 0.3481395 0.0150000 -0.1006903
v 0.3452705 0.0253417 -0.1015262
v 0.3440551 0.0353692 -0.1072275
v 0.3467585 0.0389487 -0.1110922
v 0.3459931 0.0618607 -0.1445887
v 0.3455759 0.0670260 -0.1554747
v 0.3492931 0.0703572 -0.1591245
v 0.3550000 0.0050000 -0.1026465
v 0.3550000 0.0150000 -0.1027878
v 0.3550000 0.0250000 -0.1044984
v 0.3550000 0.0327943 -0.1080359
v 0.3550000 0.0377943 -0.1119990
v 0.3559478 0.0658563 -0.1459748
v 0.3599131 0.0700272 -0.1499580
v 0.3532464 0.0688715 -0.1524578
v 0.3559478 0.0709256 -0.1554747
v 0.3650000 0.0250000 -0.1063087
v 0.3650000 0.0320720 -0.1087975
v 0.3650000 0.0370720 -0.1123017
v 0.3644786 0.0673633 -0.1459748
v 0.3607976 0.0700272 -0.1499580
v 0.3674643 0.0699172 -0.1502561
v 0.3644786 0.0712878 -0.1541537
v 0.3750000 0.0250000 -0.1072067
v 0.3750000 0.0317081 -0.1091329
v 0.3750000 0.0367081 -0.1122625
v 0.3747676 0.0676913 -0.1458491
v 0.3779460 0.0701375 -0.1497485
v 0.3712794 0.0699172 -0.1502561
v 0.3747676 0.0714717 -0.1541537
v 0.3850000 0.0250000 -0.1081867
v 0.3850000 0.0309593 -0.1095609
v 0.3850000 0.0359593 -0.1123762
v 0.3844610 0.0671319 -0.1458491
v 0.3807683 0.0701375 -0.1497485
v 0.3874349 0.0695385 -0.1522334
v 0.3844610 0.0710245 -0.1553401
v 0.3944651 0.0241092 -0.1094659
v 0.3907751 0.0303206 -0.1098658
v 0.3974418 0.0268487 -0.1104601
v 0.3944651 0.0341923 -0.1125969
v 0.3950000 0.0645438 -0.1450000
v 0.3944018 0.0683691 -0.1553401
v 0.3906696 0.0702155 -0.1589001
v 0.3317948 0.0100000 -0.0883031
v 0.3300000 0.0590867 -0.1435262
v 0.3300000 0.0612682 -0.1517631
v 0.3430692 0.0100000 -0.0985557
v 0.3421175 0.0222362 -0.0989574
v 0.3463823 0.0417240 -0.1138750
v 0.3501655 0.0521734 -0.1284932
v 0.3524943 0.0603341 -0.1396055
v 0.3433219 0.0596157 -0.1409812
v 0.3700000 0.0100000 -0.1055320
v 0.3700000 0.0521714 -0.1279022
v 0.3700000 0.0619713 -0.1378481
v 0.3923188 0.0097598 -0.1092133
v 0.3900000 0.0519887 -0.1281950
v 0.3900000 0.0613514 -0.1383404
v 0.3800000 0.0423363 -0.1174603
v 0.3250000 0.0631298 -0.1650000
v 0.3250000 0.0645916 -0.1750000
v 0.3250000 0.0649989 -0.1850000
v 0.3250000 0.0648812 -0.1950000
v 0.3242070 0.0671931 -0.2243624
v 0.3256917 0.0750000 -0.2257508
v 0.3203450 0.0691726 -0.2303858
v 0.3206917 0.0750000 -0.2308628
v 0.3350000 0.0657785 -0.1650000
v 0.3351749 0.0682755 -0.1740264
v 0.3386248 0.0707942 -0.1767107
v 0.3328247 0.0683783 -0.1850000
v 0.3378247 0.0711936 -0.1850000
v 0.3332058 0.0685171 -0.1950000
v 0.3382058 0.0708378 -0.1950000
v 0.3350000 0.0691555 -0.2209117
v 0.3350000 0.0750000 -0.2215997
v 0.3419902 0.0689486 -0.1650000
v 0.3469902 0.0711903 -0.1650000
v 0.3400272 0.0699880 -0.1700440
v 0.3440163 0.0722078 -0.1740264
v 0.3450000 0.0736934 -0.1850000
v 0.3450000 0.0730533 -0.1950000
v 0.3414342 0.0695812 -0.2206117
v 0.3498314 0.0699029 -0.2294939
v 0.3457529 0.0731128 -0.2245539
v 0.3498314 0.0699029 -0.2301399
v 0.3489919 0.0750000 -0.2310791
v 0.3550000 0.0731733 -0.1650000
v 0.3550000 0.0746332 -0.1750000
v 0.3550000 0.0752776 -0.1850000
v 0.3550000 0.0747786 -0.1950000
v 0.3550000 0.0698471 -0.2287939
v 0.3550000 0.0706133 -0.2237938
v 0.3550000 0.0698471 -0.2304975
v 0.3554572 0.0750183 -0.2351774
v 0.3650000 0.0750858 -0.1850000
v 0.3650000 0.0743405 -0.1950000
v 0.3648200 0.0693194 -0.2253387
v 0.3613667 0.0702213 -0.2222312
v 0.3648477 0.0690424 -0.2343141
v 0.3614129 0.0716971 -0.2371902
v 0.3750000 0.0737443 -0.1850000
v 0.3750000 0.0723286 -0.1950000
v 0.3750000 0.0681187 -0.2250000
v 0.3750000 0.0680894 -0.2350000
v 0.3850000 0.0725167 -0.1650000
v 0.3850000 0.0723969 -0.1750000
v 0.3840590 0.0688754 -0.2040598
v 0.3800983 0.0700190 -0.2000997
v 0.3850000 0.0681533 -0.2150000
v 0.3965927 0.0688860 -0.1650000
v 0.3915927 0.0705218 -0.1650000
v 0.3965576 0.0688443 -0.1750000
v 0.3915576 0.0705187 -0.1750000
v 0.3950000 0.0681651 -0.2050000
v 0.3950000 0.0688391 -0.2150000
v 0.3319226 0.0671254 -0.2083848
v 0.3471994 0.0713184 -0.2105985
v 0.3700000 0.0742022 -0.1700000
v 0.3708086 0.0703805 -0.2107451
v 0.3890572 0.0697401 -0.1892077
v 0.3904904 0.0699224 -0.2300159
v 0.3299249 0.0894479 -0.2199319
v 0.3297176 0.0950000 -0.2197553
v 0.3296986 0.1050000 -0.2197377
v 0.3298995 0.1102858 -0.2199085
v 0.3265071 0.0856688 -0.2242383
v 0.3251672 0.0950000 -0.2250000
v 0.3256788 0.1050000 -0.2250000
v 0.3277531 0.1141715 -0.2248406
v 0.3288683 0.1250000 -0.2284136
v 0.3298527 0.1302125 -0.2298170
v 0.3206902 0.0850000 -0.2309678
v 0.3204496 0.0950000 -0.2307474
v 0.3209802 0.1050000 -0.2317007
v 0.3218691 0.1158118 -0.2350781
v 0.3248843 0.1250000 -0.2350000
v 0.3284139 0.1341275 -0.2356968
v 0.3295754 0.1404305 -0.2394946
v 0.3350000 0.0878560 -0.2193455
v 0.3350000 0.0950000 -0.2186507
v 0.3350000 0.1050000 -0.2190660
v 0.3350000 0.1113936 -0.2197608
v 0.3350000 0.0828560 -0.2206880
v 0.3350000 0.1163936 -0.2212923
v 0.3350000 0.1250000 -0.2253402
v 0.3350000 0.1308891 -0.2290479
v 0.3353369 0.1365358 -0.2356968
v 0.3322282 0.1404305 -0.2394946
v 0.3409518 0.0876934 -0.2191954
v 0.3412489 0.0950000 -0.2188954
v 0.3434848 0.0846161 -0.2243121
v 0.3448917 0.0950000 -0.2250000
v 0.3436761 0.1050000 -0.2250000
v 0.3425483 0.1149434 -0.2241932
v 0.3423643 0.1250000 -0.2269266
v 0.3409346 0.1309730 -0.2289135
v 0.3486421 0.0850000 -0.2322662
v 0.3484313 0.0948373 -0.2350336
v 0.3464140 0.1050000 -0.2350000
v 0.3462377 0.1150000 -0.2350000
v 0.3453280 0.1250000 -0.2350000
v 0.3419890 0.1330103 -0.2350000
v 0.3523816 0.0850000 -0.2372662
v 0.3507467 0.0913954 -0.2383893
v 0.3404762 0.1082862 -0.2195504
v 0.3204606 0.0488825 -0.2893370
v 0.3215249 0.0550000 -0.2874545
v 0.3237413 0.0646481 -0.2843614
v 0.3283613 0.0743910 -0.2844229
v 0.3212954 0.0453295 -0.2953323
v 0.3235623 0.0550000 -0.2950000
v 0.3264259 0.0650000 -0.2950000
v 0.3291175 0.0714683 -0.2950000
v 0.3237785 0.0050000 -0.3075567
v 0.3240051 0.0150000 -0.3073401
v 0.3256340 0.0253271 -0.3072140
v 0.3242923 0.0351080 -0.3042668
v 0.3262739 0.0450000 -0.3045883
v 0.3275403 0.0554160 -0.3057132
v 0.3283566 0.0642898 -0.3049408
v 0.3292384 0.0713061 -0.3015681
v 0.3287785 0.0050000 -0.3106564
v 0.3290051 0.0150000 -0.3105213
v 0.3293900 0.0222119 -0.3103139
v 0.3298506 0.0590267 -0.3101760
v 0.3298506 0.0604829 -0.3101760
v 0.3319089 0.0773183 -0.2873716
v 0.3324170 0.0764683 -0.2950000
v 0.3304579 0.0288786 -0.3098212
v 0.3304411 0.0350000 -0.3098127
v 0.3305402 0.0450000 -0.3095883
v 0.3305900 0.0523600 -0.3095220
v 0.3309618 0.0671496 -0.3082348
v 0.3325064 0.0747837 -0.3049408
v 0.3350000 0.0050000 -0.3125828
v 0.3350000 0.0150000 -0.3119806
v 0.3342747 0.0253271 -0.3112889
v 0.3354411 0.0350000 -0.3117243
v 0.3355402 0.0450000 -0.3121911
v 0.3343540 0.0554160 -0.3125547
v 0.3345771 0.0642898 -0.3131363
v 0.3371477 0.0750000 -0.3133718
v 0.3450000 0.0050000 -0.3134295
v 0.3450000 0.0150000 -0.3127593
v 0.3450000 0.0250000 -0.3129174
v 0.3450000 0.0350000 -0.3135113
v 0.3450000 0.0450000 -0.3146884
v 0.3450000 0.0550000 -0.3170299
v 0.3451339 0.0645616 -0.3189277
v 0.3427004 0.0750000 -0.3183718
v 0.3550000 0.0050000 -0.3120039
v 0.3550000 0.0150000 -0.3118749
v 0.3550000 0.0250000 -0.3121259
v 0.3550000 0.0350000 -0.3121872
v 0.3550000 0.0450000 -0.3134090
v 0.3550000 0.0550000 -0.3165212
v 0.3550000 0.0621185 -0.3191312
v 0.3676646 0.0686346 -0.2450000
v 0.3634441 0.0750183 -0.2444486
v 0.3678111 0.0676156 -0.2550000
v 0.3667518 0.0750000 -0.2550000
v 0.3698299 0.0599317 -0.2697788
v 0.3673398 0.0647198 -0.2658673
v 0.3659360 0.0750000 -0.2650000
v 0.3698299 0.0599317 -0.2701062
v 0.3679686 0.0650000 -0.2717328
v 0.3676676 0.0754409 -0.2753225
v 0.3695397 0.0790682 -0.2804297
v 0.3661689 0.0050000 -0.3081902
v 0.3662459 0.0150000 -0.3080238
v 0.3660720 0.0250000 -0.3074235
v 0.3656437 0.0350000 -0.3066048
v 0.3663435 0.0450000 -0.3067998
v 0.3682152 0.0527671 -0.3082697
v 0.3611689 0.0050000 -0.3105007
v 0.3612459 0.0150000 -0.3105750
v 0.3610720 0.0250000 -0.3105843
v 0.3606437 0.0350000 -0.3104002
v 0.3613435 0.0450000 -0.3109117
v 0.3649291 0.0556603 -0.3122454
v 0.3650000 0.0635466 -0.3170139
v 0.3750000 0.0677041 -0.2450000
v 0.3750000 0.0656426 -0.2550000
v 0.3750000 0.0597498 -0.2694658
v 0.3750000 0.0619996 -0.2644658
v 0.3751987 0.0585696 -0.2740637
v 0.3724282 0.0650000 -0.2767328
v 0.3712398 0.0724015 -0.2788708
v 0.3791122 0.0450000 -0.2884971
v 0.3778897 0.0547698 -0.2848956
v 0.3772537 0.0659227 -0.2859427
v 0.3747438 0.0754409 -0.2834706
v 0.3754694 0.0450000 -0.2950000
v 0.3756908 0.0550000 -0.2950000
v 0.3781464 0.0639318 -0.2950000
v 0.3745795 0.0050000 -0.3031902
v 0.3740623 0.0150000 -0.3030237
v 0.3729753 0.0250000 -0.3024235
v 0.3716879 0.0350000 -0.3016048
v 0.3713572 0.0450000 -0.3017998
v 0.3720765 0.0556603 -0.3049618
v 0.3767762 0.0631349 -0.3050000
v 0.3703581 0.0594338 -0.3103387
v 0.3741775 0.0658243 -0.3146135
v 0.3779970 0.0707264 -0.3188883
v 0.3837956 0.0690695 -0.2450000
v 0.3887956 0.0702823 -0.2450000
v 0.3856492 0.0676251 -0.2542361
v 0.3894154 0.0701639 -0.2503935
v 0.3819956 0.0597348 -0.2695089
v 0.3851974 0.0621920 -0.2657053
v 0.3895426 0.0497269 -0.2798528
v 0.3857691 0.0555088 -0.2750355
v 0.3886623 0.0601810 -0.2702182
v 0.3893175 0.0250000 -0.2896098
v 0.3855377 0.0358258 -0.2885971
v 0.3857256 0.0458361 -0.2837470
v 0.3828759 0.0512829 -0.2814927
v 0.3800685 0.0698712 -0.2899045
v 0.3820094 0.0750000 -0.2890160
v 0.3843175 0.0250000 -0.2931853
v 0.3825628 0.0330431 -0.2916868
v 0.3816624 0.0689318 -0.2950000
v 0.3868963 0.0742875 -0.2942193
v 0.3840514 0.0681349 -0.3050000
v 0.3890514 0.0703775 -0.3050000
v 0.3832538 0.0688086 -0.3122216
v 0.3859523 0.0712387 -0.3153329
v 0.3950000 0.0714472 -0.2450000
v 0.3950000 0.0684215 -0.2566558
v 0.3950000 0.0707474 -0.2516558
v 0.3950000 0.0637641 -0.2650000
v 0.3950000 0.0488389 -0.2794873
v 0.3950000 0.0550000 -0.2748628
v 0.3950000 0.0603427 -0.2703755
v 0.3950000 0.0250000 -0.2866603
v 0.3950000 0.0350000 -0.2849115
v 0.3950000 0.0438389 -0.2817858
v 0.3950000 0.0756706 -0.2957683
v 0.3976801 0.0699438 -0.3095517
v 0.3946081 0.0705509 -0.3057310
v 0.3976801 0.0699438 -0.3101998
v 0.3946081 0.0715065 -0.3141199
v 0.3225038 0.0713734 -0.2785515
v 0.3204872 0.0385134 -0.2988872
v 0.3590954 0.0783638 -0.2407476
v 0.3793209 0.0100000 -0.2994377
v 0.3783618 0.0335119 -0.2943447
v 0.3903349 0.0110781 -0.2906623
v 0.3210160 0.1250000 -0.2419904
v 0.3230860 0.1346318 -0.2454779
v 0.3279112 0.1425877 -0.2450000
v 0.3208312 0.1379576 -0.2550000
v 0.3255916 0.1458119 -0.2542734
v 0.3282110 0.1514450 -0.2571224
v 0.3200558 0.0898234 -0.2698852
v 0.3200558 0.0904500 -0.2698852
v 0.3201355 0.1395571 -0.2607291
v 0.3214062 0.1450620 -0.2644375
v 0.3266560 0.1523089 -0.2650000
v 0.3228465 0.0858940 -0.2747665
v 0.3223047 0.0942700 -0.2743698
v 0.3206281 0.1250000 -0.2781712
v 0.3201242 0.1306153 -0.2795781
v 0.3206638 0.1484366 -0.2732601
v 0.3243982 0.1518094 -0.2759561
v 0.3285163 0.0850000 -0.2814355
v 0.3278390 0.0950000 -0.2824775
v 0.3274036 0.1050000 -0.2837648
v 0.3269092 0.1145693 -0.2857554
v 0.3238959 0.1250000 -0.2850000
v 0.3218733 0.1343692 -0.2847122
v 0.3247647 0.1454872 -0.2861562
v 0.3250000 0.1510366 -0.2818050
v 0.3293003 0.1176156 -0.2908116
v 0.3282678 0.1250000 -0.2918273
v 0.3272485 0.1350000 -0.2924947
v 0.3279412 0.1424787 -0.2917015
v 0.3388949 0.1397075 -0.2407064
v 0.3353369 0.1426676 -0.2444238
v 0.3355095 0.1477623 -0.2542734
v 0.3325158 0.1514450 -0.2571224
v 0.3393710 0.1491753 -0.2650000
v 0.3343710 0.1523089 -0.2650000
v 0.3397303 0.1498057 -0.2750000
v 0.3347303 0.1522535 -0.2750000
v 0.3351453 0.0856896 -0.2869987
v 0.3347416 0.0942627 -0.2878323
v 0.3311889 0.1050000 -0.2887648
v 0.3303492 0.1109489 -0.2895923
v 0.3357969 0.1479319 -0.2854340
v 0.3329948 0.1513711 -0.2823899
v 0.3374169 0.0840248 -0.2950000
v 0.3379026 0.0971044 -0.2914589
v 0.3361889 0.1050000 -0.2926338
v 0.3342095 0.1145693 -0.2934563
v 0.3350000 0.1250000 -0.2957559
v 0.3350000 0.1350000 -0.2948920
v 0.3350000 0.1425932 -0.2919168
v 0.3374116 0.0837333 -0.3050000
v 0.3385684 0.0824274 -0.3119183
v 0.3482544 0.0969619 -0.2450000
v 0.3461063 0.1050000 -0.2450000
v 0.3460127 0.1150000 -0.2450000
v 0.3456787 0.1250000 -0.2450000
v 0.3423921 0.1358245 -0.2444238
v 0.3406297 0.1409958 -0.2473731
v 0.3484775 0.0978871 -0.2525030
v 0.3477813 0.1049663 -0.2555018
v 0.3465089 0.1150000 -0.2550000
v 0.3456339 0.1250000 -0.2550000
v 0.3436653 0.1350000 -0.2550000
v 0.3411718 0.1424381 -0.2550000
v 0.3494294 0.1082772 -0.2609001
v 0.3487273 0.1150000 -0.2626447
v 0.3479868 0.1247071 -0.2655757
v 0.3453175 0.1350000 -0.2650000
v 0.3494194 0.1278451 -0.2725868
v 0.3479595 0.1342512 -0.2755521
v 0.3402583 0.0894827 -0.2897505
v 0.3402583 0.0904378 -0.2897505
v 0.3493000 0.1285636 -0.2874416
v 0.3473682 0.1342512 -0.2844650
v 0.3422353 0.1430558 -0.2850000
v 0.3407605 0.0890248 -0.2950000
v 0.3438403 0.0946155 -0.2950895
v 0.3450000 0.1050000 -0.2953392
v 0.3450000 0.1150000 -0.2956680
v 0.3455800 0.1251381 -0.2937756
v 0.3426152 0.1350000 -0.2923972
v 0.3408536 0.1409788 -0.2908542
v 0.3410749 0.0887333 -0.3050000
v 0.3460749 0.0933705 -0.3050000
v 0.3445275 0.0857109 -0.3156738
v 0.3473442 0.0923674 -0.3127625
v 0.3574531 0.0857726 -0.2444486
v 0.3524948 0.0919619 -0.2450000
v 0.3592464 0.0896210 -0.2506206
v 0.3550999 0.0947287 -0.2548952
v 0.3509534 0.1016105 -0.2591697
v 0.3548298 0.1050115 -0.2647052
v 0.3518037 0.1150000 -0.2676447
v 0.3503654 0.1211785 -0.2692929
v 0.3587062 0.1084125 -0.2725372
v 0.3564629 0.1143204 -0.2755223
v 0.3513400 0.1247071 -0.2755521
v 0.3501680 0.1304187 -0.2792535
v 0.3598484 0.0999181 -0.2898163
v 0.3590044 0.1050000 -0.2879665
v 0.3568100 0.1143204 -0.2844835
v 0.3516163 0.1251381 -0.2844650
v 0.3501680 0.1304187 -0.2807750
v 0.3598484 0.0999181 -0.2904486
v 0.3522351 0.0987932 -0.2987201
v 0.3561033 0.1030900 -0.2945954
v 0.3522376 0.1150000 -0.2919564
v 0.3508260 0.1218969 -0.2910547
v 0.3529429 0.0983705 -0.3050000
v 0.3579429 0.1009777 -0.3050000
v 0.3508387 0.0889943 -0.3194292
v 0.3545971 0.0956237 -0.3156494
v 0.3583555 0.1007602 -0.3118696
v 0.3621874 0.0829544 -0.2474142
v 0.3641096 0.0857726 -0.2543724
v 0.3615952 0.0915703 -0.2572873
v 0.3677121 0.0850000 -0.2650000
v 0.3636426 0.0949422 -0.2651062
v 0.3612997 0.1017458 -0.2685103
v 0.3680988 0.0850000 -0.2750000
v 0.3660226 0.0950000 -0.2750000
v 0.3616895 0.1050475 -0.2755223
v 0.3602664 0.1105340 -0.2792038
v 0.3688831 0.0850000 -0.2812061
v 0.3651105 0.0962986 -0.2854974
v 0.3611372 0.1050000 -0.2829665
v 0.3602664 0.1105340 -0.2808057
v 0.3650000 0.0994479 -0.2909072
v 0.3650000 0.1015443 -0.2959072
v 0.3650000 0.1036238 -0.3050000
v 0.3649713 0.1021127 -0.3151218
v 0.3750000 0.0850000 -0.2845549
v 0.3750000 0.0937925 -0.2876450
v 0.3750000 0.0987925 -0.2910872
v 0.3750000 0.1024400 -0.2960872
v 0.3750000 0.1058981 -0.3050000
v 0.3750000 0.1051647 -0.3150000
v 0.3855664 0.0848704 -0.2884402
v 0.3850000 0.0927371 -0.2889626
v 0.3892774 0.0814507 -0.2903656
v 0.3850000 0.0977371 -0.2913260
v 0.3850000 0.1061525 -0.3050000
v 0.3850000 0.1061717 -0.3150000
v 0.3915976 0.0881173 -0.2896019
v 0.3915976 0.0912718 -0.2896019
v 0.3949586 0.0848704 -0.2908923
v 0.3949586 0.0947631 -0.2922797
v 0.3950000 0.1049657 -0.3050000
v 0.3950000 0.1055243 -0.3150000
v 0.3200929 0.1196863 -0.2401907
v 0.3220325 0.1100000 -0.2762308
v 0.3576200 0.0982369 -0.2618436
v 0.3424370 0.1444905 -0.2700000
v 0.3616188 0.0988800 -0.3185363
v 0.3900000 0.1020320 -0.2969143
v 0.3485565 0.0676026 -0.3204385
v 0.3477004 0.0750000 -0.3210156
v 0.3550000 0.0671185 -0.3208415
v 0.3550000 0.0750000 -0.3227360
v 0.3650000 0.0685466 -0.3208037
v 0.3650000 0.0750000 -0.3233625
v 0.3713303 0.0695067 -0.3203881
v 0.3747982 0.0744358 -0.3224763
v 0.3850000 0.0765302 -0.3228495
v 0.3950000 0.0768650 -0.3228807
v 0.3483773 0.0823277 -0.3209157
v 0.3545032 0.0853966 -0.3222479
v 0.3575054 0.0922133 -0.3212205
v 0.3650000 0.0850000 -0.3251260
v 0.3649713 0.0953280 -0.3224648
v 0.3750000 0.0850000 -0.3264219
v 0.3750000 0.0950000 -0.3252478
v 0.3850000 0.0850000 -0.3268678
v 0.3850000 0.0950000 -0.3264185
v 0.3950000 0.0850000 -0.3271264
v 0.3950000 0.0950000 -0.3266571
v 0.3716427 0.1012276 -0.3211576
v 0.3900000 0.1023209 -0.3224058
v 0.4001148 0.0201821 -0.1099745
v 0.4040689 0.0241092 -0.1113711
v 0.4050000 0.0350000 -0.1152296
v 0.4078259 0.0593178 -0.1415648
v 0.4046956 0.0617724 -0.1449389
v 0.4050000 0.0648490 -0.1550000
v 0.4150000 0.0250000 -0.1136512
v 0.4142777 0.0353537 -0.1176048
v 0.4150709 0.0581067 -0.1449389
v 0.4117848 0.0606812 -0.1482314
v 0.4184515 0.0594045 -0.1519165
v 0.4150709 0.0614855 -0.1551499
v 0.4250000 0.0250000 -0.1156135
v 0.4250000 0.0323866 -0.1182323
v 0.4250000 0.0373866 -0.1226348
v 0.4250000 0.0544946 -0.1450000
v 0.4246745 0.0580340 -0.1551499
v 0.4353289 0.0254793 -0.1181008
v 0.4322148 0.0309260 -0.1192607
v 0.4388815 0.0291322 -0.1204383
v 0.4359505 0.0354147 -0.1247702
v 0.4396862 0.0399033 -0.1300927
v 0.4376578 0.0492999 -0.1421413
v 0.4345947 0.0512935 -0.1452848
v 0.4350000 0.0539561 -0.1550000
v 0.4450000 0.0270828 -0.1215474
v 0.4450000 0.0341716 -0.1265474
v 0.4450000 0.0391716 -0.1307476
v 0.4446930 0.0482833 -0.1452848
v 0.4411550 0.0503563 -0.1488080
v 0.4473196 0.0490241 -0.1550000
v 0.4423196 0.0509669 -0.1550000
v 0.4554728 0.0241869 -0.1223409
v 0.4550000 0.0328799 -0.1278835
v 0.4550000 0.0378799 -0.1319488
v 0.4550000 0.0456797 -0.1450000
v 0.4550000 0.0467412 -0.1550000
v 0.4650000 0.0250000 -0.1232984
v 0.4650000 0.0327129 -0.1281255
v 0.4650000 0.0377129 -0.1321967
v 0.4650000 0.0448316 -0.1450000
v 0.4650000 0.0456338 -0.1550000
v 0.4750000 0.0250000 -0.1234579
v 0.4750000 0.0324850 -0.1282881
v 0.4750000 0.0374850 -0.1322531
v 0.4750000 0.0454619 -0.1450000
v 0.4750000 0.0464786 -0.1550000
v 0.4078367 0.0120452 -0.1120263
v 0.4171295 0.0389228 -0.1210777
v 0.4097370 0.0497429 -0.1301524
v 0.4011593 0.0603421 -0.1395166
v 0.4300000 0.0100000 -0.1160852
v 0.4290582 0.0462333 -0.1337081
v 0.4211241 0.0604206 -0.1585832
v 0.4501182 0.0101969 -0.1188793
v 0.4487273 0.0211972 -0.1195218
v 0.4591213 0.0196458 -0.1200569
v 0.4500000 0.0427812 -0.1363482
v 0.4700000 0.0096137 -0.1186715
v 0.4700000 0.0192273 -0.1201713
v 0.4700000 0.0418911 -0.1372249
v 0.4077314 0.0405612 -0.1194478
v 0.4050000 0.0673069 -0.2050000
v 0.4050000 0.0686650 -0.2150000
v 0.4050000 0.0698107 -0.2222089
v 0.4050000 0.0703172 -0.2272089
v 0.4050000 0.0715130 -0.2350000
v 0.4150000 0.0644489 -0.2050000
v 0.4150000 0.0662245 -0.2150000
v 0.4141913 0.0685264 -0.2253517
v 0.4103189 0.0700767 -0.2289195
v 0.4169855 0.0691500 -0.2331827
v 0.4141913 0.0705922 -0.2359096
v 0.4273511 0.0585076 -0.2050000
v 0.4279401 0.0584132 -0.2150000
v 0.4288110 0.0586823 -0.2250000
v 0.4238109 0.0632799 -0.2250000
v 0.4293882 0.0592268 -0.2350000
v 0.4235380 0.0654900 -0.2359096
v 0.4200456 0.0700366 -0.2398494
v 0.4397093 0.0496566 -0.2087496
v 0.4358256 0.0530305 -0.2052498
v 0.4387173 0.0482652 -0.2150000
v 0.4337173 0.0534132 -0.2150000
v 0.4379069 0.0468235 -0.2250000
v 0.4329069 0.0536823 -0.2250000
v 0.4382056 0.0468897 -0.2350000
v 0.4332056 0.0542268 -0.2350000
v 0.4470085 0.0482794 -0.1850000
v 0.4420085 0.0510739 -0.1850000
v 0.4462093 0.0468930 -0.1950000
v 0.4412093 0.0507987 -0.1950000
v 0.4489643 0.0389834 -0.2079026
v 0.4447152 0.0451350 -0.2049927
v 0.4404660 0.0503741 -0.2020829
v 0.4474522 0.0372576 -0.2150000
v 0.4424522 0.0432652 -0.2150000
v 0.4493167 0.0289157 -0.2282103
v 0.4465399 0.0344161 -0.2249262
v 0.4499921 0.0099635 -0.2399923
v 0.4491276 0.0150000 -0.2388754
v 0.4475673 0.0253494 -0.2351049
v 0.4437590 0.0350000 -0.2350000
v 0.4550000 0.0442382 -0.1850000
v 0.4545370 0.0416082 -0.1942034
v 0.4545370 0.0367081 -0.2047415
v 0.4508950 0.0406135 -0.2012359
v 0.4576432 0.0283419 -0.2172321
v 0.4545859 0.0319761 -0.2143393
v 0.4587054 0.0180656 -0.2287164
v 0.4548410 0.0252955 -0.2251300
v 0.4509765 0.0306934 -0.2215436
v 0.4544820 0.0059781 -0.2371764
v 0.4552232 0.0148394 -0.2335218
v 0.4520387 0.0222490 -0.2318416
v 0.4650000 0.0446382 -0.1650000
v 0.4650000 0.0431426 -0.1750000
v 0.4671124 0.0390032 -0.1877010
v 0.4642675 0.0410158 -0.1846206
v 0.4642675 0.0369559 -0.1942034
v 0.4604458 0.0401563 -0.1903390
v 0.4672696 0.0284788 -0.2078312
v 0.4643618 0.0317240 -0.2046987
v 0.4686547 0.0180725 -0.2187237
v 0.4646288 0.0250770 -0.2146446
v 0.4606029 0.0302834 -0.2105654
v 0.4666844 0.0050000 -0.2268460
v 0.4647106 0.0147357 -0.2247673
v 0.4616844 0.0050000 -0.2314763
v 0.4607664 0.0113989 -0.2307025
v 0.4750000 0.0443358 -0.1650000
v 0.4750000 0.0418981 -0.1750000
v 0.4750000 0.0379834 -0.1861697
v 0.4750000 0.0405154 -0.1811697
v 0.4782356 0.0290982 -0.1989165
v 0.4749414 0.0327927 -0.1953499
v 0.4792132 0.0191049 -0.2093855
v 0.4753911 0.0254552 -0.2052750
v 0.4715689 0.0306766 -0.2011645
v 0.4770175 0.0050000 -0.2174846
v 0.4750717 0.0152554 -0.2150594
v 0.4725465 0.0218121 -0.2120571
v 0.4720175 0.0050000 -0.2218460
v 0.4709301 0.0114059 -0.2208183
v 0.4100000 0.0643104 -0.1700000
v 0.4100000 0.0647335 -0.1900000
v 0.4305115 0.0564169 -0.1700000
v 0.4210230 0.0604063 -0.1700000
v 0.4308192 0.0564812 -0.1900000
v 0.4216383 0.0607218 -0.1900000
v 0.4226456 0.0616956 -0.2100000
v 0.4482176 0.0485969 -0.1700000
v 0.4575616 0.0385800 -0.1970057
v 0.4410604 0.0418566 -0.2300000
v 0.4619881 0.0216753 -0.2220497
v 0.4050000 0.0722581 -0.2450000
v 0.4050000 0.0682753 -0.2570998
v 0.4050000 0.0710623 -0.2520998
v 0.4078028 0.0593338 -0.2692803
v 0.4046817 0.0627858 -0.2655682
v 0.4088290 0.0250000 -0.2793185
v 0.4082711 0.0350000 -0.2791680
v 0.4050699 0.0452350 -0.2784073
v 0.4046817 0.0556003 -0.2730097
v 0.4011362 0.0602759 -0.2702825
v 0.4050000 0.0696237 -0.3086179
v 0.4050000 0.0709574 -0.3036179
v 0.4050000 0.0696237 -0.3119893
v 0.4050000 0.0710470 -0.3169893
v 0.4180321 0.0689086 -0.2468069
v 0.4148192 0.0708965 -0.2440841
v 0.4148192 0.0665406 -0.2545913
v 0.4113654 0.0705837 -0.2509855
v 0.4198470 0.0496208 -0.2698866
v 0.4159082 0.0556003 -0.2676519
v 0.4150000 0.0614943 -0.2621499
v 0.4150000 0.0250000 -0.2750185
v 0.4150000 0.0350000 -0.2752478
v 0.4159082 0.0457725 -0.2731755
v 0.4131803 0.0526671 -0.2719368
v 0.4150000 0.0694231 -0.3085291
v 0.4150000 0.0730368 -0.3035291
v 0.4146565 0.0693297 -0.3154716
v 0.4110942 0.0702233 -0.3191193
v 0.4288041 0.0585631 -0.2450000
v 0.4230706 0.0653451 -0.2440841
v 0.4200456 0.0700366 -0.2401402
v 0.4299758 0.0499016 -0.2599539
v 0.4273646 0.0551105 -0.2559724
v 0.4217239 0.0618174 -0.2550000
v 0.4258832 0.0250000 -0.2662494
v 0.4263723 0.0350000 -0.2664353
v 0.4254588 0.0464279 -0.2653714
v 0.4226470 0.0550000 -0.2626047
v 0.4208831 0.0250000 -0.2707000
v 0.4213723 0.0350000 -0.2710798
v 0.4209418 0.0429542 -0.2707439
v 0.4213629 0.0696765 -0.3094333
v 0.4240757 0.0754597 -0.3058121
v 0.4248178 0.0691949 -0.3148241
v 0.4280296 0.0710655 -0.3113734
v 0.4396973 0.0267458 -0.2492921
v 0.4391924 0.0350000 -0.2481622
v 0.4377978 0.0448712 -0.2449545
v 0.4328279 0.0535631 -0.2450000
v 0.4367193 0.0240475 -0.2540065
v 0.4353527 0.0350000 -0.2550000
v 0.4327961 0.0459410 -0.2559724
v 0.4314584 0.0518509 -0.2532873
v 0.4311261 0.0250000 -0.2612494
v 0.4311603 0.0350000 -0.2614353
v 0.4306425 0.0432349 -0.2608561
v 0.4315175 0.0777321 -0.3088576
v 0.4315595 0.0693297 -0.3180401
v 0.4348719 0.0749857 -0.3152910
v 0.4419819 0.0240475 -0.2455753
v 0.4413131 0.0350000 -0.2431621
v 0.4400078 0.0200792 -0.2500108
v 0.4142502 0.0093976 -0.2738871
v 0.4032494 0.0100000 -0.2821509
v 0.4035501 0.0300000 -0.2817966
v 0.4017832 0.0420583 -0.2807988
v 0.4100000 0.0769971 -0.2974125
v 0.4359394 0.0085266 -0.2538307
v 0.4261311 0.0127526 -0.2640907
v 0.4202203 0.0601813 -0.2602529
v 0.4201217 0.0798540 -0.2999182
v 0.4450283 0.0111327 -0.2452441
v 0.4406333 0.0414520 -0.2415908
v 0.4403767 0.0789059 -0.3192086
v 0.4050000 0.0850000 -0.2929372
v 0.4051591 0.0954951 -0.2965521
v 0.4085985 0.0991585 -0.3013416
v 0.4051591 0.1021681 -0.3048050
v 0.4050000 0.1036259 -0.3150000
v 0.4156149 0.0843115 -0.2976278
v 0.4126914 0.0924919 -0.2982000
v 0.4193581 0.0871859 -0.3006695
v 0.4154199 0.0955832 -0.3043389
v 0.4114818 0.1008599 -0.3080083
v 0.4172515 0.0982357 -0.3150000
v 0.4122515 0.1011793 -0.3150000
v 0.4245934 0.0846275 -0.3047635
v 0.4223984 0.0920079 -0.3073361
v 0.4290650 0.0887358 -0.3124729
v 0.4254390 0.0927328 -0.3154837
v 0.4315175 0.0820691 -0.3088576
v 0.4342555 0.0846346 -0.3158407
v 0.4303268 0.0902404 -0.3191395
v 0.4019319 0.1008101 -0.2989241
v 0.4201217 0.0805192 -0.2999182
v 0.4403767 0.0805333 -0.3192086
v 0.4050000 0.0760470 -0.3234345
v 0.4177608 0.0696520 -0.3204638
v 0.4146565 0.0741340 -0.3235950
v 0.4250000 0.0692363 -0.3210975
v 0.4250000 0.0750000 -0.3254673
v 0.4315595 0.0693297 -0.3209995
v 0.4349357 0.0753436 -0.3226745
v 0.4403767 0.0789059 -0.3205595
v 0.4050000 0.0850000 -0.3278151
v 0.4050000 0.0950000 -0.3261437
v 0.4050000 0.1015234 -0.3217630
v 0.4150000 0.0850000 -0.3279470
v 0.4149121 0.0953839 -0.3235490
v 0.4115202 0.1007126 -0.3208469
v 0.4250000 0.0850000 -0.3262286
v 0.4250000 0.0919101 -0.3218589
v 0.4341961 0.0843200 -0.3222711
v 0.4303268 0.0902404 -0.3203273
v 0.4403767 0.0805333 -0.3205595
v 0.4850000 0.0250000 -0.1245704
v 0.4850000 0.0311186 -0.1291641
v 0.4850000 0.0361186 -0.1331635
v 0.4850000 0.0451118 -0.1450000
v 0.4850000 0.0465002 -0.1550000
v 0.4946387 0.0255992 -0.1270743
v 0.4910644 0.0302809 -0.1297822
v 0.4977311 0.0293320 -0.1304724
v 0.4952776 0.0350538 -0.1347938
v 0.4956945 0.0423703 -0.1442170
v 0.4950000 0.0444111 -0.1550000
v 0.5050000 0.0050000 -0.1241260
v 0.5057167 0.0156080 -0.1262989
v 0.5028611 0.0226653 -0.1281860
v 0.5095278 0.0193466 -0.1303146
v 0.5057167 0.0255992 -0.1317989
v 0.5050000 0.0332213 -0.1370126
v 0.5054246 0.0382819 -0.1442170
v 0.5023742 0.0410426 -0.1470284
v 0.5086658 0.0393684 -0.1550000
v 0.5036658 0.0414727 -0.1550000
v 0.5114014 0.0050000 -0.1286208
v 0.5113118 0.0126800 -0.1287403
v 0.5168668 0.0049884 -0.1356129
v 0.5147870 0.0156080 -0.1336516
v 0.5148206 0.0242757 -0.1373653
v 0.5113677 0.0311350 -0.1388777
v 0.5180343 0.0271262 -0.1430553
v 0.5148206 0.0324720 -0.1458332
v 0.5150000 0.0348189 -0.1550000
v 0.5226158 0.0049884 -0.1444214
v 0.5239465 0.0150000 -0.1450000
v 0.5215252 0.0242757 -0.1458332
v 0.5201312 0.0301435 -0.1497219
v 0.5279432 0.0056369 -0.1557039
v 0.5284565 0.0144961 -0.1557039
v 0.5241941 0.0250000 -0.1550000
v 0.5204336 0.0304505 -0.1550000
v 0.5301462 0.0093949 -0.1595065
v 0.5301462 0.0108269 -0.1595065
v 0.4929036 0.0129311 -0.1207532
v 0.4889120 0.0411829 -0.1386393
v 0.4994908 0.0398267 -0.1403617
v 0.5195761 0.0016473 -0.1407024
v 0.5204720 0.0116570 -0.1393416
v 0.5202372 0.0204595 -0.1397498
v 0.4889057 0.0088791 -0.1189216
v 0.4850000 0.0444880 -0.1650000
v 0.4850000 0.0418635 -0.1750000
v 0.4850000 0.0369631 -0.1855880
v 0.4850000 0.0273859 -0.1974481
v 0.4850000 0.0319631 -0.1924481
v 0.4880632 0.0050000 -0.2085501
v 0.4850691 0.0154629 -0.2073180
v 0.4830633 0.0050000 -0.2124846
v 0.4817818 0.0124382 -0.2113951
v 0.4950000 0.0434859 -0.1650000
v 0.4945217 0.0412416 -0.1751528
v 0.4945217 0.0364978 -0.1841552
v 0.4947768 0.0244497 -0.1962921
v 0.4950000 0.0309873 -0.1910057
v 0.4950000 0.0050000 -0.2040648
v 0.4947768 0.0142639 -0.2017644
v 0.5077177 0.0387117 -0.1650000
v 0.5046661 0.0376389 -0.1751528
v 0.5073658 0.0283810 -0.1883875
v 0.5044194 0.0326636 -0.1850325
v 0.5060297 0.0050000 -0.1980914
v 0.5041689 0.0142639 -0.1973351
v 0.5044194 0.0250286 -0.1923668
v 0.5006991 0.0303404 -0.1903265
v 0.5199619 0.0299720 -0.1698278
v 0.5159771 0.0332437 -0.1658967
v 0.5187829 0.0290127 -0.1750000
v 0.5137829 0.0324138 -0.1750000
v 0.5196861 0.0066790 -0.1897702
v 0.5187225 0.0150000 -0.1890021
v 0.5151796 0.0252129 -0.1853100
v 0.5117486 0.0312524 -0.1817208
v 0.5158117 0.0040074 -0.1924736
v 0.5137225 0.0150000 -0.1923096
v 0.5119439 0.0217143 -0.1911390
v 0.5292845 0.0029042 -0.1650000
v 0.5290529 0.0167107 -0.1650000
v 0.5235105 0.0259832 -0.1658967
v 0.5204469 0.0304572 -0.1631612
v 0.5290886 0.0046864 -0.1753738
v 0.5284821 0.0148724 -0.1753738
v 0.5233235 0.0240127 -0.1750000
v 0.5232515 0.0040074 -0.1858621
v 0.5236801 0.0150000 -0.1840021
v 0.5200008 0.0000123 -0.1900008
v 0.5304993 0.0079042 -0.1650000
v 0.5304993 0.0117106 -0.1650000
v 0.5305197 0.0078107 -0.1722897
v 0.5305197 0.0114540 -0.1722897
v 0.4975361 0.0395132 -0.1785880
v 0.4979613 0.0171065 -0.1991458
v 0.4879347 0.0402412 -0.1804233
v 0.4881473 0.0215677 -0.2015720
v 0.5019140 0.0408765 -0.1684607
v 0.5006555 0.0077199 -0.2003221
v 0.5218679 0.0220449 -0.1822326
# 10879 vertices, 0 vertices normals

f 67 16 13
f 58 46 69
f 47 60 69
f 76 109 74
f 109 84 82
f 88 111 101
f 91 102 111
f 103 111 102
f 163 138 133
f 139 164 134
f 152 166 148
f 184 222 182
f 194 223 192
f 198 224 196
f 222 204 200
f 225 191 188
f 223 211 209
f 226 210 211
f 210 226 220
f 253 195 193
f 236 225 235
f 238 253 237
f 265 285 264
f 267 286 266
f 276 275 226
f 285 278 276
f 288 277 278
f 270 290 268
f 281 291 279
f 275 283 226
f 277 288 284
f 405 297 306
f 294 405 304
f 308 406 306
f 406 319 317
f 407 312 311
f 312 407 310
f 321 322 407
f 326 319 406
f 322 333 407
f 334 408 330
f 407 356 349
f 410 353 354
f 410 331 330
f 408 364 360
f 411 369 368
f 393 411 392
f 414 375 374
f 415 377 376
f 412 403 401
f 412 394 403
f 457 281 282
f 457 420 419
f 423 422 457
f 455 426 423
f 456 432 429
f 419 439 291
f 111 466 464
f 524 485 486
f 489 524 488
f 492 526 490
f 496 527 494
f 501 522 498
f 485 524 501
f 503 502 525
f 527 504 503
f 496 505 527
f 509 522 508
f 522 509 507
f 523 511 510
f 517 454 516
f 519 455 518
f 511 528 519
f 512 520 528
f 570 536 535
f 543 539 569
f 570 540 544
f 545 541 570
f 551 570 550
f 572 560 559
f 166 592 590
f 728 155 151
f 615 628 569
f 616 729 629
f 617 630 729
f 693 694 572
f 736 728 735
f 627 765 625
f 765 748 747
f 654 766 651
f 766 758 757
f 651 766 675
f 766 762 764
f 226 775 774
f 801 897 797
f 897 848 847
f 809 898 805
f 898 850 849
f 288 905 903
f 289 907 906
f 289 908 907
f 994 907 908
f 917 992 916
f 907 994 917
f 992 925 924
f 925 996 936
f 936 997 935
f 997 951 950
f 996 953 952
f 964 951 997
f 952 965 997
f 1056 398 397
f 1056 844 854
f 1003 1000 1056
f 1059 1002 1006
f 1009 1056 1008
f 1013 1057 1012
f 1061 1013 1023
f 1063 1035 1029
f 1063 1029 1039
f 1065 1044 1052
f 1110 441 440
f 441 1110 439
f 442 1110 440
f 444 1110 442
f 448 1111 446
f 1111 1098 1097
f 450 1111 448
f 452 1111 450
f 1110 1096 1095
f 1095 1068 1066
f 1096 1072 1070
f 1074 1097 1073
f 1097 1075 1073
f 1098 1077 1076
f 1066 1079 996
f 1087 1099 1086
f 1100 1079 1078
f 1080 1100 1078
f 1083 1101 1082
f 1085 1103 1084
f 953 1100 966
f 1089 1100 1088
f 1100 1090 1088
f 1090 1106 1093
f 1093 1106 1094
f 1203 983 982
f 983 1203 981
f 1162 1167 1203
f 1168 1163 1197
f 1164 1169 1197
f 1167 1171 1203
f 1171 1175 1203
f 1175 1176 1203
f 1177 1172 1198
f 1173 1178 1198
f 1179 1200 1178
f 1181 1184 1204
f 1182 1201 1185
f 1184 1187 1204
f 1202 1190 1189
f 1187 1192 1204
f 1196 1190 1202
f 1274 1209 1216
f 1210 1275 1217
f 1225 1274 1224
f 1276 1275 1203
f 1226 1276 1233
f 1233 1276 1234
f 1242 1277 1251
f 1279 1257 1256
f 1280 1277 1204
f 1279 1263 1268
f 1269 1264 1280
f 1280 1273 1269
f 1094 1352 1092
f 1352 1284 1282
f 1286 1106 1285
f 1106 1287 1285
f 1108 1290 1289
f 1293 1284 1352
f 1286 1295 1352
f 1300 1290 1354
f 1297 1357 1295
f 1357 1306 1304
f 1358 1299 1298
f 1300 1358 1298
f 1355 1308 1307
f 1313 1306 1357
f 1359 1307 1314
f 1315 1359 1314
f 1310 1360 1309
f 1322 1358 1321
f 1358 1322 1320
f 1359 1325 1323
f 1317 1327 1360
f 1360 1340 1338
f 1343 1362 1341
f 1364 1331 1330
f 1332 1364 1330
f 1336 1365 1334
f 1338 1346 1202
f 1362 1347 1348
f 1351 1341 1362
f 1427 1383 1382
f 1385 1427 1382
f 1388 1392 1423
f 1393 1389 1424
f 1399 1431 1397
f 1401 1426 1400
f 1402 1432 1400
f 1426 1402 1400
f 1406 1397 1431
f 1407 1400 1432
f 1408 1407 1430
f 1401 1408 1430
f 1415 1430 1414
f 1436 1415 1413
f 1410 1417 1434
f 1436 1413 1419
f 1411 1437 1418
f 1414 1439 1420
f 1446 1281 1445
f 1448 1280 1447
f 1481 1453 1452
f 1482 1455 1454
f 1483 1457 1456
f 1481 1461 1464
f 1465 1462 1423
f 1487 1480 1479
f 1484 1467 1472
f 1487 1484 1486
f 1476 1474 1434
f 1486 1475 1477
f 1488 1490 1510
f 1510 1493 1492
f 1491 1511 1490
f 1492 1495 1518
f 1511 1496 1497
f 1493 1511 1497
f 1518 1500 1498
f 1498 1505 1512
f 1503 1513 1509
f 1515 1505 1504
f 1506 1515 1504
f 1509 1516 1508
f 1542 1375 1376
f 1542 1346 1345
f 1535 1489 1488
f 1524 1523 1422
f 1542 1520 1524
f 1375 1542 1385
f 1525 1531 1523
f 1525 1521 1531
f 1527 1526 1432
f 1527 1536 1526
f 1536 1528 1526
f 1526 1529 1432
f 1530 1512 1529
f 1530 1528 1512
f 1568 1417 1416
f 1418 1568 1416
f 1570 1421 1420
f 1421 1570 1419
f 1587 1570 1545
f 1587 1543 1544
f 1567 1587 1544
f 1547 1570 1546
f 1570 1547 1545
f 1574 1544 1549
f 1587 1545 1550
f 1543 1587 1548
f 1548 1587 1549
f 1551 1546 1575
f 1554 1574 1553
f 1574 1555 1553
f 1580 1552 1551
f 1552 1580 1550
f 1558 1555 1579
f 1579 1588 1583
f 1583 1588 1561
f 1588 1580 1584
f 1561 1588 1564
f 1591 1589 1566
f 1593 1590 1592
f 1596 1593 1595
f 1594 1592 1591
f 1597 1595 1594
f 1554 1597 1578
f 1597 1554 1557
f 1597 1557 1560
f 1597 1560 1563
f 1600 1610 1599
f 1610 1601 1599
f 1612 1603 1602
f 1600 1605 1613
f 1601 1614 1606
f 1602 1607 1614
f 1616 1605 1604
f 1606 1616 1604
f 1608 1618 1607
f 1631 1609 1613
f 1571 1631 1576
f 1623 1624 1585
f 1629 1625 1623
f 1624 1627 1585
f 1625 1630 1628
f 1649 1565 1564
f 1565 1649 1563
f 1634 1588 1633
f 1634 1639 1649
f 1669 1597 1668
f 1652 1597 1651
f 1597 1652 1668
f 1653 1651 1649
f 1670 1652 1654
f 1670 1679 1669
f 1649 1655 1653
f 1671 1654 1653
f 1679 1670 1672
f 1671 1655 1649
f 1655 1671 1653
f 1656 1657 1673
f 1658 1656 1643
f 1657 1659 1673
f 1643 1660 1658
f 1681 1674 1676
f 1677 1662 1665
f 1666 1663 1646
f 1622 1683 1621
f 1691 1685 1688
f 1686 1692 1689
f 1689 1692 1690
f 1683 1694 1693
f 1690 1695 1688
f 1700 1694 1683
f 1711 1698 1697
f 1698 1711 1696
f 1702 1703 1711
f 1705 1701 1711
f 1703 1708 1711
f 1711 1706 1705
f 1734 67 1732
f 1787 1735 1733
f 1743 1787 1742
f 1789 1764 1763
f 1774 1789 1773
f 1825 1817 1816
f 1827 1831 1835
f 1885 1860 1855
f 1861 1886 1856
f 1887 1874 1870
f 1875 1840 1835
f 1887 1878 1874
f 1914 1900 1898
f 1965 1924 1922
f 1966 1928 1926
f 1931 1914 1929
f 1967 1932 1930
f 1968 1935 1934
f 1941 1965 1938
f 1969 1897 1896
f 1927 1969 1925
f 1945 1966 1943
f 1947 1967 1946
f 1950 1968 1948
f 1997 2071 1996
f 2071 1988 1987
f 2072 2013 2010
f 2035 2073 2033
f 2075 2052 2046
f 2075 2027 2052
f 2053 2075 2047
f 2053 2028 2075
f 2078 2062 2060
f 2042 2078 2041
f 2079 2044 2043
f 2080 2079 2082
f 2080 2046 2045
f 2081 2061 2062
f 2064 2059 2077
f 2060 2066 2077
f 2067 2082 2065
f 2067 2061 2082
f 2119 2094 2093
f 2120 2096 2095
f 2122 1950 1951
f 2105 2104 2122
f 2106 2120 2104
f 2123 2100 2098
f 2122 1951 1964
f 2114 2105 2122
f 2124 2106 2115
f 2124 2115 2116
f 2117 2110 2124
f 2128 1825 2127
f 2129 2209 2139
f 2209 2128 2138
f 2212 2140 2139
f 2163 2212 2159
f 2214 2142 2141
f 2171 2214 2167
f 2177 2176 2072
f 2210 2178 2177
f 2211 2180 2179
f 2213 2182 2181
f 2215 2187 2184
f 2190 2210 2188
f 2191 2210 2190
f 2193 2211 2192
f 2213 2196 2195
f 2196 2213 2194
f 2199 2215 2197
f 2262 2204 2203
f 2263 2206 2205
f 2230 2262 2227
f 2236 2263 2233
f 2284 2277 2265
f 2298 2291 2266
f 2312 2303 2302
f 2312 2308 2310
f 2329 2349 2328
f 2330 2336 2265
f 2342 2346 2266
f 2363 1887 2360
f 2366 1887 2363
f 2349 2402 2400
f 2469 2470 2312
f 2492 2469 2312
f 2520 2570 2519
f 2523 2571 2521
f 2570 2602 2598
f 2571 2610 2606
f 2064 2687 2063
f 2516 2687 2526
f 2687 2638 2642
f 2643 2692 2641
f 2643 2639 2692
f 2647 2641 2692
f 2687 2649 2645
f 2692 1062 1061
f 2692 1060 1062
f 2654 2692 2650
f 2654 2647 2692
f 2663 2688 2657
f 2663 2692 2688
f 2664 2692 2663
f 2692 2664 2658
f 2669 2657 2688
f 2680 2675 2690
f 2691 2679 2686
f 2694 2122 2693
f 2124 2703 2702
f 2703 2124 2700
f 2796 2702 2703
f 2796 2118 2117
f 2796 2703 2712
f 2724 2797 2723
f 2785 2771 2691
f 2851 2248 2246
f 2851 2249 2248
f 2851 2251 2249
f 2851 2253 2251
f 2852 2257 2255
f 2852 2259 2257
f 2840 2852 2839
f 2852 2261 2259
f 2838 2851 2837
f 2802 2837 2801
f 2806 2838 2804
f 2809 2839 2808
f 2810 2839 2809
f 2841 2810 2817
f 2843 2815 2814
f 2844 2817 2816
f 2843 2821 2825
f 2830 2843 2829
f 2848 2830 2836
f 2911 2903 2987
f 2988 2910 2917
f 2919 2987 2918
f 2990 2957 2956
f 2978 2968 2990
f 2978 2992 2979
f 3028 2786 2785
f 3028 2787 2786
f 2998 2993 3028
f 3020 2994 2999
f 3000 2995 3020
f 3028 2988 2927
f 3002 2998 3028
f 3023 3001 3000
f 3028 2927 2936
f 2937 3028 2936
f 3004 3005 3028
f 3005 3002 3028
f 3021 3003 3006
f 3029 2950 2965
f 3010 3007 3029
f 3024 3009 3012
f 3029 2965 2977
f 3013 3010 3029
f 3029 2977 2986
f 3016 3013 3029
f 3026 3015 3019
f 3032 3113 3031
f 3113 2832 2831
f 3038 2848 3037
f 3114 3032 3042
f 3043 3033 3114
f 3116 3038 3048
f 3054 3118 3053
f 3118 3044 3043
f 3119 3047 3046
f 3119 3048 3047
f 3056 3117 3055
f 3057 3049 3023
f 3118 3054 3061
f 3062 3055 3120
f 3120 3063 3062
f 3121 3058 3057
f 3069 3119 3068
f 3070 3119 3069
f 3072 3120 3071
f 3074 3064 3121
f 3087 3121 3086
f 3125 3085 3083
f 3100 3086 3027
f 3106 3105 3122
f 3125 3099 3111
f 3125 3111 3112
f 3129 2992 3128
f 3158 1446 1457
f 3136 3128 3158
f 3163 3137 3136
f 3164 3139 3138
f 3147 3144 3164
f 3169 3160 3159
f 3155 3150 3165
f 3167 3165 3169
f 3168 3156 3155
f 3176 3026 3174
f 3244 3196 3195
f 3244 3195 3204
f 3247 3206 3207
f 3247 3199 3198
f 3247 3200 3199
f 3209 3247 3208
f 3212 3250 3211
f 3247 3207 3216
f 3217 3208 3247
f 3248 3210 3220
f 3221 3211 3250
f 3254 3230 3229
f 3234 3224 3251
f 3253 3227 3236
f 3237 3228 3253
f 3254 3229 3238
f 3239 3231 3255
f 3265 3258 3257
f 3267 3108 3106
f 3269 3111 3110
f 3269 3112 3111
f 3265 3257 3259
f 3261 3260 3272
f 3261 3268 3260
f 3262 3268 3261
f 3263 3261 3272
f 3274 3212 3213
f 3274 3213 3223
f 3276 3233 3241
f 3278 3270 3277
f 3279 3277 3291
f 3282 3291 3281
f 3292 3280 3279
f 3300 3264 3263
f 3300 3262 3264
f 3283 3281 3300
f 3292 3282 3284
f 3286 3285 3294
f 3295 3287 3288
f 3289 3286 3294
f 3295 3288 3290
f 3298 3290 3289
f 3308 3168 3167
f 3302 3308 3301
f 3304 3301 3309
f 3351 3238 3237
f 3355 3240 3239
f 3355 3241 3240
f 3313 3310 3349
f 3350 3312 3315
f 3356 3349 3308
f 3322 3351 3321
f 3323 3316 3356
f 3357 3322 3329
f 3363 3329 3328
f 3333 3330 3361
f 3362 3332 3335
f 3340 3341 3370
f 3342 3371 3341
f 3343 3336 3306
f 3368 3339 3345
f 3346 3340 3370
f 3371 3342 3348
f 3375 3355 3360
f 3384 3380 3375
f 3377 3383 3376
f 3378 3376 3386
f 3390 3379 3378
f 3415 3409 3407
f 3411 3409 3415
f 3418 3412 3411
f 3395 3396 3418
f 3397 3395 3418
f 3413 3400 3418
f 3400 3397 3418
f 3403 3400 3413
f 3425 3419 3410
f 3410 3426 3425
f 3426 3439 3427
f 3439 3421 3427
f 3428 3422 3441
f 3448 3430 3428
f 3448 3431 3430
f 3433 3447 3432
f 3435 3447 3433
f 3449 3396 3398
f 3399 3449 3398
f 3436 3432 3451
f 3454 3437 3436
f 3454 3438 3437
f 3452 3402 3406
f 3456 3424 3431
f 3467 3435 3438
f 3483 3394 3393
f 3460 3483 3459
f 3483 3460 3466
f 3499 417 418
f 3494 3493 3501
f 3486 3494 3501
f 3495 3502 3493
f 3497 3503 3496
f 3504 452 453
f 436 3504 453
f 3587 3541 3540
f 3527 3587 3526
f 3531 3589 3529
f 3535 3591 3533
f 3545 3585 3543
f 3549 3586 3547
f 3542 3589 3553
f 3589 3557 3553
f 3562 3590 3558
f 3591 3565 3561
f 3584 3569 3567
f 3572 3501 3570
f 3593 3573 3571
f 3594 3572 3573
f 3575 3574 3593
f 3594 3488 3486
f 3576 3594 3574
f 3595 3492 3490
f 3581 3499 3580
f 3582 3570 3501
f 3609 3599 3597
f 3610 3603 3601
f 3605 3611 3604
f 3613 3607 3608
f 3603 3613 3608
f 3607 3617 3606
f 3644 3693 3643
f 3646 3694 3645
f 3640 3696 3638
f 3655 3698 3651
f 3693 3656 3652
f 3699 3660 3657
f 3661 3699 3658
f 3694 3662 3659
f 3667 3695 3663
f 3696 3670 3666
f 3672 3671 3695
f 3697 3667 3668
f 3647 3675 3696
f 3676 3610 3671
f 3697 3677 3672
f 3678 3697 3673
f 3678 3648 3697
f 3698 3687 3682
f 3698 3654 3687
f 3686 3702 3681
f 3702 3614 3613
f 3688 3702 3686
f 3690 3702 3688
f 3704 3703 3717
f 3715 3706 3704
f 3703 3708 3717
f 3729 3823 3728
f 3824 3732 3733
f 3742 3741 3699
f 3823 3749 3744
f 3827 3748 3749
f 3827 3753 3751
f 3827 3733 3732
f 3733 3827 3730
f 3824 3756 3755
f 3772 3826 3771
f 3768 3828 3766
f 3769 3828 3768
f 3788 3831 3786
f 3779 3832 3778
f 3792 3791 3832
f 3788 3794 3831
f 3793 3834 3802
f 3831 3804 3803
f 3831 3805 3804
f 3838 3840 3834
f 3868 3854 3853
f 3506 3868 3504
f 3869 3856 3855
f 3508 3869 3507
f 1077 3858 1087
f 3861 3870 3860
f 3870 3864 3865
f 3864 3870 3867
f 3616 3896 3615
f 3620 3897 3618
f 3896 3884 3883
f 3885 3897 3888
f 3897 3871 3888
f 3897 3872 3871
f 3871 3873 3888
f 3874 3892 3873
f 3889 3894 3870
f 3890 3876 3875
f 3891 3878 3877
f 3894 3893 3870
f 3875 3879 3894
f 3878 3895 3882
f 3899 3898 3897
f 3716 3900 3899
f 3902 3937 3901
f 3712 3938 3711
f 3713 3938 3712
f 3898 3903 3897
f 3900 3937 3906
f 3902 3907 3937
f 3902 3938 3907
f 3903 3908 3897
f 3937 3913 3912
f 3938 3915 3914
f 3938 3916 3915
f 3872 3949 3874
f 3908 3917 3949
f 3913 3940 3921
f 3914 3922 3940
f 3918 3943 3917
f 3920 3944 3919
f 3921 3944 3920
f 3925 3928 3945
f 3892 3950 3895
f 3943 3946 3950
f 3931 3934 3948
f 3822 3972 3821
f 3951 3957 3962
f 3956 3972 3961
f 3958 3964 3957
f 3959 3964 3958
f 3961 3965 3960
f 3961 3972 3965
f 3916 3963 3924
f 3927 3966 3930
f 3968 3973 3971
f 3933 3969 3936
f 3974 3977 3987
f 3987 3988 3972
f 3981 3984 3988
f 3984 3989 3988
f 3985 3989 3984
f 3870 4031 4030
f 3991 4028 3990
f 4028 3992 3990
f 4030 3995 3994
f 4030 3996 3995
f 3992 4033 3998
f 3998 4033 3999
f 3994 4000 4033
f 4000 4001 4033
f 3996 4034 4002
f 4033 4006 4005
f 4008 4036 4014
f 4016 4015 1365
f 4038 4017 4018
f 4012 4038 4011
f 4020 4019 4038
f 4015 4023 1365
f 4017 4038 4024
f 4019 4025 4038
f 4039 4026 4027
f 4022 4039 4027
f 3880 4066 3879
f 3882 4067 3881
f 4041 4042 4067
f 3895 4042 4041
f 3895 4043 4042
f 4042 4044 4067
f 4045 4071 4044
f 4068 4047 4046
f 4068 4048 4047
f 4072 4047 4048
f 4071 4050 4049
f 4046 4051 4037
f 4047 4072 4052
f 4049 4053 4073
f 4052 4075 4051
f 4072 4056 4055
f 4072 4057 4056
f 4076 4056 4057
f 4055 4060 4075
f 4056 4076 4061
f 4058 4062 4076
f 3947 4078 4077
f 3947 4079 4078
f 3934 4121 3948
f 3935 4121 3934
f 3936 4121 3935
f 4043 4120 4045
f 4077 4080 4110
f 4079 4121 4082
f 4045 4120 4071
f 4110 4111 4120
f 4082 4121 4085
f 4083 4086 4111
f 4085 4121 4088
f 4121 4116 4115
f 4050 4112 4054
f 4089 4092 4113
f 4091 4115 4094
f 4116 4100 4099
f 4116 4101 4100
f 4059 4117 4063
f 4095 4102 4117
f 4119 4104 4105
f 4098 4119 4105
f 4099 4106 4119
f 4122 4125 4121
f 4124 4128 4127
f 4126 4129 4125
f 4127 4129 4126
f 4116 4129 4101
f 4101 4129 4109
f 1489 4139 1491
f 1491 4139 1511
f 4132 4133 4139
f 4139 4136 4135
f 4134 4140 4133
f 4136 4140 4138
f 4024 4145 4023
f 4038 4145 4024
f 4026 4141 4025
f 4061 4168 4060
f 4063 4170 4062
f 4169 4149 4148
f 4170 4152 4151
f 4170 4153 4152
f 4148 4154 4174
f 4158 4175 4157
f 4153 4175 4158
f 4159 4162 4178
f 4161 4179 4164
f 4176 4180 4146
f 4163 4183 4162
f 4164 4183 4163
f 4179 4185 4184
f 4119 4190 4189
f 4186 4194 4228
f 4228 4204 4202
f 4204 4230 4205
f 4195 4230 4194
f 4197 4230 4195
f 4202 4210 4175
f 4210 4211 4175
f 4205 4230 4212
f 4206 4213 4231
f 4214 4237 4213
f 4216 4220 4185
f 4219 4233 4222
f 4220 4234 4185
f 4233 4237 4235
f 4223 4225 4234
f 4224 4235 4226
f 4226 4235 4227
f 4129 4257 4256
f 4129 4258 4257
f 4193 4256 4201
f 4256 4239 4238
f 4258 4265 4261
f 4239 4259 4242
f 4243 4246 4237
f 4245 4262 4249
f 4263 4267 4262
f 4246 4250 4237
f 4262 4267 4264
f 4250 4253 4237
f 4255 4264 4254
f 4252 4264 4255
f 4140 4275 4274
f 4273 4269 4268
f 1603 4276 1608
f 4268 4270 4276
f 4269 4277 4271
f 4270 4283 4276
f 4271 4283 4270
f 1618 4283 1622
f 4279 4281 4283
f 4275 4284 4278
f 4278 4284 4280
f 4280 4284 4282
f 4282 4284 4281
f 4180 4287 4286
f 4287 4292 4288
f 4184 4297 4183
f 4286 4289 4285
f 4288 4292 4291
f 4289 4294 4284
f 4290 4294 4289
f 4291 4294 4290
f 4293 4297 4296
f 4294 4299 4284
f 4295 4299 4294
f 4296 4299 4295
f 4308 4302 4298
f 4302 4305 4298
f 4304 4309 4307
f 4305 4310 4298
f 4306 4310 4305
f 4307 4310 4306
f 4311 4312 4310
f 4313 4315 4317
f 4314 4318 4316
f 4316 4320 4315
f 4318 4331 4321
f 4331 4325 4324
f 4331 4326 4325
f 4322 4323 4332
f 4323 4327 4332
f 4284 4336 4335
f 4335 4337 4351
f 4351 4340 4339
f 4299 4353 4352
f 4299 4354 4353
f 4354 4358 4357
f 4342 4360 4343
f 4356 4360 4355
f 4357 4360 4356
f 4343 4360 4350
f 4359 4364 4363
f 4365 4368 4379
f 4378 4380 4364
f 4371 4374 4381
f 4464 4399 4397
f 4462 2186 2187
f 4462 4421 4418
f 4464 4411 4419
f 4424 4464 4422
f 4465 4425 4423
f 4426 4413 4464
f 4467 4444 4439
f 4447 4468 4445
f 4451 4469 4449
f 4454 4453 4469
f 4470 4451 4452
f 4470 4456 4454
f 4509 4452 4450
f 4473 4472 4511
f 4474 4471 4472
f 4509 4450 4461
f 4509 4478 4479
f 4480 4473 4511
f 4513 4481 4480
f 4514 4479 4477
f 4483 4514 4482
f 4487 4510 4485
f 4491 4512 4489
f 4495 4513 4493
f 4592 4537 4536
f 4593 4539 4538
f 4596 4546 4547
f 4551 4592 4549
f 4596 4552 4550
f 4557 4593 4554
f 4597 4558 4555
f 4559 4597 4556
f 4594 4569 4564
f 4595 4579 4574
f 4596 4547 4579
f 4584 4583 4595
f 4585 4596 4583
f 4585 4553 4596
f 4600 4586 4584
f 4601 4590 4588
f 4604 4615 4602
f 4608 4616 4606
f 4617 4610 4609
f 4618 4608 4613
f 4618 4613 4614
f 4622 4614 4612
f 4621 4495 4506
f 4621 4506 4507
f 4729 4638 4637
f 4654 4729 4651
f 4731 4655 4652
f 4656 4731 4653
f 4660 4659 4731
f 4656 4680 4731
f 4682 4660 4731
f 4732 4684 4682
f 4733 4694 4692
f 4681 4734 4680
f 4734 4681 4679
f 4737 4699 4695
f 4702 4733 4700
f 4699 4737 4704
f 4701 4739 4706
f 4739 4698 4703
f 4739 4703 4704
f 4702 4707 4738
f 4739 4708 4706
f 4737 4711 4710
f 4711 4737 4709
f 4739 4713 4712
f 4717 4739 4712
f 4743 4742 4755
f 4744 4754 4742
f 4747 4743 4755
f 4762 4760 4738
f 4765 4772 4768
f 4772 4715 4725
f 4788 4500 4498
f 4788 4501 4500
f 4774 4788 4773
f 4788 4502 4501
f 4789 4504 4503
f 4789 4505 4504
f 4776 4789 4775
f 4789 4507 4505
f 4790 4781 4780
f 4790 4784 4785
f 4790 4785 4787
f 4811 4623 4621
f 4813 4627 4625
f 4812 4776 4781
f 4802 4801 4812
f 4801 4802 4813
f 4791 4813 4802
f 4792 4813 4791
f 4793 4791 4802
f 4804 4812 4803
f 4806 4794 4793
f 4807 4803 4790
f 4808 4807 4790
f 4797 4805 4795
f 4796 4810 4797
f 4798 4795 4809
f 4810 4796 4799
f 4728 4825 4727
f 4825 4728 4722
f 4818 4825 4814
f 4820 4815 4824
f 4817 4825 4822
f 4818 4823 4825
f 4820 4829 4819
f 4822 4827 4821
f 4829 4823 4819
f 4831 4834 4836
f 4890 4838 4837
f 4838 4890 4842
f 4841 4845 4824
f 4847 4889 4813
f 4889 4850 4849
f 4850 4889 4847
f 4853 4890 4851
f 4853 4862 4891
f 4863 4854 4891
f 4855 4864 4826
f 4893 4859 4857
f 4873 4867 4893
f 4869 4895 4875
f 4895 4868 4874
f 4870 4876 4830
f 4879 4896 4878
f 4877 4897 4876
f 4897 4877 4875
f 4878 4896 4883
f 4898 4882 4887
f 4909 4922 4912
f 4914 4916 3989
f 4915 4923 4917
f 4916 4918 3989
f 4919 4924 4836
f 4924 4923 4836
f 4918 4920 3989
f 4921 4919 4836
f 4968 4790 4967
f 4926 4965 4925
f 4927 4965 4926
f 4929 4928 4969
f 4930 4967 4928
f 4933 4969 4934
f 4969 4927 4934
f 4936 4929 4969
f 4971 4930 4937
f 4940 4941 4972
f 4972 4939 4944
f 4945 4940 4972
f 4974 4942 4946
f 4948 4947 3125
f 4975 4949 4950
f 4952 4951 4975
f 4956 4974 4955
f 4957 4948 3125
f 4975 4950 4958
f 4959 4952 4975
f 4800 4992 4799
f 4992 4800 4798
f 4994 4979 4978
f 4979 4994 4977
f 4982 4996 4980
f 4983 4977 4973
f 4999 4982 4987
f 5001 4984 4983
f 4988 5003 4987
f 5003 4988 4986
f 5002 4956 4964
f 4836 5023 5007
f 5007 5023 5009
f 5010 5012 4128
f 5011 5027 5013
f 5014 5016 4130
f 5015 5031 5017
f 5016 5018 4130
f 5018 5020 4130
f 5019 5035 5021
f 4897 5046 5045
f 5048 4897 5045
f 5038 5100 5049
f 5100 5050 5049
f 5048 5058 5022
f 5066 5060 5101
f 5063 5103 5069
f 5103 5061 5067
f 5064 5070 5026
f 5078 5072 5104
f 5075 5107 5081
f 5107 5073 5079
f 5076 5082 5030
f 5084 5109 5091
f 5089 5097 5034
f 5110 5112 4131
f 5112 5113 4131
f 5118 4958 4957
f 5118 4975 4958
f 5114 4961 4959
f 4963 5115 4962
f 5115 4964 4962
f 5130 5118 5129
f 5129 3278 3280
f 5133 5122 5121
f 5122 5133 5120
f 5137 5121 5122
f 5123 5120 5136
f 5137 5122 5124
f 5126 5136 5125
f 5139 5124 5123
f 5138 5141 5119
f 5127 5125 3299
f 5139 5126 5128
f 5143 5004 5142
f 5005 5145 5144
f 5146 5005 5144
f 5147 5142 5179
f 5154 5180 5152
f 5161 5152 5181
f 5195 5170 5168
f 5160 5170 5195
f 5184 5163 5161
f 5174 5171 5183
f 5186 5172 5175
f 5187 5182 5119
f 5176 5191 5175
f 5191 5176 5174
f 5199 5227 5197
f 5197 5227 5200
f 5198 5201 4265
f 5226 5204 5203
f 5201 5206 4265
f 5203 5209 5230
f 5205 5231 5211
f 5206 5212 4265
f 5210 5236 5209
f 5236 5210 5208
f 5215 5237 5219
f 5216 5220 4267
f 4267 5223 5221
f 5220 5223 4267
f 5221 5224 4267
f 5222 5242 5225
f 5300 5146 5151
f 5254 5244 5299
f 5250 5259 5226
f 5263 5299 5261
f 5262 5304 5263
f 5254 5304 5253
f 5304 5255 5253
f 5270 5261 5195
f 5304 5262 5271
f 5275 5304 5273
f 5264 5304 5275
f 5280 5281 5185
f 5288 5280 5185
f 5308 5285 5292
f 5291 5307 5290
f 5307 5292 5290
f 5236 5308 5241
f 5308 5292 5307
f 5294 5306 5296
f 5297 5307 5298
f 5307 5295 5298
f 5316 5139 5315
f 5140 5319 5318
f 5319 5140 5317
f 5320 5313 3383
f 5345 5318 5325
f 5346 5321 5320
f 5345 5347 5312
f 5346 3377 3379
f 5332 5327 5346
f 5347 5330 5336
f 5339 5349 5340
f 5335 5349 5334
f 5349 5336 5334
f 5342 5338 5348
f 5349 5339 5343
f 5342 5352 5341
f 5352 5343 5341
f 5357 5187 5355
f 5189 5359 5358
f 5360 5189 5358
f 5366 5365 5364
f 5360 5365 5366
f 5370 5361 5312
f 5363 5370 5362
f 5370 5363 5361
f 5383 5366 5371
f 5367 5383 5373
f 5384 5375 5373
f 5375 5384 5374
f 5385 5377 5381
f 5355 5386 5361
f 5423 5387 5391
f 5388 5392 4331
f 5389 5424 5393
f 5423 5398 5397
f 5392 5399 4331
f 5397 5404 5426
f 5399 5405 4331
f 5400 5427 5406
f 5404 5437 5426
f 5429 5437 5413
f 5437 5408 5413
f 5410 5415 4326
f 5411 5431 5416
f 5414 5434 5413
f 5434 5414 5412
f 5437 5429 5433
f 5430 5437 5435
f 5417 5419 4330
f 5418 5436 5420
f 5441 5438 5368
f 5444 5439 5442
f 5391 5444 5390
f 5387 5444 5391
f 5443 5445 5442
f 5445 5443 5441
f 5394 5446 5401
f 5447 5446 5445
f 5412 5447 5428
f 5407 5447 5412
f 5428 5447 5432
f 5456 5454 5470
f 5460 5470 5459
f 5449 5460 5448
f 5451 5448 5465
f 5467 5449 5453
f 5471 5352 5351
f 5496 5384 5494
f 5384 5496 5495
f 5473 5474 5497
f 5493 5474 5473
f 5475 5493 5473
f 5494 5478 5477
f 5478 5494 5476
f 5479 5473 5497
f 5475 5480 5499
f 5481 5476 5499
f 5501 5477 5482
f 5511 5479 5497
f 5511 5480 5479
f 5483 5503 5482
f 5503 5483 5481
f 5511 5462 5468
f 5502 5511 5506
f 5503 5485 5484
f 5486 5503 5484
f 5488 5485 5506
f 5509 5486 5489
f 5512 5514 4367
f 5513 5538 5515
f 5537 5554 5542
f 5554 5535 5540
f 5516 5518 4370
f 5517 5543 5519
f 5542 5522 5521
f 5522 5542 5520
f 5520 5555 5525
f 5521 5526 5547
f 5523 5528 4373
f 5529 5524 5547
f 5525 5555 5553
f 5555 5545 5550
f 5527 5553 5526
f 5553 5527 5525
f 5530 5532 4377
f 5533 5531 5552
f 5576 5578 5574
f 5589 5569 5567
f 5592 5647 5591
f 5647 5592 5590
f 5606 5648 5604
f 5648 5630 5628
f 5644 5650 5643
f 5645 5650 5644
f 5645 5633 5650
f 5697 1681 5696
f 5698 1667 1666
f 1667 5698 1665
f 5653 5699 5652
f 5655 5698 5654
f 5698 5655 5651
f 5704 5653 5658
f 5706 5590 5593
f 5654 5706 5659
f 5713 5705 5704
f 5712 5661 5672
f 5712 5672 5687
f 5712 5687 5695
f 5716 5772 5715
f 5772 5717 5715
f 5774 5720 5718
f 5775 5722 5721
f 5591 5776 5594
f 5776 5714 5723
f 5776 5736 5734
f 5752 5779 5750
f 5754 5780 5753
f 5781 5742 5755
f 5741 5781 5754
f 5748 5783 5745
f 5779 5759 5758
f 5758 5763 5782
f 5784 5764 5765
f 5759 5784 5765
f 5767 5766 5784
f 5760 5767 5784
f 5788 5800 5787
f 5790 5801 5789
f 5803 5793 5792
f 5798 5796 5803
f 5807 5790 5795
f 5805 5807 5804
f 5825 5936 5823
f 5936 5848 5844
f 5857 5856 5800
f 5859 5858 5801
f 5878 5938 5890
f 5879 5891 5938
f 5901 5919 5802
f 5798 5940 5799
f 6037 5959 5958
f 5972 6037 5970
f 6038 5980 5979
f 5990 5989 5807
f 5994 6038 5993
f 6000 5990 5807
f 6103 6054 6053
f 5572 6103 5570
f 6054 6104 6060
f 6056 6105 6055
f 6104 6067 6065
f 5854 6105 5871
f 6061 6068 6105
f 6069 6107 6068
f 6105 6077 6075
f 6107 6082 6080
f 6071 6109 6070
f 6109 6086 6084
f 6074 6110 6072
f 6110 6089 6088
f 6117 5589 6115
f 6183 5588 5586
f 6123 6183 6122
f 6182 6129 6128
f 6182 6121 6129
f 6130 6122 6182
f 6141 6182 6140
f 6184 6153 6152
f 6185 6155 6154
f 6167 6184 6165
f 6171 6185 6169
f 5643 6263 5641
f 5650 6264 6262
f 6187 6193 6104
f 6191 6263 6198
f 6262 6206 6204
f 6206 6265 6217
f 6211 6267 6209
f 6267 6220 6219
f 6269 6230 6229
f 6250 6230 6269
f 6329 5690 5689
f 6271 6329 6270
f 6336 6274 6279
f 6336 6279 6284
f 6336 6284 6289
f 6291 6330 6290
f 6330 6286 6285
f 6332 6336 6331
f 6331 6296 6306
f 6334 6312 6320
f 6387 5765 5764
f 5765 6387 5763
f 5784 6338 6337
f 6337 6341 6387
f 6341 6342 6387
f 6345 6390 6344
f 6347 6350 6389
f 6348 6390 6351
f 6388 6354 6353
f 6356 6393 6357
f 6353 6358 6269
f 6359 6391 6358
f 6354 6392 6359
f 6355 6360 6392
f 6357 6393 6361
f 6391 6366 6362
f 6395 6371 6369
f 6361 6397 6360
f 6397 6373 6372
f 6382 6396 6380
f 6373 6399 6385
f 6402 5939 6401
f 6404 5940 6403
f 6325 6494 6321
f 6494 6436 6434
f 6495 6327 6326
f 6328 6495 6326
f 6435 6438 6491
f 6439 6436 6494
f 6441 6492 6440
f 6448 6495 6447
f 6495 6448 6445
f 6450 6440 6496
f 6497 6441 6451
f 6443 6453 6496
f 6465 6499 6464
f 6479 6500 6480
f 6490 6501 6488
f 6396 6507 6505
f 6399 6517 6515
f 6530 6517 6547
f 6522 6545 6520
f 6546 6531 6530
f 6531 6546 6529
f 6546 6537 6535
f 6541 6537 6546
f 6592 6502 6518
f 6519 6592 6518
f 6592 6551 6549
f 6551 6595 6552
f 6556 6594 6555
f 6552 6595 6556
f 6553 6557 6595
f 6557 6558 6595
f 6594 6565 6564
f 6560 6600 6558
f 6565 6599 6572
f 6572 6599 6573
f 6567 6574 6600
f 6575 6602 6574
f 6573 6603 6571
f 6603 6578 6576
f 6579 6604 6577
f 6605 6582 6580
f 6607 6585 6584
f 6606 6581 6586
f 6588 6606 6586
f 6591 6585 6607
f 6614 6622 6612
f 6610 6617 6615
f 6623 6616 6619
f 6621 6623 6619
f 6646 6637 6644
f 6656 6654 6653
f 6714 3417 6713
f 6660 6657 6717
f 6718 6659 6662
f 6666 6663 6723
f 6724 6665 6668
f 6670 6720 6669
f 6677 6723 6676
f 6683 6669 6725
f 6728 6725 5712
f 6729 6684 6683
f 6710 6701 6729
f 6734 6777 6732
f 6735 6777 6734
f 6778 6688 6682
f 6737 6736 6778
f 6779 6739 6737
f 6780 6742 6741
f 6752 6778 6749
f 6753 6778 6752
f 6757 6779 6755
f 6761 6780 6759
f 6762 6780 6761
f 6782 6773 6772
f 6782 6774 6773
f 6782 6762 6774
f 6784 6845 6783
f 6785 6845 6784
f 6788 6848 6787
f 6790 6783 6850
f 6851 6785 6792
f 6793 6786 6851
f 6799 6849 6797
f 6805 6851 6804
f 6813 6812 6780
f 6853 6818 6817
f 6854 6815 6813
f 6828 6854 6827
f 6830 6853 6829
f 6855 6822 6820
f 6834 6827 6782
f 6855 6830 6837
f 6855 6837 6838
f 6839 6831 6855
f 6840 6839 6855
f 6866 6876 6865
f 6877 6858 6860
f 6868 6865 6877
f 6872 6877 6871
f 6878 6869 6868
f 6878 6872 6874
f 6918 6973 6917
f 6973 6932 6931
f 6943 6974 6942
f 6974 6956 6955
f 7106 6995 6993
f 7014 7106 7011
f 7023 7022 6875
f 7025 7024 6876
f 6873 7109 6874
f 7087 7069 6879
f 6637 7120 7118
f 7185 7125 7124
f 6635 7185 6633
f 7131 7184 7130
f 7131 7123 7184
f 7124 7132 7184
f 7184 7143 7142
f 7155 7186 7154
f 7157 7187 7156
f 7186 7168 7166
f 7187 7172 7170
f 7256 6651 6649
f 7201 7256 7200
f 7203 6656 7202
f 7258 7223 7222
f 7236 7258 7234
f 7240 7260 7238
f 7260 7225 7224
f 7242 7261 7241
f 7261 7227 7226
f 7318 7263 7262
f 6707 7318 6705
f 7322 6729 6728
f 7270 7265 7322
f 7268 7319 7267
f 7273 7270 7322
f 7145 7319 7157
f 7272 7275 7319
f 7276 7273 7322
f 7320 7279 7278
f 7291 7282 7323
f 7323 6332 6335
f 7299 7291 7323
f 7307 7299 7323
f 7401 6772 6771
f 7403 6782 7402
f 7401 7328 7335
f 7344 7402 7342
f 7346 7403 7345
f 7361 7405 7360
f 7405 7349 7347
f 7371 7408 7370
f 7408 7359 7358
f 7408 7371 7392
f 7407 7386 7385
f 7393 7394 7407
f 7475 6835 6834
f 7476 6837 6836
f 7476 6838 6837
f 7410 6855 7409
f 7413 7414 7476
f 7414 7409 7476
f 7479 7417 7416
f 7477 7346 7359
f 7421 7418 7478
f 7479 7420 7424
f 7426 7477 7425
f 7428 7478 7427
f 7434 7479 7433
f 7435 7425 7408
f 7480 7436 7435
f 7453 7480 7450
f 7484 7445 7443
f 7484 7446 7445
f 7482 7470 7468
f 7483 7461 7474
f 7493 7109 7492
f 7495 7110 7494
f 7571 7323 7570
f 7574 7316 7315
f 7574 7317 7316
f 7524 7521 7572
f 7573 7523 7526
f 7533 7574 7531
f 7534 7574 7533
f 7575 7581 7576
f 7535 7527 7577
f 7542 7581 7579
f 7543 7581 7542
f 6471 7579 6465
f 7579 7545 7542
f 7579 6471 6480
f 7553 7545 7579
f 7563 7580 7562
f 6501 7566 7562
f 7584 7583 7574
f 7533 7613 7534
f 7613 7585 7584
f 7613 7533 7541
f 7586 7587 7616
f 7590 7612 7589
f 7623 7587 7586
f 7623 7588 7587
f 7593 7618 7594
f 7618 7590 7594
f 7566 7624 7567
f 7624 7597 7595
f 7598 7625 7596
f 7625 7593 7591
f 7602 7627 7600
f 7604 7629 7603
f 7605 7599 7626
f 7626 7606 7605
f 7629 7604 7610
f 7672 7465 7463
f 7672 7466 7465
f 7632 7633 7672
f 7635 7482 7633
f 7643 7483 7642
f 7672 7583 7584
f 7585 7672 7584
f 7644 7632 7672
f 7676 7643 7656
f 7675 7645 7644
f 7616 7658 7657
f 7666 7658 7616
f 7690 7680 7678
f 7684 7630 7683
f 7685 7680 7690
f 7691 7688 7686
f 7696 7714 7695
f 7714 7697 7695
f 7697 7720 7700
f 7720 7704 7703
f 7722 7724 7721
f 7704 7724 7708
f 7708 7723 7707
f 7708 7724 7723
f 7710 7723 7712
f 4360 7726 7725
f 4363 7728 7727
f 4363 7729 7728
f 7726 7747 7731
f 7727 7732 7747
f 7735 7741 7724
f 7729 7748 7734
f 7740 7749 7746
f 4380 7783 7782
f 4380 7784 7783
f 7782 7789 7748
f 7784 7800 7791
f 7785 7792 7800
f 7788 7751 7750
f 7750 7753 7793
f 7790 7757 7756
f 7790 7759 7757
f 7763 7749 7794
f 7756 7763 7794
f 7759 7795 7765
f 7801 7765 7795
f 7760 7766 7797
f 7763 7770 7749
f 7765 7801 7772
f 7796 7798 7801
f 7770 7776 7749
f 7772 7801 7778
f 7773 7779 7799
f 7803 7815 7805
f 7815 7824 7816
f 7806 7808 6390
f 7807 7816 7809
f 7809 7817 7808
f 7824 7820 7819
f 7819 7811 7810
f 7810 7812 7822
f 7811 7823 7813
f 7813 7823 7814
f 7742 7850 7741
f 7831 7834 7851
f 7850 7826 7825
f 7850 7827 7826
f 7850 7837 7827
f 7825 7828 7820
f 7827 7837 7830
f 7829 7842 7828
f 7830 7842 7829
f 7833 7859 7836
f 7859 7853 7852
f 7859 7854 7853
f 7852 7855 7841
f 7855 7856 7841
f 7857 7858 7856
f 7777 7881 7776
f 7778 7881 7777
f 7801 7883 7882
f 7780 7886 7779
f 7781 7886 7780
f 7881 7888 7859
f 7859 7888 7887
f 7891 7861 7860
f 7891 7862 7861
f 7893 7864 7863
f 7854 7895 7857
f 7860 7865 7897
f 7862 7898 7867
f 7863 7868 7898
f 7864 7899 7869
f 7866 7903 7865
f 7867 7903 7866
f 7899 7874 7872
f 7899 7875 7874
f 7870 7876 7904
f 7821 7906 7905
f 7813 7941 7812
f 7814 7941 7813
f 7905 7907 6547
f 7906 7939 7909
f 7911 7912 6546
f 7913 7945 7914
f 7947 7916 7915
f 7943 7918 7917
f 7912 7920 6546
f 7914 7945 7923
f 7924 7946 7925
f 7915 7926 7945
f 7926 7927 7945
f 7925 7954 7922
f 7946 7954 7925
f 7929 7951 7927
f 7934 7935 7952
f 7933 7953 7931
f 7953 7936 7934
f 7935 7938 7952
f 7954 7957 7955
f 7954 7959 7957
f 7954 7961 7959
f 7937 7992 7935
f 7964 7991 7963
f 7969 7962 7952
f 7952 7971 7969
f 7935 7992 7938
f 7972 7973 6609
f 7991 7974 7972
f 7968 7994 7966
f 7992 7981 7979
f 7973 7984 6609
f 7974 7995 7985
f 7985 7995 7986
f 7976 7987 7994
f 7988 7996 7987
f 7845 7999 7997
f 7845 8000 7999
f 7997 8001 8020
f 8001 8002 8020
f 8000 8022 8003
f 7918 8025 7919
f 8003 8026 8002
f 8026 8006 8005
f 8023 8009 8008
f 8023 8010 8009
f 7919 8025 7933
f 8025 8013 8011
f 8004 8013 8025
f 7936 8028 7937
f 8012 8028 8011
f 8014 8028 8012
f 8016 8028 8014
f 8068 8033 8031
f 8068 8034 8033
f 8018 8075 8016
f 8028 8043 8042
f 8028 8044 8043
f 8075 8046 8044
f 8042 8053 7992
f 8062 8069 8061
f 8052 8069 8062
f 7981 8070 7982
f 8054 8070 8053
f 8055 8070 8054
f 8058 8071 8057
f 7982 8070 7990
f 8063 8065 8071
f 8064 8072 8066
f 8077 8082 8115
f 8034 8116 8041
f 8087 8092 8120
f 8097 8101 8125
f 8104 8107 8131
f 8145 8095 8096
f 8091 8145 8096
f 8145 8133 8132
f 8100 8146 8103
f 8132 8134 8146
f 8147 8108 8109
f 8106 8147 8109
f 8137 8141 8147
f 8142 8147 8141
f 7986 8206 7984
f 7995 8206 7986
f 7990 8199 7989
f 8199 8149 8148
f 6617 8195 6620
f 6620 8195 6621
f 8206 8196 8195
f 8148 8150 8198
f 8153 8195 8152
f 8154 8155 6625
f 8195 8156 8152
f 8156 8200 8157
f 8200 8196 8206
f 8198 8201 8206
f 8158 8159 8201
f 8157 8200 8164
f 8159 8170 8201
f 8177 8200 8176
f 8200 8177 8173
f 8176 8202 8177
f 8170 8208 8201
f 8208 8203 8202
f 8172 8208 8170
f 8177 8202 8180
f 8202 8185 8183
f 8191 8189 8205
f 8205 8193 8191
f 8229 8210 8209
f 8066 8230 8065
f 8149 8228 8151
f 8209 8211 8228
f 8210 8231 8212
f 8212 8234 8211
f 8160 8233 8171
f 8171 8233 8172
f 8214 8233 8213
f 8233 8215 8213
f 8214 8217 8208
f 8215 8237 8218
f 8218 8237 8219
f 8245 8217 8241
f 8203 8245 8205
f 8219 8241 8217
f 8221 8237 8220
f 8237 8222 8220
f 8221 8224 8241
f 8224 8245 8241
f 8222 8242 8225
f 8128 8271 8127
f 8131 8272 8129
f 8108 8273 8107
f 8232 8271 8236
f 8271 8264 8262
f 8272 8266 8265
f 8261 8250 8249
f 8266 8253 8251
f 8249 8254 8243
f 8250 8267 8255
f 8251 8257 8270
f 8277 8276 8246
f 8279 8278 8247
f 8300 8282 8283
f 8300 8294 8288
f 8295 8300 8289
f 8147 8303 8302
f 8147 8304 8303
f 8302 8309 8273
f 8309 8316 8385
f 8316 8323 8385
f 8324 8385 8323
f 8374 8324 8325
f 8318 8374 8325
f 8319 8326 8374
f 8327 8374 8326
f 8330 8329 8266
f 8385 8331 8330
f 8374 8334 8333
f 8374 8336 8334
f 8328 8376 8327
f 8329 8337 8266
f 8377 8345 8346
f 8336 8377 8346
f 8360 8381 8371
f 8381 8372 8371
f 8391 8245 8390
f 8245 8394 8390
f 8245 8459 8394
f 8397 8460 8398
f 8459 8396 8406
f 8394 8459 8402
f 8402 8459 8403
f 8398 8460 8407
f 8411 8459 8410
f 8407 8464 8406
f 8464 8414 8410
f 8416 8460 8415
f 8460 8417 8415
f 8461 8420 8418
f 8425 8414 8464
f 8416 8427 8464
f 8466 8418 8430
f 8417 8466 8428
f 8467 8424 8423
f 8469 8427 8426
f 8428 8469 8426
f 8467 8434 8440
f 8441 8435 8473
f 8437 8443 8468
f 8447 8441 8473
f 8469 8472 8473
f 8470 8446 8453
f 8454 8447 8473
f 8449 8456 8471
f 8488 8246 8487
f 8490 8247 8489
f 8515 8492 8491
f 8516 8494 8493
f 8503 8504 8515
f 8505 8506 8516
f 8267 8520 8519
f 8269 8522 8521
f 8517 8527 8461
f 8559 8594 8558
f 8561 8595 8560
f 8568 8569 8595
f 8567 8594 8573
f 8569 8574 8595
f 8578 8579 8596
f 8595 8579 8578
f 8595 8580 8579
f 8577 8596 8587
f 8587 8596 8588
f 8579 8589 8596
f 8296 8735 8295
f 8614 8613 8734
f 8616 8615 8735
f 8509 8737 8510
f 8648 8737 8644
f 8737 8649 8645
f 8652 8653 8737
f 8628 8738 8626
f 8738 8654 8650
f 8736 8671 8669
f 8674 8649 8737
f 8653 8678 8737
f 8730 8724 8741
f 8726 8732 8741
f 8383 8757 8756
f 8384 8759 8758
f 8771 8736 8765
f 8840 8841 8885
f 8862 8886 8858
f 8858 8886 8877
f 8715 8898 8721
f 8890 8892 8898
f 8727 8899 8733
f 8894 8896 8899
f 8895 8908 8897
f 8908 8865 8881
f 8911 8964 8909
f 8915 8910 8976
f 8964 8911 8916
f 8913 8918 8966
f 8968 8922 8927
f 8928 8923 8969
f 8969 8930 8928
f 8924 8931 8969
f 8931 8932 8969
f 8935 8968 8934
f 8943 8934 8971
f 8937 8946 8971
f 8947 8938 8972
f 8940 8948 8972
f 8975 8953 8960
f 8950 8975 8957
f 8961 8954 8974
f 8955 8962 8974
f 8588 9048 8586
f 8914 9048 8919
f 8977 8982 9049
f 8983 9054 8982
f 9054 8989 8988
f 8987 9055 8985
f 9055 8991 8990
f 8925 9051 8933
f 8988 8992 9053
f 8941 9056 8942
f 9000 9001 9056
f 9053 9002 9000
f 8999 9058 8997
f 9058 9011 9009
f 8942 9056 8949
f 9001 9014 9056
f 9056 9027 9026
f 9018 9059 9017
f 9019 9059 9018
f 9031 9059 9041
f 9041 9059 9042
f 9059 9044 9043
f 9032 9044 9059
f 9092 9153 9109
f 9154 9062 9067
f 9110 9095 9154
f 9125 9159 9122
f 9122 9159 9140
f 9157 9150 9149
f 9150 9157 9147
f 9065 9171 9071
f 9163 9165 9171
f 9219 8960 8959
f 8961 9219 8959
f 9188 9183 9219
f 9184 9190 9218
f 9221 9194 9192
f 9201 9194 9221
f 9196 9203 9221
f 9203 9204 9221
f 9225 9273 9234
f 9226 9235 9273
f 9228 9275 9237
f 9229 9238 9275
f 9234 9276 9233
f 9276 9241 9240
f 9212 9277 9213
f 9251 9277 9250
f 9253 9277 9251
f 9277 9262 9260
f 9280 5464 9279
f 9285 9286 6848
f 9286 9279 6848
f 9304 9283 9289
f 9307 9289 9288
f 9307 9292 9294
f 9312 9309 9308
f 9310 9296 9298
f 9312 9310 9311
f 9311 9300 9302
f 9315 5511 9313
f 5488 9323 5487
f 5489 9323 5507
f 9323 5489 5487
f 9323 5508 5507
f 9323 9314 9317
f 9321 9319 9312
f 9320 9322 9324
f 9326 9328 7788
f 9327 9358 9329
f 9371 9354 9360
f 9357 9371 9362
f 9331 9363 9334
f 9372 9365 9366
f 9337 9368 9340
f 9372 9366 9369
f 9367 9372 9370
f 9368 9345 9344
f 9350 9345 9370
f 9353 9373 9359
f 9373 9323 9325
f 9359 9373 9364
f 9373 9366 9364
f 9366 9373 9369
f 9384 9312 9383
f 9382 9375 9377
f 9385 9377 9376
f 9379 9388 9378
f 9389 7434 7446
f 9380 9378 9391
f 9395 9381 9380
f 9406 9325 9404
f 9325 9406 9405
f 9403 9408 9425
f 9409 9404 9425
f 9407 9397 9396
f 9398 9407 9396
f 9413 9398 9401
f 9400 9419 9399
f 9419 9401 9399
f 9350 9460 9349
f 9352 9459 9351
f 9459 9352 9348
f 9457 9428 9427
f 9428 9457 9426
f 9475 9457 9427
f 9458 9475 9461
f 9459 9431 9430
f 9431 9459 9429
f 9475 9427 9433
f 9429 9462 9435
f 9430 9436 7894
f 9434 9465 9433
f 9465 9434 9432
f 9475 9468 9467
f 9439 9469 9443
f 9440 9444 7899
f 9469 9448 9447
f 9453 9448 9473
f 9479 9405 9410
f 9457 9479 9426
f 9426 9479 9432
f 9477 9479 9476
f 9480 9481 7623
f 9491 9480 7623
f 9502 9492 9491
f 9506 9495 9493
f 9508 9498 9497
f 9508 9499 9498
f 9509 9501 9500
f 9511 9392 9510
f 9512 9513 9548
f 9394 9515 9514
f 9515 9394 9513
f 9517 9510 7676
f 9548 9511 9519
f 9520 9512 9548
f 9550 9514 9521
f 9524 9552 9525
f 9532 9549 9530
f 9536 9551 9537
f 9552 9524 9538
f 9539 9540 9552
f 9540 9526 9552
f 9483 9557 9481
f 9557 9536 9533
f 9486 9558 9485
f 9488 9559 9487
f 9560 9541 9539
f 9490 9561 9489
f 9562 9545 9543
f 9593 9568 9567
f 9568 9593 9566
f 9581 9602 9579
f 9596 9575 9573
f 9596 9584 9592
f 9587 9597 9586
f 9597 9587 9585
f 9598 9590 9588
f 9600 9592 9591
f 9604 9646 9603
f 9420 9608 9607
f 9608 9420 9606
f 9611 9422 9609
f 9610 9642 9611
f 9603 9646 9612
f 9609 9641 9619
f 9641 9607 9617
f 9642 9610 9620
f 9629 9643 9627
f 9643 9617 9615
f 9628 9644 9629
f 9619 9644 9618
f 9564 9644 9563
f 9644 9620 9618
f 9602 9638 9636
f 9563 9644 9570
f 9644 9628 9638
f 9631 9647 9630
f 9577 9647 9576
f 9647 9633 9630
f 9579 9647 9577
f 9647 9636 9633
f 9474 9649 9648
f 9650 9474 9648
f 9656 9657 9689
f 9657 9649 9689
f 9650 9658 9691
f 9660 9652 9691
f 9696 9658 9656
f 9693 9567 9575
f 9670 9665 9695
f 9678 9675 9700
f 9705 9699 9703
f 9700 9705 9704
f 9705 9681 9704
f 9681 9705 9684
f 9707 9708 8145
f 9711 9727 9713
f 9727 9676 9679
f 9729 9792 9728
f 9792 9505 9503
f 9731 9783 9730
f 9792 9729 9734
f 9780 9792 9734
f 9735 9730 9781
f 9783 9731 9736
f 9792 9780 9742
f 9743 9792 9742
f 9786 9781 9792
f 9744 9745 9786
f 9784 8155 8163
f 9747 9737 9784
f 8166 9784 8163
f 9784 9748 9747
f 9793 9743 9752
f 9753 9744 9786
f 8179 9787 8175
f 9787 9758 9757
f 9763 9793 9761
f 9764 9794 9763
f 9794 9753 9786
f 9765 9794 9764
f 9794 9755 9753
f 9787 8179 8182
f 9766 9758 9787
f 8186 9788 8184
f 9788 9768 9767
f 9794 9765 9772
f 9791 8190 8192
f 9777 9773 9791
f 8194 9791 8192
f 9791 9778 9777
f 9796 9824 9795
f 9755 9829 9756
f 9829 9746 9756
f 9797 9795 9829
f 9830 9796 9798
f 9800 9829 9799
f 9802 9829 9800
f 9833 9798 9797
f 9803 9799 9794
f 9804 9833 9805
f 9833 9802 9805
f 9807 9837 9806
f 9837 9804 9803
f 9809 9833 9808
f 9811 9833 9809
f 9813 9834 9812
f 9837 9807 9816
f 9817 9808 9837
f 9839 9813 9821
f 9868 9703 9702
f 9853 9705 9852
f 9853 9842 9841
f 9842 9853 9843
f 9868 9828 9831
f 9854 9852 9868
f 9859 9868 9857
f 9845 9858 9844
f 9847 9844 9840
f 9864 9845 9848
f 9850 9867 9849
f 9850 9846 9867
f 9885 9963 9893
f 9963 9895 9893
f 9912 9904 9956
f 9913 9912 9956
f 9909 9917 8378
f 9910 9957 9918
f 9957 9907 9914
f 9957 9914 9915
f 9919 8378 9917
f 9924 9956 9921
f 9957 9937 9936
f 9959 9931 9932
f 9937 9959 9949
f 9959 9932 9946
f 9938 9950 8382
f 9959 9953 9949
f 9961 9950 9951
f 9962 9952 9953
f 9966 9965 9869
f 9968 9967 9870
f 9991 9988 9982
f 9990 9989 9991
f 10061 8393 8401
f 10006 9995 10061
f 8405 10061 8401
f 10061 10007 10006
f 10062 10005 10015
f 10016 10017 10064
f 10020 10066 10019
f 10066 10012 10011
f 10067 10014 10013
f 10067 10015 10014
f 10022 10063 10021
f 10066 10020 10028
f 10029 10021 10068
f 10070 10025 10024
f 10040 10033 10070
f 10076 10035 10042
f 10043 10036 10072
f 10076 10042 10049
f 10074 10071 10076
f 10054 10047 10073
f 10076 10049 10057
f 10058 10050 10075
f 10080 9864 10079
f 10085 10077 10063
f 10134 10080 10090
f 10134 10090 10091
f 10092 10081 10134
f 10102 10100 10135
f 10135 10099 10108
f 10110 10102 10135
f 10136 10106 10105
f 10115 10116 10137
f 10136 10039 10046
f 10119 10113 10136
f 10137 10114 10120
f 10121 10115 10137
f 10124 10136 10123
f 10138 10120 10119
f 10125 10126 10138
f 10137 10126 10125
f 10127 10137 10125
f 10139 10122 10121
f 10130 10138 10131
f 10138 10124 10131
f 10132 10125 10138
f 10139 10127 10133
f 10151 9869 10150
f 10153 9870 10152
f 10183 10160 10159
f 10171 10172 10183
f 9948 10322 9947
f 9959 10185 10184
f 10187 10186 10322
f 10188 9959 10184
f 9961 10193 10192
f 9962 10195 10194
f 10326 10271 10267
f 10274 10275 10325
f 10276 10277 10326
f 10285 10284 10139
f 10327 10299 10293
f 10326 10300 10299
f 10300 10326 10294
f 10307 10285 10139
f 10293 10314 10327
f 9986 10478 9985
f 10343 9991 10337
f 10344 9991 10343
f 10348 10347 10478
f 10397 10480 10395
f 10480 10363 10361
f 10482 10468 10474
f 10475 10469 10482
f 10497 10504 10499
f 10504 10458 10464
f 10501 10505 10503
f 10505 10470 10476
f 10553 10507 10506
f 10512 10507 10553
f 10567 10508 10513
f 10514 10509 10555
f 10523 10518 10557
f 10558 10520 10526
f 10527 10558 10526
f 10528 10529 10558
f 10529 10521 10558
f 10560 8935 8944
f 10538 10531 10561
f 10563 10533 10540
f 10541 10534 10563
f 10564 8951 8958
f 10548 10543 10565
f 10566 10545 10550
f 10551 10546 10566
f 10650 10130 10128
f 10571 10139 10570
f 10572 10139 10571
f 10650 10511 10517
f 10573 10568 10651
f 10580 10656 10579
f 10656 10574 10573
f 10652 10522 10530
f 10587 10579 10654
f 10536 10657 10537
f 10594 10595 10657
f 10597 10654 10595
f 10608 10659 10604
f 10659 10592 10590
f 10657 10536 10542
f 10609 10594 10657
f 10622 10657 10621
f 10666 10726 10667
f 10315 10726 10314
f 10666 10682 10724
f 10672 10687 10728
f 10730 10700 10696
f 10696 10715 10730
f 10605 10733 10606
f 10733 10723 10721
f 9147 10733 9152
f 10733 10605 10618
f 10741 10736 10728
f 10823 9182 9187
f 10782 10777 10817
f 10818 10779 10785
f 10786 10780 10818
f 10789 10817 10788
f 10821 10801 10800
f 10807 10808 10821
f 10826 10875 10835
f 10875 10825 10834
f 10830 10876 10839
f 10876 10827 10836
f 10841 10877 10840
f 10877 10834 10833
f 10844 10878 10845
f 10839 10878 10838
f 8 1 4 5
f 9 7 8 10
f 10 8 5 6
f 12 9 10 13
f 13 10 6 67
f 14 11 12 15
f 15 12 13 16
f 17 14 15 18
f 18 15 16 19
f 19 16 67 70
f 20 17 18 21
f 21 18 19 22
f 23 20 21 24
f 24 21 22 25
f 26 24 25 27
f 8 7 28 29
f 29 2 1 8
f 30 28 7 9
f 31 68 30 32
f 12 11 31 32
f 32 30 9 12
f 34 31 11 14
f 35 33 34 36
f 36 34 14 17
f 37 35 36 38
f 38 36 17 20
f 39 37 38 40
f 40 38 20 23
f 41 40 23 24
f 42 40 41 43
f 43 41 24 26
f 29 28 44 45
f 45 3 2 29
f 30 68 69 46
f 46 44 28 30
f 47 69 68 31
f 34 33 48 49
f 49 47 31 34
f 50 48 33 35
f 51 50 35 37
f 52 51 37 39
f 53 52 39 40
f 54 52 53 55
f 55 53 40 42
f 45 44 56 57
f 58 56 44 46
f 61 59 60 62
f 49 48 61 62
f 62 60 47 49
f 63 61 48 50
f 64 63 50 51
f 65 64 51 52
f 66 65 52 54
f 71 26 27 72
f 109 42 43 74
f 74 43 26 71
f 75 74 71 72
f 76 74 75 77
f 77 75 72 73
f 78 76 77 79
f 81 54 55 82
f 82 55 42 109
f 83 81 82 84
f 110 84 109 76
f 85 84 110 86
f 86 110 76 78
f 87 86 78 79
f 88 85 86 89
f 89 86 87 90
f 90 87 79 80
f 111 88 89 91
f 91 89 90 92
f 93 91 92 94
f 95 66 54 81
f 96 95 81 83
f 97 96 83 84
f 98 96 97 99
f 99 97 84 85
f 100 98 99 101
f 101 99 85 88
f 103 102 91 93
f 104 103 93 94
f 112 111 103 105
f 105 103 104 106
f 107 105 106 108
f 115 113 114 116
f 163 115 116 164
f 122 117 118 123
f 123 118 119 124
f 114 113 123 124
f 124 119 120 125
f 126 121 122 127
f 127 122 123 128
f 128 123 113 115
f 116 114 124 129
f 129 124 125 130
f 131 126 127 132
f 132 127 128 133
f 133 128 115 163
f 164 116 129 134
f 134 129 130 135
f 136 131 132 137
f 137 132 133 138
f 139 134 135 140
f 144 141 142 145
f 145 142 143 146
f 166 165 144 148
f 148 144 145 149
f 149 145 146 150
f 150 146 147 151
f 152 148 149 153
f 118 117 152 153
f 153 149 150 154
f 119 118 153 154
f 154 150 151 155
f 120 119 154 155
f 156 166 152 157
f 122 121 156 157
f 157 152 117 122
f 125 120 155 158
f 159 156 121 126
f 160 159 126 131
f 161 160 131 136
f 162 161 136 137
f 130 125 167 168
f 135 130 168 169
f 140 135 169 170
f 158 155 175 171
f 167 125 158 171
f 168 167 171 172
f 169 168 172 173
f 170 169 173 174
f 178 176 177 179
f 180 178 179 181
f 222 163 164 182
f 184 182 183 185
f 186 222 184 187
f 187 184 185 188
f 189 186 187 190
f 190 187 188 191
f 223 189 190 192
f 192 190 191 193
f 194 192 193 195
f 177 176 194 195
f 224 223 194 196
f 196 194 176 178
f 179 177 195 197
f 198 196 178 180
f 199 137 138 200
f 200 138 163 222
f 182 164 139 201
f 201 139 140 202
f 183 182 201 202
f 203 199 200 204
f 185 183 202 205
f 206 203 204 207
f 207 204 222 186
f 188 185 205 225
f 208 207 186 189
f 209 208 189 223
f 226 211 223 224
f 212 162 137 199
f 213 212 199 203
f 214 213 203 206
f 215 214 206 207
f 216 214 215 217
f 217 215 207 208
f 218 216 217 219
f 219 217 208 209
f 220 218 219 221
f 211 210 220 221
f 221 219 209 211
f 181 179 227 228
f 193 191 252 253
f 197 195 253 229
f 227 179 197 229
f 228 227 229 231
f 231 229 230 232
f 202 140 170 233
f 205 202 233 234
f 225 205 234 235
f 252 191 225 236
f 253 252 236 237
f 229 253 238 239
f 230 229 239 240
f 232 230 240 241
f 233 170 174 242
f 234 233 242 243
f 235 234 243 244
f 236 235 244 245
f 237 236 245 246
f 238 237 246 247
f 239 238 247 249
f 249 247 248 250
f 240 239 249 250
f 241 240 250 251
f 254 180 181 255
f 256 254 255 257
f 258 256 257 259
f 260 258 259 261
f 262 260 261 263
f 285 224 198 264
f 264 198 180 254
f 265 264 254 256
f 286 285 265 266
f 266 265 256 258
f 267 266 258 260
f 287 286 267 268
f 268 267 260 262
f 269 268 262 263
f 270 268 269 271
f 272 270 271 273
f 276 226 224 285
f 277 275 276 278
f 288 278 285 286
f 289 288 286 287
f 290 289 287 268
f 291 289 290 279
f 279 290 270 272
f 280 279 272 273
f 281 279 280 282
f 282 280 273 274
f 284 283 275 277
f 57 56 292 293
f 58 69 404 294
f 294 292 56 58
f 295 293 292 294
f 60 59 296 297
f 297 404 69 60
f 405 294 404 297
f 298 296 59 61
f 299 297 296 298
f 300 298 61 63
f 301 300 63 64
f 302 301 64 65
f 303 302 65 66
f 295 294 304 305
f 299 298 307 308
f 308 306 297 299
f 309 307 298 300
f 310 308 307 309
f 311 309 300 301
f 312 310 309 311
f 313 311 301 302
f 314 313 302 303
f 305 304 315 316
f 405 306 406 317
f 317 315 304 405
f 318 316 315 317
f 407 406 308 310
f 321 407 311 313
f 323 321 313 314
f 318 317 324 325
f 326 324 317 319
f 327 325 324 326
f 320 318 325 327
f 328 326 406 407
f 322 321 332 333
f 334 330 331 335
f 335 331 332 336
f 336 332 321 323
f 255 181 228 337
f 257 255 337 339
f 339 337 338 340
f 259 257 339 341
f 341 339 340 342
f 261 259 341 343
f 343 341 342 344
f 327 326 345 346
f 263 261 343 347
f 347 343 344 348
f 328 407 349 350
f 350 345 326 328
f 351 346 345 350
f 329 327 346 351
f 357 350 349 356
f 358 351 350 357
f 360 352 353 410
f 330 408 360 410
f 410 354 355 361
f 332 331 410 361
f 361 355 356 362
f 333 332 361 362
f 362 356 407 333
f 363 359 360 364
f 337 228 231 365
f 365 231 232 366
f 338 337 365 366
f 340 338 366 367
f 342 340 367 368
f 344 342 368 369
f 370 269 263 347
f 371 370 347 348
f 348 344 369 371
f 371 369 409 372
f 271 269 370 378
f 378 370 371 379
f 379 371 372 380
f 353 352 379 380
f 380 372 373 381
f 354 353 380 381
f 381 373 374 382
f 355 354 381 382
f 382 374 375 383
f 356 355 382 383
f 383 375 376 384
f 357 356 383 384
f 384 376 377 385
f 358 357 384 385
f 273 271 378 386
f 386 378 379 387
f 360 359 386 387
f 387 379 352 360
f 274 273 386 388
f 388 386 359 363
f 366 232 241 389
f 367 366 389 390
f 368 367 390 411
f 411 390 391 392
f 409 369 411 393
f 372 409 393 395
f 395 393 394 396
f 373 372 395 396
f 396 394 412 414
f 374 373 396 414
f 414 412 413 415
f 376 375 414 415
f 389 241 251 397
f 390 389 397 398
f 391 390 398 399
f 392 391 399 400
f 393 392 400 402
f 402 400 401 403
f 394 393 402 403
f 419 291 281 457
f 457 282 274 454
f 421 420 457 422
f 423 457 454 455
f 424 421 422 425
f 425 422 423 426
f 427 424 425 428
f 428 425 426 429
f 429 426 455 456
f 430 427 428 431
f 431 428 429 432
f 433 430 431 434
f 434 431 432 435
f 435 432 456 416
f 436 433 434 437
f 437 434 435 438
f 418 417 437 438
f 438 435 416 418
f 441 439 419 420
f 442 440 441 443
f 443 441 420 421
f 444 442 443 445
f 445 443 421 424
f 446 444 445 447
f 447 445 424 427
f 448 446 447 449
f 449 447 427 430
f 450 448 449 451
f 451 449 430 433
f 452 450 451 453
f 453 451 433 436
f 458 303 66 95
f 459 458 95 96
f 460 459 96 98
f 461 460 98 100
f 462 461 100 101
f 463 461 462 464
f 464 462 101 111
f 465 463 464 466
f 467 466 111 112
f 468 467 112 105
f 469 467 468 470
f 470 468 105 107
f 471 470 107 108
f 472 314 303 458
f 473 472 458 459
f 474 473 459 460
f 475 474 460 461
f 476 475 461 463
f 478 476 463 465
f 479 477 476 478
f 479 478 465 466
f 480 479 466 467
f 481 480 467 469
f 484 323 314 472
f 485 482 483 486
f 486 483 484 487
f 487 484 472 473
f 524 486 487 488
f 488 487 473 474
f 489 488 474 475
f 526 524 489 490
f 490 489 475 476
f 491 490 476 477
f 492 490 491 493
f 493 491 477 479
f 527 526 492 494
f 494 492 493 495
f 495 493 479 480
f 496 494 495 497
f 497 495 480 481
f 522 408 334 498
f 498 334 335 499
f 483 482 498 499
f 499 335 336 500
f 484 483 499 500
f 500 336 323 484
f 501 498 482 485
f 523 522 501 524
f 525 523 524 526
f 503 525 526 527
f 506 363 364 507
f 507 364 408 522
f 508 506 507 509
f 510 508 522 523
f 528 511 523 525
f 512 528 525 502
f 513 512 502 503
f 514 512 513 515
f 515 513 503 504
f 454 274 388 516
f 516 388 363 506
f 517 516 506 508
f 455 454 517 518
f 518 517 508 510
f 519 518 510 511
f 456 455 519 528
f 416 456 528 520
f 418 416 520 521
f 521 520 512 514
f 530 529 534 535
f 531 530 535 536
f 532 531 536 537
f 533 568 569 539
f 534 533 539 540
f 535 534 540 570
f 537 536 570 541
f 538 537 541 542
f 540 539 543 544
f 542 541 545 546
f 543 569 547 548
f 544 543 548 549
f 570 544 549 550
f 545 570 551 552
f 546 545 552 553
f 548 547 554 555
f 549 548 555 556
f 550 549 556 557
f 551 550 557 558
f 552 551 558 559
f 553 552 559 560
f 555 554 571 561
f 556 555 561 562
f 557 556 562 563
f 558 557 563 564
f 559 558 564 572
f 563 562 565 566
f 564 563 566 567
f 577 538 542 573
f 573 542 546 574
f 574 546 553 575
f 575 553 560 576
f 579 529 530 580
f 580 530 531 581
f 142 141 580 581
f 581 531 532 582
f 143 142 581 582
f 584 578 579 585
f 585 579 580 586
f 144 165 585 586
f 586 580 141 144
f 146 143 582 587
f 587 582 583 588
f 147 146 587 588
f 589 584 585 590
f 590 585 165 166
f 151 147 588 728
f 591 589 590 592
f 593 591 592 594
f 594 592 166 156
f 595 594 156 159
f 596 595 159 160
f 597 596 160 161
f 598 597 161 162
f 599 568 533 600
f 600 533 534 601
f 579 578 600 601
f 601 534 529 579
f 582 532 537 602
f 602 537 538 603
f 583 582 602 603
f 604 599 600 605
f 605 600 578 584
f 727 604 605 606
f 606 605 584 589
f 607 606 589 591
f 608 607 591 593
f 609 608 593 594
f 610 609 594 595
f 611 610 595 596
f 613 611 596 597
f 614 612 611 613
f 614 613 597 598
f 615 569 568 599
f 616 615 599 604
f 729 616 604 727
f 617 729 727 606
f 618 617 606 607
f 619 618 607 608
f 620 619 608 609
f 621 620 609 610
f 730 621 610 611
f 624 622 621 730
f 624 730 611 612
f 626 624 612 614
f 629 628 615 616
f 631 630 617 618
f 632 631 618 619
f 633 632 619 620
f 635 633 620 621
f 636 635 621 622
f 639 636 622 624
f 642 638 637 641
f 625 623 638 642
f 643 639 624 626
f 644 640 639 643
f 645 641 640 644
f 646 642 641 645
f 627 625 642 646
f 647 547 569 628
f 648 647 628 629
f 649 648 629 729
f 650 649 729 630
f 652 650 630 631
f 655 652 631 632
f 656 653 652 655
f 656 655 632 633
f 661 656 633 635
f 662 657 656 661
f 662 661 635 636
f 663 658 657 662
f 665 660 659 664
f 665 664 637 638
f 638 634 660 665
f 666 662 636 639
f 667 663 662 666
f 667 666 639 640
f 732 664 663 667
f 732 667 640 641
f 641 637 664 732
f 668 554 547 647
f 670 668 647 648
f 672 670 648 649
f 673 731 670 672
f 673 672 649 650
f 676 673 650 652
f 677 674 673 676
f 677 676 652 653
f 654 651 675 681
f 682 677 653 656
f 683 678 677 682
f 683 682 656 657
f 684 679 678 683
f 684 683 657 658
f 685 680 679 684
f 686 681 680 685
f 686 685 659 660
f 660 654 681 686
f 687 684 658 663
f 688 685 684 687
f 688 687 663 664
f 664 659 685 688
f 689 571 554 668
f 690 561 571 689
f 691 562 561 690
f 693 572 564 692
f 669 560 572 694
f 695 689 668 670
f 696 690 689 695
f 696 695 670 731
f 671 669 694 700
f 701 696 731 673
f 702 697 696 701
f 702 701 673 674
f 705 699 698 704
f 706 700 699 705
f 675 671 700 706
f 707 702 674 677
f 708 703 702 707
f 708 707 677 678
f 709 704 703 708
f 709 708 678 679
f 710 705 704 709
f 710 709 679 680
f 711 706 705 710
f 711 710 680 681
f 681 675 706 711
f 691 690 712 713
f 713 565 562 691
f 714 566 565 713
f 715 567 566 714
f 692 564 567 715
f 693 692 715 716
f 694 693 716 717
f 718 712 690 696
f 719 713 712 718
f 719 718 696 697
f 720 714 713 719
f 721 715 714 720
f 722 716 715 721
f 722 721 698 699
f 723 717 716 722
f 723 722 699 700
f 700 694 717 723
f 724 719 697 702
f 725 720 719 724
f 725 724 702 703
f 726 721 720 725
f 726 725 703 704
f 704 698 721 726
f 588 583 733 734
f 728 588 734 735
f 175 155 728 736
f 171 175 736 737
f 172 171 737 738
f 173 172 738 739
f 174 173 739 740
f 603 538 577 741
f 733 583 603 741
f 734 733 741 742
f 735 734 742 743
f 736 735 743 744
f 737 736 744 745
f 738 737 745 746
f 739 738 746 747
f 740 739 747 748
f 741 577 573 749
f 742 741 749 750
f 743 742 750 751
f 744 743 751 752
f 745 744 752 753
f 746 745 753 754
f 765 754 623 625
f 747 746 754 765
f 749 573 574 755
f 750 749 755 756
f 751 750 756 757
f 752 751 757 758
f 753 752 758 759
f 760 759 634 638
f 760 638 623 754
f 754 753 759 760
f 755 574 575 761
f 756 755 761 762
f 757 756 762 766
f 767 766 654 660
f 767 660 634 759
f 759 758 766 767
f 763 576 560 669
f 761 575 576 763
f 764 763 669 671
f 762 761 763 764
f 766 764 671 675
f 768 598 162 212
f 769 768 212 213
f 770 769 213 214
f 771 770 214 216
f 772 771 216 218
f 773 772 218 220
f 774 773 220 226
f 776 614 598 768
f 778 776 768 769
f 780 778 769 770
f 781 780 770 771
f 782 781 771 772
f 783 782 772 773
f 784 783 773 774
f 785 784 774 775
f 786 626 614 776
f 790 786 776 778
f 791 787 786 790
f 793 789 788 792
f 779 777 789 793
f 794 790 778 780
f 795 791 790 794
f 796 792 791 795
f 797 793 792 796
f 835 779 793 797
f 798 794 780 781
f 799 795 794 798
f 800 796 795 799
f 801 797 796 800
f 802 798 781 782
f 803 799 798 802
f 805 801 800 804
f 806 802 782 783
f 807 803 802 806
f 809 805 804 808
f 810 806 783 784
f 811 807 806 810
f 813 810 784 785
f 814 811 810 813
f 815 643 626 786
f 816 644 643 815
f 816 815 786 787
f 817 645 644 816
f 818 646 645 817
f 818 817 788 789
f 789 627 646 818
f 819 816 787 791
f 820 817 816 819
f 820 819 791 792
f 792 788 817 820
f 800 799 821 822
f 823 821 799 803
f 824 822 821 823
f 804 800 822 824
f 825 823 803 807
f 826 824 823 825
f 808 804 824 826
f 809 808 826 827
f 828 825 807 811
f 829 826 825 828
f 830 827 826 829
f 812 809 827 830
f 814 813 831 832
f 832 828 811 814
f 833 829 828 832
f 834 830 829 833
f 242 174 740 836
f 243 242 836 837
f 244 243 837 838
f 245 244 838 839
f 246 245 839 840
f 247 246 840 841
f 248 247 841 842
f 250 248 842 843
f 251 250 843 844
f 836 740 748 845
f 846 845 777 779
f 837 836 845 846
f 847 846 779 835
f 838 837 846 847
f 839 838 847 848
f 840 839 848 849
f 841 840 849 850
f 842 841 850 851
f 853 851 850 852
f 843 842 851 853
f 844 843 853 854
f 896 765 627 789
f 896 789 777 845
f 845 748 765 896
f 847 835 797 897
f 898 897 801 805
f 849 848 897 898
f 855 898 809 812
f 852 850 898 855
f 853 852 855 856
f 858 856 855 857
f 854 853 856 858
f 855 812 830 859
f 860 859 830 834
f 857 855 859 860
f 865 861 862 866
f 866 862 863 867
f 867 863 864 868
f 862 861 871 872
f 872 869 870 873
f 863 862 872 873
f 864 863 873 874
f 875 871 861 865
f 877 876 867 868
f 868 864 874 877
f 870 869 878 879
f 872 871 880 881
f 881 878 869 872
f 873 870 879 882
f 874 873 882 883
f 884 880 871 875
f 877 874 883 885
f 879 878 886 887
f 881 880 888 889
f 889 886 878 881
f 890 887 886 889
f 882 879 887 890
f 883 882 890 891
f 892 888 880 884
f 893 889 888 892
f 895 891 890 894
f 885 883 891 895
f 899 775 226 283
f 901 899 283 284
f 902 900 901 903
f 903 901 284 288
f 904 902 903 905
f 906 905 288 289
f 994 908 289 291
f 909 785 775 899
f 901 900 910 911
f 911 909 899 901
f 912 910 900 902
f 913 911 910 912
f 914 912 902 904
f 915 914 904 905
f 992 914 915 916
f 916 915 905 906
f 917 916 906 907
f 993 992 917 994
f 918 813 785 909
f 919 918 909 911
f 913 912 920 921
f 921 919 911 913
f 922 920 912 914
f 923 921 920 922
f 924 922 914 992
f 996 925 992 993
f 926 831 813 918
f 927 832 831 926
f 928 833 832 927
f 929 834 833 928
f 930 926 918 919
f 931 927 926 930
f 932 930 919 921
f 923 922 933 934
f 934 932 921 923
f 935 933 922 924
f 995 934 933 935
f 936 935 924 925
f 928 927 937 938
f 929 928 938 939
f 931 930 940 941
f 941 937 927 931
f 942 938 937 941
f 943 939 938 942
f 944 940 930 932
f 945 941 940 944
f 946 942 941 945
f 947 943 942 946
f 948 944 932 934
f 949 945 944 948
f 995 935 997 950
f 950 948 934 995
f 952 997 936 996
f 946 945 955 956
f 947 946 956 957
f 957 954 943 947
f 949 948 958 959
f 959 955 945 949
f 960 956 955 959
f 961 957 956 960
f 962 958 948 950
f 963 959 958 962
f 998 960 959 963
f 964 962 950 951
f 999 964 997 965
f 966 965 952 953
f 961 960 968 969
f 969 967 957 961
f 963 962 970 971
f 998 963 971 972
f 972 968 960 998
f 973 970 962 964
f 974 971 970 973
f 975 972 971 974
f 999 965 976 977
f 977 973 964 999
f 978 974 973 977
f 979 976 965 966
f 980 977 976 979
f 969 968 982 983
f 983 981 967 969
f 984 982 968 972
f 975 974 985 986
f 986 984 972 975
f 978 977 987 988
f 988 985 974 978
f 980 979 989 990
f 990 987 977 980
f 991 988 987 990
f 397 251 844 1056
f 399 398 1056 1000
f 400 399 1000 1001
f 401 400 1001 1002
f 412 401 1002 1059
f 413 412 1059 1060
f 1001 1000 1003 1005
f 1005 1003 1004 1006
f 1002 1001 1005 1006
f 1006 1004 1057 1059
f 1059 1057 1058 1060
f 1008 858 857 1007
f 1056 854 858 1008
f 1003 1056 1009 1010
f 1004 1003 1010 1011
f 1057 1004 1011 1012
f 1058 1057 1013 1061
f 1060 1058 1061 1062
f 1014 860 834 929
f 1007 857 860 1014
f 1008 1007 1014 1015
f 1009 1008 1015 1019
f 1010 1009 1019 1020
f 1020 1016 1017 1021
f 1011 1010 1020 1021
f 1021 1017 1018 1022
f 1012 1011 1021 1022
f 1013 1012 1022 1023
f 1014 929 939 1024
f 1015 1014 1024 1025
f 1025 865 866 1026
f 1026 866 867 1027
f 1017 1016 1026 1027
f 1018 1017 1027 1028
f 1030 1024 939 943
f 1031 1025 1024 1030
f 1019 1015 1025 1032
f 1032 1025 1026 1033
f 1020 1019 1032 1033
f 1033 1026 1016 1020
f 1022 1018 1028 1034
f 1034 1028 1029 1035
f 1023 1022 1034 1035
f 1061 1023 1035 1063
f 1036 875 865 1025
f 1027 867 876 1037
f 1037 876 877 1038
f 1028 1027 1037 1038
f 1029 1028 1038 1039
f 1030 943 954 1040
f 1031 1030 1040 1041
f 1041 1036 1025 1031
f 1064 1040 954 957
f 1042 884 875 1036
f 1038 877 885 1043
f 1039 1038 1043 1044
f 1063 1039 1044 1065
f 1041 1040 1045 1046
f 1046 1042 1036 1041
f 1064 957 967 1047
f 1047 1045 1040 1064
f 1048 892 884 1042
f 1049 893 892 1048
f 1051 895 894 1050
f 1043 885 895 1051
f 1044 1043 1051 1052
f 1046 1045 1053 1054
f 1054 1048 1042 1046
f 1047 967 981 1055
f 1055 1053 1045 1047
f 1110 994 291 439
f 1097 1096 1110 1111
f 1111 1110 444 446
f 1095 993 994 1110
f 1066 996 993 1095
f 1069 1067 1068 1070
f 1070 1068 1095 1096
f 1071 1069 1070 1072
f 1073 1071 1072 1074
f 1074 1072 1096 1097
f 1076 1075 1097 1098
f 1080 1078 1079 1081
f 1068 1067 1080 1081
f 1081 1079 1066 1068
f 1082 1080 1067 1069
f 1083 1082 1069 1071
f 1084 1083 1071 1073
f 1085 1084 1073 1075
f 1086 1085 1075 1076
f 1087 1086 1076 1077
f 1100 953 996 1079
f 1101 1100 1080 1082
f 1103 1101 1083 1084
f 1104 1102 1103 1105
f 1086 1099 1104 1105
f 1105 1103 1085 1086
f 1089 979 966 1100
f 1091 1089 1088 1090
f 1106 1090 1100 1101
f 1108 1106 1101 1103
f 1103 1102 1107 1108
f 1109 1107 1102 1104
f 1092 989 979 1089
f 1112 990 989 1092
f 1091 1090 1093 1094
f 1094 1092 1089 1091
f 890 889 1113 1114
f 1115 1113 889 893
f 1116 1114 1113 1115
f 894 890 1114 1116
f 1120 1117 1118 1121
f 1121 1118 1119 1122
f 1118 1117 1125 1126
f 1126 1123 1124 1127
f 1119 1118 1126 1127
f 1130 1125 1117 1120
f 1122 1119 1127 1131
f 1131 1127 1128 1132
f 1124 1123 1134 1135
f 1137 1133 1134 1138
f 1126 1125 1137 1138
f 1138 1134 1123 1126
f 1127 1124 1135 1139
f 1128 1127 1139 1140
f 1141 1136 1137 1142
f 1130 1129 1141 1142
f 1142 1137 1125 1130
f 1132 1128 1140 1143
f 1134 1133 1144 1145
f 1135 1134 1145 1161
f 1137 1136 1146 1147
f 1147 1144 1133 1137
f 1148 1145 1144 1147
f 1149 1161 1145 1148
f 1139 1135 1161 1149
f 1140 1139 1149 1150
f 1151 1146 1136 1141
f 1152 1147 1146 1151
f 1154 1150 1149 1153
f 1143 1140 1150 1154
f 1148 1147 1155 1156
f 1149 1148 1156 1157
f 1158 1155 1147 1152
f 1159 1156 1155 1158
f 1160 1157 1156 1159
f 1153 1149 1157 1160
f 1162 1203 982 984
f 986 985 1197 1163
f 1163 1162 984 986
f 1164 1197 985 988
f 991 990 1165 1166
f 1166 1164 988 991
f 1168 1167 1162 1163
f 1170 1169 1164 1166
f 1168 1197 1198 1172
f 1172 1171 1167 1168
f 1173 1198 1197 1169
f 1174 1173 1169 1170
f 1177 1175 1171 1172
f 1199 1177 1198 1178
f 1179 1178 1173 1174
f 1176 1175 1180 1181
f 1181 1204 1203 1176
f 1182 1180 1175 1177
f 1199 1178 1200 1201
f 1201 1182 1177 1199
f 1181 1180 1183 1184
f 1185 1183 1180 1182
f 1184 1183 1186 1187
f 1188 1186 1183 1185
f 1201 1200 1202 1189
f 1189 1188 1185 1201
f 1187 1186 1191 1192
f 1193 1191 1186 1188
f 1194 1192 1191 1193
f 1195 1193 1188 1189
f 1196 1195 1189 1190
f 1049 1048 1205 1206
f 1206 1115 893 1049
f 1207 1116 1115 1206
f 1050 894 1116 1207
f 1051 1050 1207 1208
f 1052 1051 1208 1209
f 1065 1052 1209 1274
f 1054 1053 1210 1211
f 1211 1205 1048 1054
f 1212 1206 1205 1211
f 1055 981 1203 1275
f 1275 1210 1053 1055
f 1213 1120 1121 1214
f 1207 1206 1213 1214
f 1214 1121 1122 1215
f 1208 1207 1214 1215
f 1209 1208 1215 1216
f 1211 1210 1217 1218
f 1212 1211 1218 1219
f 1219 1213 1206 1212
f 1220 1129 1130 1221
f 1221 1130 1120 1213
f 1215 1122 1131 1222
f 1222 1131 1132 1223
f 1216 1215 1222 1223
f 1274 1216 1223 1224
f 1218 1217 1226 1227
f 1227 1220 1221 1228
f 1219 1218 1227 1228
f 1228 1221 1213 1219
f 1276 1226 1217 1275
f 1229 1141 1129 1220
f 1223 1132 1143 1230
f 1224 1223 1230 1231
f 1225 1224 1231 1232
f 1227 1226 1233 1234
f 1234 1229 1220 1227
f 1236 1151 1141 1229
f 1237 1152 1151 1236
f 1239 1154 1153 1238
f 1230 1143 1154 1239
f 1231 1230 1239 1240
f 1232 1231 1240 1241
f 1242 1236 1229 1234
f 1243 1237 1236 1242
f 1245 1240 1239 1244
f 1246 1241 1240 1245
f 1235 1232 1241 1246
f 1277 1242 1234 1276
f 1276 1203 1204 1277
f 1247 1158 1152 1237
f 1248 1159 1158 1247
f 1249 1160 1159 1248
f 1238 1153 1160 1249
f 1239 1238 1249 1250
f 1243 1242 1251 1252
f 1252 1247 1237 1243
f 1253 1248 1247 1252
f 1255 1250 1249 1254
f 1244 1239 1250 1255
f 1245 1244 1255 1256
f 1246 1245 1256 1257
f 1278 1252 1251 1277
f 1249 1248 1258 1259
f 1253 1252 1260 1261
f 1261 1258 1248 1253
f 1262 1259 1258 1261
f 1254 1249 1259 1262
f 1255 1254 1262 1263
f 1256 1255 1263 1279
f 1278 1277 1280 1264
f 1264 1260 1252 1278
f 1265 1261 1260 1264
f 1262 1261 1266 1267
f 1263 1262 1267 1268
f 1265 1264 1269 1270
f 1270 1266 1261 1265
f 1271 1267 1266 1270
f 1272 1268 1267 1271
f 1281 1279 1268 1272
f 1112 1092 1352 1282
f 1282 1165 990 1112
f 1283 1166 1165 1282
f 1286 1352 1094 1106
f 1288 1286 1285 1287
f 1289 1287 1106 1108
f 1108 1107 1354 1290
f 1355 1354 1107 1109
f 1283 1282 1291 1292
f 1292 1170 1166 1283
f 1293 1291 1282 1284
f 1294 1292 1291 1293
f 1353 1293 1352 1295
f 1288 1287 1296 1297
f 1297 1295 1286 1288
f 1298 1296 1287 1289
f 1299 1297 1296 1298
f 1300 1298 1289 1290
f 1356 1300 1354 1355
f 1301 1174 1170 1292
f 1294 1293 1302 1303
f 1303 1301 1292 1294
f 1353 1295 1357 1304
f 1304 1302 1293 1353
f 1305 1303 1302 1304
f 1358 1357 1297 1299
f 1356 1355 1307 1359
f 1359 1358 1300 1356
f 1309 1179 1174 1301
f 1310 1309 1301 1303
f 1305 1304 1311 1312
f 1312 1310 1303 1305
f 1313 1311 1304 1306
f 1367 1313 1357 1358
f 1315 1314 1307 1308
f 1360 1200 1179 1309
f 1312 1311 1316 1317
f 1317 1360 1310 1312
f 1319 1316 1311 1313
f 1320 1318 1319 1368
f 1367 1358 1320 1368
f 1368 1319 1313 1367
f 1323 1321 1358 1359
f 1359 1315 1324 1325
f 1317 1316 1326 1327
f 1319 1318 1328 1329
f 1329 1326 1316 1319
f 1331 1328 1318 1320
f 1332 1330 1331 1333
f 1322 1321 1332 1333
f 1333 1331 1320 1322
f 1335 1332 1321 1323
f 1336 1334 1335 1337
f 1325 1324 1336 1337
f 1337 1335 1323 1325
f 1338 1202 1200 1360
f 1341 1339 1340 1342
f 1327 1326 1341 1342
f 1342 1340 1360 1327
f 1329 1328 1362 1343
f 1343 1341 1326 1329
f 1364 1362 1328 1331
f 1365 1363 1364 1366
f 1335 1334 1365 1366
f 1366 1364 1332 1335
f 1348 1344 1345 1349
f 1349 1345 1346 1350
f 1340 1339 1349 1350
f 1350 1346 1338 1340
f 1362 1348 1349 1351
f 1351 1349 1339 1341
f 1363 1361 1362 1364
f 1370 1369 1204 1192
f 1194 1193 1371 1372
f 1372 1370 1192 1194
f 1374 1371 1193 1195
f 1376 1373 1374 1377
f 1196 1202 1376 1377
f 1377 1374 1195 1196
f 1379 1378 1369 1370
f 1372 1371 1380 1381
f 1381 1379 1370 1372
f 1374 1373 1383 1384
f 1384 1380 1371 1374
f 1385 1382 1383 1386
f 1376 1375 1385 1386
f 1386 1383 1373 1376
f 1388 1423 1378 1379
f 1389 1387 1388 1390
f 1381 1380 1389 1390
f 1390 1388 1379 1381
f 1427 1424 1389 1428
f 1384 1383 1427 1428
f 1428 1389 1380 1384
f 1385 1422 1426 1427
f 1388 1387 1391 1392
f 1393 1391 1387 1389
f 1397 1395 1396 1398
f 1392 1391 1397 1398
f 1398 1396 1423 1392
f 1393 1424 1431 1399
f 1399 1397 1391 1393
f 1401 1430 1431 1433
f 1427 1426 1401 1433
f 1433 1431 1424 1427
f 1426 1425 1432 1402
f 1396 1395 1404 1405
f 1405 1403 1394 1396
f 1406 1404 1395 1397
f 1401 1400 1407 1408
f 1410 1434 1429 1403
f 1411 1409 1410 1412
f 1405 1404 1411 1412
f 1412 1410 1403 1405
f 1406 1431 1436 1437
f 1437 1411 1404 1406
f 1431 1430 1415 1436
f 1407 1432 1438 1439
f 1439 1414 1430 1407
f 1410 1409 1416 1417
f 1418 1416 1409 1411
f 1436 1435 1418 1437
f 1415 1414 1420 1421
f 1421 1419 1413 1415
f 1270 1269 1441 1442
f 1271 1270 1442 1443
f 1272 1271 1443 1444
f 1281 1272 1444 1445
f 1280 1204 1369 1447
f 1448 1440 1441 1449
f 1273 1280 1448 1449
f 1449 1441 1269 1273
f 1441 1440 1451 1452
f 1442 1441 1452 1453
f 1443 1442 1453 1454
f 1444 1443 1454 1455
f 1445 1444 1455 1456
f 1446 1445 1456 1457
f 1447 1369 1378 1458
f 1458 1450 1451 1459
f 1448 1447 1458 1459
f 1459 1451 1440 1448
f 1451 1450 1460 1461
f 1452 1451 1461 1481
f 1454 1453 1481 1482
f 1482 1479 1480 1483
f 1456 1455 1482 1483
f 1458 1378 1423 1462
f 1462 1460 1450 1458
f 1461 1460 1463 1464
f 1481 1478 1479 1482
f 1465 1463 1460 1462
f 1479 1478 1484 1487
f 1468 1466 1467 1469
f 1464 1463 1468 1469
f 1469 1467 1484 1485
f 1481 1464 1469 1485
f 1485 1484 1478 1481
f 1396 1394 1468 1470
f 1465 1423 1396 1470
f 1470 1468 1463 1465
f 1467 1466 1471 1472
f 1403 1429 1471 1473
f 1468 1394 1403 1473
f 1473 1471 1466 1468
f 1471 1429 1434 1474
f 1472 1471 1474 1475
f 1484 1472 1475 1486
f 1475 1474 1476 1477
f 1491 1490 1488 1489
f 1511 1493 1510 1490
f 1496 1494 1495 1497
f 1497 1495 1492 1493
f 1501 1499 1500 1502
f 1495 1494 1501 1502
f 1502 1500 1518 1495
f 1503 1501 1494 1496
f 1513 1503 1496 1511
f 1506 1504 1505 1507
f 1500 1499 1506 1507
f 1507 1505 1498 1500
f 1508 1506 1499 1501
f 1509 1508 1501 1503
f 1515 1514 1512 1505
f 1516 1515 1506 1508
f 1517 1516 1509 1513
f 1345 1344 1520 1542
f 1542 1376 1202 1346
f 1521 1519 1520 1522
f 1348 1347 1521 1522
f 1522 1520 1344 1348
f 1532 1531 1521 1533
f 1533 1521 1347 1362
f 1362 1361 1532 1533
f 1534 1532 1361 1363
f 1488 1510 1534 1535
f 1535 1534 1363 1365
f 1520 1519 1523 1524
f 1524 1422 1385 1542
f 1525 1523 1519 1521
f 1523 1531 1536 1537
f 1537 1426 1422 1523
f 1538 1536 1531 1532
f 1492 1518 1538 1539
f 1534 1510 1492 1539
f 1539 1538 1532 1534
f 1536 1425 1426 1537
f 1527 1432 1425 1536
f 1498 1512 1528 1540
f 1538 1518 1498 1540
f 1540 1528 1536 1538
f 1530 1529 1526 1528
f 1529 1512 1514 1541
f 1541 1438 1432 1529
f 1568 1566 1434 1417
f 1418 1435 1567 1568
f 1436 1419 1570 1587
f 1587 1567 1435 1436
f 1439 1438 1571 1572
f 1572 1570 1420 1439
f 1571 1569 1570 1572
f 1574 1573 1566 1568
f 1568 1567 1544 1574
f 1570 1569 1575 1546
f 1576 1575 1569 1571
f 1544 1543 1548 1549
f 1547 1546 1551 1552
f 1552 1550 1545 1547
f 1577 1551 1575 1576
f 1554 1578 1573 1574
f 1574 1549 1579 1555
f 1587 1550 1580 1588
f 1588 1579 1549 1587
f 1577 1576 1581 1582
f 1582 1580 1551 1577
f 1554 1553 1556 1557
f 1558 1556 1553 1555
f 1557 1556 1559 1560
f 1558 1579 1583 1561
f 1561 1559 1556 1558
f 1562 1560 1559 1561
f 1582 1581 1585 1586
f 1586 1584 1580 1582
f 1562 1561 1564 1565
f 1565 1563 1560 1562
f 1476 1434 1566 1589
f 1477 1476 1589 1590
f 1486 1477 1590 1593
f 1487 1486 1593 1596
f 1590 1589 1591 1592
f 1591 1566 1573 1594
f 1593 1592 1594 1595
f 1596 1595 1597 1598
f 1594 1573 1578 1597
f 1610 1609 1514 1515
f 1611 1610 1515 1516
f 1612 1611 1516 1517
f 1600 1613 1609 1610
f 1614 1601 1610 1611
f 1602 1614 1611 1612
f 1600 1599 1604 1605
f 1606 1604 1599 1601
f 1608 1607 1602 1603
f 1616 1615 1613 1605
f 1617 1616 1606 1614
f 1618 1617 1614 1607
f 1620 1619 1615 1616
f 1621 1620 1616 1617
f 1622 1621 1617 1618
f 1541 1514 1609 1631
f 1631 1571 1438 1541
f 1631 1613 1615 1629
f 1629 1581 1576 1631
f 1623 1585 1581 1629
f 1629 1615 1619 1625
f 1630 1625 1619 1620
f 1624 1623 1626 1627
f 1628 1626 1623 1625
f 1634 1649 1564 1588
f 1588 1584 1632 1633
f 1636 1632 1584 1586
f 1637 1633 1632 1636
f 1586 1585 1635 1636
f 1634 1633 1638 1639
f 1637 1636 1640 1641
f 1641 1638 1633 1637
f 1639 1638 1642 1643
f 1644 1642 1638 1641
f 1645 1643 1642 1644
f 1641 1640 1650 1644
f 1645 1644 1647 1648
f 1648 1646 1643 1645
f 1598 1597 1669 1679
f 1597 1563 1649 1651
f 1670 1669 1668 1652
f 1652 1651 1653 1654
f 1670 1654 1671 1672
f 1680 1671 1649 1639
f 1679 1672 1674 1681
f 1672 1671 1673 1674
f 1680 1639 1643 1656
f 1656 1673 1671 1680
f 1657 1656 1658 1659
f 1674 1673 1675 1676
f 1659 1658 1661 1662
f 1662 1675 1673 1659
f 1677 1676 1675 1662
f 1660 1643 1646 1663
f 1663 1661 1658 1660
f 1662 1661 1664 1665
f 1666 1664 1661 1663
f 1667 1665 1664 1666
f 1678 1666 1646 1648
f 1683 1682 1620 1621
f 1627 1626 1684 1685
f 1685 1635 1585 1627
f 1691 1636 1635 1685
f 1686 1684 1626 1628
f 1687 1685 1684 1686
f 1692 1686 1628 1630
f 1630 1620 1682 1692
f 1693 1692 1682 1683
f 1687 1686 1689 1690
f 1690 1688 1685 1687
f 1691 1688 1695 1696
f 1696 1640 1636 1691
f 1697 1695 1690 1692
f 1699 1697 1692 1693
f 1700 1699 1693 1694
f 1698 1696 1695 1697
f 1711 1650 1640 1696
f 1701 1644 1650 1711
f 1702 1711 1697 1699
f 1704 1702 1699 1700
f 1705 1647 1644 1701
f 1703 1702 1707 1708
f 1709 1707 1702 1704
f 1710 1708 1707 1709
f 1713 1712 1715 1716
f 1714 4 1 1717
f 1715 1714 1717 1718
f 1716 1715 1718 1720
f 1717 1 2 1719
f 1719 2 3 1721
f 1722 1712 1713 1723
f 1724 1722 1723 1725
f 5 4 1714 1726
f 1726 1714 1715 1727
f 1727 1715 1712 1722
f 1723 1713 1716 1728
f 6 5 1726 1729
f 1729 1726 1727 1730
f 1730 1727 1722 1724
f 1731 1730 1724 1725
f 1725 1723 1728 1731
f 67 6 1729 1732
f 1732 1729 1730 1733
f 1733 1730 1731 1787
f 1734 1732 1733 1735
f 70 67 1734 1736
f 1736 1734 1735 1737
f 1739 1718 1717 1738
f 1740 1720 1718 1739
f 1728 1716 1720 1740
f 1731 1728 1740 1741
f 1787 1731 1741 1742
f 1743 1788 1735 1787
f 1744 19 70 1736
f 1745 1744 1736 1737
f 1737 1735 1788 1745
f 1745 1788 1743 1746
f 22 19 1744 1747
f 1747 1744 1745 1748
f 1748 1745 1746 1749
f 25 22 1747 1750
f 1750 1747 1748 1751
f 27 25 1750 1752
f 1752 1750 1751 1753
f 1738 1717 1719 1754
f 1739 1738 1754 1755
f 1740 1739 1755 1756
f 1741 1740 1756 1757
f 1742 1741 1757 1758
f 1743 1742 1758 1759
f 1746 1743 1759 1760
f 1762 1761 1748 1749
f 1749 1746 1760 1762
f 1751 1748 1761 1763
f 1763 1761 1762 1789
f 1753 1751 1763 1764
f 1765 1721 3 45
f 1754 1719 1721 1765
f 1755 1754 1765 1766
f 1756 1755 1766 1767
f 1757 1756 1767 1768
f 1758 1757 1768 1769
f 1759 1758 1769 1770
f 1760 1759 1770 1771
f 1762 1760 1771 1772
f 1789 1762 1772 1773
f 1774 1791 1764 1789
f 1765 45 57 1775
f 1766 1765 1775 1776
f 1767 1766 1776 1777
f 1779 1776 1775 1778
f 1780 1777 1776 1779
f 1768 1767 1777 1780
f 1781 1780 1779 1790
f 1769 1768 1780 1781
f 1770 1769 1781 1782
f 1771 1770 1782 1783
f 1772 1771 1783 1784
f 1773 1772 1784 1785
f 1774 1773 1785 1786
f 72 27 1752 1792
f 1792 1752 1753 1793
f 73 72 1792 1794
f 1796 1795 1792 1793
f 1793 1753 1764 1796
f 1797 77 73 1794
f 1794 1792 1795 1797
f 1797 1795 1796 1798
f 79 77 1797 1799
f 1799 1797 1798 1800
f 80 79 1799 1801
f 1796 1764 1791 1802
f 1802 1791 1774 1803
f 1798 1796 1802 1804
f 1804 1802 1803 1805
f 1807 1806 1799 1800
f 1800 1798 1804 1807
f 1808 90 80 1801
f 1801 1799 1806 1808
f 1808 1806 1807 1809
f 92 90 1808 1810
f 1810 1808 1809 1811
f 94 92 1810 1812
f 1803 1774 1786 1813
f 1815 1814 1804 1805
f 1805 1803 1813 1815
f 1807 1804 1814 1816
f 1816 1814 1815 1825
f 1809 1807 1816 1817
f 1819 1818 1810 1811
f 1811 1809 1817 1819
f 1819 1817 1825 1826
f 1820 104 94 1812
f 1812 1810 1818 1820
f 1820 1818 1819 1821
f 106 104 1820 1822
f 1822 1820 1821 1823
f 108 106 1822 1824
f 1832 1831 1827 1828
f 1833 1832 1828 1829
f 1834 1833 1829 1830
f 1838 1836 1837 1839
f 1885 1838 1839 1886
f 1827 1835 1840 1844
f 1844 1840 1841 1845
f 1845 1841 1842 1846
f 1837 1836 1845 1846
f 1846 1842 1843 1847
f 1828 1827 1844 1849
f 1849 1844 1845 1850
f 1850 1845 1836 1838
f 1839 1837 1846 1851
f 1851 1846 1847 1852
f 1852 1847 1848 1853
f 1829 1828 1849 1854
f 1854 1849 1850 1855
f 1855 1850 1838 1885
f 1886 1839 1851 1856
f 1856 1851 1852 1857
f 1857 1852 1853 1858
f 1830 1829 1854 1859
f 1859 1854 1855 1860
f 1861 1856 1857 1862
f 1862 1857 1858 1863
f 1868 1864 1865 1869
f 1869 1865 1866 1870
f 1871 1867 1868 1872
f 1872 1868 1869 1873
f 1873 1869 1870 1874
f 1875 1871 1872 1876
f 1841 1840 1875 1876
f 1876 1872 1873 1877
f 1842 1841 1876 1877
f 1877 1873 1874 1878
f 1843 1842 1877 1878
f 1847 1843 1878 1879
f 1879 1878 1887 1880
f 1848 1847 1879 1880
f 1853 1848 1880 1881
f 1858 1853 1881 1882
f 1884 1883 1862 1863
f 1863 1858 1882 1884
f 1892 1890 1891 1893
f 1893 1891 1888 1889
f 1898 1897 1913 1914
f 1901 1899 1900 1902
f 1891 1890 1901 1902
f 1902 1900 1914 1891
f 1903 1901 1890 1892
f 1904 1834 1830 1894
f 1905 1904 1894 1895
f 1906 1905 1895 1896
f 1907 1906 1896 1897
f 1908 1907 1897 1898
f 1900 1899 1909 1910
f 1910 1908 1898 1900
f 1911 1909 1899 1901
f 1912 1911 1901 1903
f 1917 1915 1916 1918
f 1889 1888 1917 1919
f 1919 1917 1918 1920
f 1922 1885 1886 1965
f 1923 1921 1922 1924
f 1925 1923 1924 1926
f 1926 1924 1965 1966
f 1927 1925 1926 1928
f 1914 1913 1927 1929
f 1929 1927 1928 1930
f 1930 1928 1966 1967
f 1931 1929 1930 1932
f 1916 1915 1931 1932
f 1891 1914 1931 1933
f 1917 1888 1891 1933
f 1933 1931 1915 1917
f 1918 1916 1932 1934
f 1934 1932 1967 1968
f 1920 1918 1934 1935
f 1894 1830 1859 1936
f 1936 1859 1860 1937
f 1922 1921 1936 1937
f 1937 1860 1885 1922
f 1965 1886 1861 1938
f 1938 1861 1862 1939
f 1895 1894 1936 1940
f 1940 1936 1921 1923
f 1941 1938 1939 1942
f 1896 1895 1940 1969
f 1969 1940 1923 1925
f 1966 1965 1941 1943
f 1943 1941 1942 1944
f 1927 1913 1897 1969
f 1967 1966 1945 1946
f 1968 1967 1947 1948
f 1950 1948 1949 1951
f 1939 1862 1883 1952
f 1942 1939 1952 1953
f 1955 1954 1943 1944
f 1944 1942 1953 1955
f 1945 1943 1954 1956
f 1956 1954 1955 1957
f 1946 1945 1956 1958
f 1958 1956 1957 1959
f 1947 1946 1958 1960
f 1960 1958 1959 1961
f 1948 1947 1960 1962
f 1962 1960 1961 1963
f 1949 1948 1962 1963
f 1951 1949 1963 1964
f 1775 57 293 1970
f 1971 1970 293 295
f 1778 1775 1970 1971
f 1779 1778 1971 1972
f 1790 1779 1972 1973
f 1781 1790 1973 1974
f 1976 1974 1973 1975
f 1782 1781 1974 1976
f 1783 1782 1976 1977
f 1784 1783 1977 1978
f 1785 1784 1978 1979
f 1786 1785 1979 1980
f 1971 295 305 1981
f 1972 1971 1981 1982
f 1984 1982 1981 1983
f 1973 1972 1982 1984
f 1975 1973 1984 1985
f 1976 1975 1985 1986
f 1987 1986 1985 2069
f 1977 1976 1986 1987
f 1978 1977 1987 1988
f 1979 1978 1988 1989
f 1980 1979 1989 1990
f 1981 305 316 2070
f 1991 2070 316 318
f 1983 1981 2070 1991
f 1984 1983 1991 1992
f 1993 1991 318 320
f 1994 1992 1991 1993
f 1985 1984 1992 1994
f 1996 1994 1993 1995
f 2069 1985 1994 1996
f 1987 2069 1996 2071
f 1999 2071 1997 1998
f 1989 1988 2071 1999
f 2001 1999 1998 2000
f 1990 1989 1999 2001
f 1993 320 327 2002
f 2003 2002 327 329
f 1995 1993 2002 2003
f 1996 1995 2003 2004
f 2006 2004 2003 2005
f 1997 1996 2004 2006
f 2008 2006 2005 2007
f 1998 1997 2006 2008
f 2000 1998 2008 2011
f 2011 2008 2009 2012
f 2001 2000 2011 2012
f 2012 2009 2010 2013
f 2017 2015 2016 2018
f 2019 2017 2018 2020
f 2003 329 351 2021
f 2022 2019 2020 2023
f 2024 2021 351 358
f 2005 2003 2021 2024
f 2007 2005 2024 2029
f 2029 2024 2025 2030
f 2008 2007 2029 2030
f 2030 2025 2026 2031
f 2009 2008 2030 2031
f 2031 2026 2027 2032
f 2010 2009 2031 2032
f 2032 2027 2075 2076
f 2072 2010 2032 2076
f 2076 2075 2028 2033
f 2073 2072 2076 2033
f 2035 2033 2034 2036
f 2037 1892 1893 2038
f 2038 1893 1889 2014
f 2039 2037 2038 2040
f 2016 2015 2039 2040
f 2040 2038 2014 2016
f 2041 2039 2015 2017
f 2042 2041 2017 2019
f 2075 2074 2042 2047
f 2047 2042 2019 2022
f 2048 2047 2022 2023
f 385 377 2043 2049
f 2024 358 385 2049
f 2049 2043 2044 2050
f 2025 2024 2049 2050
f 2050 2044 2045 2051
f 2026 2025 2050 2051
f 2051 2045 2046 2052
f 2027 2026 2051 2052
f 2053 2047 2048 2054
f 2033 2028 2053 2055
f 2055 2053 2054 2056
f 2034 2033 2055 2056
f 2036 2034 2056 2057
f 2058 1903 1892 2037
f 2059 2058 2037 2039
f 2060 2077 2059 2078
f 2078 2059 2039 2041
f 2042 2074 2062 2078
f 415 413 2082 2079
f 2043 377 415 2079
f 2045 2044 2079 2080
f 2080 2082 2061 2081
f 2075 2046 2080 2081
f 2081 2062 2074 2075
f 2063 1912 1903 2058
f 2064 2063 2058 2059
f 2067 2065 2066 2068
f 2062 2061 2067 2068
f 2068 2066 2060 2062
f 2014 1889 1919 2083
f 2083 1919 1920 2084
f 2016 2014 2083 2085
f 2085 2083 2084 2086
f 2018 2016 2085 2087
f 2087 2085 2086 2088
f 2020 2018 2087 2089
f 2089 2087 2088 2090
f 2023 2020 2089 2091
f 2091 2089 2090 2092
f 2084 1920 1935 2093
f 2093 1935 1968 2119
f 2086 2084 2093 2094
f 2088 2086 2094 2095
f 2095 2094 2119 2120
f 2090 2088 2095 2096
f 2097 2048 2023 2091
f 2098 2097 2091 2092
f 2092 2090 2096 2098
f 2098 2096 2120 2121
f 2054 2048 2097 2099
f 2099 2097 2098 2100
f 2056 2054 2099 2101
f 2101 2099 2100 2102
f 2057 2056 2101 2103
f 2119 1968 1950 2122
f 2120 2119 2122 2104
f 2106 2104 2105 2107
f 2124 2123 2098 2121
f 2121 2120 2106 2124
f 2109 2108 2101 2102
f 2102 2100 2123 2109
f 2109 2123 2124 2110
f 2103 2101 2108 2111
f 2111 2108 2109 2112
f 2112 2109 2110 2113
f 2116 2115 2106 2107
f 2107 2105 2114 2116
f 2113 2110 2117 2118
f 1813 1786 1980 2125
f 1815 1813 2125 2126
f 1825 1815 2126 2127
f 2209 2129 1819 1826
f 1826 1825 2128 2209
f 1821 1819 2129 2130
f 2132 2131 1822 1823
f 1823 1821 2130 2132
f 1824 1822 2131 2133
f 2133 2131 2132 2134
f 2125 1980 1990 2135
f 2126 2125 2135 2136
f 2127 2126 2136 2137
f 2128 2127 2137 2138
f 2130 2129 2139 2140
f 2132 2130 2140 2141
f 2134 2132 2141 2142
f 2135 1990 2001 2143
f 2136 2135 2143 2147
f 2147 2143 2144 2148
f 2148 2144 2145 2149
f 2149 2145 2146 2150
f 2137 2136 2147 2151
f 2151 2147 2148 2152
f 2152 2148 2149 2153
f 2153 2149 2150 2154
f 2138 2137 2151 2155
f 2155 2151 2152 2156
f 2156 2152 2153 2157
f 2157 2153 2154 2158
f 2159 2212 2139 2209
f 2209 2138 2155 2159
f 2159 2155 2156 2160
f 2160 2156 2157 2161
f 2161 2157 2158 2162
f 2163 2159 2160 2164
f 2164 2160 2161 2165
f 2165 2161 2162 2166
f 2141 2140 2212 2214
f 2214 2212 2163 2167
f 2167 2163 2164 2168
f 2168 2164 2165 2169
f 2169 2165 2166 2170
f 2171 2167 2168 2172
f 2172 2168 2169 2173
f 2143 2001 2012 2174
f 2174 2012 2013 2175
f 2144 2143 2174 2175
f 2175 2013 2072 2176
f 2145 2144 2175 2176
f 2146 2145 2176 2177
f 2177 2072 2073 2210
f 2150 2146 2177 2178
f 2154 2150 2178 2179
f 2179 2178 2210 2211
f 2158 2154 2179 2180
f 2162 2158 2180 2181
f 2181 2180 2211 2213
f 2166 2162 2181 2182
f 2184 2183 2169 2170
f 2170 2166 2182 2184
f 2184 2182 2213 2215
f 2186 2185 2172 2173
f 2173 2169 2183 2186
f 2186 2183 2184 2187
f 2210 2073 2035 2188
f 2188 2035 2036 2189
f 2190 2188 2189 2191
f 2211 2210 2191 2192
f 2213 2211 2193 2194
f 2215 2213 2195 2197
f 2197 2195 2196 2198
f 2199 2197 2198 2200
f 2189 2036 2057 2201
f 2191 2189 2201 2202
f 2192 2191 2202 2203
f 2193 2192 2203 2204
f 2194 2193 2204 2205
f 2196 2194 2205 2206
f 2198 2196 2206 2207
f 2200 2198 2207 2208
f 2201 2057 2103 2216
f 2202 2201 2216 2217
f 2203 2202 2217 2262
f 2205 2204 2262 2263
f 2207 2206 2263 2218
f 2208 2207 2218 2219
f 2216 2103 2111 2221
f 2221 2111 2112 2222
f 2222 2112 2113 2223
f 2217 2216 2221 2224
f 2224 2221 2222 2225
f 2262 2217 2224 2227
f 2227 2224 2225 2228
f 2228 2225 2226 2229
f 2230 2227 2228 2231
f 2231 2228 2229 2232
f 2263 2262 2230 2233
f 2233 2230 2231 2234
f 2234 2231 2232 2235
f 2236 2233 2234 2237
f 2237 2234 2235 2238
f 2218 2263 2236 2239
f 2239 2236 2237 2240
f 2240 2237 2238 2241
f 2219 2218 2239 2242
f 2242 2239 2240 2243
f 2220 2219 2242 2243
f 2243 2240 2241 2244
f 2246 2245 2222 2223
f 2223 2113 2118 2246
f 2225 2222 2245 2247
f 2247 2245 2246 2248
f 2226 2225 2247 2248
f 2229 2226 2248 2250
f 2250 2248 2249 2251
f 2232 2229 2250 2252
f 2252 2250 2251 2253
f 2235 2232 2252 2254
f 2254 2252 2253 2255
f 2238 2235 2254 2256
f 2256 2254 2255 2257
f 2241 2238 2256 2258
f 2258 2256 2257 2259
f 2244 2241 2258 2260
f 2260 2258 2259 2261
f 2268 2267 2272 2273
f 2269 2268 2273 2274
f 2270 2269 2274 2275
f 2271 2264 2265 2277
f 2272 2271 2277 2278
f 2273 2272 2278 2279
f 2274 2273 2279 2280
f 2275 2274 2280 2281
f 2276 2275 2281 2282
f 2311 2276 2282 2283
f 2278 2277 2284 2285
f 2279 2278 2285 2286
f 2280 2279 2286 2287
f 2281 2280 2287 2288
f 2282 2281 2288 2289
f 2283 2282 2289 2290
f 2284 2265 2266 2291
f 2285 2284 2291 2292
f 2286 2285 2292 2293
f 2287 2286 2293 2294
f 2288 2287 2294 2295
f 2289 2288 2295 2296
f 2290 2289 2296 2297
f 2292 2291 2298 2299
f 2293 2292 2299 2300
f 2294 2293 2300 2301
f 2295 2294 2301 2302
f 2296 2295 2302 2303
f 2297 2296 2303 2304
f 2299 2298 2305 2306
f 2300 2299 2306 2307
f 2301 2300 2307 2308
f 2302 2301 2308 2312
f 2304 2303 2312 2313
f 2308 2307 2309 2310
f 2318 2317 1835 1831
f 2319 2318 1831 1832
f 2320 2319 1832 1833
f 2321 2320 1833 1834
f 2323 2322 2314 2315
f 2324 2323 2315 2316
f 2325 2324 2316 2317
f 2326 2325 2317 2318
f 2327 2326 2318 2319
f 2328 2327 2319 2320
f 2329 2328 2320 2321
f 2330 2265 2264 2322
f 2331 2330 2322 2323
f 2332 2331 2323 2324
f 2333 2332 2324 2325
f 2334 2333 2325 2326
f 2335 2334 2326 2327
f 2349 2335 2327 2328
f 2337 2336 2330 2331
f 2338 2337 2331 2332
f 2339 2338 2332 2333
f 2340 2339 2333 2334
f 2341 2340 2334 2335
f 2342 2266 2265 2336
f 2343 2342 2336 2337
f 2344 2343 2337 2338
f 2345 2344 2338 2339
f 2350 2345 2339 2340
f 2347 2346 2342 2343
f 2348 2347 2343 2344
f 2352 2267 2268 2353
f 1865 1864 2352 2353
f 2353 2268 2269 2354
f 1866 1865 2353 2354
f 2354 2269 2270 2355
f 2315 2314 2351 2357
f 2357 2351 2352 2358
f 1868 1867 2357 2358
f 2358 2352 1864 1868
f 1870 1866 2354 2359
f 2359 2354 2355 2360
f 1887 1870 2359 2360
f 2360 2355 2356 2361
f 2316 2315 2357 2362
f 2362 2357 1867 1871
f 2363 2360 2361 2364
f 2317 2316 2362 2365
f 1875 1835 2317 2365
f 2365 2362 1871 1875
f 2366 2363 2364 2367
f 1880 1887 2366 2368
f 2368 2366 2367 2369
f 1881 1880 2368 2370
f 1882 1881 2370 2371
f 2373 2372 1883 1884
f 1884 1882 2371 2373
f 2322 2264 2271 2374
f 2351 2314 2322 2374
f 2374 2271 2272 2375
f 2352 2351 2374 2375
f 2375 2272 2267 2352
f 2355 2270 2275 2376
f 2376 2275 2276 2377
f 2356 2355 2376 2377
f 2377 2276 2311 2378
f 2361 2356 2377 2379
f 2379 2377 2378 2380
f 2364 2361 2379 2381
f 2381 2379 2380 2504
f 2367 2364 2381 2382
f 2384 2383 2368 2369
f 2369 2367 2382 2384
f 2370 2368 2383 2385
f 2371 2370 2385 2387
f 2389 2387 2386 2388
f 2389 2388 2372 2373
f 2373 2371 2387 2389
f 2378 2311 2283 2390
f 2380 2378 2390 2391
f 2393 2392 2381 2504
f 2504 2380 2391 2393
f 2382 2381 2392 2394
f 2396 2395 2383 2384
f 2384 2382 2394 2396
f 2385 2383 2395 2399
f 2400 2397 2335 2349
f 2505 2399 2398 2401
f 2505 2401 2386 2387
f 2387 2385 2399 2505
f 2388 2386 2401 2403
f 2390 2283 2290 2404
f 2391 2390 2404 2405
f 2407 2406 2392 2393
f 2393 2391 2405 2407
f 2394 2392 2406 2408
f 2411 2410 2395 2396
f 2396 2394 2408 2411
f 2412 2409 2340 2341
f 2412 2341 2335 2397
f 2415 2414 2398 2399
f 2399 2395 2410 2415
f 2416 2412 2397 2400
f 2417 2413 2412 2416
f 2401 2398 2414 2419
f 2420 2416 2400 2402
f 2421 2417 2416 2420
f 2422 2418 2417 2421
f 2423 2419 2418 2422
f 2403 2401 2419 2423
f 2404 2290 2297 2424
f 2405 2404 2424 2425
f 2428 2427 2406 2407
f 2407 2405 2425 2428
f 2429 2426 2344 2345
f 2408 2406 2427 2431
f 2432 2429 2345 2350
f 2432 2350 2340 2409
f 2436 2431 2430 2435
f 2436 2435 2410 2411
f 2411 2408 2431 2436
f 2437 2432 2409 2412
f 2438 2433 2432 2437
f 2438 2437 2412 2413
f 2441 2435 2434 2440
f 2441 2440 2414 2415
f 2415 2410 2435 2441
f 2507 2438 2413 2417
f 2442 2439 2438 2507
f 2442 2507 2417 2418
f 2443 2440 2439 2442
f 2443 2442 2418 2419
f 2419 2414 2440 2443
f 2444 2298 2266 2346
f 2424 2297 2304 2445
f 2446 2444 2346 2347
f 2425 2424 2445 2447
f 2448 2446 2347 2348
f 2448 2348 2344 2426
f 2451 2447 2506 2450
f 2451 2450 2427 2428
f 2428 2425 2447 2451
f 2452 2448 2426 2429
f 2457 2450 2449 2456
f 2457 2456 2430 2431
f 2431 2427 2450 2457
f 2458 2452 2429 2432
f 2459 2453 2452 2458
f 2459 2458 2432 2433
f 2460 2454 2453 2459
f 2461 2455 2454 2460
f 2462 2456 2455 2461
f 2462 2461 2434 2435
f 2435 2430 2456 2462
f 2463 2459 2433 2438
f 2464 2460 2459 2463
f 2464 2463 2438 2439
f 2465 2461 2460 2464
f 2465 2464 2439 2440
f 2440 2434 2461 2465
f 2466 2305 2298 2444
f 2467 2306 2305 2466
f 2468 2307 2306 2467
f 2471 2313 2312 2470
f 2445 2304 2313 2471
f 2472 2466 2444 2446
f 2476 2471 2470 2475
f 2476 2475 2506 2447
f 2447 2445 2471 2476
f 2477 2472 2446 2448
f 2478 2473 2472 2477
f 2482 2475 2474 2481
f 2482 2481 2449 2450
f 2450 2506 2475 2482
f 2483 2477 2448 2452
f 2484 2478 2477 2483
f 2484 2483 2452 2453
f 2485 2479 2478 2484
f 2485 2484 2453 2454
f 2486 2480 2479 2485
f 2486 2485 2454 2455
f 2487 2481 2480 2486
f 2487 2486 2455 2456
f 2456 2449 2481 2487
f 2467 2466 2488 2489
f 2468 2467 2489 2490
f 2490 2309 2307 2468
f 2491 2310 2309 2490
f 2492 2312 2310 2491
f 2470 2469 2492 2493
f 2494 2488 2466 2472
f 2495 2489 2488 2494
f 2495 2494 2472 2473
f 2496 2490 2489 2495
f 2497 2491 2490 2496
f 2498 2492 2491 2497
f 2499 2493 2492 2498
f 2499 2498 2474 2475
f 2475 2470 2493 2499
f 2500 2495 2473 2478
f 2501 2496 2495 2500
f 2501 2500 2478 2479
f 2502 2497 2496 2501
f 2502 2501 2479 2480
f 2503 2498 2497 2502
f 2503 2502 2480 2481
f 2481 2474 2498 2503
f 2508 2321 1834 1904
f 2509 2508 1904 1905
f 2510 2509 1905 1906
f 2511 2510 1906 1907
f 2512 2511 1907 1908
f 1910 1909 2513 2514
f 2514 2512 1908 1910
f 2515 2513 1909 1911
f 2516 2515 1911 1912
f 2517 2329 2321 2508
f 2518 2517 2508 2509
f 2519 2518 2509 2510
f 2520 2519 2510 2511
f 2521 2520 2511 2512
f 2514 2513 2522 2523
f 2523 2521 2512 2514
f 2524 2522 2513 2515
f 2525 2523 2522 2524
f 2526 2524 2515 2516
f 2527 2349 2329 2517
f 2570 2528 2518 2519
f 2571 2570 2520 2521
f 2525 2524 2529 2530
f 2530 2571 2523 2525
f 2531 2529 2524 2526
f 2532 2530 2529 2531
f 2534 2533 2530 2532
f 2539 2535 2536 2540
f 2540 2536 2537 2541
f 2541 2537 2538 2542
f 2536 2535 2545 2546
f 2546 2543 2544 2547
f 2537 2536 2546 2547
f 2538 2537 2547 2548
f 2549 2545 2535 2539
f 2550 2549 2539 2540
f 2542 2538 2548 2551
f 2544 2543 2552 2553
f 2546 2545 2554 2555
f 2555 2552 2543 2546
f 2547 2544 2553 2556
f 2548 2547 2556 2557
f 2558 2554 2545 2549
f 2551 2548 2557 2559
f 2553 2552 2560 2561
f 2555 2554 2562 2563
f 2563 2560 2552 2555
f 2564 2561 2560 2563
f 2556 2553 2561 2564
f 2557 2556 2564 2565
f 2566 2562 2554 2558
f 2567 2563 2562 2566
f 2569 2565 2564 2568
f 2559 2557 2565 2569
f 1952 1883 2372 2572
f 1953 1952 2572 2573
f 1955 1953 2573 2574
f 1957 1955 2574 2575
f 1959 1957 2575 2576
f 1961 1959 2576 2577
f 1963 1961 2577 2578
f 1964 1963 2578 2579
f 2572 2372 2388 2581
f 2582 2580 2517 2518
f 2573 2572 2581 2583
f 2574 2573 2583 2584
f 2575 2574 2584 2585
f 2576 2575 2585 2586
f 2577 2576 2586 2587
f 2578 2577 2587 2588
f 2579 2578 2588 2589
f 2590 2402 2349 2527
f 2590 2527 2517 2580
f 2581 2388 2403 2593
f 2582 2518 2528 2594
f 2594 2590 2580 2582
f 2595 2591 2590 2594
f 2597 2593 2592 2596
f 2583 2581 2593 2597
f 2598 2594 2528 2570
f 2599 2595 2594 2598
f 2600 2596 2595 2599
f 2601 2597 2596 2600
f 2584 2583 2597 2601
f 2603 2599 2598 2602
f 2604 2600 2599 2603
f 2605 2601 2600 2604
f 2585 2584 2601 2605
f 2606 2602 2570 2571
f 2607 2603 2602 2606
f 2609 2605 2604 2608
f 2586 2585 2605 2609
f 2611 2607 2606 2610
f 2613 2609 2608 2612
f 2587 2586 2609 2613
f 2614 2610 2571 2530
f 2616 2613 2612 2615
f 2588 2587 2613 2616
f 2618 2616 2615 2617
f 2589 2588 2616 2618
f 2619 2420 2402 2590
f 2620 2421 2420 2619
f 2620 2619 2590 2591
f 2621 2422 2421 2620
f 2622 2423 2422 2621
f 2622 2621 2592 2593
f 2593 2403 2423 2622
f 2623 2620 2591 2595
f 2624 2621 2620 2623
f 2624 2623 2595 2596
f 2596 2592 2621 2624
f 2604 2603 2625 2626
f 2627 2625 2603 2607
f 2628 2626 2625 2627
f 2608 2604 2626 2628
f 2611 2610 2629 2630
f 2630 2627 2607 2611
f 2631 2628 2627 2630
f 2612 2608 2628 2631
f 2614 2530 2533 2632
f 2632 2629 2610 2614
f 2633 2630 2629 2632
f 2634 2631 2630 2633
f 2615 2612 2631 2634
f 2635 2632 2533 2534
f 2636 2633 2632 2635
f 2637 2634 2633 2636
f 2617 2615 2634 2637
f 2687 2516 1912 2063
f 2064 2077 2638 2687
f 2082 413 1060 2692
f 2065 2082 2692 2639
f 2066 2065 2639 2640
f 2640 2638 2077 2066
f 2643 2641 2642 2644
f 2640 2639 2643 2644
f 2644 2642 2638 2640
f 2645 2531 2526 2687
f 2646 2532 2531 2645
f 2642 2641 2647 2648
f 2687 2642 2648 2649
f 2646 2645 2652 2653
f 2653 2534 2532 2646
f 2654 2650 2651 2655
f 2648 2647 2654 2655
f 2649 2648 2655 2656
f 2656 2652 2645 2649
f 2650 2692 2658 2659
f 2659 2540 2541 2660
f 2651 2650 2659 2660
f 2660 2541 2542 2661
f 2653 2652 2661 2662
f 2692 1061 1063 2688
f 2663 2657 2658 2664
f 2655 2651 2660 2665
f 2665 2660 2661 2666
f 2656 2655 2665 2666
f 2666 2661 2652 2656
f 2668 2662 2661 2667
f 2658 2657 2669 2670
f 2670 2549 2550 2671
f 2659 2658 2670 2671
f 2671 2550 2540 2659
f 2661 2542 2551 2672
f 2667 2661 2672 2673
f 2668 2667 2673 2674
f 2688 1063 1065 2690
f 2669 2688 2690 2675
f 2670 2669 2675 2676
f 2676 2558 2549 2670
f 2672 2551 2559 2677
f 2673 2672 2677 2678
f 2674 2673 2678 2679
f 2689 2674 2679 2691
f 2676 2675 2680 2681
f 2681 2566 2558 2676
f 2682 2567 2566 2681
f 2684 2569 2568 2683
f 2677 2559 2569 2684
f 2678 2677 2684 2685
f 2679 2678 2685 2686
f 2122 1964 2579 2693
f 2114 2122 2694 2696
f 2696 2694 2695 2697
f 2116 2114 2696 2698
f 2698 2696 2697 2699
f 2124 2116 2698 2700
f 2700 2698 2699 2701
f 2117 2124 2702 2796
f 2693 2579 2589 2704
f 2694 2693 2704 2705
f 2695 2694 2705 2706
f 2708 2706 2705 2707
f 2697 2695 2706 2708
f 2699 2697 2708 2709
f 2711 2710 2700 2701
f 2701 2699 2709 2711
f 2703 2700 2710 2712
f 2712 2710 2711 2713
f 2796 2712 2713 2797
f 2715 2618 2617 2714
f 2704 2589 2618 2715
f 2705 2704 2715 2716
f 2707 2705 2716 2717
f 2708 2707 2717 2718
f 2720 2718 2717 2719
f 2709 2708 2718 2720
f 2711 2709 2720 2721
f 2713 2711 2721 2722
f 2797 2713 2722 2723
f 2725 2635 2534 2653
f 2726 2636 2635 2725
f 2727 2637 2636 2726
f 2714 2617 2637 2727
f 2715 2714 2727 2728
f 2730 2728 2727 2729
f 2716 2715 2728 2730
f 2717 2716 2730 2731
f 2719 2717 2731 2732
f 2720 2719 2732 2733
f 2734 2733 2732 2798
f 2721 2720 2733 2734
f 2722 2721 2734 2735
f 2723 2722 2735 2736
f 2724 2723 2736 2737
f 2725 2653 2662 2738
f 2726 2725 2738 2739
f 2727 2726 2739 2740
f 2741 2738 2662 2668
f 2742 2739 2738 2741
f 2743 2740 2739 2742
f 2729 2727 2740 2743
f 2730 2729 2743 2744
f 2746 2742 2741 2745
f 2747 2743 2742 2746
f 2748 2744 2743 2747
f 2731 2730 2744 2748
f 2750 2748 2747 2749
f 2732 2731 2748 2750
f 2798 2732 2750 2751
f 2734 2798 2751 2752
f 2754 2752 2751 2753
f 2735 2734 2752 2754
f 2736 2735 2754 2755
f 2737 2736 2755 2756
f 2741 2668 2674 2757
f 2758 2757 2674 2689
f 2745 2741 2757 2758
f 2746 2745 2758 2759
f 2747 2746 2759 2760
f 2762 2759 2758 2761
f 2763 2760 2759 2762
f 2749 2747 2760 2763
f 2750 2749 2763 2764
f 2765 2763 2762 2799
f 2766 2764 2763 2765
f 2751 2750 2764 2766
f 2753 2751 2766 2767
f 2754 2753 2767 2768
f 2769 2768 2767 2800
f 2755 2754 2768 2769
f 2756 2755 2769 2770
f 2758 2689 2691 2771
f 2761 2758 2771 2772
f 2762 2761 2772 2773
f 2799 2762 2773 2774
f 2765 2799 2774 2775
f 2766 2765 2775 2776
f 2778 2775 2774 2777
f 2779 2776 2775 2778
f 2767 2766 2776 2779
f 2781 2779 2778 2780
f 2800 2767 2779 2781
f 2769 2800 2781 2782
f 2784 2782 2781 2783
f 2770 2769 2782 2784
f 2772 2771 2785 2786
f 2773 2772 2786 2787
f 2774 2773 2787 2788
f 2777 2774 2788 2789
f 2778 2777 2789 2790
f 2780 2778 2790 2791
f 2781 2780 2791 2792
f 2794 2792 2791 2793
f 2783 2781 2792 2794
f 2784 2783 2794 2795
f 2246 2118 2796 2851
f 2255 2253 2851 2852
f 2852 2851 2838 2839
f 2851 2796 2797 2837
f 2837 2797 2724 2801
f 2838 2837 2802 2804
f 2804 2802 2803 2805
f 2806 2804 2805 2807
f 2839 2838 2806 2808
f 2808 2806 2807 2809
f 2840 2839 2810 2841
f 2801 2724 2737 2811
f 2802 2801 2811 2812
f 2803 2802 2812 2813
f 2805 2803 2813 2814
f 2807 2805 2814 2815
f 2809 2807 2815 2816
f 2810 2809 2816 2817
f 2811 2737 2756 2818
f 2812 2811 2818 2820
f 2820 2818 2819 2821
f 2813 2812 2820 2821
f 2814 2813 2821 2843
f 2816 2815 2843 2844
f 2841 2817 2844 2846
f 2846 2844 2845 2847
f 2842 2841 2846 2847
f 2818 2756 2770 2822
f 2819 2818 2822 2823
f 2825 2823 2822 2824
f 2821 2819 2823 2825
f 2822 2770 2784 2826
f 2824 2822 2826 2827
f 2825 2824 2827 2828
f 2843 2825 2828 2829
f 2844 2843 2830 2848
f 2845 2844 2848 2849
f 2847 2845 2849 2850
f 2831 2795 2794 2853
f 2826 2784 2795 2831
f 2827 2826 2831 2832
f 2828 2827 2832 2833
f 2835 2833 2832 2834
f 2829 2828 2833 2835
f 2830 2829 2835 2836
f 2564 2563 2854 2855
f 2856 2854 2563 2567
f 2857 2855 2854 2856
f 2568 2564 2855 2857
f 2861 2858 2859 2862
f 2862 2859 2860 2863
f 2867 2864 2865 2868
f 2859 2858 2867 2868
f 2860 2859 2868 2869
f 2870 2866 2867 2871
f 2871 2867 2858 2861
f 2863 2860 2869 2872
f 2865 2864 2874 2875
f 2867 2866 2877 2878
f 2878 2874 2864 2867
f 2868 2865 2875 2879
f 2879 2875 2876 2880
f 2869 2868 2879 2880
f 2882 2877 2866 2870
f 2872 2869 2880 2883
f 2883 2880 2881 2884
f 2873 2872 2883 2884
f 2875 2874 2902 2885
f 2876 2875 2885 2886
f 2878 2877 2887 2888
f 2888 2902 2874 2878
f 2889 2885 2902 2888
f 2890 2886 2885 2889
f 2880 2876 2886 2890
f 2881 2880 2890 2891
f 2892 2887 2877 2882
f 2893 2888 2887 2892
f 2895 2891 2890 2894
f 2884 2881 2891 2895
f 2889 2888 2896 2897
f 2890 2889 2897 2898
f 2899 2896 2888 2893
f 2900 2897 2896 2899
f 2901 2898 2897 2900
f 2894 2890 2898 2901
f 2690 1065 1274 2987
f 2680 2690 2987 2903
f 2681 2680 2903 2904
f 2682 2681 2904 2905
f 2905 2856 2567 2682
f 2906 2857 2856 2905
f 2683 2568 2857 2906
f 2684 2683 2906 2907
f 2909 2907 2906 2908
f 2685 2684 2907 2909
f 2686 2685 2909 2910
f 2691 2686 2910 2988
f 2904 2903 2911 2912
f 2912 2861 2862 2913
f 2905 2904 2912 2913
f 2913 2862 2863 2914
f 2906 2905 2913 2914
f 2908 2906 2914 2915
f 2909 2908 2915 2916
f 2910 2909 2916 2917
f 2987 1274 1225 2918
f 2911 2987 2919 2920
f 2920 2870 2871 2921
f 2912 2911 2920 2921
f 2921 2871 2861 2912
f 2914 2863 2872 2922
f 2922 2872 2873 2923
f 2915 2914 2922 2924
f 2924 2922 2923 2925
f 2916 2915 2924 2925
f 2917 2916 2925 2926
f 2988 2917 2926 2927
f 2918 1225 1232 2928
f 2919 2918 2928 2929
f 2920 2919 2929 2930
f 2930 2882 2870 2920
f 2923 2873 2884 2931
f 2932 2928 1232 1235
f 2925 2923 2931 2933
f 2926 2925 2933 2934
f 2936 2934 2933 2935
f 2927 2926 2934 2936
f 2929 2928 2938 2939
f 2930 2929 2939 2940
f 2940 2892 2882 2930
f 2941 2893 2892 2940
f 2943 2895 2894 2942
f 2931 2884 2895 2943
f 2932 1235 1246 2944
f 2944 2938 2928 2932
f 2945 2939 2938 2944
f 2947 2943 2942 2946
f 2933 2931 2943 2947
f 2935 2933 2947 2948
f 2936 2935 2948 2949
f 2937 2936 2949 2950
f 2940 2939 2951 2952
f 2941 2940 2952 2953
f 2953 2899 2893 2941
f 2954 2900 2899 2953
f 2955 2901 2900 2954
f 2942 2894 2901 2955
f 2944 1246 1257 2956
f 2945 2944 2956 2957
f 2957 2951 2939 2945
f 2958 2952 2951 2957
f 2959 2953 2952 2958
f 2961 2955 2954 2960
f 2946 2942 2955 2961
f 2947 2946 2961 2962
f 2963 2962 2961 2989
f 2948 2947 2962 2963
f 2949 2948 2963 2964
f 2950 2949 2964 2965
f 2954 2953 2966 2967
f 2956 1257 1279 2990
f 2958 2957 2990 2968
f 2959 2958 2968 2969
f 2969 2966 2953 2959
f 2970 2967 2966 2969
f 2960 2954 2967 2970
f 2961 2960 2970 2971
f 2973 2971 2970 2972
f 2989 2961 2971 2973
f 2963 2989 2973 2974
f 2964 2963 2974 2975
f 2977 2975 2974 2976
f 2965 2964 2975 2977
f 2969 2968 2978 2979
f 2970 2969 2979 2980
f 2991 2990 1279 1281
f 2992 2978 2990 2991
f 2981 2980 2979 2992
f 2972 2970 2980 2981
f 2973 2972 2981 2982
f 2974 2973 2982 2983
f 2985 2983 2982 2984
f 2976 2974 2983 2985
f 2977 2976 2985 2986
f 2785 2691 2988 3028
f 2788 2787 3028 2993
f 2789 2788 2993 2994
f 2790 2789 2994 3020
f 2791 2790 3020 2995
f 2793 2791 2995 2996
f 2794 2793 2996 2997
f 2994 2993 2998 2999
f 2996 2995 3000 3001
f 2999 2998 3002 3003
f 3020 2999 3003 3021
f 3000 3020 3021 3023
f 3003 3002 3005 3006
f 3023 3021 3006 3022
f 3028 2937 2950 3029
f 3004 3028 3029 3007
f 3005 3004 3007 3008
f 3006 3005 3008 3009
f 3022 3006 3009 3024
f 3023 3022 3024 3025
f 3008 3007 3010 3011
f 3009 3008 3011 3012
f 3011 3010 3013 3014
f 3012 3011 3014 3015
f 3024 3012 3015 3026
f 3025 3024 3026 3027
f 3014 3013 3016 3017
f 3019 3017 3016 3018
f 3015 3014 3017 3019
f 3031 2997 2996 3030
f 2853 2794 2997 3031
f 2831 2853 3031 3113
f 3033 3113 3032 3114
f 2834 2832 3113 3033
f 2835 2834 3033 3034
f 3036 3034 3033 3035
f 2836 2835 3034 3036
f 2848 2836 3036 3037
f 2849 2848 3038 3115
f 3117 3115 3038 3116
f 2850 2849 3115 3117
f 3030 2996 3001 3039
f 3031 3030 3039 3040
f 3042 3040 3039 3041
f 3032 3031 3040 3042
f 3035 3033 3043 3044
f 3036 3035 3044 3045
f 3047 3045 3044 3046
f 3037 3036 3045 3047
f 3038 3037 3047 3048
f 3039 3001 3023 3049
f 3041 3039 3049 3050
f 3042 3041 3050 3051
f 3053 3051 3050 3052
f 3114 3042 3051 3053
f 3043 3114 3053 3118
f 3046 3044 3118 3119
f 3116 3048 3119 3120
f 3117 3116 3120 3055
f 3050 3049 3057 3058
f 3052 3050 3058 3059
f 3053 3052 3059 3060
f 3054 3053 3060 3061
f 3119 3118 3061 3126
f 3056 3055 3062 3063
f 3057 3023 3025 3121
f 3059 3058 3121 3064
f 3060 3059 3064 3065
f 3061 3060 3065 3066
f 3126 3061 3066 3127
f 3127 3066 3067 3068
f 3119 3126 3127 3068
f 3120 3119 3070 3071
f 3063 3120 3072 3073
f 3065 3064 3074 3075
f 3066 3065 3075 3076
f 3067 3066 3076 3077
f 3068 3067 3077 3078
f 3069 3068 3078 3080
f 3080 3078 3079 3081
f 3070 3069 3080 3081
f 3071 3070 3081 3082
f 3072 3071 3082 3084
f 3084 3082 3083 3085
f 3073 3072 3084 3085
f 3121 3025 3027 3086
f 3074 3121 3087 3089
f 3089 3087 3088 3090
f 3075 3074 3089 3090
f 3076 3075 3090 3092
f 3092 3090 3091 3093
f 3077 3076 3092 3093
f 3078 3077 3093 3095
f 3095 3093 3094 3096
f 3079 3078 3095 3096
f 3081 3079 3096 3098
f 3098 3096 3097 3099
f 3082 3081 3098 3124
f 3124 3098 3099 3125
f 3083 3082 3124 3125
f 3087 3086 3100 3102
f 3102 3100 3101 3103
f 3088 3087 3102 3103
f 3090 3088 3103 3104
f 3104 3103 3122 3105
f 3091 3090 3104 3105
f 3093 3091 3105 3107
f 3107 3105 3106 3108
f 3094 3093 3107 3108
f 3096 3094 3108 3109
f 3109 3108 3123 3110
f 3097 3096 3109 3110
f 3099 3097 3110 3111
f 2991 1281 1446 3158
f 2992 2991 3158 3128
f 2981 2992 3129 3130
f 2982 2981 3130 3131
f 2984 2982 3131 3133
f 3133 3131 3132 3134
f 2985 2984 3133 3134
f 2986 2985 3134 3135
f 3129 3128 3136 3137
f 3130 3129 3137 3138
f 3131 3130 3138 3139
f 3132 3131 3139 3140
f 3134 3132 3140 3142
f 3142 3140 3141 3143
f 3135 3134 3142 3143
f 1483 1480 3159 3162
f 3158 1457 1483 3162
f 3162 3159 3160 3163
f 3136 3158 3162 3163
f 3138 3137 3163 3164
f 3140 3139 3164 3144
f 3141 3140 3144 3145
f 3143 3141 3145 3146
f 3163 3160 3161 3164
f 3145 3144 3147 3148
f 3146 3145 3148 3149
f 3159 1480 1487 3169
f 3161 3160 3169 3165
f 3164 3161 3165 3166
f 3166 3165 3150 3152
f 3147 3164 3166 3152
f 3152 3150 3151 3153
f 3148 3147 3152 3153
f 3149 3148 3153 3154
f 3151 3150 3155 3156
f 3153 3151 3156 3157
f 3155 3165 3167 3168
f 3029 2986 3135 3170
f 3016 3029 3170 3171
f 3018 3016 3171 3172
f 3019 3018 3172 3173
f 3026 3019 3173 3174
f 3176 3174 3175 3177
f 3027 3026 3176 3177
f 3170 3135 3143 3179
f 3171 3170 3179 3180
f 3172 3171 3180 3181
f 3173 3172 3181 3182
f 3174 3173 3182 3183
f 3175 3174 3183 3184
f 3177 3175 3184 3186
f 3186 3184 3185 3187
f 3178 3177 3186 3187
f 3179 3143 3146 3188
f 3180 3179 3188 3189
f 3181 3180 3189 3191
f 3191 3189 3190 3192
f 3182 3181 3191 3192
f 3183 3182 3192 3243
f 3243 3192 3193 3194
f 3184 3183 3243 3194
f 3185 3184 3194 3195
f 3187 3185 3195 3196
f 3242 3187 3196 3244
f 3188 3146 3149 3197
f 3189 3188 3197 3198
f 3190 3189 3198 3199
f 3192 3190 3199 3200
f 3193 3192 3200 3201
f 3194 3193 3201 3203
f 3203 3201 3202 3204
f 3195 3194 3203 3204
f 3154 3153 3205 3206
f 3197 3149 3154 3206
f 3198 3197 3206 3247
f 3201 3200 3247 3209
f 3202 3201 3209 3210
f 3204 3202 3210 3249
f 3249 3210 3248 3250
f 3244 3204 3249 3250
f 3245 3244 3250 3212
f 3157 3156 3246 3214
f 3205 3153 3157 3214
f 3206 3205 3214 3215
f 3207 3206 3215 3216
f 3209 3208 3217 3219
f 3219 3217 3218 3220
f 3210 3209 3219 3220
f 3212 3211 3221 3222
f 3213 3212 3222 3223
f 3246 3156 3168 3251
f 3214 3246 3251 3224
f 3215 3214 3224 3226
f 3226 3224 3225 3227
f 3216 3215 3226 3227
f 3247 3216 3227 3253
f 3217 3247 3253 3228
f 3218 3217 3228 3229
f 3220 3218 3229 3230
f 3248 3220 3230 3254
f 3250 3248 3254 3255
f 3221 3250 3255 3231
f 3222 3221 3231 3232
f 3223 3222 3232 3233
f 3225 3224 3234 3235
f 3227 3225 3235 3236
f 3253 3236 3252 3237
f 3229 3228 3237 3238
f 3232 3231 3239 3240
f 3233 3232 3240 3241
f 3100 3027 3177 3256
f 3256 3177 3178 3257
f 3101 3100 3256 3257
f 3103 3101 3257 3258
f 3122 3103 3258 3265
f 3106 3122 3265 3267
f 3267 3265 3266 3268
f 3123 3108 3267 3268
f 3110 3123 3268 3269
f 3125 3112 3269 3270
f 3257 3178 3187 3259
f 3259 3187 3242 3265
f 3265 3242 3244 3271
f 3266 3265 3271 3272
f 3268 3266 3272 3260
f 3269 3268 3262 3273
f 3271 3244 3245 3272
f 3262 3261 3263 3264
f 3272 3245 3212 3274
f 3263 3272 3274 3275
f 3274 3223 3233 3276
f 3270 3269 3291 3277
f 3278 3277 3279 3280
f 3273 3262 3300 3281
f 3291 3269 3273 3281
f 3279 3291 3282 3292
f 3282 3281 3283 3284
f 3275 3274 3293 3294
f 3300 3263 3275 3294
f 3283 3300 3294 3285
f 3284 3283 3285 3287
f 3287 3285 3286 3288
f 3292 3284 3287 3295
f 3288 3286 3289 3290
f 3293 3274 3276 3296
f 3294 3293 3296 3297
f 3289 3294 3297 3298
f 3295 3290 3298 3299
f 3169 1487 1596 3307
f 3167 3169 3307 3308
f 3307 1596 1598 3309
f 3308 3307 3309 3301
f 3302 3301 3304 3305
f 3303 3302 3305 3306
f 3251 3168 3308 3349
f 3234 3251 3349 3310
f 3235 3234 3310 3311
f 3236 3235 3311 3312
f 3252 3236 3312 3350
f 3237 3252 3350 3351
f 3254 3238 3351 3352
f 3255 3254 3352 3354
f 3239 3255 3354 3355
f 3311 3310 3313 3314
f 3312 3311 3314 3315
f 3354 3352 3353 3355
f 3313 3349 3356 3316
f 3314 3313 3316 3317
f 3315 3314 3317 3318
f 3350 3315 3318 3319
f 3351 3350 3319 3321
f 3321 3319 3320 3322
f 3352 3351 3322 3357
f 3353 3352 3357 3358
f 3355 3353 3358 3360
f 3317 3316 3323 3324
f 3318 3317 3324 3325
f 3319 3318 3325 3326
f 3320 3319 3326 3327
f 3329 3327 3326 3328
f 3322 3320 3327 3329
f 3360 3358 3357 3359
f 3356 3308 3302 3361
f 3323 3356 3361 3330
f 3324 3323 3330 3331
f 3325 3324 3331 3332
f 3326 3325 3332 3362
f 3328 3326 3362 3363
f 3357 3329 3363 3364
f 3359 3357 3364 3365
f 3360 3359 3365 3366
f 3333 3361 3302 3303
f 3331 3330 3333 3334
f 3332 3331 3334 3335
f 3333 3303 3306 3336
f 3334 3333 3336 3337
f 3339 3337 3336 3338
f 3335 3334 3337 3339
f 3362 3335 3339 3367
f 3369 3367 3339 3368
f 3363 3362 3367 3369
f 3364 3363 3369 3370
f 3365 3364 3370 3341
f 3366 3365 3341 3371
f 3338 3336 3343 3344
f 3339 3338 3344 3345
f 3341 3340 3346 3347
f 3342 3341 3347 3348
f 3276 3241 3355 3375
f 3375 3360 3366 3372
f 3372 3366 3371 3373
f 3296 3276 3375 3380
f 3297 3296 3380 3381
f 3298 3297 3381 3382
f 3299 3298 3382 3383
f 3381 3380 3384 3385
f 3382 3381 3385 3386
f 3383 3382 3386 3376
f 3377 3376 3378 3379
f 3384 3375 3372 3387
f 3385 3384 3387 3388
f 3386 3385 3388 3389
f 3378 3386 3389 3390
f 3387 3372 3373 3391
f 3392 3391 3373 3374
f 3388 3387 3391 3392
f 3389 3388 3392 3393
f 3390 3389 3393 3394
f 3309 1598 1679 3415
f 3304 3309 3415 3407
f 3305 3304 3407 3408
f 3410 3408 3407 3409
f 3306 3305 3408 3410
f 3410 3409 3411 3412
f 3415 1679 1681 3417
f 3411 3415 3417 3418
f 3416 3412 3418 3396
f 3396 3395 3397 3398
f 3398 3397 3400 3401
f 3399 3398 3401 3402
f 3401 3400 3403 3404
f 3406 3404 3403 3405
f 3402 3401 3404 3406
f 3343 3306 3410 3419
f 3344 3343 3419 3420
f 3345 3344 3420 3421
f 3368 3345 3421 3439
f 3369 3368 3439 3440
f 3370 3369 3440 3441
f 3346 3370 3441 3422
f 3347 3346 3422 3423
f 3348 3347 3423 3424
f 3371 3348 3424 3443
f 3420 3419 3425 3426
f 3421 3420 3426 3427
f 3428 3441 3440 3442
f 3423 3422 3428 3429
f 3431 3429 3428 3430
f 3424 3423 3429 3431
f 3426 3410 3412 3444
f 3439 3426 3444 3445
f 3440 3439 3445 3446
f 3442 3440 3446 3447
f 3428 3442 3447 3448
f 3445 3444 3412 3416
f 3445 3416 3396 3449
f 3446 3445 3449 3450
f 3432 3450 3449 3451
f 3447 3446 3450 3432
f 3435 3433 3432 3434
f 3448 3447 3435 3455
f 3434 3432 3436 3437
f 3435 3434 3437 3438
f 3449 3399 3402 3452
f 3451 3449 3452 3453
f 3436 3451 3453 3454
f 3453 3452 3406 3414
f 3457 3443 3424 3456
f 3373 3371 3443 3457
f 3374 3373 3457 3458
f 3456 3431 3448 3461
f 3457 3456 3461 3462
f 3458 3457 3462 3464
f 3459 3458 3464 3465
f 3460 3459 3465 3466
f 3464 3462 3461 3463
f 3468 3455 3435 3467
f 3461 3448 3455 3468
f 3463 3461 3468 3469
f 3464 3463 3469 3470
f 3465 3464 3470 3472
f 3466 3465 3472 3473
f 3472 3470 3469 3471
f 3467 3438 3454 3474
f 3468 3467 3474 3475
f 3469 3468 3475 3477
f 3471 3469 3477 3478
f 3472 3471 3478 3479
f 3481 3479 3478 3480
f 3473 3472 3479 3481
f 3477 3475 3474 3476
f 3392 3374 3458 3482
f 3483 3482 3458 3459
f 3393 3392 3482 3483
f 3487 3485 3486 3488
f 3489 3487 3488 3490
f 3491 3489 3490 3492
f 3500 3498 3499 3501
f 3502 3500 3501 3493
f 3486 3485 3493 3494
f 3495 3493 3485 3487
f 3503 3502 3495 3496
f 3496 3495 3487 3489
f 3497 3496 3489 3491
f 3504 436 437 3505
f 3505 437 417 3499
f 3499 3498 3504 3505
f 3506 3504 3498 3500
f 3507 3506 3500 3502
f 3508 3507 3502 3503
f 3509 469 470 3510
f 3510 470 471 3511
f 3511 471 108 3484
f 3512 3510 3511 3513
f 3514 3512 3513 3515
f 3516 3514 3515 3517
f 3522 481 469 3509
f 3523 3522 3509 3510
f 3524 3522 3523 3525
f 3525 3523 3510 3512
f 3583 3524 3525 3526
f 3526 3525 3512 3514
f 3527 3526 3514 3516
f 3528 3527 3516 3517
f 3529 3527 3528 3530
f 3530 3528 3517 3518
f 3531 3529 3530 3532
f 3532 3530 3518 3519
f 3533 3531 3532 3534
f 3535 3533 3534 3536
f 3536 3534 3520 3521
f 3537 496 497 3538
f 3538 497 481 3522
f 3539 3538 3522 3524
f 3540 3539 3524 3583
f 3587 3540 3583 3526
f 3542 3541 3587 3589
f 3589 3587 3527 3529
f 3591 3589 3531 3533
f 3584 504 527 3585
f 3585 527 505 3543
f 3543 505 496 3537
f 3544 3543 3537 3538
f 3545 3543 3544 3546
f 3546 3544 3538 3539
f 3586 3585 3545 3547
f 3547 3545 3546 3548
f 3548 3546 3539 3540
f 3549 3547 3548 3550
f 3550 3548 3540 3541
f 3551 3586 3549 3552
f 3552 3549 3550 3553
f 3553 3550 3541 3542
f 3555 3551 3552 3556
f 3556 3552 3553 3557
f 3590 3588 3554 3558
f 3559 3555 3556 3560
f 3560 3556 3557 3561
f 3561 3557 3589 3591
f 3562 3558 3559 3563
f 3563 3559 3560 3564
f 3564 3560 3561 3565
f 3566 514 515 3567
f 3567 515 504 3584
f 3568 3566 3567 3569
f 3592 3569 3584 3585
f 3570 3568 3569 3571
f 3571 3569 3592 3593
f 3593 3592 3585 3586
f 3572 3570 3571 3573
f 3486 3501 3572 3594
f 3594 3573 3593 3574
f 3575 3593 3586 3551
f 3554 3588 3594 3576
f 3576 3574 3575 3577
f 3577 3575 3551 3555
f 3490 3488 3594 3595
f 3595 3594 3588 3590
f 3558 3554 3576 3578
f 3578 3576 3577 3579
f 3559 3558 3578 3579
f 3579 3577 3555 3559
f 3499 418 521 3580
f 3580 521 514 3566
f 3581 3580 3566 3568
f 3501 3499 3581 3582
f 3582 3581 3568 3570
f 3596 3491 3492 3597
f 3598 3596 3597 3599
f 3600 3598 3599 3601
f 3601 3599 3609 3610
f 3602 3600 3601 3603
f 3611 3503 3497 3604
f 3604 3497 3491 3596
f 3605 3604 3596 3598
f 3612 3611 3605 3606
f 3606 3605 3598 3600
f 3607 3606 3600 3602
f 3608 3607 3602 3603
f 3615 3508 3503 3611
f 3616 3615 3611 3612
f 3617 3616 3612 3606
f 3618 3616 3617 3619
f 3619 3617 3607 3613
f 3620 3618 3619 3621
f 3621 3619 3613 3614
f 3624 3622 3623 3625
f 3626 3624 3625 3627
f 3628 3626 3627 3629
f 3630 3628 3629 3631
f 3632 3630 3631 3633
f 3634 3632 3633 3635
f 3636 3634 3635 3637
f 3638 3535 3536 3639
f 3623 3622 3638 3639
f 3639 3536 3521 3623
f 3640 3638 3622 3624
f 3641 3640 3624 3626
f 3642 3641 3626 3628
f 3693 3692 3642 3643
f 3643 3642 3628 3630
f 3644 3643 3630 3632
f 3694 3693 3644 3645
f 3645 3644 3632 3634
f 3646 3645 3634 3636
f 3696 3591 3535 3638
f 3647 3696 3640 3641
f 3642 3692 3649 3650
f 3650 3647 3641 3642
f 3698 3697 3648 3651
f 3652 3649 3692 3693
f 3653 3650 3649 3652
f 3655 3651 3652 3656
f 3657 3654 3698 3699
f 3699 3698 3655 3658
f 3658 3655 3656 3659
f 3659 3656 3693 3694
f 3661 3658 3659 3662
f 3695 3590 3562 3663
f 3663 3562 3563 3664
f 3664 3563 3564 3665
f 3665 3564 3565 3666
f 3666 3565 3591 3696
f 3667 3663 3664 3668
f 3668 3664 3665 3669
f 3669 3665 3666 3670
f 3610 3609 3695 3671
f 3672 3695 3667 3697
f 3697 3668 3669 3673
f 3673 3669 3670 3674
f 3674 3670 3696 3675
f 3676 3671 3672 3677
f 3678 3673 3674 3679
f 3679 3674 3675 3680
f 3680 3675 3647 3650
f 3681 3676 3677 3682
f 3682 3677 3697 3698
f 3651 3648 3678 3683
f 3683 3678 3679 3684
f 3652 3651 3683 3684
f 3684 3679 3680 3685
f 3653 3652 3684 3685
f 3685 3680 3650 3653
f 3686 3681 3682 3687
f 3688 3686 3687 3689
f 3689 3687 3654 3657
f 3690 3688 3689 3691
f 3691 3689 3657 3660
f 3597 3492 3595 3700
f 3695 3609 3597 3700
f 3700 3595 3590 3695
f 3701 3603 3610 3676
f 3613 3603 3701 3702
f 3702 3701 3676 3681
f 3717 3621 3614 3714
f 3704 3717 3714 3715
f 3705 3703 3704 3706
f 3716 3620 3621 3717
f 3718 3716 3717 3708
f 3709 3708 3703 3705
f 3710 3709 3705 3706
f 3711 3709 3710 3712
f 3712 3710 3706 3707
f 3719 3636 3637 3720
f 3721 3719 3720 3722
f 3723 3721 3722 3724
f 3725 3723 3724 3726
f 3823 3694 3646 3728
f 3728 3646 3636 3719
f 3729 3728 3719 3721
f 3730 3823 3729 3731
f 3731 3729 3721 3723
f 3733 3730 3731 3734
f 3734 3731 3723 3725
f 3735 3734 3725 3726
f 3824 3733 3734 3736
f 3736 3734 3735 3737
f 3737 3735 3726 3727
f 3738 3736 3737 3739
f 3740 3660 3699 3741
f 3742 3699 3661 3743
f 3743 3661 3662 3744
f 3744 3662 3694 3823
f 3745 3740 3741 3746
f 3746 3741 3742 3747
f 3747 3742 3743 3748
f 3748 3743 3744 3749
f 3750 3746 3747 3751
f 3751 3747 3748 3827
f 3827 3749 3823 3730
f 3752 3750 3751 3753
f 3754 3753 3827 3755
f 3755 3827 3732 3824
f 3757 3756 3824 3736
f 3758 3755 3756 3759
f 3759 3756 3757 3760
f 3760 3757 3736 3738
f 3761 3760 3738 3739
f 3762 3760 3761 3763
f 3763 3761 3739 3825
f 3764 3762 3763 3765
f 3766 3690 3691 3767
f 3767 3691 3660 3740
f 3768 3766 3767 3769
f 3769 3767 3740 3745
f 3770 3769 3745 3746
f 3826 3769 3770 3771
f 3771 3770 3746 3750
f 3772 3771 3750 3752
f 3773 3772 3752 3753
f 3774 3772 3773 3775
f 3775 3773 3753 3754
f 3776 3775 3754 3755
f 3777 3775 3776 3778
f 3778 3776 3755 3758
f 3779 3778 3758 3759
f 3780 3779 3759 3760
f 3781 3779 3780 3782
f 3782 3780 3760 3762
f 3783 3781 3782 3784
f 3784 3782 3762 3764
f 3785 3784 3764 3765
f 3714 3614 3702 3828
f 3828 3702 3690 3766
f 3829 3828 3769 3826
f 3830 3829 3826 3772
f 3831 3829 3830 3786
f 3786 3830 3772 3774
f 3787 3786 3774 3775
f 3788 3786 3787 3789
f 3789 3787 3775 3777
f 3832 3789 3777 3778
f 3790 3789 3832 3791
f 3792 3832 3779 3781
f 3793 3792 3781 3783
f 3834 3793 3783 3784
f 3715 3714 3828 3829
f 3795 3794 3788 3789
f 3833 3831 3794 3796
f 3796 3794 3795 3797
f 3797 3795 3789 3790
f 3798 3797 3790 3791
f 3799 3798 3791 3792
f 3800 3797 3798 3801
f 3801 3798 3799 3802
f 3802 3799 3792 3793
f 3835 3706 3715 3829
f 3707 3706 3835 3803
f 3803 3835 3829 3831
f 3806 3804 3805 3807
f 3807 3805 3831 3833
f 3808 3807 3833 3796
f 3809 3808 3796 3797
f 3810 3808 3809 3811
f 3811 3809 3797 3800
f 3812 3811 3800 3801
f 3813 3812 3801 3802
f 3814 3712 3707 3803
f 3713 3712 3814 3815
f 3815 3814 3803 3804
f 3816 3815 3804 3806
f 3817 3816 3806 3807
f 3818 3817 3807 3808
f 3819 3818 3808 3810
f 3820 3819 3810 3811
f 3821 3820 3811 3812
f 3822 3821 3812 3813
f 3836 3784 3785 3837
f 3838 3834 3784 3836
f 3839 3838 3836 3837
f 3852 3802 3834 3840
f 3841 3840 3838 3839
f 3842 3840 3841 3843
f 3844 3813 3802 3852
f 3845 3844 3852 3840
f 3846 3845 3840 3842
f 3847 3846 3842 3843
f 3848 3822 3813 3844
f 3849 3848 3844 3845
f 3850 3849 3845 3846
f 3851 3850 3846 3847
f 3853 1098 1111 3868
f 3868 1111 452 3504
f 3855 3854 3868 3869
f 3869 3868 3506 3507
f 3858 1077 1098 3853
f 3859 3858 3853 3854
f 3860 3859 3854 3855
f 3861 3860 3855 3856
f 3857 1099 1087 3858
f 3862 1104 1099 3857
f 3863 3862 3857 3858
f 3864 3862 3863 3865
f 3865 3863 3858 3859
f 3870 3865 3859 3860
f 3866 1109 1104 3862
f 3867 3866 3862 3864
f 3883 3856 3869 3896
f 3896 3869 3508 3615
f 3897 3896 3616 3618
f 3885 3884 3896 3897
f 3886 3861 3856 3883
f 3887 3886 3883 3884
f 3888 3887 3884 3885
f 3874 3873 3871 3872
f 3889 3870 3861 3886
f 3890 3889 3886 3887
f 3891 3890 3887 3888
f 3892 3891 3888 3873
f 3875 3894 3889 3890
f 3877 3876 3890 3891
f 3895 3878 3891 3892
f 3880 3879 3875 3876
f 3881 3880 3876 3877
f 3882 3881 3877 3878
f 3899 3897 3620 3716
f 3937 3900 3716 3718
f 3901 3937 3718 3708
f 3902 3901 3708 3709
f 3938 3902 3709 3711
f 3904 3903 3898 3899
f 3905 3903 3904 3906
f 3906 3904 3899 3900
f 3949 3872 3897 3908
f 3909 3908 3903 3905
f 3910 3909 3905 3906
f 3911 3909 3910 3912
f 3912 3910 3906 3937
f 3940 3913 3937 3907
f 3914 3940 3907 3938
f 3942 3916 3938 3939
f 3918 3917 3908 3909
f 3919 3918 3909 3911
f 3920 3919 3911 3912
f 3921 3920 3912 3913
f 3941 3921 3940 3922
f 3923 3922 3914 3915
f 3924 3923 3915 3916
f 3950 3892 3874 3949
f 3943 3950 3949 3917
f 3944 3943 3918 3919
f 3945 3944 3921 3941
f 3925 3945 3941 3922
f 3926 3925 3922 3923
f 3927 3926 3923 3924
f 3929 3928 3925 3926
f 3930 3929 3926 3927
f 3947 3946 3943 3944
f 3948 3947 3944 3945
f 3931 3948 3945 3928
f 3932 3931 3928 3929
f 3933 3932 3929 3930
f 3935 3934 3931 3932
f 3936 3935 3932 3933
f 3962 3938 3713 3815
f 3951 3962 3815 3816
f 3952 3951 3816 3817
f 3953 3952 3817 3818
f 3954 3952 3953 3955
f 3955 3953 3818 3819
f 3956 3955 3819 3820
f 3972 3956 3820 3821
f 3939 3938 3962 3957
f 3958 3957 3951 3952
f 3959 3958 3952 3954
f 3960 3959 3954 3955
f 3961 3960 3955 3956
f 3964 3963 3916 3942
f 3964 3942 3939 3957
f 3965 3964 3959 3960
f 3966 3927 3924 3963
f 3967 3966 3963 3964
f 3968 3967 3964 3965
f 3973 3968 3965 3972
f 3969 3933 3930 3966
f 3970 3969 3966 3967
f 3971 3970 3967 3968
f 3987 3972 3822 3848
f 3974 3987 3848 3849
f 3975 3974 3849 3850
f 3976 3975 3850 3851
f 3979 3977 3974 3975
f 3980 3978 3977 3979
f 3980 3979 3975 3976
f 3981 3988 3987 3977
f 3982 3981 3977 3978
f 3983 3982 3978 3980
f 3985 3984 3981 3982
f 3986 3985 3982 3983
f 3989 3973 3972 3988
f 4028 1355 1109 3866
f 4029 4028 3866 3867
f 4030 4029 3867 3870
f 3991 1308 1355 4028
f 3993 3991 3990 3992
f 4033 3992 4028 4029
f 3994 4033 4029 4030
f 4034 3996 4030 4031
f 4035 4034 4031 4032
f 3997 1315 1308 3991
f 3993 3992 3998 3999
f 3999 3997 3991 3993
f 4001 4000 3994 3995
f 4002 4001 3995 3996
f 4003 1324 1315 3997
f 4004 4003 3997 3999
f 4005 4004 3999 4033
f 4007 4006 4033 4001
f 4008 4007 4001 4002
f 4036 4008 4002 4034
f 4037 4036 4034 4035
f 4009 1336 1324 4003
f 4010 4009 4003 4004
f 4011 4010 4004 4005
f 4012 4011 4005 4006
f 4013 4012 4006 4007
f 4014 4013 4007 4008
f 4016 1365 1336 4009
f 4017 4015 4016 4018
f 4018 4016 4009 4010
f 4038 4018 4010 4011
f 4020 4038 4012 4013
f 4021 4019 4020 4022
f 4022 4020 4013 4014
f 4039 4022 4014 4036
f 4040 4039 4036 4037
f 4024 4023 4015 4017
f 4026 4025 4019 4021
f 4027 4026 4021 4022
f 4064 4031 3870 3893
f 4065 4032 4031 4064
f 4065 4064 3893 3894
f 4066 4065 3894 3879
f 4067 4066 3880 3881
f 4041 4067 3882 3895
f 4045 4044 4042 4043
f 4068 4035 4032 4065
f 4069 4068 4065 4066
f 4070 4069 4066 4067
f 4071 4070 4067 4044
f 4046 4037 4035 4068
f 4072 4048 4068 4069
f 4073 4072 4069 4070
f 4049 4073 4070 4071
f 4052 4051 4046 4047
f 4054 4053 4049 4050
f 4074 4039 4040 4075
f 4075 4040 4037 4051
f 4055 4075 4052 4072
f 4076 4057 4072 4073
f 4058 4076 4073 4053
f 4059 4058 4053 4054
f 4061 4060 4055 4056
f 4063 4062 4058 4059
f 4120 4043 3895 3950
f 4110 4120 3950 3946
f 4077 4110 3946 3947
f 4121 4079 3947 3948
f 4081 4080 4077 4078
f 4082 4081 4078 4079
f 4083 4111 4110 4080
f 4084 4083 4080 4081
f 4085 4084 4081 4082
f 4087 4086 4083 4084
f 4088 4087 4084 4085
f 4112 4050 4071 4120
f 4113 4112 4120 4111
f 4089 4113 4111 4086
f 4090 4089 4086 4087
f 4091 4090 4087 4088
f 4115 4091 4088 4121
f 4114 4112 4113 4092
f 4093 4092 4089 4090
f 4094 4093 4090 4091
f 4117 4059 4054 4112
f 4095 4117 4112 4114
f 4096 4095 4114 4092
f 4097 4096 4092 4093
f 4098 4097 4093 4094
f 4119 4098 4094 4115
f 4099 4119 4115 4116
f 4103 4118 4117 4102
f 4103 4102 4095 4096
f 4104 4103 4096 4097
f 4105 4104 4097 4098
f 4107 4106 4099 4100
f 4108 4106 4107 4109
f 4109 4107 4100 4101
f 4122 4121 3936 3969
f 4123 4122 3969 3970
f 4124 4123 3970 3971
f 4128 4124 3971 3973
f 4126 4125 4122 4123
f 4127 4126 4123 4124
f 4129 4116 4121 4125
f 4130 4129 4127 4128
f 4131 4128 3973 3989
f 4135 1513 1511 4139
f 4140 4136 4139 4133
f 4137 1517 1513 4135
f 4138 4137 4135 4136
f 4139 1489 1535 4145
f 4145 1535 1365 4023
f 4132 4139 4145 4141
f 4141 4145 4038 4025
f 4142 4141 4026 4039
f 4143 4133 4132 4141
f 4134 4133 4143 4144
f 4144 4143 4141 4142
f 4146 4140 4134 4144
f 4165 4142 4039 4074
f 4166 4165 4074 4075
f 4167 4165 4166 4168
f 4168 4166 4075 4060
f 4169 4168 4061 4076
f 4170 4169 4076 4062
f 4172 4144 4142 4165
f 4173 4172 4165 4167
f 4174 4173 4167 4168
f 4148 4174 4168 4169
f 4151 4149 4169 4170
f 4152 4150 4149 4151
f 4175 4153 4170 4171
f 4155 4154 4148 4149
f 4156 4155 4149 4150
f 4157 4156 4150 4152
f 4158 4157 4152 4153
f 4176 4146 4144 4172
f 4177 4176 4172 4173
f 4178 4177 4173 4174
f 4159 4178 4174 4154
f 4160 4159 4154 4155
f 4161 4160 4155 4156
f 4179 4161 4156 4157
f 4185 4179 4157 4175
f 4163 4162 4159 4160
f 4164 4163 4160 4161
f 4147 4140 4146 4180
f 4181 4180 4176 4177
f 4182 4181 4177 4178
f 4183 4182 4178 4162
f 4184 4183 4164 4179
f 4236 4170 4063 4117
f 4228 4236 4117 4118
f 4186 4228 4118 4103
f 4187 4186 4103 4104
f 4189 4187 4104 4119
f 4190 4188 4187 4189
f 4191 4190 4119 4106
f 4192 4191 4106 4108
f 4193 4192 4108 4109
f 4228 4171 4170 4236
f 4196 4194 4186 4187
f 4197 4195 4194 4196
f 4197 4196 4187 4188
f 4198 4197 4188 4190
f 4199 4198 4190 4191
f 4200 4199 4191 4192
f 4201 4200 4192 4193
f 4202 4175 4171 4228
f 4205 4203 4202 4204
f 4230 4204 4228 4194
f 4232 4230 4197 4198
f 4206 4231 4230 4232
f 4206 4232 4198 4199
f 4208 4206 4199 4200
f 4209 4207 4206 4208
f 4209 4208 4200 4201
f 4211 4210 4202 4203
f 4212 4211 4203 4205
f 4231 4229 4212 4230
f 4214 4213 4206 4207
f 4215 4214 4207 4209
f 4216 4185 4175 4211
f 4218 4216 4211 4212
f 4219 4217 4216 4218
f 4219 4218 4212 4229
f 4233 4219 4229 4231
f 4237 4233 4231 4213
f 4221 4220 4216 4217
f 4222 4221 4217 4219
f 4223 4234 4220 4221
f 4224 4223 4221 4222
f 4235 4224 4222 4233
f 4226 4225 4223 4224
f 4256 4193 4109 4129
f 4265 4258 4129 4130
f 4238 4209 4201 4256
f 4260 4239 4256 4257
f 4261 4259 4239 4260
f 4261 4260 4257 4258
f 4241 4240 4214 4215
f 4241 4215 4209 4238
f 4242 4241 4238 4239
f 4243 4237 4214 4240
f 4244 4243 4240 4241
f 4245 4244 4241 4242
f 4262 4245 4242 4259
f 4263 4262 4259 4261
f 4267 4263 4261 4265
f 4248 4246 4243 4244
f 4249 4247 4246 4248
f 4249 4248 4244 4245
f 4251 4250 4246 4247
f 4252 4251 4247 4249
f 4264 4252 4249 4262
f 4253 4266 4235 4237
f 4254 4253 4250 4251
f 4255 4254 4251 4252
f 4272 1612 1517 4137
f 4273 4272 4137 4138
f 4274 4273 4138 4140
f 4276 1603 1612 4272
f 4268 4276 4272 4273
f 4277 4269 4273 4274
f 4278 4277 4274 4275
f 4271 4270 4268 4269
f 4283 1618 1608 4276
f 4279 4283 4271 4277
f 4280 4279 4277 4278
f 4282 4281 4279 4280
f 4285 4275 4140 4147
f 4286 4285 4147 4180
f 4292 4287 4180 4181
f 4293 4292 4181 4182
f 4297 4293 4182 4183
f 4298 4297 4184 4185
f 4289 4284 4275 4285
f 4290 4289 4286 4287
f 4291 4290 4287 4288
f 4295 4294 4291 4292
f 4296 4295 4292 4293
f 4300 4299 4296 4297
f 4301 4300 4297 4298
f 4308 4298 4185 4234
f 4302 4308 4234 4225
f 4303 4302 4225 4226
f 4304 4303 4226 4227
f 4309 4304 4227 4235
f 4306 4305 4302 4303
f 4307 4306 4303 4304
f 4311 4310 4307 4309
f 4312 4301 4298 4310
f 4317 4309 4235 4266
f 4313 4317 4266 4253
f 4314 4313 4253 4254
f 4318 4314 4254 4264
f 4331 4318 4264 4267
f 4316 4315 4313 4314
f 4319 4311 4309 4317
f 4320 4319 4317 4315
f 4321 4320 4316 4318
f 4332 4312 4311 4319
f 4322 4332 4319 4320
f 4323 4322 4320 4321
f 4324 4323 4321 4331
f 4328 4327 4323 4324
f 4329 4328 4324 4325
f 4330 4329 4325 4326
f 4333 1683 1622 4283
f 4334 4333 4283 4281
f 4335 4334 4281 4284
f 4335 4351 4333 4334
f 4351 1700 1683 4333
f 4338 4337 4335 4336
f 4339 1704 1700 4351
f 4341 4340 4351 4337
f 4342 4341 4337 4338
f 4344 1709 1704 4339
f 4346 4344 4339 4340
f 4347 4346 4340 4341
f 4349 4347 4341 4342
f 4350 4348 4347 4349
f 4350 4349 4342 4343
f 4345 1710 1709 4344
f 4352 4336 4284 4299
f 4358 4354 4299 4300
f 4359 4358 4300 4301
f 4355 4338 4336 4352
f 4356 4355 4352 4353
f 4357 4356 4353 4354
f 4360 4342 4338 4355
f 4362 4360 4357 4358
f 4363 4361 4360 4362
f 4363 4362 4358 4359
f 4364 4359 4301 4312
f 4378 4364 4312 4332
f 4379 4378 4332 4327
f 4365 4379 4327 4328
f 4366 4365 4328 4329
f 4367 4366 4329 4330
f 4369 4368 4365 4366
f 4370 4369 4366 4367
f 4381 4380 4378 4379
f 4371 4381 4379 4368
f 4372 4371 4368 4369
f 4373 4372 4369 4370
f 4376 4374 4371 4372
f 4377 4375 4374 4376
f 4377 4376 4372 4373
f 3484 108 1824 4382
f 4383 3511 3484 4382
f 4382 1824 2133 4383
f 4383 2133 2134 4384
f 3513 3511 4383 4385
f 4385 4383 4384 4386
f 3515 3513 4385 4387
f 3517 3515 4387 4388
f 3518 3517 4388 4389
f 3519 3518 4389 4390
f 3521 3520 4391 4392
f 4384 2134 2142 4393
f 4395 4394 4385 4386
f 4386 4384 4393 4395
f 4387 4385 4394 4396
f 4396 4394 4395 4397
f 4388 4387 4396 4398
f 4398 4396 4397 4399
f 4389 4388 4398 4400
f 4400 4398 4399 4401
f 4402 3532 3519 4390
f 4390 4389 4400 4402
f 4402 4400 4401 4403
f 3534 3532 4402 4404
f 4391 3520 3534 4404
f 4404 4402 4403 4405
f 4392 4391 4404 4406
f 4406 4404 4405 4407
f 4393 2142 2214 4408
f 4408 2214 2171 4409
f 4409 2171 2172 4410
f 4395 4393 4408 4411
f 4411 4408 4409 4412
f 4397 4395 4411 4464
f 4401 4399 4464 4413
f 4403 4401 4413 4414
f 4405 4403 4414 4415
f 4407 4405 4415 4416
f 4418 4417 4409 4410
f 4410 2172 2185 4418
f 4418 2185 2186 4462
f 4462 2187 2215 4463
f 4420 4419 4411 4412
f 4412 4409 4417 4420
f 4420 4417 4418 4421
f 4464 4419 4420 4422
f 4422 4420 4421 4423
f 4423 4421 4462 4465
f 4424 4422 4423 4425
f 4426 4464 4424 4427
f 4427 4424 4425 4428
f 4428 4425 4465 4429
f 4414 4413 4426 4430
f 4430 4426 4427 4431
f 4431 4427 4428 4432
f 4432 4428 4429 4433
f 4415 4414 4430 4435
f 4435 4430 4431 4436
f 4436 4431 4432 4437
f 4437 4432 4433 4438
f 4439 4434 4466 4467
f 4416 4415 4435 4440
f 4440 4435 4436 4441
f 4441 4436 4437 4442
f 4442 4437 4438 4443
f 4443 4438 4439 4444
f 4445 4468 4462 4463
f 4463 2215 2199 4445
f 4445 2199 2200 4446
f 4447 4445 4446 4448
f 4465 4462 4468 4469
f 4469 4468 4447 4449
f 4449 4447 4448 4450
f 4451 4449 4450 4452
f 4429 4465 4469 4453
f 4454 4469 4451 4470
f 4433 4429 4453 4455
f 4455 4453 4454 4456
f 4466 4434 4456 4470
f 4438 4433 4455 4457
f 4457 4455 4456 4458
f 4439 4438 4457 4458
f 4458 4456 4434 4439
f 4467 4466 4470 4471
f 4446 2200 2208 4459
f 4448 4446 4459 4460
f 4450 4448 4460 4461
f 4470 4452 4509 4511
f 4471 4470 4511 4472
f 4474 4472 4473 4475
f 4459 2208 2219 4476
f 4476 2219 2220 4477
f 4460 4459 4476 4478
f 4478 4476 4477 4479
f 4461 4460 4478 4509
f 4509 4479 4508 4510
f 4511 4509 4510 4512
f 4480 4511 4512 4513
f 4475 4473 4480 4481
f 4477 2220 2243 4514
f 4514 2243 2244 4482
f 4508 4479 4514 4483
f 4510 4508 4483 4485
f 4485 4483 4484 4486
f 4487 4485 4486 4488
f 4512 4510 4487 4489
f 4489 4487 4488 4490
f 4491 4489 4490 4492
f 4513 4512 4491 4493
f 4493 4491 4492 4494
f 4495 4493 4494 4496
f 4482 2244 2260 4497
f 4497 2260 2261 4498
f 4483 4482 4497 4499
f 4499 4497 4498 4500
f 4484 4483 4499 4500
f 4486 4484 4500 4501
f 4488 4486 4501 4502
f 4490 4488 4502 4503
f 4492 4490 4503 4504
f 4494 4492 4504 4505
f 4507 4506 4495 4496
f 4496 4494 4505 4507
f 3623 3521 4392 4515
f 3625 3623 4515 4517
f 4517 4515 4516 4518
f 3627 3625 4517 4519
f 4519 4517 4518 4520
f 3629 3627 4519 4521
f 4521 4519 4520 4522
f 3631 3629 4521 4523
f 4523 4521 4522 4524
f 3633 3631 4523 4525
f 4525 4523 4524 4526
f 3635 3633 4525 4527
f 4527 4525 4526 4528
f 3637 3635 4527 4529
f 4529 4527 4528 4530
f 4515 4392 4406 4531
f 4531 4406 4407 4532
f 4516 4515 4531 4532
f 4518 4516 4532 4533
f 4520 4518 4533 4534
f 4522 4520 4534 4535
f 4524 4522 4535 4536
f 4536 4535 4591 4592
f 4526 4524 4536 4537
f 4528 4526 4537 4538
f 4538 4537 4592 4593
f 4530 4528 4538 4539
f 4532 4407 4416 4540
f 4533 4532 4540 4541
f 4534 4533 4541 4542
f 4535 4534 4542 4543
f 4591 4535 4543 4544
f 4549 4544 4543 4548
f 4592 4591 4544 4549
f 4550 4545 4546 4596
f 4551 4549 4550 4552
f 4593 4592 4551 4554
f 4554 4551 4552 4555
f 4555 4552 4596 4597
f 4597 4596 4553 4556
f 4557 4554 4555 4558
f 4540 4416 4440 4560
f 4560 4440 4441 4561
f 4561 4441 4442 4562
f 4562 4442 4443 4563
f 4563 4443 4444 4564
f 4564 4444 4467 4594
f 4541 4540 4560 4565
f 4565 4560 4561 4566
f 4566 4561 4562 4567
f 4567 4562 4563 4568
f 4568 4563 4564 4569
f 4542 4541 4565 4570
f 4570 4565 4566 4571
f 4571 4566 4567 4572
f 4572 4567 4568 4573
f 4573 4568 4569 4574
f 4574 4569 4594 4595
f 4543 4542 4570 4575
f 4575 4570 4571 4576
f 4576 4571 4572 4577
f 4577 4572 4573 4578
f 4546 4545 4577 4578
f 4578 4573 4574 4579
f 4547 4546 4578 4579
f 4548 4543 4575 4580
f 4580 4575 4576 4581
f 4549 4548 4580 4581
f 4581 4576 4577 4582
f 4550 4549 4581 4582
f 4582 4577 4545 4550
f 4596 4579 4595 4583
f 4585 4583 4584 4586
f 4556 4553 4585 4587
f 4587 4585 4586 4588
f 4559 4556 4587 4589
f 4589 4587 4588 4590
f 4594 4467 4471 4598
f 4584 4595 4599 4600
f 4588 4586 4600 4601
f 4595 4594 4615 4616
f 4598 4471 4474 4602
f 4615 4594 4598 4602
f 4602 4474 4475 4603
f 4604 4602 4603 4605
f 4616 4615 4604 4606
f 4606 4604 4605 4607
f 4608 4599 4595 4616
f 4600 4599 4608 4618
f 4601 4600 4618 4619
f 4603 4475 4481 4609
f 4609 4481 4513 4617
f 4605 4603 4609 4610
f 4612 4611 4606 4607
f 4607 4605 4610 4612
f 4608 4606 4611 4613
f 4613 4611 4612 4614
f 4617 4513 4495 4621
f 4621 4620 4610 4617
f 4612 4610 4620 4622
f 4622 4620 4621 4623
f 4618 4614 4622 4624
f 4624 4622 4623 4625
f 4619 4618 4624 4626
f 4626 4624 4625 4627
f 3720 3637 4529 4628
f 4628 4529 4530 4629
f 3722 3720 4628 4630
f 4630 4628 4629 4631
f 3724 3722 4630 4632
f 4632 4630 4631 4633
f 3726 3724 4632 4634
f 4634 4632 4633 4635
f 3727 3726 4634 4636
f 4629 4530 4539 4637
f 4637 4539 4593 4729
f 4631 4629 4637 4638
f 4633 4631 4638 4639
f 4639 4638 4729 4640
f 4642 4641 4634 4635
f 4635 4633 4639 4642
f 4642 4639 4640 4643
f 4645 3737 3727 4636
f 4636 4634 4641 4645
f 4645 4641 4642 4646
f 4646 4642 4643 4647
f 4647 4643 4644 4648
f 3739 3737 4645 4649
f 4649 4645 4646 4650
f 3825 3739 4649 4730
f 4729 4593 4557 4651
f 4651 4557 4558 4652
f 4652 4558 4597 4731
f 4731 4597 4559 4653
f 4654 4651 4652 4655
f 4640 4729 4654 4657
f 4657 4654 4655 4658
f 4658 4655 4731 4659
f 4643 4640 4657 4661
f 4661 4657 4658 4662
f 4644 4643 4661 4662
f 4662 4658 4659 4663
f 4663 4659 4660 4664
f 4666 4665 4646 4647
f 4667 4666 4647 4648
f 4648 4644 4662 4667
f 4667 4662 4663 4668
f 4670 4669 4649 4650
f 4650 4646 4665 4670
f 4670 4665 4666 4671
f 4671 4666 4667 4672
f 4672 4667 4668 4673
f 4674 3763 3825 4730
f 4730 4649 4669 4674
f 4674 4669 4670 4675
f 3765 3763 4674 4676
f 4676 4674 4675 4677
f 4653 4559 4589 4678
f 4678 4589 4590 4679
f 4656 4653 4678 4680
f 4680 4678 4679 4681
f 4682 4731 4680 4732
f 4684 4683 4663 4664
f 4664 4660 4682 4684
f 4668 4663 4683 4685
f 4685 4683 4684 4686
f 4688 4687 4670 4671
f 4689 4688 4671 4672
f 4690 4689 4672 4673
f 4673 4668 4685 4690
f 4690 4685 4686 4691
f 4675 4670 4687 4692
f 4692 4687 4688 4733
f 4693 3785 3765 4676
f 4694 4693 4676 4677
f 4677 4675 4692 4694
f 4679 4590 4601 4734
f 4732 4680 4734 4736
f 4736 4735 4684 4732
f 4686 4684 4735 4695
f 4695 4735 4736 4737
f 4697 4696 4688 4689
f 4698 4697 4689 4690
f 4699 4698 4690 4691
f 4691 4686 4695 4699
f 4733 4688 4696 4700
f 4700 4696 4697 4701
f 4701 4697 4698 4739
f 4702 4738 4694 4733
f 4704 4703 4698 4699
f 4706 4705 4700 4701
f 4739 4704 4737 4740
f 4702 4700 4705 4707
f 4707 4705 4706 4708
f 4737 4736 4741 4709
f 4714 4713 4739 4740
f 4740 4737 4710 4714
f 4716 4715 4707 4708
f 4717 4716 4708 4739
f 4717 4712 4713 4718
f 4721 4720 4710 4711
f 4711 4709 4719 4721
f 4723 4722 4713 4714
f 4714 4710 4720 4723
f 4723 4720 4721 4724
f 4726 4725 4715 4716
f 4727 4726 4716 4717
f 4728 4727 4717 4718
f 4718 4713 4722 4728
f 4734 4601 4619 4753
f 4736 4734 4753 4754
f 4753 4619 4626 4755
f 4754 4753 4755 4742
f 4744 4741 4736 4754
f 4744 4742 4743 4745
f 4709 4741 4744 4746
f 4755 4626 4627 4756
f 4749 4748 4744 4745
f 4745 4743 4747 4749
f 4750 4719 4709 4746
f 4746 4744 4748 4750
f 4750 4748 4749 4751
f 4721 4719 4750 4752
f 3837 3785 4693 4757
f 4757 4693 4694 4758
f 4759 3839 3837 4757
f 4760 4759 4757 4758
f 4758 4694 4738 4760
f 4761 3841 3839 4759
f 4762 4761 4759 4760
f 4762 4738 4707 4771
f 3843 3841 4761 4763
f 4763 4761 4762 4764
f 4772 4765 4762 4771
f 4771 4707 4715 4772
f 4766 3847 3843 4763
f 4767 4766 4763 4764
f 4764 4762 4765 4767
f 4769 3851 3847 4766
f 4770 4769 4766 4767
f 4767 4765 4768 4770
f 4498 2261 2852 4788
f 4788 2852 2840 4773
f 4503 4502 4788 4789
f 4789 4788 4774 4775
f 4773 2840 2841 4777
f 4774 4773 4777 4779
f 4775 4774 4779 4780
f 4776 4775 4780 4781
f 4777 2841 2842 4778
f 4778 2842 2847 4783
f 4783 4782 4777 4778
f 4779 4777 4782 4784
f 4784 4782 4783 4785
f 4780 4779 4784 4790
f 4783 2847 2850 4786
f 4785 4783 4786 4787
f 4621 4507 4789 4811
f 4811 4789 4776 4812
f 4625 4623 4811 4813
f 4813 4811 4812 4801
f 4792 4791 4793 4794
f 4812 4781 4790 4803
f 4802 4812 4804 4805
f 4793 4802 4805 4806
f 4804 4803 4807 4809
f 4805 4804 4809 4795
f 4806 4805 4797 4810
f 4800 4799 4796 4797
f 4797 4795 4798 4800
f 4814 4825 4722 4723
f 4815 4814 4723 4724
f 4724 4721 4824 4815
f 4817 4816 4725 4726
f 4825 4817 4726 4727
f 4820 4819 4814 4815
f 4822 4821 4816 4817
f 4818 4814 4819 4823
f 4820 4824 4826 4829
f 4828 4827 4822 4825
f 4829 4828 4825 4823
f 4829 4826 4830 4832
f 4831 4836 4827 4828
f 4832 4831 4828 4829
f 4835 4834 4831 4832
f 4832 4830 4833 4835
f 4756 4627 4813 4889
f 4889 4888 4755 4756
f 4747 4755 4888 4837
f 4837 4888 4889 4890
f 4749 4747 4837 4838
f 4840 4839 4750 4751
f 4751 4749 4838 4840
f 4841 4824 4721 4752
f 4752 4750 4839 4841
f 4844 4843 4839 4840
f 4840 4838 4842 4844
f 4841 4839 4843 4845
f 4845 4843 4844 4846
f 4847 4813 4792 4848
f 4890 4889 4849 4851
f 4851 4849 4850 4852
f 4853 4891 4842 4890
f 4844 4842 4891 4854
f 4855 4826 4824 4845
f 4856 4855 4845 4846
f 4846 4844 4854 4856
f 4858 4857 4847 4848
f 4848 4792 4794 4858
f 4850 4847 4857 4859
f 4861 4860 4851 4852
f 4852 4850 4859 4861
f 4853 4851 4860 4862
f 4863 4891 4862 4892
f 4865 4864 4855 4856
f 4856 4854 4863 4865
f 4894 4893 4857 4858
f 4858 4794 4806 4894
f 4867 4866 4860 4861
f 4861 4859 4893 4867
f 4862 4860 4866 4868
f 4895 4869 4863 4892
f 4892 4862 4868 4895
f 4870 4830 4826 4864
f 4871 4870 4864 4865
f 4865 4863 4869 4871
f 4873 4872 4866 4867
f 4868 4866 4872 4874
f 4877 4876 4870 4871
f 4871 4869 4875 4877
f 4894 4806 4810 4896
f 4896 4879 4893 4894
f 4881 4880 4872 4873
f 4873 4893 4879 4881
f 4874 4872 4880 4882
f 4898 4897 4875 4895
f 4895 4874 4882 4898
f 4897 4833 4830 4876
f 4879 4878 4883 4884
f 4886 4885 4880 4881
f 4881 4879 4884 4886
f 4882 4880 4885 4887
f 4900 4899 4768 4772
f 4772 4725 4816 4900
f 4901 3976 3851 4769
f 4902 4901 4769 4770
f 4770 4768 4899 4902
f 4905 4904 4899 4900
f 4900 4816 4821 4905
f 4906 3980 3976 4901
f 4907 4904 4903 4906
f 4907 4906 4901 4902
f 4902 4899 4904 4907
f 4909 4908 4903 4904
f 4922 4909 4904 4905
f 4905 4821 4827 4922
f 4910 3983 3980 4906
f 4906 4903 4908 4910
f 4912 4911 4908 4909
f 4913 4911 3985 3986
f 4913 3986 3983 4910
f 4910 4908 4911 4913
f 4914 3989 3985 4911
f 4915 4914 4911 4912
f 4923 4915 4912 4922
f 4922 4827 4836 4923
f 4917 4916 4914 4915
f 4919 4918 4916 4917
f 4924 4919 4917 4923
f 4921 4920 4918 4919
f 4786 2850 3117 4965
f 4787 4786 4965 4966
f 4790 4787 4966 4967
f 4965 3117 3056 4925
f 4966 4965 4927 4969
f 4967 4966 4969 4928
f 4968 4967 4930 4971
f 4925 3056 3063 4931
f 4926 4925 4931 4932
f 4934 4932 4931 4933
f 4927 4926 4932 4934
f 4936 4935 4928 4929
f 4930 4928 4935 4937
f 4931 3063 3073 4938
f 4933 4931 4938 4939
f 4969 4933 4939 4972
f 4941 4940 4935 4936
f 4936 4969 4972 4941
f 4937 4935 4940 4942
f 4971 4937 4942 4974
f 4974 4973 4970 4971
f 4938 3073 3085 4943
f 4939 4938 4943 4944
f 4942 4940 4945 4946
f 4943 3085 3125 4947
f 4944 4943 4947 4949
f 4949 4947 4948 4950
f 4972 4944 4949 4975
f 4945 4972 4975 4951
f 4946 4945 4951 4953
f 4953 4951 4952 4954
f 4974 4946 4953 4955
f 4956 4976 4973 4974
f 4950 4948 4957 4958
f 4961 4960 4953 4954
f 4954 4952 4959 4961
f 4955 4953 4960 4962
f 4962 4960 4961 4963
f 4956 4955 4962 4964
f 4990 4989 4807 4808
f 4808 4790 4968 4990
f 4809 4807 4989 4991
f 4798 4809 4991 4992
f 4810 4799 4992 4993
f 4995 4971 4970 4994
f 4995 4994 4989 4990
f 4990 4968 4971 4995
f 4991 4989 4994 4996
f 4992 4991 4996 4997
f 4993 4992 4997 4998
f 4994 4970 4973 4977
f 4996 4994 4978 4980
f 4980 4978 4979 4981
f 4997 4996 4982 4999
f 4998 4997 4999 5000
f 4979 4977 4983 4984
f 4986 4985 4980 4981
f 4981 4979 4984 4986
f 4982 4980 4985 4987
f 4987 4985 4986 4988
f 4983 4973 4976 5001
f 5001 4976 4956 5002
f 4986 4984 5001 5003
f 4999 4987 5003 5004
f 5000 4999 5004 5005
f 5025 5024 4834 4835
f 4835 4833 5022 5025
f 5024 5023 4836 4834
f 5009 5008 5006 5007
f 5029 5028 5024 5025
f 5025 5022 5026 5029
f 5011 5010 5008 5009
f 5027 5011 5009 5023
f 5028 5027 5023 5024
f 5013 5012 5010 5011
f 5032 5031 5027 5028
f 5033 5032 5028 5029
f 5029 5026 5030 5033
f 5014 4130 4128 5012
f 5015 5014 5012 5013
f 5031 5015 5013 5027
f 5017 5016 5014 5015
f 5036 5035 5031 5032
f 5037 5036 5032 5033
f 5033 5030 5034 5037
f 5019 5018 5016 5017
f 5035 5019 5017 5031
f 5021 5020 5018 5019
f 5100 5038 4883 4896
f 4896 4810 4993 5100
f 4884 4883 5038 5039
f 5041 5040 4885 4886
f 4886 4884 5039 5041
f 4887 4885 5040 5043
f 5043 5040 5041 5044
f 5047 5043 5042 5046
f 5047 5046 4897 4898
f 4898 4887 5043 5047
f 5048 5022 4833 4897
f 5039 5038 5049 5050
f 5041 5039 5050 5051
f 5053 5052 5042 5043
f 5054 5053 5043 5044
f 5044 5041 5051 5054
f 5056 5055 5045 5046
f 5046 5042 5052 5056
f 5056 5052 5053 5057
f 5048 5045 5055 5058
f 5058 5055 5056 5059
f 5100 4993 4998 5102
f 5102 5101 5050 5100
f 5051 5050 5101 5060
f 5062 5061 5053 5054
f 5054 5051 5060 5062
f 5103 5063 5056 5057
f 5057 5053 5061 5103
f 5064 5026 5022 5058
f 5065 5064 5058 5059
f 5059 5056 5063 5065
f 5068 5067 5061 5062
f 5062 5060 5066 5068
f 5071 5070 5064 5065
f 5065 5063 5069 5071
f 5102 4998 5000 5105
f 5105 5104 5101 5102
f 5066 5101 5104 5072
f 5074 5073 5067 5068
f 5068 5066 5072 5074
f 5107 5075 5069 5103
f 5103 5067 5073 5107
f 5076 5030 5026 5070
f 5077 5076 5070 5071
f 5071 5069 5075 5077
f 5078 5104 5105 5106
f 5080 5079 5073 5074
f 5074 5072 5078 5080
f 5083 5082 5076 5077
f 5077 5075 5081 5083
f 5105 5000 5005 5108
f 5109 5084 5078 5106
f 5106 5105 5108 5109
f 5086 5085 5079 5080
f 5080 5078 5084 5086
f 5088 5087 5081 5107
f 5107 5079 5085 5088
f 5089 5034 5030 5082
f 5090 5089 5082 5083
f 5083 5081 5087 5090
f 5093 5092 5085 5086
f 5086 5084 5091 5093
f 5095 5094 5087 5088
f 5088 5085 5092 5095
f 5095 5092 5093 5096
f 5098 5097 5089 5090
f 5090 5087 5094 5098
f 5098 5094 5095 5099
f 5110 4131 3989 4920
f 5111 5007 5006 5110
f 5111 5110 4920 4921
f 4921 4836 5007 5111
f 5110 5006 5008 5112
f 5113 5010 4128 4131
f 5112 5008 5010 5113
f 4957 3125 3270 5118
f 4959 4975 5118 5114
f 4963 4961 5114 5115
f 5115 5114 5116 5117
f 5118 3270 3278 5129
f 5114 5118 5130 5131
f 5129 3280 3292 5132
f 5130 5129 5132 5133
f 5131 5130 5133 5134
f 5134 5116 5114 5131
f 5117 5116 5134 5135
f 5132 3292 3295 5136
f 5133 5132 5136 5120
f 5134 5133 5121 5137
f 5135 5134 5137 5138
f 5138 5119 5117 5135
f 5122 5120 5123 5124
f 5136 3295 3299 5125
f 5123 5136 5126 5139
f 5137 5124 5139 5140
f 5138 5137 5140 5141
f 5126 5125 5127 5128
f 5002 4964 5115 5178
f 5178 5177 5001 5002
f 5003 5001 5177 5179
f 5179 5177 5178 5180
f 5004 5003 5179 5142
f 5005 5004 5143 5145
f 5143 5142 5147 5148
f 5150 5149 5144 5145
f 5145 5143 5148 5150
f 5146 5144 5149 5151
f 5178 5115 5117 5181
f 5180 5178 5181 5152
f 5154 5153 5179 5180
f 5147 5179 5153 5155
f 5155 5153 5154 5156
f 5148 5147 5155 5157
f 5159 5158 5149 5150
f 5150 5148 5157 5159
f 5151 5149 5158 5160
f 5154 5152 5161 5163
f 5165 5163 5162 5164
f 5165 5164 5155 5156
f 5156 5154 5163 5165
f 5157 5155 5164 5167
f 5169 5167 5166 5168
f 5169 5168 5158 5159
f 5159 5157 5167 5169
f 5160 5158 5168 5170
f 5181 5117 5119 5182
f 5161 5181 5182 5184
f 5184 5183 5162 5163
f 5164 5162 5183 5171
f 5173 5172 5166 5167
f 5167 5164 5171 5173
f 5186 5185 5195 5168
f 5168 5166 5172 5186
f 5176 5175 5172 5173
f 5173 5171 5174 5176
f 5184 5182 5187 5189
f 5189 5188 5183 5184
f 5174 5183 5188 5191
f 5194 5193 5185 5186
f 5186 5175 5191 5194
f 5194 5191 5190 5193
f 5187 5119 5141 5196
f 5228 5227 5035 5036
f 5229 5228 5036 5037
f 5037 5034 5226 5229
f 5198 4265 4130 5020
f 5199 5198 5020 5021
f 5227 5199 5021 5035
f 5202 5201 5198 5199
f 5199 5197 5200 5202
f 5231 5205 5200 5227
f 5232 5231 5227 5228
f 5233 5203 5230 5232
f 5233 5232 5228 5229
f 5229 5226 5203 5233
f 5207 5206 5201 5202
f 5202 5200 5205 5207
f 5210 5209 5203 5204
f 5213 5212 5206 5207
f 5207 5205 5211 5213
f 5236 5235 5230 5209
f 5237 5215 5211 5231
f 5238 5237 5231 5232
f 5232 5230 5235 5238
f 5216 4267 4265 5212
f 5217 5215 5214 5216
f 5217 5216 5212 5213
f 5213 5211 5215 5217
f 5219 5218 5214 5215
f 5238 5235 5234 5237
f 5216 5214 5218 5220
f 5240 5239 5234 5235
f 5241 5240 5235 5236
f 5222 5221 5218 5219
f 5242 5222 5219 5237
f 5237 5234 5239 5242
f 5220 5218 5221 5223
f 5225 5224 5221 5222
f 5108 5005 5146 5300
f 5301 5300 5299 5244
f 5301 5244 5091 5109
f 5109 5108 5300 5301
f 5093 5091 5244 5246
f 5249 5246 5245 5248
f 5249 5248 5095 5096
f 5096 5093 5246 5249
f 5250 5226 5034 5097
f 5251 5250 5097 5098
f 5252 5248 5247 5251
f 5252 5251 5098 5099
f 5099 5095 5248 5252
f 5256 5254 5253 5255
f 5256 5255 5245 5246
f 5246 5244 5254 5256
f 5258 5257 5247 5248
f 5248 5245 5255 5258
f 5260 5259 5250 5251
f 5251 5247 5257 5260
f 5303 5160 5195 5261
f 5303 5261 5299 5300
f 5300 5151 5160 5303
f 5254 5299 5263 5304
f 5305 5304 5264 5266
f 5305 5266 5257 5258
f 5258 5255 5304 5305
f 5267 5204 5226 5259
f 5268 5266 5265 5267
f 5268 5267 5259 5260
f 5260 5257 5266 5268
f 5272 5270 5269 5271
f 5272 5271 5262 5263
f 5263 5261 5270 5272
f 5304 5271 5302 5273
f 5277 5275 5274 5276
f 5277 5276 5265 5266
f 5266 5264 5275 5277
f 5278 5276 5208 5210
f 5278 5210 5204 5267
f 5267 5265 5276 5278
f 5281 5280 5269 5270
f 5270 5195 5185 5281
f 5283 5280 5279 5282
f 5283 5282 5302 5271
f 5271 5269 5280 5283
f 5273 5302 5282 5284
f 5286 5285 5274 5275
f 5275 5273 5284 5286
f 5308 5236 5208 5276
f 5276 5274 5285 5308
f 5288 5287 5279 5280
f 5282 5279 5287 5289
f 5284 5282 5289 5291
f 5293 5291 5290 5292
f 5293 5292 5285 5286
f 5286 5284 5291 5293
f 5306 5294 5287 5288
f 5288 5185 5193 5306
f 5289 5287 5294 5295
f 5291 5289 5295 5307
f 5306 5193 5192 5296
f 5295 5294 5296 5298
f 5308 5307 5243 5241
f 5127 3299 3383 5313
f 5128 5127 5313 5314
f 5139 5128 5314 5315
f 5140 5139 5316 5317
f 5141 5140 5318 5345
f 5314 5313 5320 5321
f 5315 5314 5321 5322
f 5316 5315 5322 5323
f 5317 5316 5323 5324
f 5326 5325 5318 5319
f 5319 5317 5324 5326
f 5320 3383 3377 5346
f 5322 5321 5346 5327
f 5323 5322 5327 5328
f 5324 5323 5328 5329
f 5331 5330 5325 5326
f 5326 5324 5329 5331
f 5345 5325 5330 5347
f 5328 5327 5332 5333
f 5329 5328 5333 5335
f 5337 5335 5334 5336
f 5337 5336 5330 5331
f 5331 5329 5335 5337
f 5346 3379 3390 5348
f 5332 5346 5348 5338
f 5333 5332 5338 5340
f 5335 5333 5340 5349
f 5347 5336 5349 5350
f 5350 5309 5312 5347
f 5344 5342 5341 5343
f 5344 5343 5339 5340
f 5340 5338 5342 5344
f 5348 3390 3394 5351
f 5342 5348 5351 5352
f 5349 5343 5352 5353
f 5354 5353 5310 5311
f 5354 5311 5309 5350
f 5350 5349 5353 5354
f 5359 5357 5356 5358
f 5189 5187 5357 5359
f 5360 5366 5188 5189
f 5191 5188 5366 5383
f 5383 5367 5190 5191
f 5193 5190 5367 5369
f 5369 5368 5192 5193
f 5363 5362 5356 5357
f 5357 5355 5361 5363
f 5358 5356 5362 5364
f 5360 5358 5364 5365
f 5372 5371 5366 5364
f 5364 5362 5370 5372
f 5369 5367 5373 5375
f 5375 5374 5368 5369
f 5370 5312 5309 5376
f 5378 5377 5371 5372
f 5372 5370 5376 5378
f 5385 5384 5373 5383
f 5383 5371 5377 5385
f 5376 5309 5311 5380
f 5382 5380 5379 5381
f 5382 5381 5377 5378
f 5378 5376 5380 5382
f 5386 5355 5187 5196
f 5196 5141 5345 5386
f 5386 5345 5312 5361
f 5423 5422 5240 5241
f 5241 5243 5387 5423
f 5422 5421 5239 5240
f 5388 4331 4267 5224
f 5389 5388 5224 5225
f 5424 5389 5225 5242
f 5242 5239 5421 5424
f 5393 5392 5388 5389
f 5391 5390 5394 5396
f 5397 5426 5422 5423
f 5398 5396 5395 5397
f 5423 5391 5396 5398
f 5426 5425 5421 5422
f 5400 5399 5392 5393
f 5427 5400 5393 5424
f 5424 5421 5425 5427
f 5403 5402 5395 5396
f 5396 5394 5401 5403
f 5397 5395 5402 5404
f 5406 5405 5399 5400
f 5409 5408 5402 5403
f 5403 5401 5407 5409
f 5404 5402 5408 5437
f 5437 5430 5425 5426
f 5410 4326 4331 5405
f 5411 5410 5405 5406
f 5431 5411 5406 5427
f 5427 5425 5430 5431
f 5414 5413 5408 5409
f 5409 5407 5412 5414
f 5416 5415 5410 5411
f 5412 5428 5432 5434
f 5434 5433 5429 5413
f 5417 4330 4326 5415
f 5418 5417 5415 5416
f 5436 5418 5416 5431
f 5431 5430 5435 5436
f 5420 5419 5417 5418
f 5296 5192 5368 5438
f 5440 5439 5297 5298
f 5298 5296 5438 5440
f 5307 5297 5439 5444
f 5444 5387 5243 5307
f 5443 5442 5439 5440
f 5440 5438 5441 5443
f 5441 5368 5374 5445
f 5446 5394 5390 5444
f 5444 5442 5445 5446
f 5445 5374 5384 5447
f 5447 5407 5401 5446
f 5311 5310 5454 5455
f 5455 5454 5456 5458
f 5470 3466 3473 5459
f 5456 5470 5460 5461
f 5458 5456 5461 5463
f 5463 5462 5457 5458
f 5459 3473 3481 5465
f 5460 5459 5465 5448
f 5461 5460 5449 5467
f 5469 5467 5466 5468
f 5469 5468 5462 5463
f 5463 5461 5467 5469
f 5465 3481 3480 5464
f 5453 5451 5450 5452
f 5449 5448 5451 5453
f 5351 3394 3483 5471
f 5353 5352 5471 5472
f 5472 5454 5310 5353
f 5472 5471 5470 5454
f 5471 3483 3466 5470
f 5380 5311 5455 5491
f 5491 5490 5379 5380
f 5381 5379 5490 5493
f 5510 5493 5492 5494
f 5510 5494 5384 5385
f 5385 5381 5493 5510
f 5498 5497 5490 5491
f 5491 5455 5458 5498
f 5493 5490 5497 5474
f 5475 5499 5492 5493
f 5494 5492 5499 5476
f 5496 5494 5477 5501
f 5501 5500 5495 5496
f 5498 5458 5457 5497
f 5475 5473 5479 5480
f 5483 5482 5477 5478
f 5478 5476 5481 5483
f 5497 5457 5462 5511
f 5511 5502 5499 5480
f 5481 5499 5502 5503
f 5505 5504 5500 5501
f 5501 5482 5503 5505
f 5503 5502 5506 5485
f 5509 5508 5504 5505
f 5505 5503 5486 5509
f 5488 5487 5484 5485
f 5486 5484 5487 5489
f 5509 5489 5507 5508
f 5434 5432 5534 5536
f 5536 5535 5433 5434
f 5554 5537 5435 5437
f 5437 5433 5535 5554
f 5512 4367 4330 5419
f 5513 5512 5419 5420
f 5538 5513 5420 5436
f 5436 5435 5537 5538
f 5515 5514 5512 5513
f 5536 5534 5539 5541
f 5541 5540 5535 5536
f 5516 4370 4367 5514
f 5517 5516 5514 5515
f 5543 5517 5515 5538
f 5538 5537 5542 5543
f 5519 5518 5516 5517
f 5546 5545 5540 5541
f 5541 5539 5544 5546
f 5555 5520 5542 5554
f 5554 5540 5545 5555
f 5523 4373 4370 5518
f 5524 5523 5518 5519
f 5548 5521 5547 5524
f 5548 5524 5519 5543
f 5543 5542 5521 5548
f 5527 5526 5521 5522
f 5522 5520 5525 5527
f 5529 5528 5523 5524
f 5551 5550 5545 5546
f 5546 5544 5549 5551
f 5553 5552 5547 5526
f 5530 4377 4373 5528
f 5531 5530 5528 5529
f 5529 5547 5552 5531
f 5533 5532 5530 5531
f 5447 5384 5495 5556
f 5556 5534 5432 5447
f 5556 5495 5500 5557
f 5557 5539 5534 5556
f 5558 5544 5539 5557
f 5557 5500 5504 5558
f 5559 5549 5544 5558
f 5558 5504 5508 5559
f 5562 5560 5561 5563
f 5564 5562 5563 5565
f 5568 5566 5567 5569
f 5570 5568 5569 5571
f 5572 5570 5571 5573
f 5561 5560 5572 5573
f 5578 5577 5572 5574
f 5574 5572 5560 5562
f 5563 5561 5573 5575
f 5576 5574 5562 5564
f 5565 5563 5579 5580
f 5571 5569 5589 5581
f 5573 5571 5581 5583
f 5583 5581 5582 5584
f 5575 5573 5583 5585
f 5579 5563 5575 5585
f 5585 5583 5584 5586
f 5580 5579 5585 5587
f 5587 5585 5586 5588
f 1648 1647 5646 5647
f 5592 5591 5594 5595
f 5595 5593 5590 5592
f 5599 5597 5598 5600
f 5595 5594 5599 5600
f 5600 5598 5593 5595
f 5604 5602 5603 5605
f 5606 5604 5605 5607
f 5609 5648 5606 5610
f 5610 5606 5607 5611
f 5598 5597 5610 5611
f 5611 5607 5596 5598
f 5612 5608 5609 5613
f 5613 5609 5610 5614
f 5614 5610 5597 5599
f 5616 5564 5565 5617
f 5618 5615 5616 5619
f 5619 5616 5617 5620
f 5621 5618 5619 5622
f 5622 5619 5620 5623
f 5624 5621 5622 5625
f 5625 5622 5623 5626
f 5603 5602 5625 5626
f 5626 5623 5601 5603
f 5628 5624 5625 5649
f 5604 5648 5628 5649
f 5649 5625 5602 5604
f 5629 5627 5628 5630
f 5631 5629 5630 5632
f 5609 5608 5631 5632
f 5632 5630 5648 5609
f 5633 5631 5608 5612
f 5634 5578 5576 5635
f 5616 5615 5634 5635
f 5635 5576 5564 5616
f 5636 5634 5615 5618
f 5638 5636 5618 5621
f 5639 5637 5638 5640
f 5640 5638 5621 5624
f 5641 5639 5640 5642
f 5628 5627 5641 5642
f 5642 5640 5624 5628
f 5643 5641 5627 5629
f 5644 5643 5629 5631
f 5645 5644 5631 5633
f 1681 1676 5711 5696
f 1677 1665 5698 5699
f 5699 5711 1676 1677
f 5700 5696 5711 5699
f 1678 1648 5647 5702
f 5702 5698 1666 1678
f 5701 5697 5696 5700
f 5699 5698 5651 5652
f 5700 5699 5653 5704
f 5701 5700 5704 5705
f 5705 5703 5697 5701
f 5702 5647 5590 5706
f 5706 5654 5698 5702
f 5652 5651 5656 5657
f 5653 5652 5657 5658
f 5655 5654 5659 5660
f 5660 5656 5651 5655
f 5657 5656 5663 5664
f 5658 5657 5664 5665
f 5665 5661 5712 5713
f 5704 5658 5665 5713
f 5713 5712 5703 5705
f 5666 5662 5663 5667
f 5660 5659 5666 5667
f 5667 5663 5656 5660
f 5598 5596 5666 5707
f 5706 5593 5598 5707
f 5707 5666 5659 5706
f 5603 5601 5668 5669
f 5605 5603 5669 5673
f 5673 5669 5670 5674
f 5663 5662 5673 5674
f 5664 5663 5674 5675
f 5675 5671 5672 5676
f 5665 5664 5675 5676
f 5676 5672 5661 5665
f 5607 5605 5673 5677
f 5666 5596 5607 5677
f 5677 5673 5662 5666
f 5617 5565 5580 5678
f 5620 5617 5678 5680
f 5680 5678 5679 5681
f 5623 5620 5680 5682
f 5668 5601 5623 5682
f 5682 5680 5681 5683
f 5669 5668 5682 5684
f 5684 5682 5683 5685
f 5670 5669 5684 5685
f 5672 5671 5686 5687
f 5674 5670 5685 5709
f 5709 5685 5686 5710
f 5675 5674 5709 5710
f 5710 5686 5671 5675
f 5678 5580 5587 5688
f 5688 5587 5588 5689
f 5679 5678 5688 5689
f 5681 5679 5689 5690
f 5683 5681 5690 5691
f 5691 5690 5708 5692
f 5685 5683 5691 5693
f 5693 5691 5692 5694
f 5686 5685 5693 5694
f 5687 5686 5694 5695
f 5770 5646 1647 1705
f 5771 5647 5646 5770
f 1706 1711 5785 5772
f 5772 5770 1705 1706
f 5773 5785 1711 1708
f 5774 5772 5785 5773
f 5775 5773 1708 1710
f 5776 5591 5647 5771
f 5771 5770 5714 5776
f 5716 5714 5770 5772
f 5718 5717 5772 5774
f 5774 5773 5719 5720
f 5721 5719 5773 5775
f 5716 5715 5724 5725
f 5725 5723 5714 5716
f 5726 5724 5715 5717
f 5727 5726 5717 5718
f 5720 5719 5728 5729
f 5729 5727 5718 5720
f 5730 5728 5719 5721
f 5777 5729 5728 5730
f 5732 5730 5721 5722
f 5734 5599 5594 5776
f 5735 5733 5734 5736
f 5776 5723 5735 5736
f 5725 5724 5737 5738
f 5738 5735 5723 5725
f 5739 5737 5724 5726
f 5740 5739 5726 5727
f 5741 5740 5727 5729
f 5777 5730 5742 5781
f 5781 5741 5729 5777
f 5732 5731 5743 5744
f 5744 5742 5730 5732
f 5745 5612 5613 5746
f 5746 5613 5614 5747
f 5734 5733 5746 5747
f 5747 5614 5599 5734
f 5748 5745 5746 5749
f 5749 5746 5733 5735
f 5779 5778 5748 5750
f 5750 5748 5749 5751
f 5738 5737 5750 5751
f 5751 5749 5735 5738
f 5752 5750 5737 5739
f 5780 5779 5752 5753
f 5753 5752 5739 5740
f 5754 5753 5740 5741
f 5755 5780 5754 5781
f 5744 5743 5756 5757
f 5757 5755 5742 5744
f 5782 5650 5633 5783
f 5783 5633 5612 5745
f 5748 5778 5782 5783
f 5758 5782 5778 5779
f 5784 5759 5779 5780
f 5760 5784 5780 5755
f 5757 5756 5761 5762
f 5762 5760 5755 5757
f 5765 5763 5758 5759
f 5768 5766 5767 5769
f 5762 5761 5768 5769
f 5769 5767 5760 5762
f 5801 5800 5788 5789
f 5787 5786 5791 5792
f 5788 5787 5792 5793
f 5789 5788 5793 5794
f 5790 5789 5794 5795
f 5792 5791 5802 5803
f 5794 5793 5803 5796
f 5795 5794 5796 5797
f 5797 5796 5798 5799
f 5808 5801 5790 5807
f 5807 5795 5797 5804
f 5804 5797 5799 5806
f 5812 5809 5810 5813
f 5813 5810 5811 5814
f 5815 5812 5813 5816
f 5816 5813 5814 5817
f 5818 5815 5816 5819
f 5819 5816 5817 5820
f 5823 5821 5822 5824
f 5825 5823 5824 5826
f 5827 5936 5825 5828
f 5810 5809 5827 5828
f 5828 5825 5826 5829
f 5811 5810 5828 5829
f 5830 5827 5809 5812
f 5831 5830 5812 5815
f 5832 5831 5815 5818
f 5838 5833 5834 5839
f 5839 5834 5835 5840
f 5840 5835 5836 5841
f 5822 5821 5840 5841
f 5842 5837 5838 5843
f 5843 5838 5839 5844
f 5844 5839 5840 5845
f 5823 5936 5844 5845
f 5845 5840 5821 5823
f 5824 5822 5841 5846
f 5847 5843 5844 5848
f 5849 5847 5848 5850
f 5850 5848 5936 5827
f 5851 5849 5850 5852
f 5852 5850 5827 5830
f 5853 5852 5830 5831
f 5854 5853 5831 5832
f 5834 5833 5856 5857
f 5857 5800 5801 5858
f 5835 5834 5857 5858
f 5836 5835 5858 5859
f 5860 5855 5856 5861
f 5838 5837 5860 5861
f 5861 5856 5833 5838
f 5862 5860 5837 5842
f 5863 5862 5842 5843
f 5864 5862 5863 5865
f 5865 5863 5843 5847
f 5943 5864 5865 5866
f 5866 5865 5847 5849
f 5867 5866 5849 5851
f 5868 5867 5851 5852
f 5869 5867 5868 5870
f 5870 5868 5852 5853
f 5871 5870 5853 5854
f 5873 5786 5787 5937
f 5856 5855 5873 5937
f 5937 5787 5800 5856
f 5874 5872 5873 5875
f 5875 5873 5855 5860
f 5876 5874 5875 5877
f 5877 5875 5860 5862
f 5878 5877 5862 5864
f 5938 5878 5864 5943
f 5879 5938 5943 5866
f 5880 5879 5866 5867
f 5882 5880 5867 5869
f 5883 5881 5880 5882
f 5883 5882 5869 5870
f 5884 5883 5870 5871
f 5873 5872 5885 5886
f 5886 5791 5786 5873
f 5887 5885 5872 5874
f 5888 5887 5874 5876
f 5889 5888 5876 5877
f 5890 5889 5877 5878
f 5892 5891 5879 5880
f 5893 5892 5880 5881
f 5894 5893 5881 5883
f 5897 5894 5883 5884
f 5898 5895 5894 5897
f 5886 5885 5900 5901
f 5901 5802 5791 5886
f 5902 5900 5885 5887
f 5904 5902 5887 5888
f 5905 5903 5902 5904
f 5905 5904 5888 5889
f 5906 5905 5889 5890
f 5941 5906 5890 5938
f 5908 5907 5906 5941
f 5908 5941 5938 5891
f 5910 5908 5891 5892
f 5911 5909 5908 5910
f 5911 5910 5892 5893
f 5942 5911 5893 5894
f 5914 5912 5911 5942
f 5914 5942 5894 5895
f 5915 5913 5912 5914
f 5916 5914 5895 5898
f 5917 5915 5914 5916
f 5917 5916 5898 5899
f 5899 5896 5915 5917
f 5901 5900 5918 5919
f 5939 5803 5802 5919
f 5940 5798 5803 5939
f 5920 5918 5900 5902
f 5921 5919 5918 5920
f 5921 5920 5902 5903
f 5922 5921 5903 5905
f 5924 5922 5905 5906
f 5925 5923 5922 5924
f 5925 5924 5906 5907
f 5929 5925 5907 5908
f 5930 5926 5925 5929
f 5930 5929 5908 5909
f 5931 5927 5926 5930
f 5932 5928 5927 5931
f 5933 5930 5909 5911
f 5934 5931 5930 5933
f 5934 5933 5911 5912
f 5935 5932 5931 5934
f 5935 5934 5912 5913
f 5814 5811 5944 5946
f 5946 5944 5945 5947
f 5817 5814 5946 5948
f 5948 5946 5947 5949
f 5820 5817 5948 5950
f 5950 5948 5949 5951
f 5826 5824 5952 5953
f 5829 5826 5953 5955
f 5944 5811 5829 5955
f 5955 5953 5954 5956
f 5945 5944 5955 5956
f 5947 5945 5956 5957
f 5949 5947 5957 5958
f 5958 5957 6036 6037
f 5951 5949 5958 5959
f 5841 5836 5960 5961
f 5846 5841 5961 5963
f 5952 5824 5846 5963
f 5963 5961 5962 5964
f 5953 5952 5963 5965
f 5965 5963 5964 5966
f 5954 5953 5965 5966
f 5956 5954 5966 5967
f 5957 5956 5967 5968
f 6036 5957 5968 5969
f 6037 6036 5969 5970
f 5972 5971 5959 6037
f 5859 5801 5808 5973
f 5960 5836 5859 5973
f 5961 5960 5973 5976
f 5976 5973 5974 5977
f 5962 5961 5976 5977
f 5977 5974 5975 5978
f 5964 5962 5977 5979
f 5979 5977 5978 6038
f 5966 5964 5979 5980
f 5967 5966 5980 5981
f 5981 5980 6038 5982
f 5968 5967 5981 5983
f 5969 5968 5983 5984
f 5986 5984 5983 5985
f 5970 5969 5984 5986
f 5988 5986 5985 5987
f 5972 5970 5986 5988
f 5973 5808 5807 5989
f 5974 5973 5989 5990
f 5975 5974 5990 5991
f 5978 5975 5991 5992
f 6038 5978 5992 5993
f 5996 5995 5981 5982
f 5982 6038 5994 5996
f 5983 5981 5995 5997
f 5985 5983 5997 5998
f 5987 5985 5998 5999
f 5991 5990 6000 6001
f 6003 6001 6000 6002
f 5992 5991 6001 6003
f 5993 5992 6003 6005
f 6007 6005 6004 6006
f 5994 5993 6005 6007
f 6009 6007 6006 6008
f 6009 6008 5995 5996
f 5996 5994 6007 6009
f 5997 5995 6008 6011
f 6013 6011 6010 6012
f 5998 5997 6011 6013
f 6014 6012 5896 5899
f 6015 6013 6012 6014
f 5999 5998 6013 6015
f 6017 5805 5804 6016
f 6000 5807 5805 6017
f 6002 6000 6017 6018
f 6003 6002 6018 6039
f 6040 6039 6018 6019
f 6040 6019 6004 6005
f 6005 6003 6039 6040
f 6006 6004 6019 6021
f 6023 6021 6020 6022
f 6008 6006 6021 6023
f 6025 6023 6022 6024
f 6025 6024 6010 6011
f 6011 6008 6023 6025
f 6041 6024 5913 5915
f 6041 5915 5896 6012
f 6012 6010 6024 6041
f 6026 5806 5799 5940
f 6016 5804 5806 6026
f 6017 6016 6026 6027
f 6029 6027 6026 6028
f 6018 6017 6027 6029
f 6031 6029 6028 6030
f 6019 6018 6029 6031
f 6033 6031 6030 6032
f 6033 6032 6020 6021
f 6021 6019 6031 6033
f 6034 6032 5928 5932
f 6022 6020 6032 6034
f 6035 6034 5932 5935
f 6035 5935 5913 6024
f 6024 6022 6034 6035
f 6042 5818 5819 6043
f 6043 5819 5820 6044
f 6045 6042 6043 6046
f 6046 6043 6044 6047
f 6048 6045 6046 6049
f 6049 6046 6047 6050
f 5567 5566 6049 6050
f 6051 6048 6049 6052
f 6052 6049 5566 5568
f 6053 6051 6052 6103
f 6103 6052 5568 5570
f 5572 5577 6054 6103
f 6104 6054 5577 5578
f 6055 5832 5818 6042
f 6056 6055 6042 6045
f 6057 6056 6045 6048
f 6058 6057 6048 6051
f 6059 6058 6051 6053
f 6060 6059 6053 6054
f 6105 5854 5832 6055
f 6061 6105 6056 6057
f 6062 6061 6057 6058
f 6063 6062 6058 6059
f 6064 6063 6059 6060
f 6065 6064 6060 6104
f 6107 6106 6105 6068
f 6069 6068 6061 6062
f 6070 6069 6062 6063
f 6108 6107 6069 6070
f 6071 6070 6063 6064
f 6072 6071 6064 6065
f 6067 6066 6073 6074
f 6074 6072 6065 6067
f 6075 5884 5871 6105
f 6078 6076 6075 6077
f 6078 6077 6105 6106
f 6080 6078 6106 6107
f 6081 6079 6078 6080
f 6083 6081 6080 6082
f 6108 6070 6109 6084
f 6084 6082 6107 6108
f 6085 6083 6082 6084
f 6087 6085 6084 6086
f 6110 6109 6071 6072
f 6088 6086 6109 6110
f 6090 5897 5884 6075
f 6091 5898 5897 6090
f 6091 6090 6075 6076
f 6092 5899 5898 6091
f 6093 6091 6076 6078
f 6094 6092 6091 6093
f 6094 6093 6078 6079
f 6095 6094 6079 6081
f 6087 6086 6097 6098
f 6098 6096 6085 6087
f 6099 6097 6086 6088
f 6100 6098 6097 6099
f 6101 6099 6088 6089
f 6102 6100 6099 6101
f 6044 5820 5950 6111
f 6111 5950 5951 6112
f 6047 6044 6111 6113
f 6113 6111 6112 6114
f 6050 6047 6113 6115
f 5589 5567 6050 6115
f 6115 6113 6114 6116
f 6117 6115 6116 6118
f 5581 5589 6117 6119
f 6119 6117 6118 6120
f 5582 5581 6119 6120
f 5584 5582 6120 6121
f 5586 5584 6121 6183
f 6183 6121 6182 6122
f 6112 5951 5959 6124
f 6114 6112 6124 6125
f 6116 6114 6125 6126
f 6118 6116 6126 6127
f 6120 6118 6127 6128
f 6128 6127 6181 6182
f 6121 6120 6128 6129
f 6123 6122 6130 6131
f 6124 5959 5971 6132
f 6132 5971 5972 6133
f 6125 6124 6132 6134
f 6134 6132 6133 6135
f 6126 6125 6134 6136
f 6136 6134 6135 6137
f 6127 6126 6136 6138
f 6138 6136 6137 6139
f 6181 6127 6138 6139
f 6182 6181 6139 6140
f 6130 6182 6141 6142
f 6131 6130 6142 6143
f 6145 5988 5987 6144
f 6133 5972 5988 6145
f 6147 6145 6144 6146
f 6135 6133 6145 6147
f 6149 6147 6146 6148
f 6137 6135 6147 6149
f 6151 6149 6148 6150
f 6139 6137 6149 6151
f 6152 6151 6150 6184
f 6140 6139 6151 6152
f 6141 6140 6152 6153
f 6154 6153 6184 6185
f 6142 6141 6153 6154
f 6143 6142 6154 6155
f 6144 5987 5999 6157
f 6159 6157 6156 6158
f 6146 6144 6157 6159
f 6161 6159 6158 6160
f 6148 6146 6159 6161
f 6162 6160 6081 6083
f 6163 6161 6160 6162
f 6150 6148 6161 6163
f 6164 6162 6083 6085
f 6165 6163 6162 6164
f 6184 6150 6163 6165
f 6167 6165 6164 6166
f 6169 6167 6166 6168
f 6185 6184 6167 6169
f 6171 6169 6168 6170
f 6155 6185 6171 6186
f 6172 6014 5899 6092
f 6173 6015 6014 6172
f 6173 6172 6156 6157
f 6157 5999 6015 6173
f 6174 6172 6092 6094
f 6158 6156 6172 6174
f 6175 6174 6094 6095
f 6175 6095 6081 6160
f 6160 6158 6174 6175
f 6164 6085 6096 6176
f 6177 6176 6096 6098
f 6166 6164 6176 6177
f 6178 6177 6098 6100
f 6168 6166 6177 6178
f 6179 6178 6100 6102
f 6170 6168 6178 6179
f 6171 6170 6179 6180
f 6187 6104 5578 5634
f 6188 6187 5634 5636
f 5638 5637 6189 6190
f 6190 6188 5636 5638
f 6191 6189 5637 5639
f 6263 6191 5639 5641
f 5643 5650 6262 6263
f 6194 6192 6193 6195
f 6195 6193 6187 6188
f 6196 6194 6195 6197
f 6190 6189 6196 6197
f 6197 6195 6188 6190
f 6198 6196 6189 6191
f 6199 6066 6067 6200
f 6193 6192 6199 6200
f 6200 6067 6104 6193
f 6201 6199 6192 6194
f 6202 6201 6194 6196
f 6203 6202 6196 6198
f 6263 6262 6204 6205
f 6205 6203 6198 6263
f 6207 6205 6204 6206
f 6265 6206 6262 6264
f 6208 6073 6066 6199
f 6209 6074 6073 6208
f 6210 6208 6199 6201
f 6211 6209 6208 6210
f 6212 6210 6201 6202
f 6213 6211 6210 6212
f 6214 6212 6202 6203
f 6215 6213 6212 6214
f 6216 6214 6203 6205
f 6207 6206 6217 6218
f 6218 6216 6205 6207
f 6266 6218 6217 6265
f 6267 6110 6074 6209
f 6219 6089 6110 6267
f 6221 6267 6211 6213
f 6222 6220 6267 6221
f 6215 6214 6223 6224
f 6224 6221 6213 6215
f 6225 6223 6214 6216
f 6226 6224 6223 6225
f 6227 6225 6216 6218
f 6228 6226 6225 6227
f 6266 6265 6269 6229
f 6229 6227 6218 6266
f 6231 6101 6089 6219
f 6232 6102 6101 6231
f 6233 6231 6219 6220
f 6234 6232 6231 6233
f 6222 6221 6235 6236
f 6236 6233 6220 6222
f 6237 6234 6233 6236
f 6238 6235 6221 6224
f 6239 6236 6235 6238
f 6240 6237 6236 6239
f 6241 6238 6224 6226
f 6242 6239 6238 6241
f 6243 6240 6239 6242
f 6228 6227 6244 6245
f 6245 6241 6226 6228
f 6246 6242 6241 6245
f 6247 6243 6242 6246
f 6248 6244 6227 6229
f 6249 6245 6244 6248
f 6268 6246 6245 6249
f 6250 6248 6229 6230
f 6251 6249 6248 6250
f 6247 6246 6252 6253
f 6268 6249 6254 6255
f 6255 6252 6246 6268
f 6256 6253 6252 6255
f 6251 6250 6257 6258
f 6258 6254 6249 6251
f 6259 6255 6254 6258
f 6260 6256 6255 6259
f 5689 5588 6183 6329
f 6329 6183 6123 6270
f 5708 5690 6329 6271
f 5692 5708 6271 6272
f 5694 5692 6272 6273
f 5695 5694 6273 6274
f 5712 5695 6274 6336
f 6270 6123 6131 6275
f 6271 6270 6275 6276
f 6272 6271 6276 6277
f 6273 6272 6277 6278
f 6274 6273 6278 6279
f 6275 6131 6143 6280
f 6276 6275 6280 6281
f 6277 6276 6281 6282
f 6278 6277 6282 6283
f 6279 6278 6283 6284
f 6280 6143 6155 6285
f 6281 6280 6285 6286
f 6282 6281 6286 6287
f 6283 6282 6287 6288
f 6284 6283 6288 6289
f 6330 6186 6171 6290
f 6285 6155 6186 6330
f 6293 6330 6291 6292
f 6287 6286 6330 6293
f 6295 6293 6292 6294
f 6288 6287 6293 6295
f 6289 6288 6295 6296
f 6336 6289 6296 6331
f 6297 6179 6102 6232
f 6298 6180 6179 6297
f 6290 6171 6180 6298
f 6299 6297 6232 6234
f 6300 6298 6297 6299
f 6291 6290 6298 6300
f 6301 6299 6234 6237
f 6302 6300 6299 6301
f 6292 6291 6300 6302
f 6303 6301 6237 6240
f 6304 6302 6301 6303
f 6294 6292 6302 6304
f 6295 6294 6304 6305
f 6296 6295 6305 6306
f 6307 6303 6240 6243
f 6308 6304 6303 6307
f 6333 6305 6304 6308
f 6309 6307 6243 6247
f 6310 6308 6307 6309
f 6306 6305 6311 6312
f 6331 6306 6312 6334
f 6332 6331 6334 6335
f 6333 6308 6313 6314
f 6314 6311 6305 6333
f 6309 6247 6253 6315
f 6310 6309 6315 6316
f 6316 6313 6308 6310
f 6317 6315 6253 6256
f 6318 6317 6256 6260
f 6312 6311 6319 6320
f 6314 6313 6321 6322
f 6322 6319 6311 6314
f 6323 6320 6319 6322
f 6316 6315 6324 6325
f 6325 6321 6313 6316
f 6326 6324 6315 6317
f 6327 6325 6324 6326
f 6318 6260 6261 6328
f 6328 6326 6317 6318
f 6386 6264 5650 5782
f 6387 6386 5782 5763
f 6337 6387 5764 5784
f 6339 6338 5784 5766
f 6340 6339 5766 5768
f 6343 6341 6337 6338
f 6344 6343 6338 6339
f 6345 6344 6339 6340
f 6388 6265 6264 6386
f 6389 6388 6386 6387
f 6342 6341 6346 6347
f 6347 6389 6387 6342
f 6348 6346 6341 6343
f 6390 6348 6343 6344
f 6347 6346 6349 6350
f 6351 6349 6346 6348
f 6352 6350 6349 6351
f 6353 6269 6265 6388
f 6392 6354 6388 6389
f 6355 6392 6389 6350
f 6352 6351 6356 6357
f 6357 6355 6350 6352
f 6393 6356 6351 6390
f 6391 6250 6269 6358
f 6359 6358 6353 6354
f 6361 6360 6355 6357
f 6362 6257 6250 6391
f 6363 6258 6257 6362
f 6364 6259 6258 6363
f 6365 6260 6259 6364
f 6391 6359 6394 6366
f 6367 6363 6362 6366
f 6368 6364 6363 6367
f 6395 6394 6359 6392
f 6369 6366 6394 6395
f 6370 6367 6366 6369
f 6397 6395 6392 6360
f 6372 6371 6395 6397
f 6398 6397 6361 6393
f 6399 6373 6397 6398
f 6365 6364 6374 6375
f 6375 6261 6260 6365
f 6368 6367 6376 6377
f 6377 6374 6364 6368
f 6378 6375 6374 6377
f 6370 6369 6379 6380
f 6380 6376 6367 6370
f 6396 6377 6376 6380
f 6381 6379 6369 6371
f 6382 6380 6379 6381
f 6383 6381 6371 6372
f 6384 6382 6381 6383
f 6385 6383 6372 6373
f 5939 5919 6400 6401
f 5940 5939 6402 6403
f 6405 6400 5919 5921
f 6406 6401 6400 6405
f 6428 6405 5921 5922
f 6408 6406 6405 6428
f 6408 6428 5922 5923
f 6412 6408 5923 5925
f 6413 6409 6408 6412
f 6413 6412 5925 5926
f 6414 6410 6409 6413
f 6414 6413 5926 5927
f 6415 6411 6410 6414
f 6415 6414 5927 5928
f 6402 6401 6416 6417
f 6403 6402 6417 6418
f 6404 6403 6418 6419
f 6420 6416 6401 6406
f 6421 6417 6416 6420
f 6422 6418 6417 6421
f 6423 6419 6418 6422
f 6407 6404 6419 6423
f 6424 6420 6406 6408
f 6425 6421 6420 6424
f 6425 6424 6408 6409
f 6426 6422 6421 6425
f 6426 6425 6409 6410
f 6427 6423 6422 6426
f 6427 6426 6410 6411
f 6411 6407 6423 6427
f 6026 5940 6404 6429
f 6430 6429 6404 6407
f 6028 6026 6429 6430
f 6431 6430 6407 6411
f 6030 6028 6430 6431
f 6432 6431 6411 6415
f 6432 6415 5928 6032
f 6032 6030 6431 6432
f 6334 6320 6491 6492
f 6335 6334 6492 6493
f 6322 6321 6494 6434
f 6323 6322 6434 6435
f 6435 6491 6320 6323
f 6495 6494 6325 6327
f 6328 6261 6433 6495
f 6435 6434 6437 6438
f 6439 6437 6434 6436
f 6492 6491 6496 6440
f 6493 6492 6441 6497
f 6438 6437 6442 6443
f 6443 6496 6491 6438
f 6439 6494 6498 6444
f 6444 6442 6437 6439
f 6445 6498 6494 6495
f 6446 6444 6498 6445
f 6449 6446 6445 6448
f 6441 6440 6450 6451
f 6443 6442 6452 6453
f 6454 6450 6496 6453
f 6455 6451 6450 6454
f 6499 6497 6451 6455
f 6456 6452 6442 6444
f 6457 6453 6452 6456
f 6458 6456 6444 6446
f 6449 6448 6459 6460
f 6460 6458 6446 6449
f 6454 6453 6461 6462
f 6455 6454 6462 6463
f 6499 6455 6463 6464
f 6457 6456 6466 6467
f 6467 6461 6453 6457
f 6468 6462 6461 6467
f 6469 6463 6462 6468
f 6470 6464 6463 6469
f 6471 6465 6464 6470
f 6472 6466 6456 6458
f 6473 6467 6466 6472
f 6474 6472 6458 6460
f 6475 6473 6472 6474
f 6468 6467 6476 6477
f 6469 6468 6477 6478
f 6470 6469 6478 6479
f 6471 6470 6479 6480
f 6481 6476 6467 6473
f 6482 6477 6476 6481
f 6483 6478 6477 6482
f 6500 6479 6478 6483
f 6475 6474 6484 6485
f 6485 6481 6473 6475
f 6486 6482 6481 6485
f 6483 6482 6487 6488
f 6500 6483 6488 6501
f 6489 6487 6482 6486
f 6490 6488 6487 6489
f 6502 6433 6261 6375
f 6378 6377 6503 6504
f 6504 6502 6375 6378
f 6505 6503 6377 6396
f 6506 6504 6503 6505
f 6396 6382 6543 6507
f 6508 6506 6505 6507
f 6384 6383 6509 6510
f 6510 6543 6382 6384
f 6511 6507 6543 6510
f 6512 6509 6383 6385
f 6513 6510 6509 6512
f 6514 6511 6510 6513
f 6515 6512 6385 6399
f 6516 6513 6512 6515
f 6399 6398 6547 6517
f 6519 6518 6502 6504
f 6520 6519 6504 6506
f 6508 6507 6521 6522
f 6522 6520 6506 6508
f 6523 6521 6507 6511
f 6524 6522 6521 6523
f 6514 6513 6525 6526
f 6526 6523 6511 6514
f 6527 6524 6523 6526
f 6516 6515 6528 6529
f 6529 6525 6513 6516
f 6544 6526 6525 6529
f 6530 6528 6515 6517
f 6531 6529 6528 6530
f 6532 6545 6522 6524
f 6527 6526 6533 6534
f 6534 6532 6524 6527
f 6544 6529 6546 6535
f 6535 6533 6526 6544
f 6536 6534 6533 6535
f 6536 6535 6539 6540
f 6540 6538 6534 6536
f 6541 6539 6535 6537
f 6542 6540 6539 6541
f 6592 6495 6433 6502
f 6593 6592 6519 6520
f 6549 6447 6495 6592
f 6550 6448 6447 6549
f 6552 6550 6549 6551
f 6593 6520 6545 6595
f 6595 6551 6592 6593
f 6553 6595 6545 6532
f 6554 6553 6532 6534
f 6555 6459 6448 6550
f 6594 6460 6459 6555
f 6556 6555 6550 6552
f 6596 6594 6556 6595
f 6554 6534 6538 6559
f 6559 6557 6553 6554
f 6560 6558 6557 6559
f 6561 6559 6538 6540
f 6562 6560 6559 6561
f 6563 6561 6540 6542
f 6564 6474 6460 6594
f 6599 6565 6594 6596
f 6596 6595 6598 6599
f 6600 6598 6595 6558
f 6601 6599 6598 6600
f 6562 6561 6566 6567
f 6567 6600 6560 6562
f 6563 6542 6548 6568
f 6568 6566 6561 6563
f 6569 6567 6566 6568
f 6570 6484 6474 6564
f 6571 6485 6484 6570
f 6597 6486 6485 6571
f 6572 6570 6564 6565
f 6573 6571 6570 6572
f 6602 6601 6600 6574
f 6575 6574 6567 6569
f 6597 6571 6603 6576
f 6576 6489 6486 6597
f 6577 6490 6489 6576
f 6604 6501 6490 6577
f 6579 6577 6576 6578
f 6605 6603 6573 6599
f 6580 6578 6603 6605
f 6581 6579 6578 6580
f 6606 6604 6579 6581
f 6583 6581 6580 6582
f 6607 6605 6599 6601
f 6584 6582 6605 6607
f 6609 6607 6601 6602
f 6583 6582 6587 6588
f 6588 6586 6581 6583
f 6589 6587 6582 6584
f 6590 6588 6587 6589
f 6608 6606 6588 6590
f 6591 6589 6584 6585
f 6610 6591 6607 6609
f 6590 6589 6611 6612
f 6608 6590 6612 6622
f 6613 6611 6589 6591
f 6614 6612 6611 6613
f 6615 6613 6591 6610
f 6616 6614 6613 6615
f 6623 6622 6614 6616
f 6610 6609 6626 6617
f 6616 6615 6618 6619
f 6620 6618 6615 6617
f 6621 6619 6618 6620
f 6623 6621 6624 6625
f 6631 6629 6630 6632
f 6633 6631 6632 6634
f 6635 6633 6634 6636
f 6636 6634 6627 6628
f 6640 6638 6639 6641
f 6628 6627 6640 6642
f 6642 6640 6641 6643
f 6646 6644 6645 6647
f 6630 6637 6646 6648
f 6648 6646 6647 6649
f 6632 6630 6648 6650
f 6650 6648 6649 6651
f 6639 6638 6650 6651
f 6634 6632 6650 6652
f 6640 6627 6634 6652
f 6652 6650 6638 6640
f 6641 6639 6651 6653
f 6653 6651 6655 6656
f 6643 6641 6653 6654
f 3417 1681 5697 6713
f 3418 3417 6714 6730
f 6717 6730 6714 6716
f 3413 3418 6730 6717
f 3403 3413 6717 6657
f 3405 3403 6657 6658
f 3406 3405 6658 6659
f 3414 3406 6659 6718
f 6716 6714 6713 6715
f 6658 6657 6660 6661
f 6659 6658 6661 6662
f 6713 5697 5703 6719
f 6715 6713 6719 6721
f 6721 6719 6720 6722
f 6716 6715 6721 6722
f 6717 6716 6722 6723
f 6660 6717 6723 6663
f 6661 6660 6663 6664
f 6662 6661 6664 6665
f 6718 6662 6665 6724
f 6664 6663 6666 6667
f 6665 6664 6667 6668
f 6719 5703 5712 6725
f 6720 6719 6725 6669
f 6674 6670 6669 6673
f 6722 6720 6670 6675
f 6675 6670 6671 6676
f 6723 6722 6675 6676
f 6676 6671 6672 6677
f 6666 6723 6677 6678
f 6667 6666 6678 6680
f 6680 6678 6679 6681
f 6668 6667 6680 6681
f 6724 6668 6681 6726
f 6671 6670 6684 6685
f 6672 6671 6685 6686
f 6673 6669 6683 6689
f 6689 6683 6684 6690
f 6674 6673 6689 6690
f 6690 6684 6670 6674
f 6677 6672 6686 6691
f 6691 6686 6687 6692
f 6678 6677 6691 6692
f 6692 6687 6688 6693
f 6679 6678 6692 6693
f 6681 6679 6693 6694
f 6697 6695 6696 6698
f 6699 6697 6698 6700
f 6683 6725 6728 6729
f 6685 6684 6729 6701
f 6686 6685 6701 6702
f 6687 6686 6702 6703
f 6703 6699 6700 6704
f 6688 6687 6703 6704
f 6704 6700 6682 6688
f 6705 6635 6636 6706
f 6696 6695 6705 6706
f 6706 6636 6628 6696
f 6707 6705 6695 6697
f 6708 6727 6707 6709
f 6709 6707 6697 6699
f 6702 6701 6710 6711
f 6711 6708 6709 6712
f 6703 6702 6711 6712
f 6712 6709 6699 6703
f 3453 3414 6718 6775
f 3454 3453 6775 6776
f 6775 6718 6724 6777
f 6726 6681 6731 6732
f 6777 6724 6726 6732
f 6734 6732 6733 6735
f 6693 6688 6778 6736
f 6694 6693 6736 6738
f 6731 6681 6694 6738
f 6738 6736 6737 6739
f 6732 6731 6738 6740
f 6740 6738 6739 6741
f 6733 6732 6740 6741
f 6741 6739 6779 6780
f 6735 6733 6741 6742
f 6696 6628 6642 6743
f 6743 6642 6643 6744
f 6698 6696 6743 6746
f 6746 6743 6744 6747
f 6747 6744 6745 6748
f 6700 6698 6746 6749
f 6778 6682 6700 6749
f 6749 6746 6747 6750
f 6750 6747 6748 6751
f 6752 6749 6750 6753
f 6753 6750 6751 6754
f 6737 6778 6753 6781
f 6781 6753 6754 6755
f 6779 6737 6781 6755
f 6757 6755 6756 6758
f 6780 6779 6757 6759
f 6759 6757 6758 6760
f 6761 6759 6760 6762
f 6744 6643 6654 6763
f 6763 6654 6656 6764
f 6745 6744 6763 6764
f 6748 6745 6764 6765
f 6751 6748 6765 6766
f 6754 6751 6766 6768
f 6768 6766 6767 6769
f 6755 6754 6768 6770
f 6770 6768 6769 6771
f 6756 6755 6770 6771
f 6758 6756 6771 6772
f 6760 6758 6772 6773
f 6762 6760 6773 6774
f 6844 6776 6775 6843
f 3474 3454 6776 6844
f 3476 3474 6844 6845
f 3477 3476 6845 6856
f 6847 6856 6845 6846
f 3478 3477 6856 6847
f 3480 3478 6847 6848
f 6843 6775 6777 6849
f 6844 6843 6849 6850
f 6845 6844 6850 6783
f 6846 6845 6785 6851
f 6847 6846 6851 6786
f 6848 6847 6786 6787
f 6784 6783 6790 6791
f 6785 6784 6791 6792
f 6787 6786 6793 6794
f 6788 6787 6794 6795
f 6789 6788 6795 6796
f 6849 6777 6735 6797
f 6799 6797 6798 6800
f 6850 6849 6799 6800
f 6790 6850 6800 6801
f 6791 6790 6801 6802
f 6792 6791 6802 6803
f 6851 6792 6803 6804
f 6793 6851 6805 6806
f 6808 6806 6805 6807
f 6794 6793 6806 6808
f 6795 6794 6808 6809
f 6796 6795 6809 6810
f 6797 6735 6742 6811
f 6811 6742 6780 6812
f 6798 6797 6811 6812
f 6800 6798 6812 6814
f 6814 6812 6813 6815
f 6801 6800 6814 6816
f 6816 6814 6815 6817
f 6802 6801 6816 6817
f 6817 6815 6852 6853
f 6803 6802 6817 6818
f 6804 6803 6818 6819
f 6819 6818 6853 6820
f 6805 6804 6819 6821
f 6821 6819 6820 6822
f 6807 6805 6821 6823
f 6823 6821 6822 6824
f 6808 6807 6823 6824
f 6809 6808 6824 6825
f 6810 6809 6825 6826
f 6813 6780 6762 6854
f 6854 6762 6782 6827
f 6852 6815 6854 6828
f 6853 6852 6828 6829
f 6820 6853 6830 6855
f 6824 6822 6855 6831
f 6825 6824 6831 6832
f 6826 6825 6832 6833
f 6828 6827 6834 6835
f 6829 6828 6835 6836
f 6830 6829 6836 6837
f 6832 6831 6839 6841
f 6841 6839 6840 6842
f 6833 6832 6841 6842
f 6858 6857 6859 6860
f 6860 6859 6861 6862
f 6875 6864 6858 6877
f 6876 6875 6877 6865
f 6880 6876 6866 6867
f 6866 6865 6868 6869
f 6867 6866 6869 6870
f 6877 6860 6862 6871
f 6868 6877 6872 6878
f 6870 6869 6878 6879
f 6871 6862 6863 6873
f 6872 6871 6873 6874
f 6883 6881 6882 6884
f 6885 6883 6884 6886
f 6887 6885 6886 6888
f 6882 6881 6891 6892
f 6893 6891 6881 6883
f 6972 6971 6893 6894
f 6894 6893 6883 6885
f 6895 6894 6885 6887
f 6899 6897 6898 6900
f 6901 6899 6900 6902
f 6902 6900 6889 6890
f 6903 6901 6902 6904
f 6892 6891 6903 6904
f 6904 6902 6890 6892
f 6893 6971 6905 6906
f 6906 6903 6891 6893
f 6907 6905 6971 6972
f 6908 6907 6972 6894
f 6909 6907 6908 6910
f 6910 6908 6894 6895
f 6914 6911 6912 6915
f 6915 6912 6913 6916
f 6898 6897 6915 6916
f 6916 6913 6896 6898
f 6973 6914 6915 6917
f 6917 6915 6897 6899
f 6918 6917 6899 6901
f 6919 6973 6918 6920
f 6920 6918 6901 6903
f 6906 6905 6921 6922
f 6922 6920 6903 6906
f 6923 6921 6905 6907
f 6924 6922 6921 6923
f 6925 6923 6907 6909
f 6926 6924 6923 6925
f 6912 6911 6927 6928
f 6928 6857 6858 6929
f 6913 6912 6928 6929
f 6929 6858 6864 6913
f 6930 6927 6911 6914
f 6931 6930 6914 6973
f 6933 6932 6973 6919
f 6934 6933 6919 6920
f 6935 6934 6920 6922
f 6936 6935 6922 6924
f 6937 6936 6924 6926
f 6928 6927 6938 6939
f 6939 6859 6857 6928
f 6940 6938 6927 6930
f 6941 6939 6938 6940
f 6942 6940 6930 6931
f 6943 6942 6931 6932
f 6944 6943 6932 6933
f 6945 6974 6943 6944
f 6945 6944 6933 6934
f 6946 6945 6934 6935
f 6948 6946 6935 6936
f 6949 6947 6946 6948
f 6950 6948 6936 6937
f 6951 6949 6948 6950
f 6952 6861 6859 6939
f 6953 6862 6861 6952
f 6941 6940 6975 6954
f 6954 6952 6939 6941
f 6976 6975 6940 6942
f 6955 6954 6975 6976
f 6955 6976 6942 6974
f 6958 6956 6974 6945
f 6959 6957 6956 6958
f 6960 6958 6945 6946
f 6961 6959 6958 6960
f 6961 6960 6946 6947
f 6977 6961 6947 6949
f 6953 6952 6962 6963
f 6963 6863 6862 6953
f 6964 6962 6952 6954
f 6965 6964 6954 6955
f 6967 6965 6955 6956
f 6968 6966 6965 6967
f 6968 6967 6956 6957
f 6969 6968 6957 6959
f 6970 6969 6959 6961
f 6884 6882 6978 6981
f 6981 6978 6979 6982
f 6982 6979 6980 6983
f 6886 6884 6981 6984
f 6984 6981 6982 6985
f 6985 6982 6983 6986
f 6888 6886 6984 6987
f 6987 6984 6985 6988
f 6988 6985 6986 6989
f 6992 6990 6991 6993
f 6993 6991 7105 7106
f 6890 6889 6992 6994
f 6994 6992 6993 6995
f 6892 6890 6994 6996
f 6978 6882 6892 6996
f 6996 6994 6995 6997
f 6979 6978 6996 6997
f 6997 6995 7106 6998
f 6980 6979 6997 6998
f 6983 6980 6998 6999
f 6986 6983 6999 7000
f 6989 6986 7000 7001
f 6898 6896 7002 7006
f 7006 7002 7003 7007
f 6991 6990 7006 7007
f 7007 7003 7004 7008
f 7105 6991 7007 7008
f 7008 7004 7005 7009
f 6900 6898 7006 7107
f 6992 6889 6900 7107
f 7107 7006 6990 6992
f 7106 7105 7008 7011
f 7011 7008 7009 7012
f 7012 7009 7010 7013
f 7014 7011 7012 7015
f 6998 7106 7014 7016
f 7016 7014 7015 7017
f 6999 6998 7016 7018
f 7018 7016 7017 7019
f 7000 6999 7018 7020
f 7001 7000 7020 7021
f 6913 6864 6875 7022
f 7002 6896 6913 7022
f 7003 7002 7022 7023
f 7023 6875 6876 7024
f 7004 7003 7023 7024
f 7005 7004 7024 7025
f 7025 6876 6880 7026
f 7009 7005 7025 7027
f 7027 7025 7026 7028
f 7010 7009 7027 7028
f 7030 7029 7012 7013
f 7013 7010 7028 7030
f 7015 7012 7029 7031
f 7031 7029 7030 7032
f 7017 7015 7031 7033
f 7033 7031 7032 7112
f 7035 7034 7018 7019
f 7019 7017 7033 7035
f 7020 7018 7034 7036
f 7036 7034 7035 7037
f 7021 7020 7036 7038
f 7026 6880 6867 7039
f 7028 7026 7039 7041
f 7041 7039 7040 7042
f 7030 7028 7041 7043
f 7043 7041 7042 7044
f 7032 7030 7043 7045
f 7047 7046 7033 7112
f 7112 7032 7045 7047
f 7035 7033 7046 7049
f 7051 7049 7048 7050
f 7051 7050 7036 7037
f 7037 7035 7049 7051
f 7038 7036 7050 7052
f 7039 6867 6870 7053
f 7040 7039 7053 7054
f 7042 7040 7054 7055
f 7057 7056 7043 7044
f 7044 7042 7055 7057
f 7045 7043 7056 7058
f 7060 7058 7108 7059
f 7060 7059 7046 7047
f 7047 7045 7058 7060
f 7062 7061 7048 7049
f 7049 7046 7059 7062
f 7050 7048 7061 7065
f 7066 7063 6949 6951
f 7068 7065 7064 7067
f 7052 7050 7065 7068
f 7053 6870 6879 7069
f 7054 7053 7069 7070
f 7055 7054 7070 7072
f 7074 7072 7071 7073
f 7074 7073 7056 7057
f 7057 7055 7072 7074
f 7076 7075 7108 7058
f 7058 7056 7073 7076
f 7059 7108 7075 7078
f 7082 7078 7077 7081
f 7082 7081 7061 7062
f 7062 7059 7078 7082
f 7083 7079 6961 6977
f 7083 6977 6949 7063
f 7084 7080 7079 7083
f 7111 7081 7080 7084
f 7111 7084 7064 7065
f 7065 7061 7081 7111
f 7085 7083 7063 7066
f 7086 7084 7083 7085
f 7086 7085 7066 7067
f 7067 7064 7084 7086
f 7109 6873 6863 6963
f 7110 6878 6874 7109
f 7087 6879 6878 7110
f 7070 7069 7087 7088
f 7090 7088 7087 7089
f 7090 7089 7071 7072
f 7072 7070 7088 7090
f 7073 7071 7089 7092
f 7097 7092 7091 7096
f 7097 7096 7075 7076
f 7076 7073 7092 7097
f 7098 7093 6968 6969
f 7099 7094 7093 7098
f 7100 7095 7094 7099
f 7101 7096 7095 7100
f 7101 7100 7077 7078
f 7078 7075 7096 7101
f 7102 7098 6969 6970
f 7102 6970 6961 7079
f 7103 7099 7098 7102
f 7103 7102 7079 7080
f 7104 7100 7099 7103
f 7104 7103 7080 7081
f 7081 7077 7100 7104
f 7113 6887 6888 7114
f 7115 7113 7114 7116
f 7117 7115 7116 7118
f 7119 7117 7118 7120
f 7121 7119 7120 7122
f 6630 6629 7121 7122
f 7122 7120 6637 6630
f 7123 7121 6629 6631
f 7124 7184 7123 7185
f 7185 7123 6631 6633
f 7126 6895 6887 7113
f 7127 7126 7113 7115
f 7128 7127 7115 7117
f 7129 7128 7117 7119
f 7184 7183 7129 7130
f 7130 7129 7119 7121
f 7131 7130 7121 7123
f 7133 7132 7124 7125
f 7134 6909 6910 7135
f 7135 6910 6895 7126
f 7136 7134 7135 7137
f 7137 7135 7126 7127
f 7138 7136 7137 7139
f 7139 7137 7127 7128
f 7140 7138 7139 7141
f 7129 7183 7140 7141
f 7141 7139 7128 7129
f 7142 7140 7183 7184
f 7144 7143 7184 7132
f 7145 7144 7132 7133
f 7146 6925 6909 7134
f 7147 6926 6925 7146
f 7148 7146 7134 7136
f 7149 7147 7146 7148
f 7150 7148 7136 7138
f 7151 7149 7148 7150
f 7152 7150 7138 7140
f 7153 7151 7150 7152
f 7154 7152 7140 7142
f 7186 7153 7152 7154
f 7155 7154 7142 7143
f 7156 7155 7143 7144
f 7187 7186 7155 7156
f 7157 7156 7144 7145
f 7158 6937 6926 7147
f 7160 7158 7147 7149
f 7161 7159 7158 7160
f 7162 7160 7149 7151
f 7163 7161 7160 7162
f 7164 7162 7151 7153
f 7165 7163 7162 7164
f 7166 7164 7153 7186
f 7167 7165 7164 7166
f 7169 7167 7166 7168
f 7170 7168 7186 7187
f 7171 7169 7168 7170
f 7187 7157 7188 7172
f 7173 7171 7170 7172
f 7174 6950 6937 7158
f 7175 6951 6950 7174
f 7175 7174 7158 7159
f 7176 7175 7159 7161
f 7177 7176 7161 7163
f 7179 7178 7167 7169
f 7180 7179 7169 7171
f 7173 7172 7181 7182
f 7182 7180 7171 7173
f 7114 6888 6987 7189
f 7189 6987 6988 7190
f 7190 6988 6989 7191
f 7116 7114 7189 7192
f 7192 7189 7190 7193
f 7193 7190 7191 7194
f 7118 7116 7192 7195
f 6644 6637 7118 7195
f 7195 7192 7193 7196
f 6645 6644 7195 7196
f 7196 7193 7194 7197
f 6647 6645 7196 7198
f 7198 7196 7197 7199
f 6649 6647 7198 7256
f 7256 7198 7199 7200
f 6655 6651 7256 7201
f 6656 6655 7201 7202
f 7191 6989 7001 7204
f 7194 7191 7204 7205
f 7197 7194 7205 7206
f 7199 7197 7206 7207
f 7200 7199 7207 7208
f 7201 7200 7208 7209
f 7202 7201 7209 7210
f 7203 7202 7210 7211
f 7204 7001 7021 7212
f 7205 7204 7212 7213
f 7206 7205 7213 7214
f 7207 7206 7214 7215
f 7208 7207 7215 7216
f 7209 7208 7216 7217
f 7210 7209 7217 7218
f 7211 7210 7218 7219
f 7212 7021 7038 7220
f 7213 7212 7220 7221
f 7222 7221 7257 7258
f 7214 7213 7221 7222
f 7215 7214 7222 7223
f 7224 7223 7258 7259
f 7216 7215 7223 7224
f 7217 7216 7224 7225
f 7218 7217 7225 7226
f 7219 7218 7226 7227
f 7220 7038 7052 7229
f 7232 7229 7228 7231
f 7232 7231 7257 7221
f 7221 7220 7229 7232
f 7234 7231 7230 7233
f 7258 7257 7231 7234
f 7235 7233 7163 7165
f 7236 7234 7233 7235
f 7237 7235 7165 7167
f 7238 7236 7235 7237
f 7259 7258 7236 7238
f 7224 7259 7238 7260
f 7240 7238 7237 7239
f 7261 7260 7240 7241
f 7226 7225 7260 7261
f 7243 7066 6951 7175
f 7244 7067 7066 7243
f 7245 7068 7067 7244
f 7245 7244 7228 7229
f 7229 7052 7068 7245
f 7246 7243 7175 7176
f 7247 7244 7243 7246
f 7247 7246 7230 7231
f 7231 7228 7244 7247
f 7248 7246 7176 7177
f 7248 7177 7163 7233
f 7233 7230 7246 7248
f 7237 7167 7178 7249
f 7250 7249 7178 7179
f 7239 7237 7249 7250
f 7240 7239 7250 7251
f 7252 7250 7179 7180
f 7253 7251 7250 7252
f 7241 7240 7251 7253
f 7254 7252 7180 7182
f 7255 7253 7252 7254
f 7242 7241 7253 7255
f 7262 7125 7185 7318
f 7318 7185 6635 6705
f 6707 6727 7263 7318
f 7264 7263 6727 6708
f 6728 5712 6336 7322
f 6710 6729 7322 7265
f 6711 6710 7265 7266
f 7266 7264 6708 6711
f 7267 7133 7125 7262
f 7268 7267 7262 7263
f 7269 7268 7263 7264
f 7266 7265 7270 7271
f 7271 7269 7264 7266
f 7319 7145 7133 7267
f 7272 7319 7268 7269
f 7271 7270 7273 7274
f 7274 7272 7269 7271
f 7274 7273 7276 7277
f 7277 7275 7272 7274
f 7320 7188 7157 7319
f 7278 7172 7188 7320
f 7280 7320 7319 7275
f 7281 7279 7320 7280
f 7322 6336 6332 7323
f 7276 7322 7323 7282
f 7277 7276 7282 7283
f 7283 7280 7275 7277
f 7284 7281 7280 7283
f 7285 7181 7172 7278
f 7286 7182 7181 7285
f 7287 7285 7278 7279
f 7288 7286 7285 7287
f 7289 7287 7279 7281
f 7290 7288 7287 7289
f 7283 7282 7291 7292
f 7284 7283 7292 7293
f 7293 7289 7281 7284
f 7294 7290 7289 7293
f 7295 7293 7292 7321
f 7296 7294 7293 7295
f 7298 7296 7295 7297
f 7292 7291 7299 7300
f 7321 7292 7300 7301
f 7295 7321 7301 7302
f 7297 7295 7302 7303
f 7298 7297 7303 7304
f 7300 7299 7307 7308
f 7310 7308 7307 7309
f 7301 7300 7308 7310
f 7302 7301 7310 7311
f 7313 7311 7310 7312
f 7303 7302 7311 7313
f 7304 7303 7313 7314
f 7316 7314 7313 7315
f 7305 7304 7314 7316
f 7306 7305 7316 7317
f 6764 6656 7203 7324
f 6765 6764 7324 7325
f 6766 6765 7325 7326
f 6767 6766 7326 7327
f 6769 6767 7327 7328
f 6771 6769 7328 7401
f 6782 6772 7401 7402
f 7324 7203 7211 7329
f 7325 7324 7329 7331
f 7331 7329 7330 7332
f 7326 7325 7331 7333
f 7333 7331 7332 7334
f 7327 7326 7333 7334
f 7328 7327 7334 7335
f 7329 7211 7219 7336
f 7330 7329 7336 7337
f 7332 7330 7337 7338
f 7334 7332 7338 7339
f 7335 7334 7339 7340
f 7401 7335 7340 7341
f 7402 7401 7341 7342
f 7344 7342 7341 7343
f 7403 7402 7344 7345
f 7336 7219 7227 7347
f 7337 7336 7347 7348
f 7350 7348 7347 7349
f 7338 7337 7348 7350
f 7352 7350 7349 7351
f 7339 7338 7350 7352
f 7354 7352 7351 7353
f 7340 7339 7352 7354
f 7341 7340 7354 7355
f 7343 7341 7355 7356
f 7344 7343 7356 7357
f 7358 7357 7356 7404
f 7345 7344 7357 7358
f 7346 7345 7358 7359
f 7405 7261 7242 7360
f 7347 7227 7261 7405
f 7363 7405 7361 7362
f 7351 7349 7405 7363
f 7353 7351 7363 7364
f 7354 7353 7364 7365
f 7367 7365 7364 7366
f 7355 7354 7365 7367
f 7369 7367 7366 7368
f 7356 7355 7367 7369
f 7404 7356 7369 7370
f 7358 7404 7370 7408
f 7372 7254 7182 7286
f 7373 7255 7254 7372
f 7360 7242 7255 7373
f 7374 7372 7286 7288
f 7375 7373 7372 7374
f 7361 7360 7373 7375
f 7376 7374 7288 7290
f 7377 7375 7374 7376
f 7362 7361 7375 7377
f 7363 7362 7377 7378
f 7379 7376 7290 7294
f 7380 7377 7376 7379
f 7381 7378 7377 7380
f 7364 7363 7378 7381
f 7382 7379 7294 7296
f 7383 7380 7379 7382
f 7384 7381 7380 7383
f 7366 7364 7381 7384
f 7385 7382 7296 7298
f 7386 7383 7382 7385
f 7387 7384 7383 7386
f 7368 7366 7384 7387
f 7369 7368 7387 7388
f 7389 7387 7386 7406
f 7390 7388 7387 7389
f 7370 7369 7388 7390
f 7392 7390 7389 7391
f 7371 7370 7390 7392
f 7385 7298 7304 7407
f 7393 7407 7304 7305
f 7406 7386 7407 7394
f 7389 7406 7394 7395
f 7396 7393 7305 7306
f 7397 7394 7393 7396
f 7398 7395 7394 7397
f 7391 7389 7395 7398
f 7392 7391 7398 7399
f 7396 7306 7317 7400
f 6834 6782 7403 7475
f 6836 6835 7475 7476
f 6855 6838 7476 7409
f 6840 6855 7410 7411
f 6842 6840 7411 7412
f 7410 7409 7414 7415
f 7411 7410 7415 7416
f 7412 7411 7416 7417
f 7475 7403 7346 7477
f 7476 7475 7477 7478
f 7413 7476 7478 7418
f 7414 7413 7418 7419
f 7415 7414 7419 7420
f 7416 7415 7420 7479
f 7419 7418 7421 7422
f 7424 7422 7421 7423
f 7420 7419 7422 7424
f 7477 7359 7408 7425
f 7478 7477 7426 7427
f 7421 7478 7428 7429
f 7423 7421 7429 7430
f 7424 7423 7430 7431
f 7433 7431 7430 7432
f 7479 7424 7431 7433
f 7435 7408 7392 7480
f 7426 7425 7435 7436
f 7438 7436 7480 7437
f 7427 7426 7436 7438
f 7428 7427 7438 7440
f 7441 7440 7439 7481
f 7429 7428 7440 7441
f 7430 7429 7441 7442
f 7432 7430 7442 7443
f 7433 7432 7443 7444
f 7446 7444 7443 7445
f 7434 7433 7444 7446
f 7448 7397 7396 7447
f 7449 7398 7397 7448
f 7450 7399 7398 7449
f 7480 7392 7399 7450
f 7452 7449 7448 7451
f 7453 7450 7449 7452
f 7455 7453 7452 7454
f 7437 7480 7453 7455
f 7438 7437 7455 7456
f 7458 7456 7455 7457
f 7458 7457 7439 7440
f 7440 7438 7456 7458
f 7481 7439 7457 7459
f 7441 7481 7459 7460
f 7462 7460 7459 7461
f 7442 7441 7460 7462
f 7484 7462 7461 7483
f 7443 7442 7462 7484
f 7447 7396 7400 7463
f 7448 7447 7463 7464
f 7466 7464 7463 7465
f 7451 7448 7464 7466
f 7452 7451 7466 7467
f 7468 7467 7466 7482
f 7454 7452 7467 7468
f 7455 7454 7468 7469
f 7471 7469 7468 7470
f 7457 7455 7469 7471
f 7473 7471 7470 7472
f 7459 7457 7471 7473
f 7461 7459 7473 7474
f 6963 6962 7485 7486
f 7487 7485 6962 6964
f 7488 7486 7485 7487
f 7489 7487 6964 6965
f 7490 7488 7487 7489
f 7490 7489 6965 6966
f 7491 7490 6966 6968
f 7109 6963 7486 7492
f 7110 7109 7493 7494
f 7087 7110 7495 7496
f 7497 7492 7486 7488
f 7499 7496 7495 7498
f 7089 7087 7496 7499
f 7500 7497 7488 7490
f 7520 7499 7498 7503
f 7520 7503 7091 7092
f 7092 7089 7499 7520
f 7504 7500 7490 7491
f 7504 7491 6968 7093
f 7505 7501 7500 7504
f 7505 7504 7093 7094
f 7506 7502 7501 7505
f 7506 7505 7094 7095
f 7507 7503 7502 7506
f 7507 7506 7095 7096
f 7096 7091 7503 7507
f 7493 7492 7508 7509
f 7494 7493 7509 7510
f 7495 7494 7510 7511
f 7512 7508 7492 7497
f 7513 7509 7508 7512
f 7514 7510 7509 7513
f 7515 7511 7510 7514
f 7498 7495 7511 7515
f 7516 7512 7497 7500
f 7517 7513 7512 7516
f 7517 7516 7500 7501
f 7518 7514 7513 7517
f 7518 7517 7501 7502
f 7519 7515 7514 7518
f 7519 7518 7502 7503
f 7503 7498 7515 7519
f 7323 6335 6493 7570
f 7307 7323 7571 7572
f 7309 7307 7572 7521
f 7310 7309 7521 7522
f 7312 7310 7522 7523
f 7313 7312 7523 7573
f 7315 7313 7573 7574
f 7522 7521 7524 7525
f 7523 7522 7525 7526
f 7570 6493 6497 7575
f 7571 7570 7575 7576
f 7572 7571 7576 7577
f 7524 7572 7577 7527
f 7525 7524 7527 7528
f 7526 7525 7528 7529
f 7573 7526 7529 7578
f 7531 7578 7529 7530
f 7574 7573 7578 7531
f 7533 7531 7530 7532
f 7581 7575 6497 6499
f 7535 7577 7576 7581
f 7528 7527 7535 7536
f 7538 7536 7535 7537
f 7529 7528 7536 7538
f 7530 7529 7538 7539
f 7532 7530 7539 7540
f 7533 7532 7540 7541
f 7581 6499 6465 7579
f 7535 7581 7543 7544
f 7546 7543 7542 7545
f 7547 7544 7543 7546
f 7537 7535 7544 7547
f 7538 7537 7547 7548
f 7550 7548 7547 7549
f 7539 7538 7548 7550
f 7552 7550 7549 7551
f 7540 7539 7550 7552
f 7546 7545 7553 7554
f 7547 7546 7554 7555
f 7580 7579 6480 6500
f 7556 7553 7579 7580
f 7557 7554 7553 7556
f 7558 7555 7554 7557
f 7549 7547 7555 7558
f 7560 7558 7557 7559
f 7551 7549 7558 7560
f 7552 7551 7560 7561
f 7580 6500 6501 7562
f 7556 7580 7563 7564
f 7557 7556 7564 7565
f 7567 7563 7562 7566
f 7568 7564 7563 7567
f 7569 7565 7564 7568
f 7559 7557 7565 7569
f 7400 7317 7574 7582
f 7584 7574 7534 7613
f 7611 7585 7613 7615
f 7613 7541 7540 7612
f 7615 7613 7612 7614
f 7612 7540 7552 7589
f 7614 7612 7590 7618
f 7615 7614 7618 7619
f 7621 7619 7618 7620
f 7616 7615 7619 7621
f 7586 7616 7621 7623
f 7591 7560 7559 7617
f 7592 7561 7560 7591
f 7589 7552 7561 7592
f 7594 7592 7591 7593
f 7590 7589 7592 7594
f 7623 7621 7620 7622
f 7624 7566 6501 6604
f 7595 7568 7567 7624
f 7596 7569 7568 7595
f 7617 7559 7569 7596
f 7591 7617 7596 7625
f 7598 7596 7595 7597
f 7626 7624 6604 6606
f 7599 7597 7624 7626
f 7600 7598 7597 7599
f 7627 7625 7598 7600
f 7618 7593 7625 7627
f 7602 7600 7599 7601
f 7629 7627 7602 7603
f 7620 7618 7627 7629
f 7622 7620 7629 7631
f 7601 7599 7605 7606
f 7602 7601 7606 7607
f 7628 7626 6606 6608
f 7608 7606 7626 7628
f 7609 7607 7606 7608
f 7603 7602 7607 7609
f 7604 7603 7609 7610
f 7631 7629 7610 7630
f 7672 7582 7574 7583
f 7463 7400 7582 7672
f 7482 7466 7672 7633
f 7635 7633 7632 7634
f 7470 7482 7635 7673
f 7637 7673 7635 7636
f 7472 7470 7673 7637
f 7473 7472 7637 7638
f 7640 7638 7637 7639
f 7474 7473 7638 7640
f 7642 7640 7639 7641
f 7483 7474 7640 7642
f 7484 7483 7643 7676
f 7644 7672 7585 7611
f 7634 7632 7644 7645
f 7635 7634 7645 7646
f 7648 7646 7645 7647
f 7636 7635 7646 7648
f 7637 7636 7648 7649
f 7651 7648 7647 7650
f 7652 7649 7648 7651
f 7639 7637 7649 7652
f 7653 7652 7651 7674
f 7641 7639 7652 7653
f 7642 7641 7653 7654
f 7656 7654 7653 7655
f 7643 7642 7654 7656
f 7644 7611 7615 7675
f 7657 7675 7615 7616
f 7647 7645 7675 7657
f 7650 7647 7657 7658
f 7651 7650 7658 7659
f 7661 7659 7658 7660
f 7674 7651 7659 7661
f 7653 7674 7661 7662
f 7664 7662 7661 7663
f 7655 7653 7662 7664
f 7656 7655 7664 7665
f 7667 7666 7616 7587
f 7660 7658 7666 7667
f 7661 7660 7667 7668
f 7669 7667 7587 7588
f 7670 7668 7667 7669
f 7663 7661 7668 7670
f 7664 7663 7670 7671
f 7669 7588 7623 7677
f 7628 6608 6622 7690
f 7608 7628 7690 7678
f 7609 7608 7678 7679
f 7681 7679 7678 7680
f 7610 7609 7679 7681
f 7683 7681 7680 7682
f 7630 7610 7681 7683
f 7631 7630 7684 7694
f 7691 7690 6622 6623
f 7686 7685 7690 7691
f 7682 7680 7685 7686
f 7683 7682 7686 7687
f 7689 7687 7686 7688
f 7684 7683 7687 7689
f 7691 6623 6625 7692
f 7688 7691 7692 7693
f 4345 4344 7713 7714
f 7714 5775 1710 4345
f 7715 7713 4344 4346
f 7716 7714 7713 7715
f 7717 7715 4346 4347
f 7718 7716 7715 7717
f 7718 7717 4347 4348
f 7719 7718 4348 4350
f 7696 5722 5775 7714
f 7720 7697 7714 7716
f 7721 7720 7716 7718
f 7722 7721 7718 7719
f 7698 5731 5732 7699
f 7696 7695 7698 7699
f 7699 5732 5722 7696
f 7700 7698 7695 7697
f 7701 5743 5731 7698
f 7702 7701 7698 7700
f 7703 7702 7700 7720
f 7724 7704 7720 7721
f 7705 5756 5743 7701
f 7706 7705 7701 7702
f 7707 7706 7702 7703
f 7708 7707 7703 7704
f 7709 5761 5756 7705
f 7710 7709 7705 7706
f 7723 7710 7706 7707
f 7711 5768 5761 7709
f 7712 7711 7709 7710
f 7725 7719 4350 4360
f 7747 7726 4360 4361
f 7727 7747 4361 4363
f 7730 7722 7719 7725
f 7731 7730 7725 7726
f 7733 7732 7727 7728
f 7734 7733 7728 7729
f 7735 7724 7722 7730
f 7736 7735 7730 7731
f 7737 7736 7731 7747
f 7738 7737 7747 7732
f 7739 7738 7732 7733
f 7740 7739 7733 7734
f 7742 7741 7735 7736
f 7743 7742 7736 7737
f 7744 7743 7737 7738
f 7745 7744 7738 7739
f 7746 7745 7739 7740
f 7748 7729 4363 4364
f 7749 7740 7734 7748
f 7782 7748 4364 4380
f 7800 7784 4380 4381
f 7785 7800 4381 4374
f 7786 7785 4374 4375
f 7787 7785 7786 7788
f 7788 7786 4375 4377
f 7790 7789 7782 7783
f 7791 7790 7783 7784
f 7793 7792 7785 7787
f 7750 7793 7787 7788
f 7754 7753 7750 7751
f 7755 7754 7751 7752
f 7794 7749 7748 7789
f 7756 7794 7789 7790
f 7758 7756 7757 7759
f 7795 7759 7790 7791
f 7801 7795 7791 7800
f 7796 7801 7800 7792
f 7797 7796 7792 7793
f 7760 7797 7793 7753
f 7761 7760 7753 7754
f 7762 7761 7754 7755
f 7764 7763 7756 7758
f 7765 7764 7758 7759
f 7767 7766 7760 7761
f 7768 7766 7767 7769
f 7769 7767 7761 7762
f 7771 7770 7763 7764
f 7772 7771 7764 7765
f 7799 7798 7796 7797
f 7773 7799 7797 7766
f 7774 7773 7766 7768
f 7775 7774 7768 7769
f 7777 7776 7770 7771
f 7778 7777 7771 7772
f 7780 7779 7773 7774
f 7781 7780 7774 7775
f 7802 6340 5768 7711
f 7803 7802 7711 7712
f 7815 7803 7712 7723
f 7824 7815 7723 7724
f 7804 6345 6340 7802
f 7805 7804 7802 7803
f 7806 6390 6345 7804
f 7807 7806 7804 7805
f 7816 7807 7805 7815
f 7809 7808 7806 7807
f 7817 6393 6390 7808
f 7818 7817 7809 7816
f 7819 7818 7816 7824
f 7821 6398 6393 7817
f 7822 7821 7817 7818
f 7810 7822 7818 7819
f 7823 7811 7819 7820
f 7813 7812 7810 7811
f 7850 7824 7724 7741
f 7851 7850 7742 7743
f 7831 7851 7743 7744
f 7832 7831 7744 7745
f 7833 7832 7745 7746
f 7835 7834 7831 7832
f 7836 7835 7832 7833
f 7825 7820 7824 7850
f 7838 7837 7850 7851
f 7839 7838 7851 7834
f 7840 7839 7834 7835
f 7841 7840 7835 7836
f 7829 7828 7825 7826
f 7830 7829 7826 7827
f 7842 7823 7820 7828
f 7844 7842 7830 7837
f 7845 7843 7842 7844
f 7845 7844 7837 7838
f 7846 7845 7838 7839
f 7848 7846 7839 7840
f 7849 7847 7846 7848
f 7849 7848 7840 7841
f 7859 7833 7746 7749
f 7852 7841 7836 7859
f 7856 7855 7852 7853
f 7857 7856 7853 7854
f 7858 7849 7841 7856
f 7881 7859 7749 7776
f 7882 7881 7778 7801
f 7884 7883 7801 7798
f 7885 7884 7798 7799
f 7886 7885 7799 7779
f 7890 7888 7881 7882
f 7891 7890 7882 7883
f 7892 7891 7883 7884
f 7893 7892 7884 7885
f 7894 7893 7885 7886
f 7891 7889 7888 7890
f 7895 7854 7859 7887
f 7896 7895 7887 7888
f 7897 7896 7888 7889
f 7860 7897 7889 7891
f 7898 7862 7891 7892
f 7863 7898 7892 7893
f 7899 7864 7893 7894
f 7866 7865 7860 7861
f 7867 7866 7861 7862
f 7869 7868 7863 7864
f 7900 7858 7857 7895
f 7901 7900 7895 7896
f 7902 7901 7896 7897
f 7903 7902 7897 7865
f 7904 7903 7867 7898
f 7870 7904 7898 7868
f 7871 7870 7868 7869
f 7872 7871 7869 7899
f 7873 7871 7872 7874
f 7877 7876 7870 7871
f 7878 7877 7871 7873
f 7879 7878 7873 7874
f 7880 7879 7874 7875
f 7905 6547 6398 7821
f 7939 7906 7821 7822
f 7941 7939 7822 7812
f 7942 7941 7814 7823
f 7908 6530 6547 7907
f 7909 7907 7905 7906
f 7910 7908 7907 7909
f 7940 7910 7909 7939
f 7911 6546 6530 7908
f 7913 7911 7908 7910
f 7914 7912 7911 7913
f 7945 7913 7910 7940
f 7940 7939 7944 7945
f 7947 7944 7939 7941
f 7915 7945 7944 7947
f 7949 7947 7941 7942
f 7917 7916 7947 7949
f 7917 7949 7942 7943
f 7921 6541 6546 7920
f 7922 6542 6541 7921
f 7923 7920 7912 7914
f 7924 7921 7920 7923
f 7925 7922 7921 7924
f 7946 7924 7923 7945
f 7948 7946 7945 7927
f 7928 7926 7915 7916
f 7929 7927 7926 7928
f 7930 7928 7916 7917
f 7931 7929 7928 7930
f 7932 7930 7917 7918
f 7933 7931 7930 7932
f 7933 7932 7918 7919
f 7954 6548 6542 7922
f 7948 7927 7951 7952
f 7952 7954 7946 7948
f 7953 7951 7929 7931
f 7934 7952 7951 7953
f 7936 7953 7933 7950
f 7937 7935 7934 7936
f 7955 6568 6548 7954
f 7956 6569 6568 7955
f 7958 7956 7955 7957
f 7960 7958 7957 7959
f 7962 7961 7954 7952
f 7963 6575 6569 7956
f 7991 6602 6575 7963
f 7964 7963 7956 7958
f 7960 7959 7965 7966
f 7966 7964 7958 7960
f 7967 7965 7959 7961
f 7968 7966 7965 7967
f 7969 7967 7961 7962
f 7970 7968 7967 7969
f 7992 7971 7952 7938
f 7972 6609 6602 7991
f 7991 7964 7993 7974
f 7994 7993 7964 7966
f 7995 7974 7993 7994
f 7970 7969 7975 7976
f 7976 7994 7968 7970
f 7977 7975 7969 7971
f 7978 7976 7975 7977
f 7979 7977 7971 7992
f 7980 7978 7977 7979
f 7982 7980 7979 7981
f 7973 7972 7983 7984
f 7985 7983 7972 7974
f 7986 7984 7983 7985
f 7996 7995 7994 7987
f 7988 7987 7976 7978
f 7989 7988 7978 7980
f 7990 7989 7980 7982
f 8027 7942 7823 7842
f 8020 8027 7842 7843
f 7997 8020 7843 7845
f 8000 7998 7997 7999
f 8022 8000 7845 7846
f 8023 8022 7846 7847
f 8024 8023 7847 7849
f 8020 7943 7942 8027
f 8002 8001 7997 7998
f 8003 8002 7998 8000
f 8023 8021 8003 8022
f 8025 7918 7943 8020
f 8026 8025 8020 8002
f 8005 8004 8025 8026
f 8006 8026 8003 8021
f 8008 8006 8021 8023
f 8009 8007 8006 8008
f 8011 7950 7933 8025
f 8014 8012 8011 8013
f 8015 8013 8004 8005
f 8016 8014 8013 8015
f 8017 8015 8005 8006
f 8018 8016 8015 8017
f 8018 8017 8006 8007
f 8019 8018 8007 8009
f 8028 7936 7950 8011
f 8068 8067 8023 8024
f 8030 8029 8009 8010
f 8030 8010 8023 8067
f 8031 8030 8067 8068
f 8034 8032 8031 8033
f 8035 8075 8018 8019
f 8035 8019 8009 8029
f 8037 8035 8029 8030
f 8038 8036 8035 8037
f 8039 8037 8030 8031
f 8040 8038 8037 8039
f 8040 8039 8031 8032
f 8041 8040 8032 8034
f 8042 7992 7937 8028
f 8044 8028 8016 8075
f 8047 8045 8044 8046
f 8048 8046 8075 8035
f 8049 8047 8046 8048
f 8049 8048 8035 8036
f 8050 8049 8036 8038
f 8051 8050 8038 8040
f 8052 8051 8040 8041
f 8054 8053 8042 8043
f 8056 8054 8043 8044
f 8057 8055 8054 8056
f 8057 8056 8044 8045
f 8058 8057 8045 8047
f 8059 8058 8047 8049
f 8060 8059 8049 8050
f 8061 8060 8050 8051
f 8062 8061 8051 8052
f 8070 7981 7992 8053
f 8071 8070 8055 8057
f 8063 8071 8058 8059
f 8064 8063 8059 8060
f 8073 8064 8060 8061
f 8074 8072 8064 8073
f 8074 8073 8061 8069
f 8066 8065 8063 8064
f 8076 8024 7849 7858
f 8110 8068 8024 8076
f 8110 8076 7858 7900
f 8112 8110 7900 7901
f 8113 8112 7901 7902
f 8114 8113 7902 7903
f 8115 8114 7903 7904
f 8077 8115 7904 7876
f 8078 8077 7876 7877
f 8079 8078 7877 7878
f 8080 8079 7878 7879
f 8081 8080 7879 7880
f 8113 8111 8110 8112
f 8083 8082 8077 8078
f 8084 8083 8078 8079
f 8085 8084 8079 8080
f 8086 8085 8080 8081
f 8116 8034 8068 8110
f 8117 8116 8110 8111
f 8118 8117 8111 8113
f 8119 8118 8113 8114
f 8120 8119 8114 8115
f 8087 8120 8115 8082
f 8088 8087 8082 8083
f 8089 8088 8083 8084
f 8090 8089 8084 8085
f 8091 8090 8085 8086
f 8093 8092 8087 8088
f 8094 8093 8088 8089
f 8095 8094 8089 8090
f 8096 8095 8090 8091
f 8121 8052 8041 8116
f 8122 8069 8052 8121
f 8122 8121 8116 8117
f 8123 8122 8117 8118
f 8124 8123 8118 8119
f 8125 8124 8119 8120
f 8097 8125 8120 8092
f 8098 8097 8092 8093
f 8099 8097 8098 8100
f 8100 8098 8093 8094
f 8126 8100 8094 8095
f 8102 8101 8097 8099
f 8103 8102 8099 8100
f 8127 8074 8069 8122
f 8128 8127 8122 8123
f 8129 8128 8123 8124
f 8130 8129 8124 8125
f 8131 8129 8130 8104
f 8104 8130 8125 8101
f 8105 8104 8101 8102
f 8106 8105 8102 8103
f 8108 8107 8104 8105
f 8109 8108 8105 8106
f 8145 8091 8086 8144
f 8146 8100 8126 8132
f 8132 8126 8095 8145
f 8135 8134 8132 8133
f 8147 8106 8103 8146
f 8137 8147 8146 8134
f 8138 8137 8134 8135
f 8139 8137 8138 8140
f 8140 8138 8135 8136
f 8142 8141 8137 8139
f 8143 8142 8139 8140
f 8206 6626 6609 7984
f 8195 6617 6626 8206
f 8198 8206 7995 7996
f 7996 7988 8197 8198
f 8199 8197 7988 7989
f 8148 8198 8197 8199
f 8151 8150 8148 8149
f 8153 6624 6621 8195
f 8154 6625 6624 8153
f 8157 8153 8152 8156
f 8200 8156 8195 8196
f 8207 8200 8206 8201
f 8158 8201 8198 8150
f 8160 8158 8150 8151
f 8154 8153 8161 8162
f 8155 8154 8162 8163
f 8164 8161 8153 8157
f 8165 8162 8161 8164
f 8166 8163 8162 8165
f 8167 8165 8164 8200
f 8168 8166 8165 8167
f 8159 8158 8169 8170
f 8171 8169 8158 8160
f 8172 8170 8169 8171
f 8167 8200 8173 8174
f 8168 8167 8174 8175
f 8178 8174 8173 8177
f 8179 8175 8174 8178
f 8202 8176 8200 8207
f 8207 8201 8208 8202
f 8178 8177 8180 8181
f 8179 8178 8181 8182
f 8183 8181 8180 8202
f 8184 8182 8181 8183
f 8186 8184 8183 8185
f 8185 8202 8204 8187
f 8186 8185 8187 8188
f 8205 8204 8202 8203
f 8189 8187 8204 8205
f 8190 8188 8187 8189
f 8190 8189 8191 8192
f 8194 8192 8191 8193
f 8227 8199 7990 8070
f 8228 8149 8199 8227
f 8229 8227 8070 8071
f 8209 8228 8227 8229
f 8230 8229 8071 8065
f 8231 8210 8229 8230
f 8231 8230 8066 8072
f 8232 8231 8072 8074
f 8212 8211 8209 8210
f 8233 8160 8151 8228
f 8234 8233 8228 8211
f 8235 8234 8212 8231
f 8236 8235 8231 8232
f 8214 8208 8172 8233
f 8216 8214 8213 8215
f 8237 8215 8233 8234
f 8238 8237 8234 8235
f 8240 8238 8235 8236
f 8245 8203 8208 8217
f 8216 8215 8218 8219
f 8219 8217 8214 8216
f 8221 8241 8219 8237
f 8223 8221 8220 8222
f 8242 8222 8237 8238
f 8244 8242 8238 8240
f 8240 8239 8243 8244
f 8223 8222 8225 8226
f 8226 8224 8221 8223
f 8271 8232 8074 8127
f 8272 8271 8128 8129
f 8273 8272 8131 8107
f 8261 8239 8240 8262
f 8262 8240 8236 8271
f 8265 8264 8271 8272
f 8263 8261 8262 8264
f 8249 8243 8239 8261
f 8267 8250 8261 8263
f 8268 8267 8263 8264
f 8269 8267 8268 8270
f 8270 8268 8264 8265
f 8251 8270 8265 8266
f 8255 8254 8249 8250
f 8256 8269 8270 8257
f 8259 8256 8257 8260
f 8253 8252 8259 8260
f 8260 8257 8251 8253
f 8275 8248 8246 8276
f 8277 8246 8247 8278
f 8280 8274 8275 8281
f 8281 8275 8276 8282
f 8282 8276 8277 8283
f 8283 8277 8278 8284
f 8284 8278 8279 8285
f 8286 8299 8280 8287
f 8287 8280 8281 8288
f 8288 8281 8282 8300
f 8300 8283 8284 8289
f 8289 8284 8285 8290
f 8292 8286 8287 8293
f 8293 8287 8288 8294
f 8295 8289 8290 8296
f 8297 8291 8292 8298
f 8298 8292 8293 8301
f 8302 8273 8108 8147
f 8305 8304 8147 8142
f 8306 8305 8142 8143
f 8307 8305 8306 8308
f 8385 8272 8273 8309
f 8310 8309 8302 8303
f 8311 8309 8310 8312
f 8312 8310 8303 8304
f 8313 8312 8304 8305
f 8373 8312 8313 8314
f 8314 8313 8305 8307
f 8315 8314 8307 8308
f 8317 8316 8309 8311
f 8318 8317 8311 8312
f 8374 8318 8312 8373
f 8319 8374 8373 8314
f 8320 8319 8314 8315
f 8321 8319 8320 8322
f 8324 8323 8316 8317
f 8325 8324 8317 8318
f 8327 8326 8319 8321
f 8328 8327 8321 8322
f 8330 8266 8272 8385
f 8375 8331 8385 8324
f 8332 8331 8375 8333
f 8333 8375 8324 8374
f 8335 8333 8334 8336
f 8376 8336 8374 8327
f 8377 8336 8376 8378
f 8378 8376 8328 8386
f 8338 8337 8329 8330
f 8339 8337 8338 8340
f 8340 8338 8330 8331
f 8341 8339 8340 8342
f 8342 8340 8331 8332
f 8343 8342 8332 8333
f 8344 8342 8343 8345
f 8345 8343 8333 8335
f 8346 8345 8335 8336
f 8348 8252 8253 8349
f 8349 8253 8266 8337
f 8350 8347 8348 8351
f 8351 8348 8349 8352
f 8352 8349 8337 8339
f 8353 8350 8351 8354
f 8354 8351 8352 8355
f 8355 8352 8339 8341
f 8356 8355 8341 8342
f 8357 8354 8355 8358
f 8358 8355 8356 8359
f 8359 8356 8342 8344
f 8379 8359 8344 8345
f 8360 8359 8379 8381
f 8381 8379 8345 8377
f 8382 8381 8377 8378
f 8279 8247 8258 8361
f 8361 8258 8259 8362
f 8348 8347 8361 8362
f 8362 8259 8252 8348
f 8285 8279 8361 8363
f 8363 8361 8347 8350
f 8290 8285 8363 8364
f 8364 8363 8350 8353
f 8365 8364 8353 8354
f 8296 8290 8364 8366
f 8366 8364 8365 8367
f 8367 8365 8354 8357
f 8368 8367 8357 8358
f 8369 8368 8358 8359
f 8380 8367 8368 8370
f 8370 8368 8369 8371
f 8371 8369 8359 8360
f 8383 8381 8382 8384
f 8193 8205 8389 8387
f 8194 8193 8387 8388
f 8391 8389 8205 8245
f 8392 8387 8389 8391
f 8393 8388 8387 8392
f 8395 8391 8390 8394
f 8245 8224 8396 8459
f 8226 8225 8397 8398
f 8398 8396 8224 8226
f 8460 8397 8225 8242
f 8244 8243 8461 8462
f 8462 8460 8242 8244
f 8392 8391 8399 8400
f 8393 8392 8400 8401
f 8395 8394 8402 8403
f 8403 8399 8391 8395
f 8404 8400 8399 8403
f 8405 8401 8400 8404
f 8407 8406 8396 8398
f 8404 8403 8463 8408
f 8405 8404 8408 8409
f 8459 8406 8464 8410
f 8411 8463 8403 8459
f 8412 8408 8463 8411
f 8413 8409 8408 8412
f 8416 8464 8407 8460
f 8462 8461 8418 8466
f 8466 8417 8460 8462
f 8411 8410 8421 8422
f 8412 8411 8422 8423
f 8413 8412 8423 8424
f 8425 8421 8410 8414
f 8416 8415 8426 8427
f 8428 8426 8415 8417
f 8430 8465 8428 8466
f 8431 8429 8430 8432
f 8420 8419 8431 8432
f 8432 8430 8418 8420
f 8422 8421 8433 8434
f 8423 8422 8434 8467
f 8425 8464 8473 8435
f 8435 8433 8421 8425
f 8469 8473 8464 8427
f 8428 8465 8468 8469
f 8430 8429 8436 8437
f 8437 8468 8465 8430
f 8438 8436 8429 8431
f 8434 8433 8439 8440
f 8441 8439 8433 8435
f 8437 8436 8442 8443
f 8444 8442 8436 8438
f 8440 8439 8445 8446
f 8467 8440 8446 8470
f 8447 8445 8439 8441
f 8469 8468 8471 8472
f 8443 8442 8448 8449
f 8449 8471 8468 8443
f 8450 8448 8442 8444
f 8451 8449 8448 8450
f 8446 8445 8452 8453
f 8454 8452 8445 8447
f 8455 8453 8452 8454
f 8451 8450 8457 8458
f 8458 8456 8449 8451
f 8480 8474 8475 8481
f 8481 8475 8476 8482
f 8482 8476 8477 8483
f 8485 8478 8479 8486
f 8486 8479 8480 8487
f 8246 8248 8486 8487
f 8487 8480 8481 8488
f 8488 8481 8482 8489
f 8247 8246 8488 8489
f 8489 8482 8483 8490
f 8475 8474 8491 8492
f 8476 8475 8492 8493
f 8477 8476 8493 8494
f 8479 8478 8495 8496
f 8480 8479 8496 8497
f 8497 8491 8474 8480
f 8483 8477 8494 8498
f 8485 8484 8499 8500
f 8500 8495 8478 8485
f 8493 8492 8515 8516
f 8496 8495 8501 8502
f 8497 8496 8502 8503
f 8503 8515 8491 8497
f 8505 8516 8515 8504
f 8507 8501 8495 8500
f 8508 8502 8501 8507
f 8509 8503 8502 8508
f 8510 8504 8503 8509
f 8511 8505 8504 8510
f 8512 8506 8505 8511
f 8512 8511 8513 8514
f 8517 8461 8243 8254
f 8518 8517 8254 8255
f 8519 8518 8255 8267
f 8521 8520 8267 8269
f 8524 8522 8269 8256
f 8490 8483 8523 8525
f 8258 8247 8490 8525
f 8525 8523 8524 8526
f 8259 8258 8525 8526
f 8526 8524 8256 8259
f 8529 8527 8517 8518
f 8530 8528 8529 8531
f 8531 8529 8518 8519
f 8532 8530 8531 8533
f 8533 8531 8519 8520
f 8534 8532 8533 8535
f 8535 8533 8520 8521
f 8537 8535 8521 8522
f 8498 8494 8536 8538
f 8523 8483 8498 8538
f 8524 8523 8538 8539
f 8539 8537 8522 8524
f 8540 8419 8420 8541
f 8541 8420 8461 8527
f 8542 8540 8541 8543
f 8529 8528 8542 8543
f 8543 8541 8527 8529
f 8544 8542 8528 8530
f 8545 8544 8530 8532
f 8546 8545 8532 8534
f 8547 8546 8534 8535
f 8536 8494 8516 8548
f 8548 8546 8547 8549
f 8549 8547 8535 8537
f 8551 8548 8516 8506
f 8538 8536 8548 8550
f 8550 8548 8549 8553
f 8539 8538 8550 8553
f 8553 8549 8537 8539
f 8554 8551 8506 8512
f 8555 8552 8551 8554
f 8556 8431 8419 8540
f 8557 8556 8540 8542
f 8558 8557 8542 8544
f 8559 8558 8544 8545
f 8560 8559 8545 8546
f 8561 8560 8546 8548
f 8562 8561 8548 8551
f 8563 8562 8551 8552
f 8554 8512 8514 8564
f 8555 8554 8564 8565
f 8565 8563 8552 8555
f 8566 8438 8431 8556
f 8567 8566 8556 8557
f 8594 8567 8557 8558
f 8595 8594 8559 8560
f 8568 8595 8561 8562
f 8569 8568 8562 8563
f 8565 8564 8570 8571
f 8571 8569 8563 8565
f 8572 8444 8438 8566
f 8573 8572 8566 8567
f 8575 8574 8569 8571
f 8576 8450 8444 8572
f 8577 8576 8572 8573
f 8596 8577 8573 8594
f 8578 8596 8594 8595
f 8582 8580 8595 8574
f 8583 8581 8582 8584
f 8584 8582 8574 8575
f 8585 8457 8450 8576
f 8586 8458 8457 8585
f 8587 8585 8576 8577
f 8588 8586 8585 8587
f 8590 8589 8579 8580
f 8582 8581 8591 8592
f 8592 8590 8580 8582
f 8593 8591 8581 8583
f 8597 8484 8485 8598
f 8598 8485 8486 8599
f 8275 8274 8598 8599
f 8599 8486 8248 8275
f 8601 8597 8598 8602
f 8280 8299 8601 8602
f 8602 8598 8274 8280
f 8603 8600 8601 8604
f 8604 8601 8299 8286
f 8605 8603 8604 8606
f 8292 8291 8605 8606
f 8606 8604 8286 8292
f 8608 8607 8293 8294
f 8734 8608 8294 8300
f 8735 8734 8300 8295
f 8609 8605 8291 8297
f 8610 8609 8297 8298
f 8611 8610 8298 8301
f 8301 8293 8607 8611
f 8611 8607 8608 8612
f 8612 8608 8734 8613
f 8614 8734 8735 8615
f 8617 8610 8611 8618
f 8618 8611 8612 8619
f 8619 8612 8613 8620
f 8621 8499 8484 8597
f 8622 8500 8499 8621
f 8601 8600 8623 8624
f 8624 8621 8597 8601
f 8625 8623 8600 8603
f 8626 8624 8623 8625
f 8627 8625 8603 8605
f 8628 8626 8625 8627
f 8629 8627 8605 8609
f 8630 8628 8627 8629
f 8630 8629 8609 8610
f 8632 8631 8613 8614
f 8633 8632 8614 8615
f 8634 8633 8615 8616
f 8635 8630 8610 8617
f 8636 8635 8617 8618
f 8637 8636 8618 8619
f 8638 8637 8619 8620
f 8620 8613 8631 8638
f 8638 8631 8632 8639
f 8639 8632 8633 8640
f 8622 8621 8642 8643
f 8643 8507 8500 8622
f 8644 8508 8507 8643
f 8737 8509 8508 8644
f 8645 8511 8510 8737
f 8646 8642 8621 8624
f 8647 8643 8642 8646
f 8648 8644 8643 8647
f 8738 8646 8624 8626
f 8650 8647 8646 8738
f 8651 8648 8647 8650
f 8652 8737 8648 8651
f 8655 8651 8650 8654
f 8656 8738 8628 8630
f 8657 8654 8738 8656
f 8660 8659 8633 8634
f 8661 8656 8630 8635
f 8662 8657 8656 8661
f 8662 8661 8635 8636
f 8663 8658 8657 8662
f 8663 8662 8636 8637
f 8664 8663 8637 8638
f 8665 8664 8638 8639
f 8666 8665 8639 8640
f 8640 8633 8659 8666
f 8666 8659 8660 8667
f 8667 8660 8634 8641
f 8668 8666 8667 8669
f 8669 8667 8641 8736
f 8670 8668 8669 8671
f 8672 8513 8511 8645
f 8673 8514 8513 8672
f 8674 8672 8645 8649
f 8675 8673 8672 8674
f 8652 8651 8676 8677
f 8653 8652 8677 8678
f 8739 8674 8737 8678
f 8655 8654 8679 8680
f 8680 8676 8651 8655
f 8681 8677 8676 8680
f 8682 8678 8677 8681
f 8683 8679 8654 8657
f 8684 8680 8679 8683
f 8684 8683 8657 8658
f 8685 8681 8680 8684
f 8688 8684 8658 8663
f 8689 8685 8684 8688
f 8689 8688 8663 8664
f 8690 8686 8685 8689
f 8690 8689 8664 8665
f 8691 8687 8686 8690
f 8692 8690 8665 8666
f 8693 8690 8692 8694
f 8694 8692 8666 8668
f 8695 8693 8694 8696
f 8696 8694 8668 8670
f 8697 8696 8670 8671
f 8675 8674 8699 8700
f 8700 8698 8673 8675
f 8739 8678 8701 8702
f 8702 8699 8674 8739
f 8703 8700 8699 8702
f 8682 8681 8704 8705
f 8705 8701 8678 8682
f 8706 8702 8701 8705
f 8707 8703 8702 8706
f 8708 8704 8681 8685
f 8709 8705 8704 8708
f 8709 8708 8685 8686
f 8710 8706 8705 8709
f 8710 8709 8686 8687
f 8711 8707 8706 8710
f 8691 8690 8712 8713
f 8713 8710 8687 8691
f 8714 8712 8690 8693
f 8715 8714 8693 8695
f 8740 8715 8695 8696
f 8711 8710 8716 8717
f 8713 8712 8718 8719
f 8719 8716 8710 8713
f 8720 8718 8712 8714
f 8721 8720 8714 8715
f 8717 8716 8722 8723
f 8719 8718 8741 8724
f 8724 8722 8716 8719
f 8726 8741 8718 8720
f 8727 8726 8720 8721
f 8723 8722 8728 8729
f 8730 8728 8722 8724
f 8731 8729 8728 8730
f 8725 8723 8729 8731
f 8733 8732 8726 8727
f 8742 8735 8296 8366
f 8743 8742 8366 8367
f 8616 8735 8742 8744
f 8744 8742 8743 8745
f 8745 8743 8367 8380
f 8746 8745 8380 8370
f 8747 8746 8370 8371
f 8748 8744 8745 8749
f 8749 8745 8746 8750
f 8750 8746 8747 8751
f 8751 8747 8371 8372
f 8883 8751 8372 8381
f 8752 8748 8749 8753
f 8753 8749 8750 8754
f 8754 8750 8751 8755
f 8755 8751 8883 8756
f 8756 8883 8381 8383
f 8758 8757 8383 8384
f 8760 8757 8758 8761
f 8761 8758 8759 8762
f 8763 8634 8616 8744
f 8641 8634 8763 8764
f 8764 8763 8744 8748
f 8736 8641 8764 8765
f 8765 8764 8748 8752
f 8766 8765 8752 8753
f 8767 8766 8753 8754
f 8768 8767 8754 8755
f 8769 8768 8755 8756
f 8770 8769 8756 8757
f 8771 8765 8766 8772
f 8772 8766 8767 8773
f 8773 8767 8768 8774
f 8774 8768 8769 8775
f 8775 8769 8770 8776
f 8776 8770 8757 8760
f 8777 8776 8760 8761
f 8778 8777 8761 8762
f 8779 8671 8736 8771
f 8780 8779 8771 8772
f 8781 8780 8772 8773
f 8782 8781 8773 8774
f 8783 8782 8774 8775
f 8784 8783 8775 8776
f 8785 8784 8776 8777
f 8786 8785 8777 8778
f 8884 8564 8514 8673
f 8788 8787 8780 8781
f 8789 8788 8781 8782
f 8790 8789 8782 8783
f 8791 8790 8783 8784
f 8792 8791 8784 8785
f 8793 8792 8785 8786
f 8884 8673 8698 8794
f 8794 8570 8564 8884
f 8795 8571 8570 8794
f 8796 8794 8698 8700
f 8797 8795 8794 8796
f 8798 8796 8700 8703
f 8799 8797 8796 8798
f 8801 8798 8703 8707
f 8802 8799 8798 8801
f 8803 8800 8799 8802
f 8804 8801 8707 8711
f 8812 8811 8787 8788
f 8813 8806 8805 8812
f 8813 8812 8788 8789
f 8814 8807 8806 8813
f 8814 8813 8789 8790
f 8815 8808 8807 8814
f 8815 8814 8790 8791
f 8816 8809 8808 8815
f 8816 8815 8791 8792
f 8817 8810 8809 8816
f 8817 8816 8792 8793
f 8818 8575 8571 8795
f 8819 8818 8795 8797
f 8820 8819 8797 8799
f 8821 8820 8799 8800
f 8802 8801 8822 8823
f 8803 8802 8823 8824
f 8824 8821 8800 8803
f 8804 8711 8717 8825
f 8825 8822 8801 8804
f 8826 8823 8822 8825
f 8827 8824 8823 8826
f 8831 8827 8826 8830
f 8832 8828 8827 8831
f 8833 8829 8828 8832
f 8836 8831 8830 8835
f 8837 8832 8831 8836
f 8837 8836 8805 8806
f 8838 8833 8832 8837
f 8838 8837 8806 8807
f 8839 8834 8833 8838
f 8839 8838 8807 8808
f 8840 8885 8834 8839
f 8840 8839 8808 8809
f 8841 8840 8809 8810
f 8844 8836 8835 8843
f 8844 8843 8811 8812
f 8812 8805 8836 8844
f 8845 8583 8584 8846
f 8846 8584 8575 8818
f 8847 8846 8818 8819
f 8848 8847 8819 8820
f 8849 8848 8820 8821
f 8850 8848 8849 8851
f 8851 8849 8821 8824
f 8825 8717 8723 8853
f 8826 8825 8853 8854
f 8855 8851 8824 8827
f 8856 8852 8851 8855
f 8856 8855 8827 8828
f 8857 8856 8828 8829
f 8859 8853 8723 8725
f 8860 8854 8853 8859
f 8830 8826 8854 8860
f 8861 8857 8829 8833
f 8862 8858 8857 8861
f 8862 8861 8833 8834
f 8886 8862 8834 8885
f 8864 8860 8859 8863
f 8835 8830 8860 8864
f 8866 8864 8863 8865
f 8866 8865 8842 8843
f 8843 8835 8864 8866
f 8867 8593 8583 8845
f 8868 8867 8845 8846
f 8869 8867 8868 8870
f 8870 8868 8846 8847
f 8871 8870 8847 8848
f 8872 8871 8848 8850
f 8873 8872 8850 8851
f 8874 8873 8851 8852
f 8875 8874 8852 8856
f 8876 8875 8856 8857
f 8877 8876 8857 8858
f 8859 8725 8731 8878
f 8863 8859 8878 8879
f 8865 8863 8879 8881
f 8881 8879 8880 8882
f 8888 8696 8697 8889
f 8889 8697 8671 8887
f 8898 8715 8740 8890
f 8890 8740 8696 8888
f 8891 8890 8888 8889
f 8893 8892 8890 8891
f 8899 8727 8721 8898
f 8894 8899 8898 8892
f 8895 8894 8892 8893
f 8897 8896 8894 8895
f 8887 8671 8779 8900
f 8900 8779 8780 8901
f 8902 8889 8887 8900
f 8903 8902 8900 8901
f 8901 8780 8787 8903
f 8904 8891 8889 8902
f 8905 8904 8902 8903
f 8903 8787 8811 8905
f 8906 8893 8891 8904
f 8907 8843 8842 8906
f 8907 8906 8904 8905
f 8905 8811 8843 8907
f 8908 8895 8893 8906
f 8906 8842 8865 8908
f 8470 8453 8909 8964
f 8454 8473 8976 8910
f 8455 8454 8910 8911
f 8911 8909 8453 8455
f 8966 8976 8473 8472
f 8472 8471 8965 8966
f 8912 8965 8471 8456
f 8913 8966 8965 8912
f 8914 8912 8456 8458
f 8911 8910 8915 8916
f 8967 8915 8976 8966
f 8913 8912 8917 8918
f 8919 8917 8912 8914
f 8920 8918 8917 8919
f 8916 8915 8921 8922
f 8964 8916 8922 8968
f 8967 8966 8969 8923
f 8923 8921 8915 8967
f 8924 8969 8966 8918
f 8920 8919 8970 8925
f 8925 8924 8918 8920
f 8922 8921 8926 8927
f 8928 8926 8921 8923
f 8929 8927 8926 8928
f 8933 8931 8924 8925
f 8968 8927 8971 8934
f 8929 8928 8936 8937
f 8937 8971 8927 8929
f 8930 8969 8972 8938
f 8938 8936 8928 8930
f 8932 8931 8939 8940
f 8940 8972 8969 8932
f 8941 8939 8931 8933
f 8942 8940 8939 8941
f 8935 8934 8943 8944
f 8937 8936 8945 8946
f 8973 8943 8971 8946
f 8947 8945 8936 8938
f 8949 8948 8940 8942
f 8944 8943 8950 8951
f 8946 8945 8952 8953
f 8973 8946 8953 8975
f 8975 8950 8943 8973
f 8947 8972 8974 8954
f 8954 8952 8945 8947
f 8955 8974 8972 8948
f 8956 8955 8948 8949
f 8951 8950 8957 8958
f 8953 8952 8959 8960
f 8961 8959 8952 8954
f 8963 8962 8955 8956
f 9048 8914 8458 8586
f 9049 9048 8588 8596
f 8977 9049 8596 8589
f 8978 8977 8589 8590
f 8592 8591 8979 8980
f 8980 8978 8590 8592
f 8981 8979 8591 8593
f 8983 8982 8977 8978
f 8980 8979 8984 8985
f 8985 8983 8978 8980
f 8986 8984 8979 8981
f 8987 8985 8984 8986
f 9050 8970 8919 9048
f 9051 8925 8970 9050
f 9052 9050 9048 9049
f 9053 9051 9050 9052
f 9054 9052 9049 8982
f 8988 9053 9052 9054
f 9055 9054 8983 8985
f 8990 8989 9054 9055
f 8994 8992 8988 8989
f 8995 8993 8992 8994
f 8996 8994 8989 8990
f 8997 8995 8994 8996
f 8998 8996 8990 8991
f 8999 8997 8996 8998
f 9056 8941 8933 9051
f 9000 9056 9051 9053
f 9003 9001 9000 9002
f 9004 9002 9053 8992
f 9005 9003 9002 9004
f 9005 9004 8992 8993
f 9007 9005 8993 8995
f 9008 9006 9005 9007
f 9058 9007 8995 8997
f 9009 9008 9007 9058
f 9012 9010 9009 9011
f 9015 9014 9001 9003
f 9016 9015 9003 9005
f 9017 9057 9015 9016
f 9017 9016 9005 9006
f 9018 9017 9006 9008
f 9020 9018 9008 9009
f 9021 9019 9018 9020
f 9021 9020 9009 9010
f 9023 9021 9010 9012
f 9024 9022 9021 9023
f 9024 9023 9012 9013
f 9026 8956 8949 9056
f 9028 9027 9056 9014
f 9030 9028 9014 9015
f 9031 9029 9028 9030
f 9031 9030 9015 9057
f 9059 9031 9057 9017
f 9060 9059 9019 9021
f 9033 9032 9059 9060
f 9033 9060 9021 9022
f 9035 9033 9022 9024
f 9036 9034 9033 9035
f 9036 9035 9024 9025
f 9037 8963 8956 9026
f 9038 9037 9026 9027
f 9039 9038 9027 9028
f 9040 9039 9028 9029
f 9041 9040 9029 9031
f 9046 9044 9032 9033
f 9047 9045 9044 9046
f 9047 9046 9033 9034
f 8730 8741 9080 9061
f 8731 8730 9061 9062
f 9063 9080 8741 8732
f 9064 9061 9080 9063
f 9065 9063 8732 8733
f 9062 9061 9066 9067
f 9064 9063 9068 9069
f 9069 9066 9061 9064
f 9070 9067 9066 9069
f 9071 9068 9063 9065
f 9072 9069 9068 9071
f 9070 9069 9073 9074
f 9074 9081 9067 9070
f 9075 9073 9069 9072
f 9076 9074 9073 9075
f 9076 9075 9078 9079
f 9079 9077 9074 9076
f 9083 8981 8593 8867
f 9084 9083 8867 8869
f 9085 9084 8869 8870
f 9086 9085 8870 8871
f 9088 9086 8871 8872
f 9089 9087 9086 9088
f 9089 9088 8872 8873
f 9090 9089 8873 8874
f 9155 9090 8874 8875
f 9093 9091 9090 9155
f 9093 9155 8875 8876
f 9094 9092 9091 9093
f 9094 9093 8876 8877
f 9156 9153 9092 9094
f 9156 9094 8877 8886
f 8878 8731 9062 9154
f 8879 8878 9154 9095
f 8880 8879 9095 9096
f 9098 9097 8881 8882
f 8882 8880 9096 9098
f 9099 8986 8981 9083
f 9100 8987 8986 9099
f 9101 9099 9083 9084
f 9102 9100 9099 9101
f 9102 9101 9084 9085
f 9103 9102 9085 9086
f 9104 9103 9086 9087
f 9106 9104 9087 9089
f 9107 9105 9104 9106
f 9107 9106 9089 9090
f 9108 9107 9090 9091
f 9109 9108 9091 9092
f 9096 9095 9110 9111
f 9113 9112 9097 9098
f 9098 9096 9111 9113
f 9114 9055 8987 9100
f 9115 8991 9055 9114
f 9116 9114 9100 9102
f 9117 9115 9114 9116
f 9158 9116 9102 9103
f 9119 9117 9116 9158
f 9119 9158 9103 9104
f 9120 9118 9117 9119
f 9120 9119 9104 9105
f 9123 9120 9105 9107
f 9124 9121 9120 9123
f 9124 9123 9107 9108
f 9125 9122 9121 9124
f 9125 9124 9108 9109
f 9159 9125 9109 9153
f 9154 9067 9081 9160
f 9126 9160 9081 9074
f 9110 9154 9160 9126
f 9111 9110 9126 9127
f 9129 9127 9126 9128
f 9113 9111 9127 9129
f 9130 8998 8991 9115
f 9131 8999 8998 9130
f 9134 9130 9115 9117
f 9135 9131 9130 9134
f 9135 9134 9117 9118
f 9136 9132 9131 9135
f 9137 9133 9132 9136
f 9138 9135 9118 9120
f 9139 9136 9135 9138
f 9139 9138 9120 9121
f 9140 9137 9136 9139
f 9140 9139 9121 9122
f 9159 9157 9137 9140
f 9126 9074 9077 9141
f 9142 9141 9077 9079
f 9128 9126 9141 9142
f 9129 9128 9142 9143
f 9161 9058 8999 9131
f 9144 9011 9058 9161
f 9144 9161 9131 9132
f 9145 9012 9011 9144
f 9145 9144 9132 9133
f 9146 9013 9012 9145
f 9148 9145 9133 9137
f 9149 9146 9145 9148
f 9149 9148 9137 9157
f 9150 9147 9146 9149
f 9142 9079 9082 9162
f 9151 9024 9013 9146
f 9152 9025 9024 9151
f 9152 9151 9146 9147
f 9171 9065 8733 8899
f 9163 9171 8899 8896
f 9164 9163 8896 8897
f 9165 9072 9071 9171
f 9166 9165 9163 9164
f 9167 9075 9072 9165
f 9168 9167 9165 9166
f 9169 9078 9075 9167
f 9170 9079 9078 9169
f 9170 9169 9167 9168
f 9172 9082 9079 9170
f 9173 9164 8897 8908
f 8908 8881 9097 9173
f 9174 9166 9164 9173
f 9173 9097 9112 9174
f 9174 9112 9113 9175
f 9176 9168 9166 9174
f 9177 9176 9174 9175
f 9175 9113 9129 9177
f 9178 9170 9168 9176
f 9179 9143 9142 9178
f 9179 9178 9176 9177
f 9177 9129 9143 9179
f 9180 9162 9082 9172
f 9180 9172 9170 9178
f 9178 9142 9162 9180
f 8958 8957 9181 9182
f 8975 8960 9219 9183
f 9183 9181 8957 8975
f 8961 8974 9218 9219
f 9184 9218 8974 8962
f 9185 9184 8962 8963
f 9182 9181 9186 9187
f 9188 9186 9181 9183
f 9189 9187 9186 9188
f 9220 9219 9218 9190
f 9191 9190 9184 9185
f 9188 9219 9221 9192
f 9189 9188 9192 9193
f 9220 9190 9195 9196
f 9196 9221 9219 9220
f 9197 9195 9190 9191
f 9198 9196 9195 9197
f 9193 9192 9199 9200
f 9201 9199 9192 9194
f 9202 9200 9199 9201
f 9205 9203 9196 9198
f 9201 9221 9223 9206
f 9202 9201 9206 9207
f 9204 9203 9208 9209
f 9209 9223 9221 9204
f 9210 9206 9223 9209
f 9211 9207 9206 9210
f 9222 9202 9207 9211
f 9212 9208 9203 9205
f 9213 9209 9208 9212
f 9214 9210 9209 9213
f 9215 9211 9210 9214
f 9215 9214 9216 9217
f 9224 9185 8963 9037
f 9225 9224 9037 9038
f 9273 9225 9038 9039
f 9226 9273 9039 9040
f 9227 9226 9040 9041
f 9228 9227 9041 9042
f 9275 9228 9042 9059
f 9229 9275 9059 9043
f 9231 9229 9043 9044
f 9232 9230 9229 9231
f 9232 9231 9044 9045
f 9233 9191 9185 9224
f 9234 9233 9224 9225
f 9235 9272 9234 9273
f 9236 9235 9226 9227
f 9237 9236 9227 9228
f 9238 9274 9237 9275
f 9239 9238 9229 9230
f 9276 9197 9191 9233
f 9240 9198 9197 9276
f 9241 9276 9234 9272
f 9242 9241 9272 9235
f 9244 9242 9235 9236
f 9245 9243 9242 9244
f 9245 9244 9236 9237
f 9246 9245 9237 9274
f 9248 9246 9274 9238
f 9249 9247 9246 9248
f 9249 9248 9238 9239
f 9250 9205 9198 9240
f 9252 9250 9240 9241
f 9253 9251 9250 9252
f 9254 9252 9241 9242
f 9255 9253 9252 9254
f 9255 9254 9242 9243
f 9257 9255 9243 9245
f 9258 9256 9255 9257
f 9258 9257 9245 9246
f 9259 9258 9246 9247
f 9277 9212 9205 9250
f 9260 9214 9213 9277
f 9278 9277 9253 9255
f 9264 9262 9277 9278
f 9264 9278 9255 9256
f 9265 9263 9262 9264
f 9266 9264 9256 9258
f 9267 9265 9264 9266
f 9267 9266 9258 9259
f 9268 9216 9214 9260
f 9269 9217 9216 9268
f 9261 9215 9217 9269
f 9270 9268 9260 9262
f 9271 9269 9268 9270
f 9271 9270 9262 9263
f 9263 9261 9269 9271
f 5464 3480 6848 9279
f 5465 5464 9280 9303
f 9282 9303 9280 9281
f 9282 9281 5450 5451
f 5451 5465 9303 9282
f 5452 5450 9281 9283
f 5453 5452 9283 9284
f 9305 9284 9283 9304
f 9305 9304 5466 5467
f 5467 5453 9284 9305
f 5468 5466 9304 9306
f 9280 9279 9286 9287
f 9281 9280 9287 9288
f 9283 9281 9288 9289
f 9285 6848 6788 9290
f 9290 6788 6789 9291
f 9286 9285 9290 9291
f 9287 9286 9291 9292
f 9288 9287 9292 9307
f 9304 9289 9307 9308
f 9306 9304 9308 9309
f 9291 6789 6796 9293
f 9292 9291 9293 9294
f 9293 6796 6810 9295
f 9294 9293 9295 9296
f 9307 9294 9296 9310
f 9308 9307 9310 9312
f 9295 6810 6826 9297
f 9296 9295 9297 9298
f 9297 6826 6833 9299
f 9298 9297 9299 9300
f 9310 9298 9300 9311
f 9299 6833 6842 9301
f 9300 9299 9301 9302
f 5511 5468 9306 9313
f 9315 9314 5506 5511
f 5488 5506 9314 9323
f 9313 9306 9309 9316
f 9318 9317 9314 9315
f 9315 9313 9316 9318
f 9316 9309 9312 9319
f 9320 9324 9317 9318
f 9318 9316 9319 9320
f 9323 9317 9324 9325
f 9320 9319 9321 9322
f 5551 5549 9353 9355
f 9355 9354 5550 5551
f 9371 9357 5553 5555
f 5555 5550 9354 9371
f 9357 9356 5552 5553
f 9326 7788 4377 5532
f 9327 9326 5532 5533
f 5533 5552 9356 9327
f 9327 9356 9357 9358
f 9329 9328 9326 9327
f 9355 9353 9359 9361
f 9361 9360 9354 9355
f 9330 7751 7788 9328
f 9331 9330 9328 9329
f 9363 9331 9329 9358
f 9358 9357 9362 9363
f 7752 7751 9330 9332
f 9334 9333 9330 9331
f 9335 7755 7752 9332
f 9332 9330 9333 9335
f 9361 9359 9364 9366
f 9366 9365 9360 9361
f 9371 9360 9365 9372
f 9372 9367 9362 9371
f 9337 9336 9333 9334
f 9368 9337 9334 9363
f 9363 9362 9367 9368
f 9338 7762 7755 9335
f 9335 9333 9336 9338
f 9340 9339 9336 9337
f 9341 7769 7762 9338
f 9338 9336 9339 9341
f 9341 9339 9340 9342
f 9344 9343 9340 9368
f 9368 9367 9370 9345
f 9346 7775 7769 9341
f 9347 9346 9341 9342
f 9342 9340 9343 9347
f 9349 9348 9343 9344
f 9350 9349 9344 9345
f 9351 7781 7775 9346
f 9352 9351 9346 9347
f 9347 9343 9348 9352
f 9373 9353 5549 5559
f 5559 5508 9323 9373
f 9301 6842 7412 9374
f 9302 9301 9374 9375
f 9311 9302 9375 9382
f 9312 9311 9382 9383
f 9374 7412 7417 9376
f 9375 9374 9376 9377
f 9376 7417 7479 9385
f 9382 9377 9385 9386
f 9383 9382 9386 9387
f 9384 9383 9387 9388
f 9385 7479 7434 9389
f 9386 9385 9389 9390
f 9387 9386 9390 9391
f 9388 9387 9391 9378
f 9379 9378 9380 9381
f 9389 7446 7484 9392
f 9390 9389 9392 9393
f 9391 9390 9393 9394
f 9380 9391 9394 9395
f 9321 9312 9384 9402
f 9322 9321 9402 9403
f 9403 9425 9324 9322
f 9325 9324 9425 9404
f 9402 9384 9388 9407
f 9403 9402 9407 9408
f 9406 9404 9409 9411
f 9411 9410 9405 9406
f 9407 9388 9379 9397
f 9413 9412 9425 9408
f 9408 9407 9398 9413
f 9409 9425 9412 9415
f 9411 9409 9415 9417
f 9417 9416 9410 9411
f 9400 9399 9396 9397
f 9397 9379 9381 9400
f 9398 9396 9399 9401
f 9417 9415 9414 9416
f 9400 9381 9395 9419
f 9421 9419 9418 9420
f 9421 9420 9412 9413
f 9413 9401 9419 9421
f 9415 9412 9420 9423
f 9423 9422 9414 9415
f 9416 9414 9422 9424
f 9372 9369 9457 9475
f 9475 9458 9370 9372
f 9460 9459 9348 9349
f 9350 9370 9458 9460
f 9459 7886 7781 9351
f 9462 9429 9459 9460
f 9460 9458 9461 9462
f 9430 7894 7886 9459
f 9434 9433 9427 9428
f 9428 9426 9432 9434
f 9437 9436 9430 9431
f 9431 9429 9435 9437
f 9468 9465 9464 9467
f 9475 9433 9465 9468
f 9467 9466 9461 9475
f 9469 9439 9435 9462
f 9462 9461 9466 9469
f 9440 7899 7894 9436
f 9441 9439 9438 9440
f 9441 9440 9436 9437
f 9437 9435 9439 9441
f 9443 9442 9438 9439
f 9440 9438 9442 9444
f 9444 9442 9443 9445
f 9465 9463 9470 9472
f 9472 9471 9464 9465
f 9467 9464 9471 9474
f 9474 9473 9466 9467
f 9447 9446 9443 9469
f 9469 9466 9473 9448
f 9449 7875 7899 9444
f 9450 9449 9444 9445
f 9445 9443 9446 9450
f 9450 9446 9447 9451
f 9453 9452 9447 9448
f 9454 7880 7875 9449
f 9455 9454 9449 9450
f 9456 9455 9450 9451
f 9451 9447 9452 9456
f 9373 9325 9405 9479
f 9479 9457 9369 9373
f 9479 9410 9416 9476
f 9477 9476 9463 9465
f 9477 9465 9432 9479
f 9476 9416 9424 9478
f 9478 9470 9463 9476
f 9483 9481 9480 9482
f 9485 9483 9482 9484
f 9491 7623 7622 9502
f 9482 9480 9491 9492
f 9484 9482 9492 9493
f 9485 9484 9493 9494
f 9496 9494 9493 9495
f 9486 9485 9494 9496
f 9498 9496 9495 9497
f 9487 9486 9496 9498
f 9488 9487 9498 9499
f 9489 9488 9499 9500
f 9490 9489 9500 9501
f 9502 7622 7631 9503
f 9492 9502 9503 9504
f 9506 9504 9503 9505
f 9493 9492 9504 9506
f 9497 9495 9506 9508
f 9500 9499 9508 9509
f 9508 9506 9505 9507
f 9392 7484 7676 9510
f 9393 9392 9511 9548
f 9394 9393 9548 9513
f 9515 9513 9512 9514
f 9395 9394 9514 9550
f 9517 7676 7656 9516
f 9519 9517 9516 9518
f 9511 9510 9517 9519
f 9548 9519 9518 9547
f 9514 9512 9520 9521
f 9523 7665 7664 9522
f 9516 7656 7665 9523
f 9525 9523 9522 9524
f 9518 9516 9523 9525
f 9547 9518 9525 9552
f 9548 9547 9552 9553
f 9527 9553 9552 9526
f 9520 9548 9553 9527
f 9529 9527 9526 9528
f 9521 9520 9527 9529
f 9556 9529 9528 9530
f 9556 9530 9549 9550
f 9550 9521 9529 9556
f 9534 7670 7669 9533
f 9535 7671 7670 9534
f 9522 7664 7671 9535
f 9537 9534 9533 9536
f 9538 9535 9534 9537
f 9524 9522 9535 9538
f 9552 9538 9537 9551
f 9539 9552 9551 9554
f 9542 9540 9539 9541
f 9528 9526 9540 9542
f 9544 9542 9541 9543
f 9530 9528 9542 9544
f 9546 9544 9543 9545
f 9546 9545 9531 9532
f 9532 9530 9544 9546
f 9557 7677 7623 9481
f 9533 7669 7677 9557
f 9558 9557 9483 9485
f 9551 9536 9557 9558
f 9559 9558 9486 9487
f 9554 9551 9558 9559
f 9539 9554 9559 9560
f 9561 9559 9488 9489
f 9562 9560 9559 9561
f 9543 9541 9560 9562
f 9562 9561 9555 9545
f 9568 9566 9565 9567
f 9572 9570 9569 9571
f 9564 9563 9570 9572
f 9574 9572 9571 9573
f 9574 9573 9565 9566
f 9566 9564 9572 9574
f 9567 9565 9573 9575
f 9581 9579 9578 9580
f 9583 9581 9580 9582
f 9583 9582 9569 9570
f 9570 9602 9581 9583
f 9571 9569 9582 9584
f 9573 9571 9584 9596
f 9576 9490 9501 9585
f 9577 9576 9585 9587
f 9589 9587 9586 9588
f 9589 9588 9578 9579
f 9579 9577 9587 9589
f 9580 9578 9588 9590
f 9582 9580 9590 9591
f 9584 9582 9591 9592
f 9596 9592 9594 9595
f 9585 9501 9509 9597
f 9588 9586 9597 9598
f 9591 9590 9598 9600
f 9600 9599 9594 9592
f 9595 9594 9599 9601
f 9419 9395 9550 9646
f 9646 9604 9418 9419
f 9420 9418 9604 9606
f 9608 9606 9605 9607
f 9641 9609 9422 9423
f 9423 9420 9607 9641
f 9424 9422 9611 9642
f 9646 9550 9549 9612
f 9604 9603 9612 9614
f 9616 9614 9613 9615
f 9616 9615 9605 9606
f 9606 9604 9614 9616
f 9607 9605 9615 9617
f 9641 9617 9640 9619
f 9621 9619 9618 9620
f 9621 9620 9610 9611
f 9611 9609 9619 9621
f 9623 9532 9531 9622
f 9612 9549 9532 9623
f 9626 9623 9622 9625
f 9626 9625 9613 9614
f 9614 9612 9623 9626
f 9643 9625 9624 9627
f 9615 9613 9625 9643
f 9643 9629 9640 9617
f 9619 9640 9629 9644
f 9645 9644 9564 9566
f 9645 9566 9593 9642
f 9642 9620 9644 9645
f 9632 9545 9555 9631
f 9622 9531 9545 9632
f 9634 9631 9630 9633
f 9635 9632 9631 9634
f 9635 9634 9624 9625
f 9625 9622 9632 9635
f 9637 9634 9633 9636
f 9627 9624 9634 9637
f 9639 9637 9636 9638
f 9639 9638 9628 9629
f 9629 9627 9637 9639
f 9644 9638 9602 9570
f 9647 9561 9490 9576
f 9631 9555 9561 9647
f 9647 9579 9602 9636
f 9472 9470 9688 9690
f 9690 9689 9471 9472
f 9474 9471 9689 9649
f 9650 9691 9473 9474
f 9652 9651 9452 9453
f 9453 9473 9691 9652
f 9653 8081 7880 9454
f 9654 9653 9454 9455
f 9655 9654 9455 9456
f 9456 9452 9651 9655
f 9690 9688 9687 9689
f 9657 9656 9648 9649
f 9650 9648 9656 9658
f 9660 9659 9651 9652
f 9661 8086 8081 9653
f 9662 9661 9653 9654
f 9663 9662 9654 9655
f 9655 9651 9659 9663
f 9688 9593 9567 9693
f 9693 9692 9687 9688
f 9689 9687 9692 9694
f 9656 9689 9694 9696
f 9696 9695 9691 9658
f 9665 9664 9659 9660
f 9660 9691 9695 9665
f 9667 9666 9661 9662
f 9668 9667 9662 9663
f 9663 9659 9664 9668
f 9670 9669 9664 9665
f 9672 9671 9666 9667
f 9673 9672 9667 9668
f 9668 9664 9669 9673
f 9698 9596 9595 9697
f 9698 9697 9692 9693
f 9693 9575 9596 9698
f 9694 9692 9697 9699
f 9696 9694 9699 9705
f 9705 9700 9695 9696
f 9675 9674 9669 9670
f 9670 9695 9700 9675
f 9676 9701 9672 9673
f 9673 9669 9674 9676
f 9676 9674 9675 9677
f 9680 9679 9676 9677
f 9677 9675 9678 9680
f 9697 9595 9601 9702
f 9699 9697 9702 9703
f 9678 9700 9704 9681
f 9683 9682 9679 9680
f 9680 9678 9681 9683
f 9686 9685 9682 9683
f 9683 9681 9684 9686
f 9706 9642 9593 9688
f 9706 9688 9470 9478
f 9478 9424 9642 9706
f 8144 8086 9661 9726
f 9707 8145 8144 9726
f 9726 9661 9666 9707
f 9707 9666 9671 9708
f 9708 9671 9672 9709
f 9710 8133 8145 9708
f 9711 9710 9708 9709
f 9709 9672 9701 9711
f 9711 9701 9676 9727
f 9712 8135 8133 9710
f 9713 9712 9710 9711
f 8136 8135 9712 9714
f 9716 9715 9712 9713
f 9717 9716 9713 9727
f 9727 9679 9682 9717
f 9718 8140 8136 9714
f 9714 9712 9715 9718
f 9718 9715 9716 9719
f 9721 9720 9716 9717
f 9717 9682 9685 9721
f 9721 9685 9686 9722
f 9723 8143 8140 9718
f 9724 9723 9718 9719
f 9719 9716 9720 9724
f 9724 9720 9721 9725
f 9792 7694 7684 9728
f 9503 7631 7694 9792
f 9507 9505 9792 9781
f 9508 9507 9781 9782
f 9783 9782 9781 9730
f 9509 9508 9782 9783
f 9733 7689 7688 9732
f 9728 7684 7689 9733
f 9729 9728 9733 9734
f 9731 9730 9735 9736
f 9784 7692 6625 8155
f 9737 7693 7692 9784
f 9732 7688 7693 9737
f 9733 9732 9737 9738
f 9740 9738 9737 9739
f 9734 9733 9738 9740
f 9742 9740 9739 9741
f 9780 9734 9740 9742
f 9786 9792 9743 9793
f 9735 9781 9786 9745
f 9736 9735 9745 9746
f 9739 9737 9747 9748
f 9785 9784 8166 8168
f 9749 9748 9784 9785
f 9741 9739 9748 9749
f 9742 9741 9749 9750
f 9752 9750 9749 9751
f 9743 9742 9750 9752
f 9745 9744 9753 9754
f 9756 9754 9753 9755
f 9746 9745 9754 9756
f 9785 8168 8175 9787
f 9749 9785 9787 9757
f 9751 9749 9757 9758
f 9752 9751 9758 9759
f 9761 9759 9758 9760
f 9793 9752 9759 9761
f 9763 9761 9760 9762
f 9786 9793 9763 9794
f 9788 9787 8182 8184
f 9767 9766 9787 9788
f 9760 9758 9766 9767
f 9762 9760 9767 9768
f 9763 9762 9768 9769
f 9771 9769 9768 9770
f 9764 9763 9769 9771
f 9765 9764 9771 9772
f 9788 8186 8188 9789
f 9768 9788 9789 9790
f 9791 9789 8188 8190
f 9773 9790 9789 9791
f 9770 9768 9790 9773
f 9771 9770 9773 9774
f 9776 9774 9773 9775
f 9772 9771 9774 9776
f 9775 9773 9777 9778
f 9776 9775 9778 9779
f 9597 9509 9783 9823
f 9598 9597 9823 9825
f 9827 9825 9824 9826
f 9600 9598 9825 9827
f 9827 9826 9599 9600
f 9601 9599 9826 9828
f 9823 9783 9736 9822
f 9825 9823 9822 9824
f 9822 9736 9746 9829
f 9824 9822 9829 9795
f 9826 9824 9796 9830
f 9828 9826 9830 9831
f 9796 9795 9797 9798
f 9829 9755 9794 9799
f 9802 9800 9799 9801
f 9797 9829 9802 9833
f 9830 9798 9833 9834
f 9831 9830 9834 9835
f 9803 9794 9772 9832
f 9801 9799 9803 9804
f 9802 9801 9804 9805
f 9832 9772 9776 9806
f 9803 9832 9806 9837
f 9833 9804 9837 9808
f 9811 9809 9808 9810
f 9834 9833 9811 9812
f 9835 9834 9813 9839
f 9836 9835 9839 9840
f 9815 9779 9778 9814
f 9806 9776 9779 9815
f 9807 9806 9815 9816
f 9817 9837 9816 9838
f 9810 9808 9817 9818
f 9811 9810 9818 9819
f 9812 9811 9819 9820
f 9813 9812 9820 9821
f 9702 9601 9828 9868
f 9705 9703 9868 9852
f 9853 9841 9684 9705
f 9686 9684 9841 9842
f 9853 9852 9854 9856
f 9856 9855 9843 9853
f 9868 9831 9835 9857
f 9857 9835 9836 9858
f 9854 9868 9859 9861
f 9856 9854 9861 9862
f 9859 9857 9858 9860
f 9858 9836 9840 9844
f 9864 9863 9859 9860
f 9860 9858 9845 9864
f 9861 9859 9863 9865
f 9865 9863 9864 9866
f 9862 9861 9865 9867
f 9845 9844 9847 9848
f 9867 9865 9866 9849
f 9872 9871 9721 9722
f 9722 9686 9842 9872
f 9873 8306 8143 9723
f 9874 9873 9723 9724
f 9875 9874 9724 9725
f 9725 9721 9871 9875
f 8308 8306 9873 9876
f 9876 9873 9874 9877
f 9879 9878 9871 9872
f 9872 9842 9843 9879
f 9881 9880 9874 9875
f 9875 9871 9878 9881
f 9881 9878 9879 9882
f 9883 8315 8308 9876
f 9884 9883 9876 9877
f 9877 9874 9880 9884
f 9884 9880 9881 9954
f 9879 9843 9855 9885
f 9885 9855 9856 9963
f 9887 9886 9881 9882
f 9882 9879 9885 9887
f 9888 8320 8315 9883
f 9889 9888 9883 9884
f 9890 9889 9884 9954
f 9954 9881 9886 9890
f 8322 8320 9888 9891
f 9891 9888 9889 9892
f 9895 9894 9886 9887
f 9887 9885 9893 9895
f 9897 9896 9889 9890
f 9890 9886 9894 9897
f 9897 9894 9895 9898
f 9899 8328 8322 9891
f 9900 9899 9891 9892
f 9892 9889 9896 9900
f 9900 9896 9897 9901
f 8386 8328 9899 9964
f 9963 9856 9862 9956
f 9956 9955 9895 9963
f 9903 9902 9897 9898
f 9898 9895 9955 9903
f 9903 9955 9956 9904
f 9906 9905 9899 9900
f 9907 9906 9900 9901
f 9901 9897 9902 9907
f 9907 9902 9903 9908
f 9909 8378 8386 9964
f 9964 9899 9905 9909
f 9909 9905 9906 9910
f 9910 9906 9907 9957
f 9912 9911 9903 9904
f 9915 9914 9907 9908
f 9908 9903 9911 9915
f 9915 9911 9912 9916
f 9918 9917 9909 9910
f 9919 9917 9918 9920
f 9956 9862 9867 9921
f 9921 9867 9846 9922
f 9924 9921 9922 9925
f 9925 9922 9923 9926
f 9928 9927 9912 9913
f 9913 9956 9924 9928
f 9928 9924 9925 9929
f 9929 9925 9926 9930
f 9931 9958 9915 9916
f 9916 9912 9927 9931
f 9931 9927 9928 9932
f 9932 9928 9929 9933
f 9933 9929 9930 9934
f 9936 9935 9918 9957
f 9957 9915 9958 9937
f 9937 9958 9931 9959
f 9938 8382 8378 9919
f 9939 9938 9919 9920
f 9920 9918 9935 9939
f 9939 9935 9936 9940
f 9940 9936 9937 9941
f 9922 9846 9850 9942
f 9942 9850 9851 9943
f 9923 9922 9942 9943
f 9926 9923 9943 9944
f 9930 9926 9944 9945
f 9947 9946 9932 9933
f 9948 9947 9933 9934
f 9934 9930 9945 9948
f 9959 9946 9947 9960
f 9951 9950 9938 9939
f 9952 9951 9939 9940
f 9953 9952 9940 9941
f 9941 9937 9949 9953
f 8384 8382 9950 9961
f 9961 9951 9952 9962
f 9943 9851 9869 9965
f 9966 9869 9870 9967
f 9944 9943 9965 9971
f 9971 9965 9966 9972
f 9972 9966 9967 9973
f 9973 9967 9968 9974
f 9974 9968 9969 9975
f 9975 9969 9970 9976
f 9945 9944 9971 9977
f 9977 9971 9972 9978
f 9978 9972 9973 9979
f 9979 9973 9974 9980
f 9980 9974 9975 9981
f 9981 9975 9976 9982
f 9948 9945 9977 9983
f 9984 9978 9979 9985
f 9985 9979 9980 9986
f 9986 9980 9981 9987
f 9987 9981 9982 9988
f 9992 9988 9991 9989
f 9791 8194 8388 9993
f 9778 9791 9993 9994
f 10061 9993 8388 8393
f 9995 9994 9993 10061
f 9814 9778 9994 9995
f 9815 9814 9995 9996
f 9998 9996 9995 9997
f 9816 9815 9996 9998
f 9838 9816 9998 9999
f 9817 9838 9999 10000
f 9818 9817 10000 10001
f 9819 9818 10001 10002
f 10004 10002 10001 10003
f 9820 9819 10002 10004
f 9821 9820 10004 10005
f 9839 9821 10005 10062
f 9840 9839 10062 10063
f 9997 9995 10006 10007
f 9998 9997 10007 10008
f 10010 10008 10007 10009
f 9999 9998 10008 10010
f 10000 9999 10010 10011
f 10001 10000 10011 10012
f 10003 10001 10012 10013
f 10004 10003 10013 10014
f 10005 10004 10014 10015
f 10061 8405 8409 10064
f 10007 10061 10064 10065
f 10016 10064 8409 8413
f 10018 10065 10064 10017
f 10009 10007 10065 10018
f 10010 10009 10018 10019
f 10011 10010 10019 10066
f 10013 10012 10066 10067
f 10062 10015 10067 10069
f 10069 10067 10068 10021
f 10063 10062 10069 10021
f 10016 8413 8424 10024
f 10017 10016 10024 10025
f 10018 10017 10025 10026
f 10019 10018 10026 10027
f 10020 10019 10027 10028
f 10022 10021 10029 10031
f 10031 10029 10030 10032
f 10023 10022 10031 10032
f 10024 8424 8467 10070
f 10026 10025 10070 10033
f 10027 10026 10033 10034
f 10028 10027 10034 10035
f 10066 10028 10035 10076
f 10067 10066 10076 10071
f 10068 10067 10071 10072
f 10029 10068 10072 10036
f 10030 10029 10036 10037
f 10039 10037 10036 10038
f 10032 10030 10037 10039
f 10034 10033 10040 10041
f 10035 10034 10041 10042
f 10038 10036 10043 10045
f 10045 10043 10044 10046
f 10039 10038 10045 10046
f 10070 8467 8470 10073
f 10040 10070 10073 10047
f 10041 10040 10047 10048
f 10042 10041 10048 10049
f 10072 10071 10074 10075
f 10043 10072 10075 10050
f 10044 10043 10050 10051
f 10053 10051 10050 10052
f 10046 10044 10051 10053
f 10048 10047 10054 10055
f 10057 10055 10054 10056
f 10049 10048 10055 10057
f 10052 10050 10058 10059
f 10053 10052 10059 10060
f 9847 9840 10063 10077
f 9848 9847 10077 10078
f 9864 9848 10078 10079
f 9866 9864 10080 10134
f 9849 9866 10134 10081
f 9850 9849 10081 10083
f 10083 10081 10082 10084
f 9851 9850 10083 10084
f 10078 10077 10085 10086
f 10079 10078 10086 10088
f 10088 10086 10087 10089
f 10080 10079 10088 10090
f 10090 10088 10089 10091
f 10082 10081 10092 10093
f 10085 10063 10022 10094
f 10094 10022 10023 10095
f 10086 10085 10094 10096
f 10096 10094 10095 10097
f 10087 10086 10096 10097
f 10089 10087 10097 10098
f 10091 10089 10098 10099
f 10134 10091 10099 10135
f 10092 10134 10135 10100
f 10093 10092 10100 10102
f 10104 10102 10101 10103
f 10095 10023 10032 10105
f 10097 10095 10105 10106
f 10098 10097 10106 10107
f 10099 10098 10107 10108
f 10110 10109 10101 10102
f 10103 10101 10109 10111
f 10104 10103 10111 10112
f 10105 10032 10039 10136
f 10107 10106 10136 10113
f 10108 10107 10113 10114
f 10135 10108 10114 10137
f 10116 10115 10109 10110
f 10110 10135 10137 10116
f 10111 10109 10115 10117
f 10112 10111 10117 10118
f 10114 10113 10119 10120
f 10117 10115 10121 10122
f 10136 10046 10053 10123
f 10119 10136 10124 10138
f 10137 10120 10138 10126
f 10121 10137 10127 10139
f 10129 10060 10059 10128
f 10123 10053 10060 10129
f 10131 10129 10128 10130
f 10124 10123 10129 10131
f 10127 10125 10132 10133
f 10144 10140 10141 10145
f 10145 10141 10142 10146
f 10146 10142 10143 10147
f 10084 10082 10144 10150
f 9869 9851 10084 10150
f 10150 10144 10145 10151
f 10151 10145 10146 10152
f 9870 9869 10151 10152
f 10152 10146 10147 10153
f 10153 10147 10148 10154
f 10154 10148 10149 10155
f 10141 10140 10157 10158
f 10142 10141 10158 10159
f 10143 10142 10159 10160
f 10144 10082 10093 10161
f 10161 10157 10140 10144
f 10147 10143 10160 10162
f 10148 10147 10162 10163
f 10149 10148 10163 10164
f 10155 10149 10164 10165
f 10156 10155 10165 10166
f 10158 10157 10167 10168
f 10159 10158 10168 10183
f 10161 10093 10102 10169
f 10169 10167 10157 10161
f 10170 10168 10167 10169
f 10171 10183 10168 10170
f 10162 10160 10183 10172
f 10163 10162 10172 10173
f 10164 10163 10173 10174
f 10175 10169 10102 10104
f 10176 10170 10169 10175
f 10177 10171 10170 10176
f 10178 10172 10171 10177
f 10179 10173 10172 10178
f 10180 10174 10173 10179
f 10165 10164 10174 10180
f 10175 10104 10112 10181
f 10176 10175 10181 10182
f 10186 10185 9959 9960
f 9960 9947 10322 10186
f 10188 10323 9953 9959
f 10188 10184 10185 10189
f 10189 10185 10186 10190
f 10190 10186 10187 10191
f 10192 8759 8384 9961
f 10194 10193 9961 9962
f 9962 9953 10323 10195
f 10195 10323 10188 10196
f 10196 10188 10189 10197
f 10197 10189 10190 10198
f 10198 10190 10191 10199
f 8762 8759 10192 10200
f 10200 10192 10193 10201
f 10201 10193 10194 10202
f 10203 10197 10198 10204
f 10191 10187 10205 10206
f 10208 10207 10194 10195
f 10209 10208 10195 10196
f 10210 10209 10196 10197
f 10212 10211 10198 10199
f 10199 10191 10206 10212
f 10213 8778 8762 10200
f 10214 10213 10200 10201
f 10215 10214 10201 10202
f 10202 10194 10207 10215
f 10215 10207 10208 10216
f 10216 10208 10209 10217
f 10217 10209 10210 10218
f 10218 10210 10197 10203
f 10219 10218 10203 10204
f 10204 10198 10211 10219
f 10219 10211 10212 10220
f 10221 8786 8778 10213
f 10222 10221 10213 10214
f 10223 10222 10214 10215
f 10224 10223 10215 10216
f 10225 10224 10216 10217
f 10226 10225 10217 10218
f 10227 10226 10218 10219
f 10228 10227 10219 10220
f 10229 8793 8786 10221
f 10230 10229 10221 10222
f 10231 10230 10222 10223
f 10232 10231 10223 10224
f 10233 10232 10224 10225
f 10234 10233 10225 10226
f 10235 10234 10226 10227
f 10237 10118 10117 10236
f 10324 10112 10118 10237
f 10239 10237 10236 10238
f 10242 10239 10238 10241
f 10244 10241 10240 10243
f 10245 10242 10241 10244
f 10253 10247 8810 8817
f 10253 8817 8793 10229
f 10254 10248 10247 10253
f 10254 10253 10229 10230
f 10255 10249 10248 10254
f 10255 10254 10230 10231
f 10256 10250 10249 10255
f 10256 10255 10231 10232
f 10257 10251 10250 10256
f 10257 10256 10232 10233
f 10258 10252 10251 10257
f 10258 10257 10233 10234
f 10259 10258 10234 10235
f 10236 10117 10122 10260
f 10238 10236 10260 10261
f 10263 10262 10240 10241
f 10241 10238 10261 10263
f 10243 10240 10262 10264
f 10244 10243 10264 10265
f 10245 10244 10265 10266
f 10269 10265 10264 10268
f 10270 10266 10265 10269
f 10246 10245 10266 10270
f 10272 10268 10267 10271
f 10273 10269 10268 10272
f 10274 10325 8885 8841
f 10274 8841 8810 10247
f 10275 10274 10247 10248
f 10276 10326 10325 10275
f 10276 10275 10248 10249
f 10277 10276 10249 10250
f 10278 10271 10326 10277
f 10278 10277 10250 10251
f 10279 10272 10271 10278
f 10279 10278 10251 10252
f 10280 10273 10272 10279
f 10281 10279 10252 10258
f 10282 10280 10279 10281
f 10282 10281 10258 10259
f 10260 10122 10139 10284
f 10261 10260 10284 10286
f 10286 10284 10285 10287
f 10289 10288 10262 10263
f 10263 10261 10286 10289
f 10264 10262 10288 10291
f 10291 10288 10289 10292
f 10295 10294 10326 10267
f 10296 10291 10290 10295
f 10296 10295 10267 10268
f 10268 10264 10291 10296
f 10270 10269 10297 10298
f 10327 8886 8885 10325
f 10299 10327 10325 10326
f 10300 10294 10293 10299
f 10301 10297 10269 10273
f 10302 10298 10297 10301
f 10303 10301 10273 10280
f 10304 10302 10301 10303
f 10305 10303 10280 10282
f 10306 10304 10303 10305
f 10306 10305 10282 10283
f 10309 10308 10286 10287
f 10287 10285 10307 10309
f 10289 10286 10308 10310
f 10312 10311 10290 10291
f 10313 10312 10291 10292
f 10292 10289 10310 10313
f 10315 10314 10293 10294
f 10316 10315 10294 10295
f 10295 10290 10311 10316
f 10319 10317 10302 10304
f 10320 10318 10319 10321
f 10321 10319 10304 10306
f 9968 9870 10153 10477
f 10477 10153 10154 10328
f 9969 9968 10477 10328
f 10328 10154 10155 10329
f 9970 9969 10328 10329
f 10329 10155 10156 10330
f 9976 9970 10329 10331
f 10331 10329 10330 10332
f 10335 10334 9977 9978
f 9982 9976 10331 10336
f 10336 10331 10332 10337
f 9991 9982 10336 10337
f 10337 10332 10333 10338
f 10339 10322 9948 9983
f 9983 9977 10334 10339
f 10339 10334 10335 10340
f 10340 10335 9978 9984
f 10478 10340 9984 9985
f 10341 10478 9986 9987
f 10342 10341 9987 9988
f 10343 10337 10338 10344
f 10187 10322 10339 10345
f 10345 10339 10340 10346
f 10346 10340 10478 10347
f 10348 10478 10341 10349
f 10349 10341 10342 10350
f 10350 10342 9988 9992
f 10351 10350 9992 9989
f 10352 10351 9989 9990
f 9990 9991 10344 10352
f 10353 10348 10349 10354
f 10354 10349 10350 10355
f 10355 10350 10351 10356
f 10358 10166 10165 10357
f 10330 10156 10166 10358
f 10332 10330 10358 10359
f 10333 10332 10359 10360
f 10362 10360 10359 10361
f 10338 10333 10360 10362
f 10364 10362 10361 10363
f 10344 10338 10362 10364
f 10365 10205 10187 10345
f 10366 10365 10345 10346
f 10367 10366 10346 10347
f 10368 10367 10347 10348
f 10370 10364 10363 10369
f 10370 10369 10351 10352
f 10352 10344 10364 10370
f 10206 10205 10365 10371
f 10372 10366 10367 10373
f 10373 10367 10368 10374
f 10374 10368 10348 10353
f 10375 10374 10353 10354
f 10376 10375 10354 10355
f 10377 10376 10355 10356
f 10356 10351 10369 10377
f 10212 10206 10371 10378
f 10220 10212 10378 10379
f 10381 10177 10176 10380
f 10382 10178 10177 10381
f 10383 10179 10178 10382
f 10384 10180 10179 10383
f 10357 10165 10180 10384
f 10358 10357 10384 10385
f 10387 10381 10380 10386
f 10388 10382 10381 10387
f 10389 10383 10382 10388
f 10390 10384 10383 10389
f 10391 10385 10384 10390
f 10359 10358 10385 10391
f 10393 10388 10387 10392
f 10394 10389 10388 10393
f 10395 10390 10389 10394
f 10480 10391 10390 10395
f 10361 10359 10391 10480
f 10397 10395 10394 10396
f 10399 10398 10365 10366
f 10402 10480 10397 10401
f 10369 10363 10480 10402
f 10371 10365 10398 10403
f 10403 10398 10399 10404
f 10404 10399 10366 10372
f 10405 10404 10372 10373
f 10406 10405 10373 10374
f 10407 10406 10374 10375
f 10408 10401 10400 10407
f 10408 10407 10375 10376
f 10409 10402 10401 10408
f 10409 10408 10376 10377
f 10377 10369 10402 10409
f 10378 10371 10403 10410
f 10410 10403 10404 10411
f 10412 10228 10220 10379
f 10379 10378 10410 10412
f 10412 10410 10411 10413
f 10414 10181 10112 10324
f 10415 10182 10181 10414
f 10380 10176 10182 10415
f 10417 10415 10414 10416
f 10386 10380 10415 10417
f 10387 10386 10417 10418
f 10419 10418 10417 10479
f 10392 10387 10418 10419
f 10393 10392 10419 10420
f 10394 10393 10420 10421
f 10423 10420 10419 10422
f 10424 10421 10420 10423
f 10396 10394 10421 10424
f 10397 10396 10424 10425
f 10429 10424 10423 10428
f 10430 10425 10424 10429
f 10430 10429 10400 10401
f 10401 10397 10425 10430
f 10433 10427 10426 10431
f 10433 10432 10404 10405
f 10434 10428 10427 10433
f 10434 10433 10405 10406
f 10435 10429 10428 10434
f 10435 10434 10406 10407
f 10407 10400 10429 10435
f 10411 10404 10432 10436
f 10436 10432 10433 10437
f 10439 10438 10412 10413
f 10413 10411 10436 10439
f 10439 10436 10437 10440
f 10414 10324 10237 10441
f 10442 10441 10237 10239
f 10416 10414 10441 10442
f 10417 10416 10442 10443
f 10444 10442 10239 10242
f 10445 10443 10442 10444
f 10479 10417 10443 10445
f 10419 10479 10445 10446
f 10447 10444 10242 10245
f 10448 10445 10444 10447
f 10449 10446 10445 10448
f 10422 10419 10446 10449
f 10423 10422 10449 10450
f 10451 10447 10245 10246
f 10452 10448 10447 10451
f 10453 10449 10448 10452
f 10453 10452 10426 10427
f 10454 10450 10449 10453
f 10454 10453 10427 10428
f 10428 10423 10450 10454
f 10431 10426 10452 10455
f 10433 10431 10455 10456
f 10437 10433 10456 10457
f 10458 10481 10439 10440
f 10440 10437 10457 10458
f 10451 10246 10270 10459
f 10452 10451 10459 10460
f 10455 10452 10460 10461
f 10456 10455 10461 10462
f 10457 10456 10462 10463
f 10458 10457 10463 10464
f 10459 10270 10298 10465
f 10460 10459 10465 10466
f 10467 10465 10298 10302
f 10461 10460 10466 10468
f 10462 10461 10468 10482
f 10463 10462 10482 10469
f 10464 10463 10469 10470
f 10466 10465 10471 10472
f 10467 10302 10317 10473
f 10473 10471 10465 10467
f 10474 10472 10471 10473
f 10468 10466 10472 10474
f 10470 10469 10475 10476
f 10483 10227 10228 10484
f 10485 10235 10227 10483
f 10486 10485 10483 10484
f 10487 10259 10235 10485
f 10488 10487 10485 10486
f 10489 10282 10259 10487
f 10490 10283 10282 10489
f 10490 10489 10487 10488
f 10491 10306 10283 10490
f 10492 10321 10306 10491
f 10484 10228 10412 10493
f 10494 10486 10484 10493
f 10493 10412 10438 10494
f 10494 10438 10439 10495
f 10496 10488 10486 10494
f 10497 10496 10494 10495
f 10495 10439 10481 10497
f 10497 10481 10458 10504
f 10498 10490 10488 10496
f 10499 10498 10496 10497
f 10500 10491 10490 10498
f 10501 10500 10498 10499
f 10505 10501 10499 10504
f 10504 10464 10470 10505
f 10502 10492 10491 10500
f 10503 10502 10500 10501
f 10054 10073 10553 10506
f 10073 8470 8964 10553
f 10056 10054 10506 10507
f 10057 10056 10507 10508
f 10076 10057 10508 10567
f 10074 10076 10567 10555
f 10075 10074 10555 10556
f 10510 10556 10555 10509
f 10058 10075 10556 10510
f 10059 10058 10510 10511
f 10508 10507 10512 10513
f 10555 10567 10513 10554
f 10510 10509 10514 10515
f 10517 10515 10514 10516
f 10511 10510 10515 10517
f 10553 8964 8968 10557
f 10512 10553 10557 10518
f 10513 10512 10518 10519
f 10554 10513 10519 10520
f 10555 10554 10520 10558
f 10514 10555 10558 10521
f 10516 10514 10521 10522
f 10517 10516 10522 10559
f 10519 10518 10523 10524
f 10526 10524 10523 10525
f 10520 10519 10524 10526
f 10522 10521 10529 10530
f 10557 8968 8935 10560
f 10523 10557 10560 10561
f 10525 10523 10561 10531
f 10526 10525 10531 10532
f 10527 10526 10532 10533
f 10558 10527 10533 10563
f 10528 10558 10563 10534
f 10529 10528 10534 10535
f 10537 10535 10534 10536
f 10530 10529 10535 10537
f 10538 10561 10560 10562
f 10532 10531 10538 10539
f 10533 10532 10539 10540
f 10536 10534 10541 10542
f 10560 8944 8951 10564
f 10562 10560 10564 10565
f 10538 10562 10565 10543
f 10539 10538 10543 10544
f 10540 10539 10544 10545
f 10563 10540 10545 10566
f 10541 10563 10566 10546
f 10542 10541 10546 10547
f 10544 10543 10548 10549
f 10545 10544 10549 10550
f 10547 10546 10551 10552
f 10128 10059 10511 10650
f 10138 10130 10650 10651
f 10132 10138 10651 10568
f 10133 10132 10568 10569
f 10139 10133 10569 10570
f 10569 10568 10573 10574
f 10570 10569 10574 10575
f 10571 10570 10575 10576
f 10578 10576 10575 10577
f 10572 10571 10576 10578
f 10653 10559 10522 10652
f 10650 10517 10559 10653
f 10655 10653 10652 10654
f 10651 10650 10653 10655
f 10656 10655 10654 10579
f 10573 10651 10655 10656
f 10582 10656 10580 10581
f 10575 10574 10656 10582
f 10584 10582 10581 10583
f 10577 10575 10582 10584
f 10578 10577 10584 10585
f 10589 10587 10586 10588
f 10580 10579 10587 10589
f 10591 10589 10588 10590
f 10581 10580 10589 10591
f 10593 10591 10590 10592
f 10583 10581 10591 10593
f 10652 10530 10537 10657
f 10654 10652 10657 10595
f 10597 10595 10594 10596
f 10600 10597 10596 10599
f 10600 10599 10586 10587
f 10587 10654 10597 10600
f 10602 10599 10598 10601
f 10588 10586 10599 10602
f 10659 10602 10601 10604
f 10590 10588 10602 10659
f 10608 10604 10603 10607
f 10596 10594 10609 10610
f 10612 10610 10658 10611
f 10612 10611 10598 10599
f 10599 10596 10610 10612
f 10601 10598 10611 10614
f 10617 10614 10613 10616
f 10617 10616 10603 10604
f 10604 10601 10614 10617
f 10619 10618 10605 10606
f 10620 10616 10615 10619
f 10620 10619 10606 10607
f 10607 10603 10616 10620
f 10657 10542 10547 10621
f 10609 10657 10622 10624
f 10626 10624 10623 10625
f 10626 10625 10658 10610
f 10610 10609 10624 10626
f 10611 10658 10625 10628
f 10631 10628 10627 10630
f 10631 10630 10613 10614
f 10614 10611 10628 10631
f 10660 10630 10629 10633
f 10660 10633 10615 10616
f 10616 10613 10630 10660
f 10634 10632 9034 9036
f 10634 9036 9025 10618
f 10635 10633 10632 10634
f 10635 10634 10618 10619
f 10619 10615 10633 10635
f 10621 10547 10552 10636
f 10622 10621 10636 10637
f 10639 10638 10623 10624
f 10624 10622 10637 10639
f 10625 10623 10638 10641
f 10644 10641 10640 10643
f 10644 10643 10627 10628
f 10628 10625 10641 10644
f 10647 10643 10642 10646
f 10647 10646 10629 10630
f 10630 10627 10643 10647
f 10648 10645 9045 9047
f 10648 9047 9034 10632
f 10649 10646 10645 10648
f 10649 10648 10632 10633
f 10633 10629 10646 10649
f 10307 10139 10572 10661
f 10663 10662 10308 10309
f 10309 10307 10661 10663
f 10310 10308 10662 10665
f 10669 10668 10311 10312
f 10670 10665 10664 10669
f 10670 10669 10312 10313
f 10313 10310 10665 10670
f 10725 10724 9153 9156
f 10725 9156 8886 10327
f 10726 10666 10724 10725
f 10726 10725 10327 10314
f 10727 10668 10667 10726
f 10727 10726 10315 10316
f 10316 10311 10668 10727
f 10319 10318 10671 10672
f 10672 10728 10317 10319
f 10673 10671 10318 10320
f 10674 10673 10320 10321
f 10661 10572 10578 10676
f 10678 10676 10675 10677
f 10678 10677 10662 10663
f 10663 10661 10676 10678
f 10681 10680 10664 10665
f 10665 10662 10677 10681
f 10683 10682 10666 10667
f 10684 10683 10667 10668
f 10685 10680 10679 10684
f 10685 10684 10668 10669
f 10669 10664 10680 10685
f 10672 10671 10686 10687
f 10688 10686 10671 10673
f 10689 10688 10673 10674
f 10691 10584 10583 10690
f 10692 10585 10584 10691
f 10692 10691 10675 10676
f 10676 10578 10585 10692
f 10695 10691 10690 10694
f 10677 10675 10691 10695
f 10730 10729 9157 9159
f 10730 9159 9153 10724
f 10699 10694 10693 10698
f 10699 10698 10679 10680
f 10731 10695 10694 10699
f 10731 10699 10680 10681
f 10681 10677 10695 10731
f 10700 10730 10724 10682
f 10701 10697 10696 10700
f 10701 10700 10682 10683
f 10702 10698 10697 10701
f 10702 10701 10683 10684
f 10684 10679 10698 10702
f 10687 10686 10703 10704
f 10704 10732 10728 10687
f 10705 10703 10686 10688
f 10706 10704 10703 10705
f 10710 10593 10592 10709
f 10690 10583 10593 10710
f 10712 10708 10707 10711
f 10713 10709 10708 10712
f 10714 10710 10709 10713
f 10714 10713 10693 10694
f 10694 10690 10710 10714
f 10715 10711 10729 10730
f 10716 10712 10711 10715
f 10716 10715 10696 10697
f 10717 10713 10712 10716
f 10717 10716 10697 10698
f 10698 10693 10713 10717
f 10706 10705 10719 10720
f 10720 10718 10704 10706
f 10733 9147 9157 10729
f 10721 10607 10606 10733
f 10722 10608 10607 10721
f 10722 10721 10707 10708
f 10734 10659 10608 10722
f 10734 10722 10708 10709
f 10709 10592 10659 10734
f 10723 10733 10729 10711
f 10711 10707 10721 10723
f 10733 10618 9025 9152
f 10473 10317 10728 10736
f 10474 10473 10736 10737
f 10482 10474 10737 10755
f 10739 10755 10737 10738
f 10475 10482 10755 10739
f 10476 10475 10739 10740
f 10737 10736 10741 10742
f 10744 10742 10741 10743
f 10738 10737 10742 10744
f 10739 10738 10744 10745
f 10747 10745 10744 10746
f 10740 10739 10745 10747
f 10741 10728 10732 10756
f 10748 10756 10732 10704
f 10743 10741 10756 10748
f 10744 10743 10748 10749
f 10751 10749 10748 10750
f 10746 10744 10749 10751
f 10748 10704 10718 10752
f 10753 10752 10718 10720
f 10750 10748 10752 10753
f 10751 10750 10753 10754
f 10753 10720 10735 10757
f 10758 10674 10321 10492
f 10759 10688 10689 10760
f 10760 10689 10674 10758
f 10761 10705 10688 10759
f 10762 10761 10759 10760
f 10763 10719 10705 10761
f 10764 10720 10719 10763
f 10764 10763 10761 10762
f 10765 10735 10720 10764
f 10766 10758 10492 10502
f 10767 10766 10502 10503
f 10768 10767 10503 10505
f 10505 10476 10740 10768
f 10769 10760 10758 10766
f 10770 10769 10766 10767
f 10771 10747 10746 10770
f 10771 10770 10767 10768
f 10768 10740 10747 10771
f 10772 10762 10760 10769
f 10773 10772 10769 10770
f 10770 10746 10751 10773
f 10774 10764 10762 10772
f 10775 10754 10753 10774
f 10775 10774 10772 10773
f 10773 10751 10754 10775
f 10776 10757 10735 10765
f 10776 10765 10764 10774
f 10774 10753 10757 10776
f 10564 8958 9182 10823
f 10565 10564 10823 10817
f 10548 10565 10817 10777
f 10549 10548 10777 10778
f 10550 10549 10778 10779
f 10566 10550 10779 10818
f 10551 10566 10818 10780
f 10552 10551 10780 10781
f 10817 10823 9187 9189
f 10778 10777 10782 10783
f 10785 10783 10782 10784
f 10779 10778 10783 10785
f 10786 10818 10785 10819
f 10781 10780 10786 10787
f 10817 9189 9193 10788
f 10782 10817 10789 10790
f 10792 10790 10789 10791
f 10784 10782 10790 10792
f 10785 10784 10792 10793
f 10819 10785 10793 10794
f 10786 10819 10794 10795
f 10797 10795 10794 10796
f 10787 10786 10795 10797
f 10788 9193 9200 10798
f 10789 10788 10798 10799
f 10800 10798 9200 9202
f 10801 10799 10798 10800
f 10791 10789 10799 10801
f 10792 10791 10801 10802
f 10793 10792 10802 10803
f 10820 10800 9202 9222
f 10805 10803 10802 10804
f 10794 10793 10803 10805
f 10796 10794 10805 10806
f 10802 10801 10821 10822
f 10820 9222 9211 10807
f 10807 10821 10800 10820
f 10809 10822 10821 10808
f 10804 10802 10822 10809
f 10805 10804 10809 10810
f 10811 10807 9211 9215
f 10812 10808 10807 10811
f 10813 10809 10808 10812
f 10814 10810 10809 10813
f 10806 10805 10810 10814
f 10812 10811 10815 10816
f 10636 10552 10781 10824
f 10637 10636 10824 10825
f 10875 10826 10638 10639
f 10639 10637 10825 10875
f 10828 10827 10640 10641
f 10641 10638 10826 10828
f 10876 10830 10642 10643
f 10643 10640 10827 10876
f 10831 10829 9230 9232
f 10831 9232 9045 10645
f 10832 10830 10829 10831
f 10832 10831 10645 10646
f 10646 10642 10830 10832
f 10824 10781 10787 10833
f 10825 10824 10833 10834
f 10875 10834 10873 10835
f 10837 10836 10827 10828
f 10828 10826 10835 10837
f 10838 9239 9230 10829
f 10839 10838 10829 10830
f 10876 10836 10874 10839
f 10877 10797 10796 10840
f 10833 10787 10797 10877
f 10877 10841 10873 10834
f 10835 10873 10841 10843
f 10846 10845 10874 10836
f 10847 10843 10842 10846
f 10847 10846 10836 10837
f 10837 10835 10843 10847
f 10878 10844 9247 9249
f 10878 9249 9239 10838
f 10839 10874 10845 10878
f 10840 10796 10806 10849
f 10851 10849 10848 10850
f 10841 10840 10849 10851
f 10855 10851 10850 10854
f 10855 10854 10842 10843
f 10843 10841 10851 10855
f 10856 9259 9247 10844
f 10857 10853 10852 10856
f 10857 10856 10844 10845
f 10858 10854 10853 10857
f 10858 10857 10845 10846
f 10846 10842 10854 10858
f 10859 10811 9215 9261
f 10861 10813 10812 10860
f 10862 10814 10813 10861
f 10862 10861 10848 10849
f 10849 10806 10814 10862
f 10863 10859 9261 9263
f 10865 10861 10860 10864
f 10850 10848 10861 10865
f 10866 10863 9263 9265
f 10867 10864 10863 10866
f 10867 10866 10852 10853
f 10879 10865 10864 10867
f 10879 10867 10853 10854
f 10854 10850 10865 10879
f 10868 10866 9265 9267
f 10868 9267 9259 10856
f 10856 10852 10866 10868
f 10869 10815 10811 10859
f 10870 10816 10815 10869
f 10860 10812 10816 10870
f 10871 10869 10859 10863
f 10872 10870 10869 10871
f 10872 10871 10863 10864
f 10864 10860 10870 10872
# 12107 faces, 0 coords texture

# End of File
